"ref_area","source","indicator","sex","classif1","time","obs_value","obs_status","note_classif","note_indicator","note_source"
"AFG","BA:15715","EAR_EHRA_SEX_CUR_NB","SEX_T","CUR_TYPE_LCU","2020",90.929,"B",,"T30:110_I11:264","R1:3513"
"AFG","BA:15715","EAR_EHRA_SEX_CUR_NB","SEX_T","CUR_TYPE_PPP","2020",5.76,"B",,"T30:110_I11:264","R1:3513"
"AFG","BA:15715","EAR_EHRA_SEX_CUR_NB","SEX_T","CUR_TYPE_USD","2020",1.184,"B",,"T30:110_I11:264","R1:3513"
"AFG","BB:6361","EAR_EHRA_SEX_CUR_NB","SEX_T","CUR_TYPE_LCU","2014",53.367,,,"T30:110","R1:3513"
"AFG","BB:6361","EAR_EHRA_SEX_CUR_NB","SEX_T","CUR_TYPE_PPP","2014",3.122,,,"T30:110","R1:3513"
"AFG","BB:6361","EAR_EHRA_SEX_CUR_NB","SEX_T","CUR_TYPE_USD","2014",0.932,,,"T30:110","R1:3513"
"AGO","BA:13951","EAR_EHRA_SEX_CUR_NB","SEX_T","CUR_TYPE_LCU","2024",634.277,,,"T30:2","R1:3513"
"AGO","BA:13951","EAR_EHRA_SEX_CUR_NB","SEX_T","CUR_TYPE_PPP","2024",2.038,,,"T30:2","R1:3513"
"AGO","BA:13951","EAR_EHRA_SEX_CUR_NB","SEX_T","CUR_TYPE_USD","2024",0.729,,,"T30:2","R1:3513"
"AGO","BA:13951","EAR_EHRA_SEX_CUR_NB","SEX_T","CUR_TYPE_LCU","2023",737.51,,,"T30:2","R1:3513"
"AGO","BA:13951","EAR_EHRA_SEX_CUR_NB","SEX_T","CUR_TYPE_PPP","2023",2.952,,,"T30:2","R1:3513"
"AGO","BA:13951","EAR_EHRA_SEX_CUR_NB","SEX_T","CUR_TYPE_USD","2023",1.077,,,"T30:2","R1:3513"
"AGO","BA:13951","EAR_EHRA_SEX_CUR_NB","SEX_T","CUR_TYPE_LCU","2022",568.17,,,"T30:2","R1:3513"
"AGO","BA:13951","EAR_EHRA_SEX_CUR_NB","SEX_T","CUR_TYPE_PPP","2022",2.482,,,"T30:2","R1:3513"
"AGO","BA:13951","EAR_EHRA_SEX_CUR_NB","SEX_T","CUR_TYPE_USD","2022",1.234,,,"T30:2","R1:3513"
"AGO","BA:13951","EAR_EHRA_SEX_CUR_NB","SEX_T","CUR_TYPE_LCU","2021",530.558,,,"T30:2","R1:3513"
"AGO","BA:13951","EAR_EHRA_SEX_CUR_NB","SEX_T","CUR_TYPE_PPP","2021",2.605,,,"T30:2","R1:3513"
"AGO","BA:13951","EAR_EHRA_SEX_CUR_NB","SEX_T","CUR_TYPE_USD","2021",0.84,,,"T30:2","R1:3513"
"AGO","BA:13951","EAR_EHRA_SEX_CUR_NB","SEX_T","CUR_TYPE_LCU","2020",551.33,,,"T30:2","R1:3513"
"AGO","BA:13951","EAR_EHRA_SEX_CUR_NB","SEX_T","CUR_TYPE_PPP","2020",3.221,,,"T30:2","R1:3513"
"AGO","BA:13951","EAR_EHRA_SEX_CUR_NB","SEX_T","CUR_TYPE_USD","2020",0.953,,,"T30:2","R1:3513"
"AGO","BA:13951","EAR_EHRA_SEX_CUR_NB","SEX_T","CUR_TYPE_LCU","2019",625.455,"B",,"T30:2_I11:264","R1:3513"
"AGO","BA:13951","EAR_EHRA_SEX_CUR_NB","SEX_T","CUR_TYPE_PPP","2019",4.302,"B",,"T30:2_I11:264","R1:3513"
"AGO","BA:13951","EAR_EHRA_SEX_CUR_NB","SEX_T","CUR_TYPE_USD","2019",1.714,"B",,"T30:2_I11:264","R1:3513"
"ALB","DA:15729","EAR_EHRA_SEX_CUR_NB","SEX_T","CUR_TYPE_LCU","2018",293,,,"T30:159","S3:21_S8:2566_S6:48"
"ALB","DA:15729","EAR_EHRA_SEX_CUR_NB","SEX_T","CUR_TYPE_PPP","2018",5.566,,,"T30:159","S3:21_S8:2566_S6:48"
"ALB","DA:15729","EAR_EHRA_SEX_CUR_NB","SEX_T","CUR_TYPE_USD","2018",2.713,,,"T30:159","S3:21_S8:2566_S6:48"
"ARG","BA:150","EAR_EHRA_SEX_CUR_NB","SEX_T","CUR_TYPE_LCU","2025",6632.952,,,"T30:61","R1:3513_S4:33"
"ARG","BA:150","EAR_EHRA_SEX_CUR_NB","SEX_T","CUR_TYPE_PPP","2025",10.03,,,"T30:61","R1:3513_S4:33"
"ARG","BA:150","EAR_EHRA_SEX_CUR_NB","SEX_T","CUR_TYPE_USD","2025",5.346,,,"T30:61","R1:3513_S4:33"
"ARG","BA:150","EAR_EHRA_SEX_CUR_NB","SEX_T","CUR_TYPE_LCU","2024",3923.903,,,"T30:61","R1:3513_S4:33"
"ARG","BA:150","EAR_EHRA_SEX_CUR_NB","SEX_T","CUR_TYPE_PPP","2024",8.205,,,"T30:61","R1:3513_S4:33"
"ARG","BA:150","EAR_EHRA_SEX_CUR_NB","SEX_T","CUR_TYPE_USD","2024",4.29,,,"T30:61","R1:3513_S4:33"
"ARG","BA:150","EAR_EHRA_SEX_CUR_NB","SEX_T","CUR_TYPE_LCU","2023",1265.902,,,"T30:61","R1:3513_S4:33"
"ARG","BA:150","EAR_EHRA_SEX_CUR_NB","SEX_T","CUR_TYPE_PPP","2023",8.225,,,"T30:61","R1:3513_S4:33"
"ARG","BA:150","EAR_EHRA_SEX_CUR_NB","SEX_T","CUR_TYPE_USD","2023",4.273,,,"T30:61","R1:3513_S4:33"
"ARG","BA:150","EAR_EHRA_SEX_CUR_NB","SEX_T","CUR_TYPE_LCU","2022",553.267,,,"T30:61","R1:3513_S4:33"
"ARG","BA:150","EAR_EHRA_SEX_CUR_NB","SEX_T","CUR_TYPE_PPP","2022",8.062,,,"T30:61","R1:3513_S4:33"
"ARG","BA:150","EAR_EHRA_SEX_CUR_NB","SEX_T","CUR_TYPE_USD","2022",4.236,,,"T30:61","R1:3513_S4:33"
"ARG","BA:150","EAR_EHRA_SEX_CUR_NB","SEX_T","CUR_TYPE_LCU","2021",354.486,,,"T30:61","R1:3513_S4:33"
"ARG","BA:150","EAR_EHRA_SEX_CUR_NB","SEX_T","CUR_TYPE_PPP","2021",8.246,,,"T30:61","R1:3513_S4:33"
"ARG","BA:150","EAR_EHRA_SEX_CUR_NB","SEX_T","CUR_TYPE_USD","2021",3.732,,,"T30:61","R1:3513_S4:33"
"ARG","BA:150","EAR_EHRA_SEX_CUR_NB","SEX_T","CUR_TYPE_LCU","2020",270.53,,,"T30:61","R1:3513_S4:33"
"ARG","BA:150","EAR_EHRA_SEX_CUR_NB","SEX_T","CUR_TYPE_PPP","2020",9.018,,,"T30:61","R1:3513_S4:33"
"ARG","BA:150","EAR_EHRA_SEX_CUR_NB","SEX_T","CUR_TYPE_USD","2020",3.835,,,"T30:61","R1:3513_S4:33"
"ARG","BA:150","EAR_EHRA_SEX_CUR_NB","SEX_T","CUR_TYPE_LCU","2019",170.418,,,"T30:61","R1:3513_S4:33"
"ARG","BA:150","EAR_EHRA_SEX_CUR_NB","SEX_T","CUR_TYPE_PPP","2019",7.69,,,"T30:61","R1:3513_S4:33"
"ARG","BA:150","EAR_EHRA_SEX_CUR_NB","SEX_T","CUR_TYPE_USD","2019",3.539,,,"T30:61","R1:3513_S4:33"
"ARG","BA:150","EAR_EHRA_SEX_CUR_NB","SEX_T","CUR_TYPE_LCU","2018",121.021,,,"T30:61","R1:3513_S4:33"
"ARG","BA:150","EAR_EHRA_SEX_CUR_NB","SEX_T","CUR_TYPE_PPP","2018",8.276,,,"T30:61","R1:3513_S4:33"
"ARG","BA:150","EAR_EHRA_SEX_CUR_NB","SEX_T","CUR_TYPE_USD","2018",4.308,,,"T30:61","R1:3513_S4:33"
"ARG","BA:150","EAR_EHRA_SEX_CUR_NB","SEX_T","CUR_TYPE_LCU","2017",94.685,,,"T30:61","R1:3513_S4:33"
"ARG","BA:150","EAR_EHRA_SEX_CUR_NB","SEX_T","CUR_TYPE_PPP","2017",8.544,,,"T30:61","R1:3513_S4:33"
"ARG","BA:150","EAR_EHRA_SEX_CUR_NB","SEX_T","CUR_TYPE_USD","2017",5.717,,,"T30:61","R1:3513_S4:33"
"ARG","BA:150","EAR_EHRA_SEX_CUR_NB","SEX_T","CUR_TYPE_LCU","2014",40.997,,,"T30:61_I13:3888","R1:3513_S4:33"
"ARG","BA:150","EAR_EHRA_SEX_CUR_NB","SEX_T","CUR_TYPE_PPP","2014",6.366,,,"T30:61_I13:3888","R1:3513_S4:33"
"ARG","BA:150","EAR_EHRA_SEX_CUR_NB","SEX_T","CUR_TYPE_USD","2014",5.077,,,"T30:61_I13:3888","R1:3513_S4:33"
"ARG","BA:150","EAR_EHRA_SEX_CUR_NB","SEX_T","CUR_TYPE_LCU","2013",31.439,,,"T30:61_I13:3888","R1:3513_S4:33"
"ARG","BA:150","EAR_EHRA_SEX_CUR_NB","SEX_T","CUR_TYPE_PPP","2013",6.834,,,"T30:61_I13:3888","R1:3513_S4:33"
"ARG","BA:150","EAR_EHRA_SEX_CUR_NB","SEX_T","CUR_TYPE_USD","2013",5.759,,,"T30:61_I13:3888","R1:3513_S4:33"
"ARG","BA:150","EAR_EHRA_SEX_CUR_NB","SEX_T","CUR_TYPE_LCU","2012",24.696,,,"T30:61_I13:3888","R1:3513_S4:33"
"ARG","BA:150","EAR_EHRA_SEX_CUR_NB","SEX_T","CUR_TYPE_PPP","2012",6.712,,,"T30:61_I13:3888","R1:3513_S4:33"
"ARG","BA:150","EAR_EHRA_SEX_CUR_NB","SEX_T","CUR_TYPE_USD","2012",5.443,,,"T30:61_I13:3888","R1:3513_S4:33"
"ARG","BA:150","EAR_EHRA_SEX_CUR_NB","SEX_T","CUR_TYPE_LCU","2011",19.519,,,"T30:61_I13:3888","R1:3513_S4:33"
"ARG","BA:150","EAR_EHRA_SEX_CUR_NB","SEX_T","CUR_TYPE_PPP","2011",6.175,,,"T30:61_I13:3888","R1:3513_S4:33"
"ARG","BA:150","EAR_EHRA_SEX_CUR_NB","SEX_T","CUR_TYPE_USD","2011",4.749,,,"T30:61_I13:3888","R1:3513_S4:33"
"ARG","BA:150","EAR_EHRA_SEX_CUR_NB","SEX_T","CUR_TYPE_LCU","2010",14.976,,,"T30:61_I13:3888","R1:3513_S4:33"
"ARG","BA:150","EAR_EHRA_SEX_CUR_NB","SEX_T","CUR_TYPE_USD","2010",3.844,,,"T30:61_I13:3888","R1:3513_S4:33"
"ARG","BA:150","EAR_EHRA_SEX_CUR_NB","SEX_T","CUR_TYPE_LCU","2009",12.225,,,"T30:61_I13:3888","R1:3513_S4:33"
"ARG","BA:150","EAR_EHRA_SEX_CUR_NB","SEX_T","CUR_TYPE_USD","2009",3.295,,,"T30:61_I13:3888","R1:3513_S4:33"
"ARG","BA:150","EAR_EHRA_SEX_CUR_NB","SEX_T","CUR_TYPE_LCU","2008",10.085,,,"T30:61_I13:3888","R1:3513_S4:33"
"ARG","BA:150","EAR_EHRA_SEX_CUR_NB","SEX_T","CUR_TYPE_USD","2008",3.208,,,"T30:61_I13:3888","R1:3513_S4:33"
"ARG","BA:153","EAR_EHRA_SEX_CUR_NB","SEX_T","CUR_TYPE_LCU","2007",8.8,,,"T30:61","R1:3473"
"ARG","BA:150","EAR_EHRA_SEX_CUR_NB","SEX_T","CUR_TYPE_LCU","2006",6.285,,,"T30:61","R1:3513_S4:33"
"ARG","BA:150","EAR_EHRA_SEX_CUR_NB","SEX_T","CUR_TYPE_USD","2006",2.058,,,"T30:61","R1:3513_S4:33"
"ARG","BA:150","EAR_EHRA_SEX_CUR_NB","SEX_T","CUR_TYPE_LCU","2005",5.011,,,"T30:61","R1:3513_S4:33"
"ARG","BA:150","EAR_EHRA_SEX_CUR_NB","SEX_T","CUR_TYPE_USD","2005",1.726,,,"T30:61","R1:3513_S4:33"
"ARG","BA:150","EAR_EHRA_SEX_CUR_NB","SEX_T","CUR_TYPE_LCU","2004",4.294,"B",,"T30:61_I11:264","R1:3513_S4:33"
"ARG","BA:150","EAR_EHRA_SEX_CUR_NB","SEX_T","CUR_TYPE_USD","2004",1.469,"B",,"T30:61_I11:264","R1:3513_S4:33"
"ARG","BA:153","EAR_EHRA_SEX_CUR_NB","SEX_T","CUR_TYPE_LCU","2003",4.5,,,"T30:61_I11:265","R1:3473"
"ARG","BA:153","EAR_EHRA_SEX_CUR_NB","SEX_T","CUR_TYPE_LCU","2002",3.9,,,"T30:61","R1:3473_S4:33"
"ARG","BA:153","EAR_EHRA_SEX_CUR_NB","SEX_T","CUR_TYPE_LCU","2001",4,,,"T30:61","R1:3473_S4:33"
"ARG","BA:153","EAR_EHRA_SEX_CUR_NB","SEX_T","CUR_TYPE_LCU","2000",4,,,"T30:61","R1:3473_S4:33"
"ARM","BA:867","EAR_EHRA_SEX_CUR_NB","SEX_T","CUR_TYPE_LCU","2017",592.758,,,"T30:111","R1:3513_T3:240"
"ARM","BA:867","EAR_EHRA_SEX_CUR_NB","SEX_T","CUR_TYPE_PPP","2017",3.561,,,"T30:111","R1:3513_T3:240"
"ARM","BA:867","EAR_EHRA_SEX_CUR_NB","SEX_T","CUR_TYPE_USD","2017",1.228,,,"T30:111","R1:3513_T3:240"
"ARM","BA:867","EAR_EHRA_SEX_CUR_NB","SEX_T","CUR_TYPE_LCU","2016",586.041,,,"T30:111","R1:3513_T3:240"
"ARM","BA:867","EAR_EHRA_SEX_CUR_NB","SEX_T","CUR_TYPE_PPP","2016",3.387,,,"T30:111","R1:3513_T3:240"
"ARM","BA:867","EAR_EHRA_SEX_CUR_NB","SEX_T","CUR_TYPE_USD","2016",1.22,,,"T30:111","R1:3513_T3:240"
"ARM","BA:867","EAR_EHRA_SEX_CUR_NB","SEX_T","CUR_TYPE_LCU","2015",562.861,,,"T30:111","R1:3513_T3:240"
"ARM","BA:867","EAR_EHRA_SEX_CUR_NB","SEX_T","CUR_TYPE_PPP","2015",3.039,,,"T30:111","R1:3513_T3:240"
"ARM","BA:867","EAR_EHRA_SEX_CUR_NB","SEX_T","CUR_TYPE_USD","2015",1.178,,,"T30:111","R1:3513_T3:240"
"ARM","BA:867","EAR_EHRA_SEX_CUR_NB","SEX_T","CUR_TYPE_LCU","2014",540.01,"B",,"T30:111_I11:264","R1:3513_T3:240"
"ARM","BA:867","EAR_EHRA_SEX_CUR_NB","SEX_T","CUR_TYPE_PPP","2014",2.941,"B",,"T30:111_I11:264","R1:3513_T3:240"
"ARM","BA:867","EAR_EHRA_SEX_CUR_NB","SEX_T","CUR_TYPE_USD","2014",1.298,"B",,"T30:111_I11:264","R1:3513_T3:240"
"ARM","BB:173","EAR_EHRA_SEX_CUR_NB","SEX_T","CUR_TYPE_LCU","2013",491.421,,,"T30:111","R1:3513_T3:240"
"ARM","BB:173","EAR_EHRA_SEX_CUR_NB","SEX_T","CUR_TYPE_PPP","2013",2.749,,,"T30:111","R1:3513_T3:240"
"ARM","BB:173","EAR_EHRA_SEX_CUR_NB","SEX_T","CUR_TYPE_USD","2013",1.2,,,"T30:111","R1:3513_T3:240"
"ARM","BB:173","EAR_EHRA_SEX_CUR_NB","SEX_T","CUR_TYPE_LCU","2012",470.582,,,"T30:111","R1:3513_T3:240"
"ARM","BB:173","EAR_EHRA_SEX_CUR_NB","SEX_T","CUR_TYPE_PPP","2012",2.977,,,"T30:111","R1:3513_T3:240"
"ARM","BB:173","EAR_EHRA_SEX_CUR_NB","SEX_T","CUR_TYPE_USD","2012",1.171,,,"T30:111","R1:3513_T3:240"
"ARM","BB:173","EAR_EHRA_SEX_CUR_NB","SEX_T","CUR_TYPE_LCU","2011",441.622,,,"T30:111","R1:3513_T3:240"
"ARM","BB:173","EAR_EHRA_SEX_CUR_NB","SEX_T","CUR_TYPE_PPP","2011",2.666,,,"T30:111","R1:3513_T3:240"
"ARM","BB:173","EAR_EHRA_SEX_CUR_NB","SEX_T","CUR_TYPE_USD","2011",1.186,,,"T30:111","R1:3513_T3:240"
"ARM","BB:173","EAR_EHRA_SEX_CUR_NB","SEX_T","CUR_TYPE_LCU","2010",418.585,,,"T30:111","R1:3513_T3:240"
"ARM","BB:173","EAR_EHRA_SEX_CUR_NB","SEX_T","CUR_TYPE_PPP","2010",2.637,,,"T30:111","R1:3513_T3:240"
"ARM","BB:173","EAR_EHRA_SEX_CUR_NB","SEX_T","CUR_TYPE_USD","2010",1.12,,,"T30:111","R1:3513_T3:240"
"ARM","BB:173","EAR_EHRA_SEX_CUR_NB","SEX_T","CUR_TYPE_LCU","2007",316.553,"B",,"T30:111_I11:264","R1:3513_T3:240"
"ARM","BB:173","EAR_EHRA_SEX_CUR_NB","SEX_T","CUR_TYPE_PPP","2007",2.311,"B",,"T30:111_I11:264","R1:3513_T3:240"
"ARM","BB:173","EAR_EHRA_SEX_CUR_NB","SEX_T","CUR_TYPE_USD","2007",0.925,"B",,"T30:111_I11:264","R1:3513_T3:240"
"ATG","BA:16714","EAR_EHRA_SEX_CUR_NB","SEX_T","CUR_TYPE_LCU","2023",20.014,,,"T30:60","R1:3513"
"ATG","BA:16714","EAR_EHRA_SEX_CUR_NB","SEX_T","CUR_TYPE_PPP","2023",9.299,,,"T30:60","R1:3513"
"ATG","BA:16714","EAR_EHRA_SEX_CUR_NB","SEX_T","CUR_TYPE_USD","2023",7.412,,,"T30:60","R1:3513"
"ATG","BA:16714","EAR_EHRA_SEX_CUR_NB","SEX_T","CUR_TYPE_LCU","2018",15.953,,,"T30:60","R1:3513"
"ATG","BA:16714","EAR_EHRA_SEX_CUR_NB","SEX_T","CUR_TYPE_PPP","2018",6.734,,,"T30:60","R1:3513"
"ATG","BA:16714","EAR_EHRA_SEX_CUR_NB","SEX_T","CUR_TYPE_USD","2018",5.909,,,"T30:60","R1:3513"
"AUT","FX:272","EAR_EHRA_SEX_CUR_NB","SEX_T","CUR_TYPE_LCU","2021",21.922,,,"T9:133_T10:138_T12:145_T30:161",
"AUT","FX:272","EAR_EHRA_SEX_CUR_NB","SEX_T","CUR_TYPE_PPP","2021",29.163,,,"T9:133_T10:138_T12:145_T30:161",
"AUT","FX:272","EAR_EHRA_SEX_CUR_NB","SEX_T","CUR_TYPE_USD","2021",25.928,,,"T9:133_T10:138_T12:145_T30:161",
"AUT","FX:272","EAR_EHRA_SEX_CUR_NB","SEX_T","CUR_TYPE_LCU","2020",20.463,,,"T9:133_T10:138_T12:145_T30:161",
"AUT","FX:272","EAR_EHRA_SEX_CUR_NB","SEX_T","CUR_TYPE_PPP","2020",26.096,,,"T9:133_T10:138_T12:145_T30:161",
"AUT","FX:272","EAR_EHRA_SEX_CUR_NB","SEX_T","CUR_TYPE_USD","2020",23.373,,,"T9:133_T10:138_T12:145_T30:161",
"AUT","DA:12952","EAR_EHRA_SEX_CUR_NB","SEX_T","CUR_TYPE_LCU","2018",17.42,,,"T9:133_T10:138_T12:145_T30:161","S3:21_S8:2566_S9:66_S6:48"
"AUT","DA:12952","EAR_EHRA_SEX_CUR_NB","SEX_T","CUR_TYPE_PPP","2018",21.048,,,"T9:133_T10:138_T12:145_T30:161","S3:21_S8:2566_S9:66_S6:48"
"AUT","DA:12952","EAR_EHRA_SEX_CUR_NB","SEX_T","CUR_TYPE_USD","2018",20.573,,,"T9:133_T10:138_T12:145_T30:161","S3:21_S8:2566_S9:66_S6:48"
"AUT","DA:12952","EAR_EHRA_SEX_CUR_NB","SEX_T","CUR_TYPE_LCU","2014",15.93,,,"T30:161","R1:2383_S3:21_S8:2566_S6:48"
"AUT","DA:12952","EAR_EHRA_SEX_CUR_NB","SEX_T","CUR_TYPE_PPP","2014",18.839,,,"T30:161","R1:2383_S3:21_S8:2566_S6:48"
"AUT","DA:12952","EAR_EHRA_SEX_CUR_NB","SEX_T","CUR_TYPE_USD","2014",21.163,,,"T30:161","R1:2383_S3:21_S8:2566_S6:48"
"AUT","DA:12952","EAR_EHRA_SEX_CUR_NB","SEX_T","CUR_TYPE_LCU","2010",14.77,,,"T30:161","R1:2383_S3:21_S8:2566_S6:48"
"AUT","DA:12952","EAR_EHRA_SEX_CUR_NB","SEX_T","CUR_TYPE_PPP","2010",17.231,,,"T30:161","R1:2383_S3:21_S8:2566_S6:48"
"AUT","DA:12952","EAR_EHRA_SEX_CUR_NB","SEX_T","CUR_TYPE_USD","2010",19.581,,,"T30:161","R1:2383_S3:21_S8:2566_S6:48"
"BDI","BB:7040","EAR_EHRA_SEX_CUR_NB","SEX_T","CUR_TYPE_LCU","2020",400,,,"T30:6","S3:26"
"BDI","BB:7040","EAR_EHRA_SEX_CUR_NB","SEX_T","CUR_TYPE_PPP","2020",0.631,,,"T30:6","S3:26"
"BDI","BB:7040","EAR_EHRA_SEX_CUR_NB","SEX_T","CUR_TYPE_USD","2020",0.209,,,"T30:6","S3:26"
"BDI","BB:7040","EAR_EHRA_SEX_CUR_NB","SEX_T","CUR_TYPE_LCU","2014",380.752,,,"T30:6","R1:3513"
"BDI","BB:7040","EAR_EHRA_SEX_CUR_NB","SEX_T","CUR_TYPE_PPP","2014",0.682,,,"T30:6","R1:3513"
"BDI","BB:7040","EAR_EHRA_SEX_CUR_NB","SEX_T","CUR_TYPE_USD","2014",0.246,,,"T30:6","R1:3513"
"BEL","DA:277","EAR_EHRA_SEX_CUR_NB","SEX_T","CUR_TYPE_LCU","2018",19.91,,,"T30:163","S3:21_S8:2566_S6:48"
"BEL","DA:277","EAR_EHRA_SEX_CUR_NB","SEX_T","CUR_TYPE_PPP","2018",23.529,,,"T30:163","S3:21_S8:2566_S6:48"
"BEL","DA:277","EAR_EHRA_SEX_CUR_NB","SEX_T","CUR_TYPE_USD","2018",23.514,,,"T30:163","S3:21_S8:2566_S6:48"
"BEL","DA:277","EAR_EHRA_SEX_CUR_NB","SEX_T","CUR_TYPE_LCU","2017",19.47,,,"T30:163","S3:21_S8:2566_S6:48"
"BEL","DA:277","EAR_EHRA_SEX_CUR_NB","SEX_T","CUR_TYPE_PPP","2017",22.715,,,"T30:163","S3:21_S8:2566_S6:48"
"BEL","DA:277","EAR_EHRA_SEX_CUR_NB","SEX_T","CUR_TYPE_USD","2017",21.995,,,"T30:163","S3:21_S8:2566_S6:48"
"BEL","DA:277","EAR_EHRA_SEX_CUR_NB","SEX_T","CUR_TYPE_LCU","2016",19.11,,,"T30:163","S3:21_S8:2566_S6:48"
"BEL","DA:277","EAR_EHRA_SEX_CUR_NB","SEX_T","CUR_TYPE_PPP","2016",22.376,,,"T30:163","S3:21_S8:2566_S6:48"
"BEL","DA:277","EAR_EHRA_SEX_CUR_NB","SEX_T","CUR_TYPE_USD","2016",21.153,,,"T30:163","S3:21_S8:2566_S6:48"
"BEL","DA:277","EAR_EHRA_SEX_CUR_NB","SEX_T","CUR_TYPE_LCU","2015",19.11,,,"T30:163","S3:21_S8:2566_S6:48"
"BEL","DA:277","EAR_EHRA_SEX_CUR_NB","SEX_T","CUR_TYPE_PPP","2015",22.084,,,"T30:163","S3:21_S8:2566_S6:48"
"BEL","DA:277","EAR_EHRA_SEX_CUR_NB","SEX_T","CUR_TYPE_USD","2015",21.202,,,"T30:163","S3:21_S8:2566_S6:48"
"BEL","DA:277","EAR_EHRA_SEX_CUR_NB","SEX_T","CUR_TYPE_LCU","2014",19.9,,,"T30:163","R1:2383_S3:21_S8:2566_S6:48"
"BEL","DA:277","EAR_EHRA_SEX_CUR_NB","SEX_T","CUR_TYPE_PPP","2014",23.142,,,"T30:163","R1:2383_S3:21_S8:2566_S6:48"
"BEL","DA:277","EAR_EHRA_SEX_CUR_NB","SEX_T","CUR_TYPE_USD","2014",26.437,,,"T30:163","R1:2383_S3:21_S8:2566_S6:48"
"BEL","DA:277","EAR_EHRA_SEX_CUR_NB","SEX_T","CUR_TYPE_LCU","2010",18.92,,,"T30:163","R1:2383_S3:21_S8:2566_S6:48"
"BEL","DA:277","EAR_EHRA_SEX_CUR_NB","SEX_T","CUR_TYPE_PPP","2010",21.147,,,"T30:163","R1:2383_S3:21_S8:2566_S6:48"
"BEL","DA:277","EAR_EHRA_SEX_CUR_NB","SEX_T","CUR_TYPE_USD","2010",25.082,,,"T30:163","R1:2383_S3:21_S8:2566_S6:48"
"BEN","BB:426","EAR_EHRA_SEX_CUR_NB","SEX_T","CUR_TYPE_LCU","2011",562.17,,,"T30:3","R1:3513"
"BEN","BB:426","EAR_EHRA_SEX_CUR_NB","SEX_T","CUR_TYPE_PPP","2011",2.494,,,"T30:3","R1:3513"
"BEN","BB:426","EAR_EHRA_SEX_CUR_NB","SEX_T","CUR_TYPE_USD","2011",1.193,,,"T30:3","R1:3513"
"BFA","BA:904","EAR_EHRA_SEX_CUR_NB","SEX_T","CUR_TYPE_LCU","2025",589.268,,,"T30:5","R1:3513"
"BFA","BA:904","EAR_EHRA_SEX_CUR_NB","SEX_T","CUR_TYPE_PPP","2025",3.051,,,"T30:5","R1:3513"
"BFA","BA:904","EAR_EHRA_SEX_CUR_NB","SEX_T","CUR_TYPE_USD","2025",1.013,,,"T30:5","R1:3513"
"BFA","BA:904","EAR_EHRA_SEX_CUR_NB","SEX_T","CUR_TYPE_LCU","2024",569.549,,,"T30:5","R1:3513"
"BFA","BA:904","EAR_EHRA_SEX_CUR_NB","SEX_T","CUR_TYPE_PPP","2024",2.855,,,"T30:5","R1:3513"
"BFA","BA:904","EAR_EHRA_SEX_CUR_NB","SEX_T","CUR_TYPE_USD","2024",0.939,,,"T30:5","R1:3513"
"BGD","BA:673","EAR_EHRA_SEX_CUR_NB","SEX_T","CUR_TYPE_LCU","2024",73.824,,,"T30:114","R1:3513"
"BGD","BA:673","EAR_EHRA_SEX_CUR_NB","SEX_T","CUR_TYPE_PPP","2024",2.238,,,"T30:114","R1:3513"
"BGD","BA:673","EAR_EHRA_SEX_CUR_NB","SEX_T","CUR_TYPE_USD","2024",0.639,,,"T30:114","R1:3513"
"BGD","BA:673","EAR_EHRA_SEX_CUR_NB","SEX_T","CUR_TYPE_LCU","2023",66.005,,,"T30:114","R1:3513"
"BGD","BA:673","EAR_EHRA_SEX_CUR_NB","SEX_T","CUR_TYPE_PPP","2023",2.147,,,"T30:114","R1:3513"
"BGD","BA:673","EAR_EHRA_SEX_CUR_NB","SEX_T","CUR_TYPE_USD","2023",0.621,,,"T30:114","R1:3513"
"BGD","BA:673","EAR_EHRA_SEX_CUR_NB","SEX_T","CUR_TYPE_LCU","2022",67.78,,,"T30:114","R1:3513"
"BGD","BA:673","EAR_EHRA_SEX_CUR_NB","SEX_T","CUR_TYPE_PPP","2022",2.327,,,"T30:114","R1:3513"
"BGD","BA:673","EAR_EHRA_SEX_CUR_NB","SEX_T","CUR_TYPE_USD","2022",0.739,,,"T30:114","R1:3513"
"BGD","BA:673","EAR_EHRA_SEX_CUR_NB","SEX_T","CUR_TYPE_LCU","2017",56.861,,,"T30:114","R1:3513"
"BGD","BA:673","EAR_EHRA_SEX_CUR_NB","SEX_T","CUR_TYPE_PPP","2017",1.96,,,"T30:114","R1:3513"
"BGD","BA:673","EAR_EHRA_SEX_CUR_NB","SEX_T","CUR_TYPE_USD","2017",0.707,,,"T30:114","R1:3513"
"BGD","BA:673","EAR_EHRA_SEX_CUR_NB","SEX_T","CUR_TYPE_LCU","2013",58.924,"B",,"T30:114_I11:264","R1:3513"
"BGD","BA:673","EAR_EHRA_SEX_CUR_NB","SEX_T","CUR_TYPE_PPP","2013",2.29,"B",,"T30:114_I11:264","R1:3513"
"BGD","BA:673","EAR_EHRA_SEX_CUR_NB","SEX_T","CUR_TYPE_USD","2013",0.754,"B",,"T30:114_I11:264","R1:3513"
"BGR","DA:810","EAR_EHRA_SEX_CUR_NB","SEX_T","CUR_TYPE_LCU","2018",6,,,"T30:165","R1:2383_S3:21_S8:2566_S6:48"
"BGR","DA:810","EAR_EHRA_SEX_CUR_NB","SEX_T","CUR_TYPE_PPP","2018",8.011,,,"T30:165","R1:2383_S3:21_S8:2566_S6:48"
"BGR","DA:810","EAR_EHRA_SEX_CUR_NB","SEX_T","CUR_TYPE_USD","2018",3.621,,,"T30:165","R1:2383_S3:21_S8:2566_S6:48"
"BGR","DA:810","EAR_EHRA_SEX_CUR_NB","SEX_T","CUR_TYPE_LCU","2014",2.34,,,"T30:385","R1:2383_S3:21_S8:2566_S6:48"
"BGR","DA:810","EAR_EHRA_SEX_CUR_NB","SEX_T","CUR_TYPE_PPP","2014",6.133,,,"T30:385","R1:2383_S3:21_S8:2566_S6:48"
"BGR","DA:810","EAR_EHRA_SEX_CUR_NB","SEX_T","CUR_TYPE_USD","2014",3.109,,,"T30:385","R1:2383_S3:21_S8:2566_S6:48"
"BGR","DA:810","EAR_EHRA_SEX_CUR_NB","SEX_T","CUR_TYPE_LCU","2010",2.04,,,"T30:385","R1:2383_S3:21_S8:2566_S6:48"
"BGR","DA:810","EAR_EHRA_SEX_CUR_NB","SEX_T","CUR_TYPE_PPP","2010",4.787,,,"T30:385","R1:2383_S3:21_S8:2566_S6:48"
"BGR","DA:810","EAR_EHRA_SEX_CUR_NB","SEX_T","CUR_TYPE_USD","2010",2.704,,,"T30:385","R1:2383_S3:21_S8:2566_S6:48"
"BHS","BA:17","EAR_EHRA_SEX_CUR_NB","SEX_T","CUR_TYPE_LCU","2023",13.275,,,"T30:63","R1:3513"
"BHS","BA:17","EAR_EHRA_SEX_CUR_NB","SEX_T","CUR_TYPE_PPP","2023",11.698,,,"T30:63","R1:3513"
"BHS","BA:17","EAR_EHRA_SEX_CUR_NB","SEX_T","CUR_TYPE_USD","2023",13.275,,,"T30:63","R1:3513"
"BHS","BA:17","EAR_EHRA_SEX_CUR_NB","SEX_T","CUR_TYPE_LCU","2019",29.562,,,"T30:63","R1:3513"
"BHS","BA:17","EAR_EHRA_SEX_CUR_NB","SEX_T","CUR_TYPE_PPP","2019",25.159,,,"T30:63","R1:3513"
"BHS","BA:17","EAR_EHRA_SEX_CUR_NB","SEX_T","CUR_TYPE_USD","2019",29.562,,,"T30:63","R1:3513"
"BIH","BA:493","EAR_EHRA_SEX_CUR_NB","SEX_T","CUR_TYPE_LCU","2025",10.101,,,"T30:164","R1:3513"
"BIH","BA:493","EAR_EHRA_SEX_CUR_NB","SEX_T","CUR_TYPE_PPP","2025",13.135,,,"T30:164","R1:3513"
"BIH","BA:493","EAR_EHRA_SEX_CUR_NB","SEX_T","CUR_TYPE_USD","2025",5.819,,,"T30:164","R1:3513"
"BIH","BA:493","EAR_EHRA_SEX_CUR_NB","SEX_T","CUR_TYPE_LCU","2024",9.851,,,"T30:164","R1:3513"
"BIH","BA:493","EAR_EHRA_SEX_CUR_NB","SEX_T","CUR_TYPE_PPP","2024",13.378,,,"T30:164","R1:3513"
"BIH","BA:493","EAR_EHRA_SEX_CUR_NB","SEX_T","CUR_TYPE_USD","2024",5.45,,,"T30:164","R1:3513"
"BIH","BA:493","EAR_EHRA_SEX_CUR_NB","SEX_T","CUR_TYPE_LCU","2023",8.768,"B",,"T30:164_I11:264","R1:3513"
"BIH","BA:493","EAR_EHRA_SEX_CUR_NB","SEX_T","CUR_TYPE_PPP","2023",11.905,"B",,"T30:164_I11:264","R1:3513"
"BIH","BA:493","EAR_EHRA_SEX_CUR_NB","SEX_T","CUR_TYPE_USD","2023",4.846,"B",,"T30:164_I11:264","R1:3513"
"BIH","BA:493","EAR_EHRA_SEX_CUR_NB","SEX_T","CUR_TYPE_LCU","2022",7.784,"B",,"T30:164_I11:264","R1:3513"
"BIH","BA:493","EAR_EHRA_SEX_CUR_NB","SEX_T","CUR_TYPE_PPP","2022",10.276,"B",,"T30:164_I11:264","R1:3513"
"BIH","BA:493","EAR_EHRA_SEX_CUR_NB","SEX_T","CUR_TYPE_USD","2022",4.186,"B",,"T30:164_I11:264","R1:3513"
"BIH","BA:493","EAR_EHRA_SEX_CUR_NB","SEX_T","CUR_TYPE_LCU","2021",7.391,"B",,"T30:164_I11:264","R1:3513"
"BIH","BA:493","EAR_EHRA_SEX_CUR_NB","SEX_T","CUR_TYPE_PPP","2021",9.699,"B",,"T30:164_I11:264","R1:3513"
"BIH","BA:493","EAR_EHRA_SEX_CUR_NB","SEX_T","CUR_TYPE_USD","2021",4.47,"B",,"T30:164_I11:264","R1:3513"
"BIH","BA:493","EAR_EHRA_SEX_CUR_NB","SEX_T","CUR_TYPE_LCU","2020",8.437,"B",,"I20:4077_T30:164_I11:264","R1:3513"
"BIH","BA:493","EAR_EHRA_SEX_CUR_NB","SEX_T","CUR_TYPE_PPP","2020",10.948,"B",,"I20:4077_T30:164_I11:264","R1:3513"
"BIH","BA:493","EAR_EHRA_SEX_CUR_NB","SEX_T","CUR_TYPE_USD","2020",4.914,"B",,"I20:4077_T30:164_I11:264","R1:3513"
"BIH","BA:493","EAR_EHRA_SEX_CUR_NB","SEX_T","CUR_TYPE_LCU","2016",4.237,,,"T30:164","R1:3513"
"BIH","BA:493","EAR_EHRA_SEX_CUR_NB","SEX_T","CUR_TYPE_PPP","2016",5.395,,,"T30:164","R1:3513"
"BIH","BA:493","EAR_EHRA_SEX_CUR_NB","SEX_T","CUR_TYPE_USD","2016",2.397,,,"T30:164","R1:3513"
"BIH","BA:493","EAR_EHRA_SEX_CUR_NB","SEX_T","CUR_TYPE_LCU","2015",4.439,,,"T30:164","R1:3513"
"BIH","BA:493","EAR_EHRA_SEX_CUR_NB","SEX_T","CUR_TYPE_PPP","2015",5.42,,,"T30:164","R1:3513"
"BIH","BA:493","EAR_EHRA_SEX_CUR_NB","SEX_T","CUR_TYPE_USD","2015",2.517,,,"T30:164","R1:3513"
"BIH","BA:493","EAR_EHRA_SEX_CUR_NB","SEX_T","CUR_TYPE_LCU","2014",4.267,,,"T30:164","R1:3513"
"BIH","BA:493","EAR_EHRA_SEX_CUR_NB","SEX_T","CUR_TYPE_PPP","2014",5.178,,,"T30:164","R1:3513"
"BIH","BA:493","EAR_EHRA_SEX_CUR_NB","SEX_T","CUR_TYPE_USD","2014",2.895,,,"T30:164","R1:3513"
"BIH","BA:493","EAR_EHRA_SEX_CUR_NB","SEX_T","CUR_TYPE_LCU","2013",4.326,,,"T30:164","R1:3513"
"BIH","BA:493","EAR_EHRA_SEX_CUR_NB","SEX_T","CUR_TYPE_PPP","2013",5.221,,,"T30:164","R1:3513"
"BIH","BA:493","EAR_EHRA_SEX_CUR_NB","SEX_T","CUR_TYPE_USD","2013",2.937,,,"T30:164","R1:3513"
"BIH","BA:493","EAR_EHRA_SEX_CUR_NB","SEX_T","CUR_TYPE_LCU","2012",4.229,,,"T30:164","R1:3513"
"BIH","BA:493","EAR_EHRA_SEX_CUR_NB","SEX_T","CUR_TYPE_PPP","2012",4.961,,,"T30:164","R1:3513"
"BIH","BA:493","EAR_EHRA_SEX_CUR_NB","SEX_T","CUR_TYPE_USD","2012",2.778,,,"T30:164","R1:3513"
"BIH","BA:493","EAR_EHRA_SEX_CUR_NB","SEX_T","CUR_TYPE_LCU","2011",4.791,,,"T30:164","R1:3513"
"BIH","BA:493","EAR_EHRA_SEX_CUR_NB","SEX_T","CUR_TYPE_PPP","2011",5.538,,,"T30:164","R1:3513"
"BIH","BA:493","EAR_EHRA_SEX_CUR_NB","SEX_T","CUR_TYPE_USD","2011",3.405,,,"T30:164","R1:3513"
"BIH","BA:493","EAR_EHRA_SEX_CUR_NB","SEX_T","CUR_TYPE_LCU","2010",4.02,,,"T30:164","R1:3513"
"BIH","BA:493","EAR_EHRA_SEX_CUR_NB","SEX_T","CUR_TYPE_PPP","2010",4.561,,,"T30:164","R1:3513"
"BIH","BA:493","EAR_EHRA_SEX_CUR_NB","SEX_T","CUR_TYPE_USD","2010",2.722,,,"T30:164","R1:3513"
"BIH","BA:493","EAR_EHRA_SEX_CUR_NB","SEX_T","CUR_TYPE_LCU","2009",3.926,,,"T30:164","R1:3513"
"BIH","BA:493","EAR_EHRA_SEX_CUR_NB","SEX_T","CUR_TYPE_PPP","2009",4.373,,,"T30:164","R1:3513"
"BIH","BA:493","EAR_EHRA_SEX_CUR_NB","SEX_T","CUR_TYPE_USD","2009",2.788,,,"T30:164","R1:3513"
"BIH","BA:493","EAR_EHRA_SEX_CUR_NB","SEX_T","CUR_TYPE_LCU","2008",3.601,,,"T30:164","R1:3513"
"BIH","BA:493","EAR_EHRA_SEX_CUR_NB","SEX_T","CUR_TYPE_PPP","2008",3.911,,,"T30:164","R1:3513"
"BIH","BA:493","EAR_EHRA_SEX_CUR_NB","SEX_T","CUR_TYPE_USD","2008",2.697,,,"T30:164","R1:3513"
"BIH","BA:493","EAR_EHRA_SEX_CUR_NB","SEX_T","CUR_TYPE_LCU","2007",3.07,,,"T30:164","R1:3513"
"BIH","BA:493","EAR_EHRA_SEX_CUR_NB","SEX_T","CUR_TYPE_PPP","2007",3.421,,,"T30:164","R1:3513"
"BIH","BA:493","EAR_EHRA_SEX_CUR_NB","SEX_T","CUR_TYPE_USD","2007",2.148,,,"T30:164","R1:3513"
"BIH","BA:493","EAR_EHRA_SEX_CUR_NB","SEX_T","CUR_TYPE_LCU","2006",2.902,"B",,"T30:164_I11:264","R1:3513"
"BIH","BA:493","EAR_EHRA_SEX_CUR_NB","SEX_T","CUR_TYPE_PPP","2006",3.263,"B",,"T30:164_I11:264","R1:3513"
"BIH","BA:493","EAR_EHRA_SEX_CUR_NB","SEX_T","CUR_TYPE_USD","2006",1.861,"B",,"T30:164_I11:264","R1:3513"
"BIH","BB:15892","EAR_EHRA_SEX_CUR_NB","SEX_T","CUR_TYPE_LCU","2001",2.719,,,"T30:164","R1:3513"
"BIH","BB:15892","EAR_EHRA_SEX_CUR_NB","SEX_T","CUR_TYPE_USD","2001",1.244,,,"T30:164","R1:3513"
"BLZ","BA:934","EAR_EHRA_SEX_CUR_NB","SEX_T","CUR_TYPE_LCU","2021",5.385,,,"I20:4077_T9:133_T10:138_T12:145_T30:65","S3:15_S5:40_S9:259_S10:73"
"BLZ","BA:934","EAR_EHRA_SEX_CUR_NB","SEX_T","CUR_TYPE_PPP","2021",4.823,,,"I20:4077_T9:133_T10:138_T12:145_T30:65","S3:15_S5:40_S9:259_S10:73"
"BLZ","BA:934","EAR_EHRA_SEX_CUR_NB","SEX_T","CUR_TYPE_USD","2021",2.692,,,"I20:4077_T9:133_T10:138_T12:145_T30:65","S3:15_S5:40_S9:259_S10:73"
"BLZ","BA:934","EAR_EHRA_SEX_CUR_NB","SEX_T","CUR_TYPE_LCU","2020",6.54,,,"I20:4077_T9:133_T10:138_T11:142_T12:145_T30:65","S3:20_S5:40"
"BLZ","BA:934","EAR_EHRA_SEX_CUR_NB","SEX_T","CUR_TYPE_PPP","2020",5.521,,,"I20:4077_T9:133_T10:138_T11:142_T12:145_T30:65","S3:20_S5:40"
"BLZ","BA:934","EAR_EHRA_SEX_CUR_NB","SEX_T","CUR_TYPE_USD","2020",3.27,,,"I20:4077_T9:133_T10:138_T11:142_T12:145_T30:65","S3:20_S5:40"
"BLZ","BA:934","EAR_EHRA_SEX_CUR_NB","SEX_T","CUR_TYPE_LCU","2019",7.776,,,"T30:65","R1:3513"
"BLZ","BA:934","EAR_EHRA_SEX_CUR_NB","SEX_T","CUR_TYPE_PPP","2019",6.09,,,"T30:65","R1:3513"
"BLZ","BA:934","EAR_EHRA_SEX_CUR_NB","SEX_T","CUR_TYPE_USD","2019",3.888,,,"T30:65","R1:3513"
"BLZ","BA:934","EAR_EHRA_SEX_CUR_NB","SEX_T","CUR_TYPE_LCU","2018",7.878,,,"T30:65","R1:3513"
"BLZ","BA:934","EAR_EHRA_SEX_CUR_NB","SEX_T","CUR_TYPE_PPP","2018",5.762,,,"T30:65","R1:3513"
"BLZ","BA:934","EAR_EHRA_SEX_CUR_NB","SEX_T","CUR_TYPE_USD","2018",3.939,,,"T30:65","R1:3513"
"BLZ","BA:934","EAR_EHRA_SEX_CUR_NB","SEX_T","CUR_TYPE_LCU","2017",7,,,"I20:3359_T9:133_T10:138_T11:142_T12:145_T30:65","S3:15"
"BLZ","BA:934","EAR_EHRA_SEX_CUR_NB","SEX_T","CUR_TYPE_PPP","2017",4.836,,,"I20:3359_T9:133_T10:138_T11:142_T12:145_T30:65","S3:15"
"BLZ","BA:934","EAR_EHRA_SEX_CUR_NB","SEX_T","CUR_TYPE_USD","2017",3.5,,,"I20:3359_T9:133_T10:138_T11:142_T12:145_T30:65","S3:15"
"BOL","BA:74","EAR_EHRA_SEX_CUR_NB","SEX_T","CUR_TYPE_LCU","2025",23.67,,,"T30:67","R1:3513"
"BOL","BA:74","EAR_EHRA_SEX_CUR_NB","SEX_T","CUR_TYPE_PPP","2025",8.769,,,"T30:67","R1:3513"
"BOL","BA:74","EAR_EHRA_SEX_CUR_NB","SEX_T","CUR_TYPE_USD","2025",3.426,,,"T30:67","R1:3513"
"BOL","BA:74","EAR_EHRA_SEX_CUR_NB","SEX_T","CUR_TYPE_LCU","2024",23.53,,,"T30:67","R1:3513"
"BOL","BA:74","EAR_EHRA_SEX_CUR_NB","SEX_T","CUR_TYPE_PPP","2024",10.145,,,"T30:67","R1:3513"
"BOL","BA:74","EAR_EHRA_SEX_CUR_NB","SEX_T","CUR_TYPE_USD","2024",3.405,,,"T30:67","R1:3513"
"BOL","BA:74","EAR_EHRA_SEX_CUR_NB","SEX_T","CUR_TYPE_LCU","2023",23.419,,,"T30:67","R1:3513"
"BOL","BA:74","EAR_EHRA_SEX_CUR_NB","SEX_T","CUR_TYPE_PPP","2023",10.308,,,"T30:67","R1:3513"
"BOL","BA:74","EAR_EHRA_SEX_CUR_NB","SEX_T","CUR_TYPE_USD","2023",3.389,,,"T30:67","R1:3513"
"BOL","BA:74","EAR_EHRA_SEX_CUR_NB","SEX_T","CUR_TYPE_LCU","2022",22.581,,,"T30:67","R1:3513"
"BOL","BA:74","EAR_EHRA_SEX_CUR_NB","SEX_T","CUR_TYPE_PPP","2022",9.792,,,"T30:67","R1:3513"
"BOL","BA:74","EAR_EHRA_SEX_CUR_NB","SEX_T","CUR_TYPE_USD","2022",3.268,,,"T30:67","R1:3513"
"BOL","BA:74","EAR_EHRA_SEX_CUR_NB","SEX_T","CUR_TYPE_LCU","2021",22.362,"B",,"T30:67_I11:264","R1:3513"
"BOL","BA:74","EAR_EHRA_SEX_CUR_NB","SEX_T","CUR_TYPE_PPP","2021",9.135,"B",,"T30:67_I11:264","R1:3513"
"BOL","BA:74","EAR_EHRA_SEX_CUR_NB","SEX_T","CUR_TYPE_USD","2021",3.236,"B",,"T30:67_I11:264","R1:3513"
"BOL","BB:15890","EAR_EHRA_SEX_CUR_NB","SEX_T","CUR_TYPE_LCU","2004",6.628,"B",,"T30:67_I11:264","R1:3513"
"BOL","BB:15890","EAR_EHRA_SEX_CUR_NB","SEX_T","CUR_TYPE_PPP","2004",3.052,"B",,"T30:67_I11:264","R1:3513"
"BOL","BB:15890","EAR_EHRA_SEX_CUR_NB","SEX_T","CUR_TYPE_USD","2004",0.835,"B",,"T30:67_I11:264","R1:3513"
"BOL","BB:73","EAR_EHRA_SEX_CUR_NB","SEX_T","CUR_TYPE_LCU","2002",6.1,,,"T30:67","R1:3473"
"BOL","BB:73","EAR_EHRA_SEX_CUR_NB","SEX_T","CUR_TYPE_PPP","2002",2.887,,,"T30:67","R1:3473"
"BOL","BB:73","EAR_EHRA_SEX_CUR_NB","SEX_T","CUR_TYPE_USD","2002",0.851,,,"T30:67","R1:3473"
"BOL","BB:73","EAR_EHRA_SEX_CUR_NB","SEX_T","CUR_TYPE_LCU","2001",6.1,,,"T30:67","R1:3473"
"BOL","BB:73","EAR_EHRA_SEX_CUR_NB","SEX_T","CUR_TYPE_PPP","2001",2.868,,,"T30:67","R1:3473"
"BOL","BB:73","EAR_EHRA_SEX_CUR_NB","SEX_T","CUR_TYPE_USD","2001",0.923,,,"T30:67","R1:3473"
"BOL","BB:73","EAR_EHRA_SEX_CUR_NB","SEX_T","CUR_TYPE_LCU","2000",6,,,"T30:67","R1:3473"
"BOL","BB:73","EAR_EHRA_SEX_CUR_NB","SEX_T","CUR_TYPE_PPP","2000",2.788,,,"T30:67","R1:3473"
"BOL","BB:73","EAR_EHRA_SEX_CUR_NB","SEX_T","CUR_TYPE_USD","2000",0.97,,,"T30:67","R1:3473"
"BRA","BX:6355","EAR_EHRA_SEX_CUR_NB","SEX_T","CUR_TYPE_LCU","2025",20.973,,,"T30:68","R1:3513"
"BRA","BX:6355","EAR_EHRA_SEX_CUR_NB","SEX_T","CUR_TYPE_PPP","2025",8.124,,,"T30:68","R1:3513"
"BRA","BX:6355","EAR_EHRA_SEX_CUR_NB","SEX_T","CUR_TYPE_USD","2025",3.754,,,"T30:68","R1:3513"
"BRA","BX:6355","EAR_EHRA_SEX_CUR_NB","SEX_T","CUR_TYPE_LCU","2024",19.556,,,"T30:68","R1:3513"
"BRA","BX:6355","EAR_EHRA_SEX_CUR_NB","SEX_T","CUR_TYPE_PPP","2024",7.746,,,"T30:68","R1:3513"
"BRA","BX:6355","EAR_EHRA_SEX_CUR_NB","SEX_T","CUR_TYPE_USD","2024",3.629,,,"T30:68","R1:3513"
"BRA","BX:6355","EAR_EHRA_SEX_CUR_NB","SEX_T","CUR_TYPE_LCU","2023",17.785,,,"T30:68","R1:3513"
"BRA","BX:6355","EAR_EHRA_SEX_CUR_NB","SEX_T","CUR_TYPE_PPP","2023",7.142,,,"T30:68","R1:3513"
"BRA","BX:6355","EAR_EHRA_SEX_CUR_NB","SEX_T","CUR_TYPE_USD","2023",3.561,,,"T30:68","R1:3513"
"BRA","BX:6355","EAR_EHRA_SEX_CUR_NB","SEX_T","CUR_TYPE_LCU","2022",16.137,,,"T30:68","R1:3513"
"BRA","BX:6355","EAR_EHRA_SEX_CUR_NB","SEX_T","CUR_TYPE_PPP","2022",6.51,,,"T30:68","R1:3513"
"BRA","BX:6355","EAR_EHRA_SEX_CUR_NB","SEX_T","CUR_TYPE_USD","2022",3.125,,,"T30:68","R1:3513"
"BRA","BX:6355","EAR_EHRA_SEX_CUR_NB","SEX_T","CUR_TYPE_LCU","2021",14.986,,,"T30:68","R1:3513"
"BRA","BX:6355","EAR_EHRA_SEX_CUR_NB","SEX_T","CUR_TYPE_PPP","2021",6.117,,,"T30:68","R1:3513"
"BRA","BX:6355","EAR_EHRA_SEX_CUR_NB","SEX_T","CUR_TYPE_USD","2021",2.778,,,"T30:68","R1:3513"
"BRA","BX:6355","EAR_EHRA_SEX_CUR_NB","SEX_T","CUR_TYPE_LCU","2020",16.768,,,"T30:68","R1:3513"
"BRA","BX:6355","EAR_EHRA_SEX_CUR_NB","SEX_T","CUR_TYPE_PPP","2020",7.154,,,"T30:68","R1:3513"
"BRA","BX:6355","EAR_EHRA_SEX_CUR_NB","SEX_T","CUR_TYPE_USD","2020",3.253,,,"T30:68","R1:3513"
"BRA","BX:6355","EAR_EHRA_SEX_CUR_NB","SEX_T","CUR_TYPE_LCU","2019",14.413,,,"T30:68","R1:3513"
"BRA","BX:6355","EAR_EHRA_SEX_CUR_NB","SEX_T","CUR_TYPE_PPP","2019",6.161,,,"T30:68","R1:3513"
"BRA","BX:6355","EAR_EHRA_SEX_CUR_NB","SEX_T","CUR_TYPE_USD","2019",3.654,,,"T30:68","R1:3513"
"BRA","BX:6355","EAR_EHRA_SEX_CUR_NB","SEX_T","CUR_TYPE_LCU","2018",13.546,,,"T30:68","R1:3513"
"BRA","BX:6355","EAR_EHRA_SEX_CUR_NB","SEX_T","CUR_TYPE_PPP","2018",5.777,,,"T30:68","R1:3513"
"BRA","BX:6355","EAR_EHRA_SEX_CUR_NB","SEX_T","CUR_TYPE_USD","2018",3.707,,,"T30:68","R1:3513"
"BRA","BX:6355","EAR_EHRA_SEX_CUR_NB","SEX_T","CUR_TYPE_LCU","2017",12.735,,,"T30:68","R1:3513"
"BRA","BX:6355","EAR_EHRA_SEX_CUR_NB","SEX_T","CUR_TYPE_PPP","2017",5.352,,,"T30:68","R1:3513"
"BRA","BX:6355","EAR_EHRA_SEX_CUR_NB","SEX_T","CUR_TYPE_USD","2017",3.99,,,"T30:68","R1:3513"
"BRA","BX:6355","EAR_EHRA_SEX_CUR_NB","SEX_T","CUR_TYPE_LCU","2016",11.884,,,"T30:68","R1:3513"
"BRA","BX:6355","EAR_EHRA_SEX_CUR_NB","SEX_T","CUR_TYPE_PPP","2016",5.188,,,"T30:68","R1:3513"
"BRA","BX:6355","EAR_EHRA_SEX_CUR_NB","SEX_T","CUR_TYPE_USD","2016",3.404,,,"T30:68","R1:3513"
"BRA","BX:6355","EAR_EHRA_SEX_CUR_NB","SEX_T","CUR_TYPE_LCU","2015",10.584,,,"T30:68","R1:3513"
"BRA","BX:6355","EAR_EHRA_SEX_CUR_NB","SEX_T","CUR_TYPE_PPP","2015",5.007,,,"T30:68","R1:3513"
"BRA","BX:6355","EAR_EHRA_SEX_CUR_NB","SEX_T","CUR_TYPE_USD","2015",3.181,,,"T30:68","R1:3513"
"BRA","BX:6355","EAR_EHRA_SEX_CUR_NB","SEX_T","CUR_TYPE_LCU","2014",9.705,,,"T30:68","R1:3513"
"BRA","BX:6355","EAR_EHRA_SEX_CUR_NB","SEX_T","CUR_TYPE_PPP","2014",5.05,,,"T30:68","R1:3513"
"BRA","BX:6355","EAR_EHRA_SEX_CUR_NB","SEX_T","CUR_TYPE_USD","2014",4.124,,,"T30:68","R1:3513"
"BRA","BX:6355","EAR_EHRA_SEX_CUR_NB","SEX_T","CUR_TYPE_LCU","2013",8.842,,,"T30:68","R1:3513"
"BRA","BX:6355","EAR_EHRA_SEX_CUR_NB","SEX_T","CUR_TYPE_PPP","2013",4.899,,,"T30:68","R1:3513"
"BRA","BX:6355","EAR_EHRA_SEX_CUR_NB","SEX_T","CUR_TYPE_USD","2013",4.101,,,"T30:68","R1:3513"
"BRA","BX:6355","EAR_EHRA_SEX_CUR_NB","SEX_T","CUR_TYPE_LCU","2012",8.524,"B",,"T30:68_I11:264","R1:3513"
"BRA","BX:6355","EAR_EHRA_SEX_CUR_NB","SEX_T","CUR_TYPE_PPP","2012",5.108,"B",,"T30:68_I11:264","R1:3513"
"BRA","BX:6355","EAR_EHRA_SEX_CUR_NB","SEX_T","CUR_TYPE_USD","2012",4.364,"B",,"T30:68_I11:264","R1:3513"
"BRN","BA:8230","EAR_EHRA_SEX_CUR_NB","SEX_T","CUR_TYPE_LCU","2017",8.95,,,"T9:133_T12:145_T30:116","S3:21_S4:34_S5:40"
"BRN","BA:8230","EAR_EHRA_SEX_CUR_NB","SEX_T","CUR_TYPE_PPP","2017",13.273,,,"T9:133_T12:145_T30:116","S3:21_S4:34_S5:40"
"BRN","BA:8230","EAR_EHRA_SEX_CUR_NB","SEX_T","CUR_TYPE_USD","2017",6.481,,,"T9:133_T12:145_T30:116","S3:21_S4:34_S5:40"
"BRN","BA:8230","EAR_EHRA_SEX_CUR_NB","SEX_T","CUR_TYPE_LCU","2014",10.201,"B",,"T30:116_I11:264","R1:3513"
"BRN","BA:8230","EAR_EHRA_SEX_CUR_NB","SEX_T","CUR_TYPE_PPP","2014",13.468,"B",,"T30:116_I11:264","R1:3513"
"BRN","BA:8230","EAR_EHRA_SEX_CUR_NB","SEX_T","CUR_TYPE_USD","2014",8.051,"B",,"T30:116_I11:264","R1:3513"
"BTN","BA:625","EAR_EHRA_SEX_CUR_NB","SEX_T","CUR_TYPE_LCU","2022",104.724,,,"T30:115","R1:3513"
"BTN","BA:625","EAR_EHRA_SEX_CUR_NB","SEX_T","CUR_TYPE_PPP","2022",5.012,,,"T30:115","R1:3513"
"BTN","BA:625","EAR_EHRA_SEX_CUR_NB","SEX_T","CUR_TYPE_USD","2022",1.332,,,"T30:115","R1:3513"
"BTN","BA:625","EAR_EHRA_SEX_CUR_NB","SEX_T","CUR_TYPE_LCU","2021",104.288,,,"T30:115","R1:3513"
"BTN","BA:625","EAR_EHRA_SEX_CUR_NB","SEX_T","CUR_TYPE_PPP","2021",4.882,,,"T30:115","R1:3513"
"BTN","BA:625","EAR_EHRA_SEX_CUR_NB","SEX_T","CUR_TYPE_USD","2021",1.411,,,"T30:115","R1:3513"
"BTN","BA:625","EAR_EHRA_SEX_CUR_NB","SEX_T","CUR_TYPE_LCU","2020",105.812,,,"T30:115","R1:3513"
"BTN","BA:625","EAR_EHRA_SEX_CUR_NB","SEX_T","CUR_TYPE_PPP","2020",5.106,,,"T30:115","R1:3513"
"BTN","BA:625","EAR_EHRA_SEX_CUR_NB","SEX_T","CUR_TYPE_USD","2020",1.428,,,"T30:115","R1:3513"
"BTN","BA:625","EAR_EHRA_SEX_CUR_NB","SEX_T","CUR_TYPE_LCU","2019",98.005,,,"T30:115","R1:3513"
"BTN","BA:625","EAR_EHRA_SEX_CUR_NB","SEX_T","CUR_TYPE_PPP","2019",4.797,,,"T30:115","R1:3513"
"BTN","BA:625","EAR_EHRA_SEX_CUR_NB","SEX_T","CUR_TYPE_USD","2019",1.392,,,"T30:115","R1:3513"
"BTN","BA:625","EAR_EHRA_SEX_CUR_NB","SEX_T","CUR_TYPE_LCU","2018",82.265,,,"T30:115","R1:3513"
"BTN","BA:625","EAR_EHRA_SEX_CUR_NB","SEX_T","CUR_TYPE_PPP","2018",4.059,,,"T30:115","R1:3513"
"BTN","BA:625","EAR_EHRA_SEX_CUR_NB","SEX_T","CUR_TYPE_USD","2018",1.203,,,"T30:115","R1:3513"
"BWA","BX:15710","EAR_EHRA_SEX_CUR_NB","SEX_T","CUR_TYPE_LCU","2024",37.253,,,"T30:4","R1:3513"
"BWA","BX:15710","EAR_EHRA_SEX_CUR_NB","SEX_T","CUR_TYPE_PPP","2024",7.012,,,"T30:4","R1:3513"
"BWA","BX:15710","EAR_EHRA_SEX_CUR_NB","SEX_T","CUR_TYPE_USD","2024",2.747,,,"T30:4","R1:3513"
"BWA","BX:15710","EAR_EHRA_SEX_CUR_NB","SEX_T","CUR_TYPE_LCU","2023",39.688,,,"T30:4","R1:3513"
"BWA","BX:15710","EAR_EHRA_SEX_CUR_NB","SEX_T","CUR_TYPE_PPP","2023",7.461,,,"T30:4","R1:3513"
"BWA","BX:15710","EAR_EHRA_SEX_CUR_NB","SEX_T","CUR_TYPE_USD","2023",2.919,,,"T30:4","R1:3513"
"BWA","BX:15710","EAR_EHRA_SEX_CUR_NB","SEX_T","CUR_TYPE_LCU","2022",35.819,,,"T30:4","R1:3513"
"BWA","BX:15710","EAR_EHRA_SEX_CUR_NB","SEX_T","CUR_TYPE_PPP","2022",6.795,,,"T30:4","R1:3513"
"BWA","BX:15710","EAR_EHRA_SEX_CUR_NB","SEX_T","CUR_TYPE_USD","2022",2.896,,,"T30:4","R1:3513"
"BWA","BX:15710","EAR_EHRA_SEX_CUR_NB","SEX_T","CUR_TYPE_LCU","2021",31.178,,,"T30:4","R1:3513"
"BWA","BX:15710","EAR_EHRA_SEX_CUR_NB","SEX_T","CUR_TYPE_PPP","2021",6.115,,,"T30:4","R1:3513"
"BWA","BX:15710","EAR_EHRA_SEX_CUR_NB","SEX_T","CUR_TYPE_USD","2021",2.812,,,"T30:4","R1:3513"
"BWA","BX:15710","EAR_EHRA_SEX_CUR_NB","SEX_T","CUR_TYPE_LCU","2020",29.238,,,"T30:4","R1:3513"
"BWA","BX:15710","EAR_EHRA_SEX_CUR_NB","SEX_T","CUR_TYPE_PPP","2020",5.788,,,"T30:4","R1:3513"
"BWA","BX:15710","EAR_EHRA_SEX_CUR_NB","SEX_T","CUR_TYPE_USD","2020",2.552,,,"T30:4","R1:3513"
"BWA","BX:15710","EAR_EHRA_SEX_CUR_NB","SEX_T","CUR_TYPE_LCU","2019",29.888,"B",,"T30:4_I11:264","R1:3513"
"BWA","BX:15710","EAR_EHRA_SEX_CUR_NB","SEX_T","CUR_TYPE_PPP","2019",5.802,"B",,"T30:4_I11:264","R1:3513"
"BWA","BX:15710","EAR_EHRA_SEX_CUR_NB","SEX_T","CUR_TYPE_USD","2019",2.779,"B",,"T30:4_I11:264","R1:3513"
"CAN","BA:147","EAR_EHRA_SEX_CUR_NB","SEX_T","CUR_TYPE_LCU","2025",40.105,,,"T30:69","R1:3513"
"CAN","BA:147","EAR_EHRA_SEX_CUR_NB","SEX_T","CUR_TYPE_PPP","2025",31.817,,,"T30:69","R1:3513"
"CAN","BA:147","EAR_EHRA_SEX_CUR_NB","SEX_T","CUR_TYPE_USD","2025",28.685,,,"T30:69","R1:3513"
"CAN","BA:147","EAR_EHRA_SEX_CUR_NB","SEX_T","CUR_TYPE_LCU","2024",37.989,,,"T30:69","R1:3513"
"CAN","BA:147","EAR_EHRA_SEX_CUR_NB","SEX_T","CUR_TYPE_PPP","2024",30.614,,,"T30:69","R1:3513"
"CAN","BA:147","EAR_EHRA_SEX_CUR_NB","SEX_T","CUR_TYPE_USD","2024",27.742,,,"T30:69","R1:3513"
"CAN","BA:147","EAR_EHRA_SEX_CUR_NB","SEX_T","CUR_TYPE_LCU","2023",36.126,,,"T30:69","R1:3513"
"CAN","BA:147","EAR_EHRA_SEX_CUR_NB","SEX_T","CUR_TYPE_PPP","2023",29.438,,,"T30:69","R1:3513"
"CAN","BA:147","EAR_EHRA_SEX_CUR_NB","SEX_T","CUR_TYPE_USD","2023",26.761,,,"T30:69","R1:3513"
"CAN","BA:147","EAR_EHRA_SEX_CUR_NB","SEX_T","CUR_TYPE_LCU","2022",34.772,,,"T30:69","R1:3513"
"CAN","BA:147","EAR_EHRA_SEX_CUR_NB","SEX_T","CUR_TYPE_PPP","2022",28.285,,,"T30:69","R1:3513"
"CAN","BA:147","EAR_EHRA_SEX_CUR_NB","SEX_T","CUR_TYPE_USD","2022",26.715,,,"T30:69","R1:3513"
"CAN","BA:147","EAR_EHRA_SEX_CUR_NB","SEX_T","CUR_TYPE_LCU","2021",33.085,,,"T30:69","R1:3513"
"CAN","BA:147","EAR_EHRA_SEX_CUR_NB","SEX_T","CUR_TYPE_PPP","2021",26.599,,,"T30:69","R1:3513"
"CAN","BA:147","EAR_EHRA_SEX_CUR_NB","SEX_T","CUR_TYPE_USD","2021",26.386,,,"T30:69","R1:3513"
"CAN","BA:147","EAR_EHRA_SEX_CUR_NB","SEX_T","CUR_TYPE_LCU","2020",33.438,,,"T30:69","R1:3513"
"CAN","BA:147","EAR_EHRA_SEX_CUR_NB","SEX_T","CUR_TYPE_PPP","2020",25.993,,,"T30:69","R1:3513"
"CAN","BA:147","EAR_EHRA_SEX_CUR_NB","SEX_T","CUR_TYPE_USD","2020",24.932,,,"T30:69","R1:3513"
"CAN","BA:147","EAR_EHRA_SEX_CUR_NB","SEX_T","CUR_TYPE_LCU","2019",31.142,,,"T30:69","R1:3513"
"CAN","BA:147","EAR_EHRA_SEX_CUR_NB","SEX_T","CUR_TYPE_PPP","2019",23.769,,,"T30:69","R1:3513"
"CAN","BA:147","EAR_EHRA_SEX_CUR_NB","SEX_T","CUR_TYPE_USD","2019",23.472,,,"T30:69","R1:3513"
"CAN","BA:147","EAR_EHRA_SEX_CUR_NB","SEX_T","CUR_TYPE_LCU","2018",29.629,,,"T30:69","R1:3513"
"CAN","BA:147","EAR_EHRA_SEX_CUR_NB","SEX_T","CUR_TYPE_PPP","2018",23.02,,,"T30:69","R1:3513"
"CAN","BA:147","EAR_EHRA_SEX_CUR_NB","SEX_T","CUR_TYPE_USD","2018",22.865,,,"T30:69","R1:3513"
"CAN","BA:147","EAR_EHRA_SEX_CUR_NB","SEX_T","CUR_TYPE_LCU","2017",29.084,,,"T30:69","R1:3513"
"CAN","BA:147","EAR_EHRA_SEX_CUR_NB","SEX_T","CUR_TYPE_PPP","2017",22.399,,,"T30:69","R1:3513"
"CAN","BA:147","EAR_EHRA_SEX_CUR_NB","SEX_T","CUR_TYPE_USD","2017",22.408,,,"T30:69","R1:3513"
"CAN","BA:147","EAR_EHRA_SEX_CUR_NB","SEX_T","CUR_TYPE_LCU","2016",28.416,,,"T30:69","R1:3513"
"CAN","BA:147","EAR_EHRA_SEX_CUR_NB","SEX_T","CUR_TYPE_PPP","2016",21.846,,,"T30:69","R1:3513"
"CAN","BA:147","EAR_EHRA_SEX_CUR_NB","SEX_T","CUR_TYPE_USD","2016",21.436,,,"T30:69","R1:3513"
"CAN","BA:147","EAR_EHRA_SEX_CUR_NB","SEX_T","CUR_TYPE_LCU","2015",27.89,,,"T30:69","R1:3513"
"CAN","BA:147","EAR_EHRA_SEX_CUR_NB","SEX_T","CUR_TYPE_PPP","2015",20.81,,,"T30:69","R1:3513"
"CAN","BA:147","EAR_EHRA_SEX_CUR_NB","SEX_T","CUR_TYPE_USD","2015",21.81,,,"T30:69","R1:3513"
"CAN","BA:147","EAR_EHRA_SEX_CUR_NB","SEX_T","CUR_TYPE_LCU","2014",27.756,,,"T30:69","R1:3513"
"CAN","BA:147","EAR_EHRA_SEX_CUR_NB","SEX_T","CUR_TYPE_PPP","2014",21.167,,,"T30:69","R1:3513"
"CAN","BA:147","EAR_EHRA_SEX_CUR_NB","SEX_T","CUR_TYPE_USD","2014",25.124,,,"T30:69","R1:3513"
"CAN","BA:147","EAR_EHRA_SEX_CUR_NB","SEX_T","CUR_TYPE_LCU","2013",26.671,,,"T30:69","R1:3513"
"CAN","BA:147","EAR_EHRA_SEX_CUR_NB","SEX_T","CUR_TYPE_PPP","2013",20.468,,,"T30:69","R1:3513"
"CAN","BA:147","EAR_EHRA_SEX_CUR_NB","SEX_T","CUR_TYPE_USD","2013",25.891,,,"T30:69","R1:3513"
"CAN","BA:147","EAR_EHRA_SEX_CUR_NB","SEX_T","CUR_TYPE_LCU","2012",26.076,,,"T30:69","R1:3513"
"CAN","BA:147","EAR_EHRA_SEX_CUR_NB","SEX_T","CUR_TYPE_PPP","2012",20.306,,,"T30:69","R1:3513"
"CAN","BA:147","EAR_EHRA_SEX_CUR_NB","SEX_T","CUR_TYPE_USD","2012",26.093,,,"T30:69","R1:3513"
"CAN","BA:147","EAR_EHRA_SEX_CUR_NB","SEX_T","CUR_TYPE_LCU","2011",25.664,,,"T30:69","R1:3513"
"CAN","BA:147","EAR_EHRA_SEX_CUR_NB","SEX_T","CUR_TYPE_PPP","2011",19.978,,,"T30:69","R1:3513"
"CAN","BA:147","EAR_EHRA_SEX_CUR_NB","SEX_T","CUR_TYPE_USD","2011",25.943,,,"T30:69","R1:3513"
"CAN","BA:147","EAR_EHRA_SEX_CUR_NB","SEX_T","CUR_TYPE_LCU","2010",24.825,,,"T30:69","R1:3513"
"CAN","BA:147","EAR_EHRA_SEX_CUR_NB","SEX_T","CUR_TYPE_PPP","2010",19.158,,,"T30:69","R1:3513"
"CAN","BA:147","EAR_EHRA_SEX_CUR_NB","SEX_T","CUR_TYPE_USD","2010",24.099,,,"T30:69","R1:3513"
"CAN","BA:147","EAR_EHRA_SEX_CUR_NB","SEX_T","CUR_TYPE_LCU","2009",24.552,,,"T30:69","R1:3513"
"CAN","BA:147","EAR_EHRA_SEX_CUR_NB","SEX_T","CUR_TYPE_PPP","2009",18.863,,,"T30:69","R1:3513"
"CAN","BA:147","EAR_EHRA_SEX_CUR_NB","SEX_T","CUR_TYPE_USD","2009",21.508,,,"T30:69","R1:3513"
"CAN","BA:147","EAR_EHRA_SEX_CUR_NB","SEX_T","CUR_TYPE_LCU","2008",23.174,,,"T30:69","R1:3513"
"CAN","BA:147","EAR_EHRA_SEX_CUR_NB","SEX_T","CUR_TYPE_PPP","2008",17.8,,,"T30:69","R1:3513"
"CAN","BA:147","EAR_EHRA_SEX_CUR_NB","SEX_T","CUR_TYPE_USD","2008",21.717,,,"T30:69","R1:3513"
"CAN","BA:147","EAR_EHRA_SEX_CUR_NB","SEX_T","CUR_TYPE_LCU","2007",22.137,,,"T30:69","R1:3513"
"CAN","BA:147","EAR_EHRA_SEX_CUR_NB","SEX_T","CUR_TYPE_PPP","2007",17.38,,,"T30:69","R1:3513"
"CAN","BA:147","EAR_EHRA_SEX_CUR_NB","SEX_T","CUR_TYPE_USD","2007",20.611,,,"T30:69","R1:3513"
"CAN","BA:147","EAR_EHRA_SEX_CUR_NB","SEX_T","CUR_TYPE_LCU","2006",21.441,,,"T30:69","R1:3513"
"CAN","BA:147","EAR_EHRA_SEX_CUR_NB","SEX_T","CUR_TYPE_PPP","2006",16.664,,,"T30:69","R1:3513"
"CAN","BA:147","EAR_EHRA_SEX_CUR_NB","SEX_T","CUR_TYPE_USD","2006",18.901,,,"T30:69","R1:3513"
"CAN","BA:147","EAR_EHRA_SEX_CUR_NB","SEX_T","CUR_TYPE_LCU","2005",20.199,,,"T30:69","R1:3513"
"CAN","BA:147","EAR_EHRA_SEX_CUR_NB","SEX_T","CUR_TYPE_PPP","2005",16.031,,,"T30:69","R1:3513"
"CAN","BA:147","EAR_EHRA_SEX_CUR_NB","SEX_T","CUR_TYPE_USD","2005",16.674,,,"T30:69","R1:3513"
"CAN","BA:147","EAR_EHRA_SEX_CUR_NB","SEX_T","CUR_TYPE_LCU","2004",19.803,,,"T30:69","R1:3513"
"CAN","BA:147","EAR_EHRA_SEX_CUR_NB","SEX_T","CUR_TYPE_PPP","2004",15.561,,,"T30:69","R1:3513"
"CAN","BA:147","EAR_EHRA_SEX_CUR_NB","SEX_T","CUR_TYPE_USD","2004",15.218,,,"T30:69","R1:3513"
"CAN","BA:147","EAR_EHRA_SEX_CUR_NB","SEX_T","CUR_TYPE_LCU","2003",19.391,,,"T30:69","R1:3513"
"CAN","BA:147","EAR_EHRA_SEX_CUR_NB","SEX_T","CUR_TYPE_PPP","2003",15.093,,,"T30:69","R1:3513"
"CAN","BA:147","EAR_EHRA_SEX_CUR_NB","SEX_T","CUR_TYPE_USD","2003",13.841,,,"T30:69","R1:3513"
"CAN","BA:147","EAR_EHRA_SEX_CUR_NB","SEX_T","CUR_TYPE_LCU","2002",18.639,,,"T30:69","R1:3513"
"CAN","BA:147","EAR_EHRA_SEX_CUR_NB","SEX_T","CUR_TYPE_PPP","2002",14.482,,,"T30:69","R1:3513"
"CAN","BA:147","EAR_EHRA_SEX_CUR_NB","SEX_T","CUR_TYPE_USD","2002",11.869,,,"T30:69","R1:3513"
"CAN","BA:147","EAR_EHRA_SEX_CUR_NB","SEX_T","CUR_TYPE_LCU","2001",18.096,,,"T30:69","R1:3513"
"CAN","BA:147","EAR_EHRA_SEX_CUR_NB","SEX_T","CUR_TYPE_PPP","2001",14.237,,,"T30:69","R1:3513"
"CAN","BA:147","EAR_EHRA_SEX_CUR_NB","SEX_T","CUR_TYPE_USD","2001",11.684,,,"T30:69","R1:3513"
"CAN","BA:147","EAR_EHRA_SEX_CUR_NB","SEX_T","CUR_TYPE_LCU","2000",17.165,,,"T30:69","R1:3513"
"CAN","BA:147","EAR_EHRA_SEX_CUR_NB","SEX_T","CUR_TYPE_PPP","2000",13.515,,,"T30:69","R1:3513"
"CAN","BA:147","EAR_EHRA_SEX_CUR_NB","SEX_T","CUR_TYPE_USD","2000",11.556,,,"T30:69","R1:3513"
"CHE","BA:253","EAR_EHRA_SEX_CUR_NB","SEX_T","CUR_TYPE_LCU","2025",48.111,,,"T30:206","R1:3513"
"CHE","BA:253","EAR_EHRA_SEX_CUR_NB","SEX_T","CUR_TYPE_PPP","2025",45.152,,,"T30:206","R1:3513"
"CHE","BA:253","EAR_EHRA_SEX_CUR_NB","SEX_T","CUR_TYPE_USD","2025",57.87,,,"T30:206","R1:3513"
"CHE","BA:253","EAR_EHRA_SEX_CUR_NB","SEX_T","CUR_TYPE_LCU","2024",46.835,,,"T30:206","R1:3513"
"CHE","BA:253","EAR_EHRA_SEX_CUR_NB","SEX_T","CUR_TYPE_PPP","2024",42.3,,,"T30:206","R1:3513"
"CHE","BA:253","EAR_EHRA_SEX_CUR_NB","SEX_T","CUR_TYPE_USD","2024",53.195,,,"T30:206","R1:3513"
"CHE","BA:253","EAR_EHRA_SEX_CUR_NB","SEX_T","CUR_TYPE_LCU","2023",46.06,,,"T30:206","R1:3513"
"CHE","BA:253","EAR_EHRA_SEX_CUR_NB","SEX_T","CUR_TYPE_PPP","2023",39.682,,,"T30:206","R1:3513"
"CHE","BA:253","EAR_EHRA_SEX_CUR_NB","SEX_T","CUR_TYPE_USD","2023",51.264,,,"T30:206","R1:3513"
"CHE","BA:253","EAR_EHRA_SEX_CUR_NB","SEX_T","CUR_TYPE_LCU","2022",45.124,,,"T30:206","R1:3513"
"CHE","BA:253","EAR_EHRA_SEX_CUR_NB","SEX_T","CUR_TYPE_PPP","2022",38.522,,,"T30:206","R1:3513"
"CHE","BA:253","EAR_EHRA_SEX_CUR_NB","SEX_T","CUR_TYPE_USD","2022",47.259,,,"T30:206","R1:3513"
"CHE","BA:253","EAR_EHRA_SEX_CUR_NB","SEX_T","CUR_TYPE_LCU","2021",46.159,,,"T30:206","R1:3513"
"CHE","BA:253","EAR_EHRA_SEX_CUR_NB","SEX_T","CUR_TYPE_PPP","2021",37.086,,,"T30:206","R1:3513"
"CHE","BA:253","EAR_EHRA_SEX_CUR_NB","SEX_T","CUR_TYPE_USD","2021",50.51,,,"T30:206","R1:3513"
"CHE","BA:253","EAR_EHRA_SEX_CUR_NB","SEX_T","CUR_TYPE_LCU","2020",46.763,,,"T30:206","R1:3513"
"CHE","BA:253","EAR_EHRA_SEX_CUR_NB","SEX_T","CUR_TYPE_PPP","2020",36.292,,,"T30:206","R1:3513"
"CHE","BA:253","EAR_EHRA_SEX_CUR_NB","SEX_T","CUR_TYPE_USD","2020",49.803,,,"T30:206","R1:3513"
"CHE","BA:253","EAR_EHRA_SEX_CUR_NB","SEX_T","CUR_TYPE_LCU","2019",43.207,,,"T30:206","R1:3513"
"CHE","BA:253","EAR_EHRA_SEX_CUR_NB","SEX_T","CUR_TYPE_PPP","2019",33.077,,,"T30:206","R1:3513"
"CHE","BA:253","EAR_EHRA_SEX_CUR_NB","SEX_T","CUR_TYPE_USD","2019",43.48,,,"T30:206","R1:3513"
"CHE","BA:253","EAR_EHRA_SEX_CUR_NB","SEX_T","CUR_TYPE_LCU","2018",42.519,,,"T30:206","R1:3513"
"CHE","BA:253","EAR_EHRA_SEX_CUR_NB","SEX_T","CUR_TYPE_PPP","2018",31.387,,,"T30:206","R1:3513"
"CHE","BA:253","EAR_EHRA_SEX_CUR_NB","SEX_T","CUR_TYPE_USD","2018",43.481,,,"T30:206","R1:3513"
"CHE","BA:253","EAR_EHRA_SEX_CUR_NB","SEX_T","CUR_TYPE_LCU","2017",41.636,,,"T30:206","R1:3513"
"CHE","BA:253","EAR_EHRA_SEX_CUR_NB","SEX_T","CUR_TYPE_PPP","2017",30.305,,,"T30:206","R1:3513"
"CHE","BA:253","EAR_EHRA_SEX_CUR_NB","SEX_T","CUR_TYPE_USD","2017",42.283,,,"T30:206","R1:3513"
"CHE","BA:253","EAR_EHRA_SEX_CUR_NB","SEX_T","CUR_TYPE_LCU","2016",40.799,,,"T30:206","R1:3513"
"CHE","BA:253","EAR_EHRA_SEX_CUR_NB","SEX_T","CUR_TYPE_PPP","2016",29.525,,,"T30:206","R1:3513"
"CHE","BA:253","EAR_EHRA_SEX_CUR_NB","SEX_T","CUR_TYPE_USD","2016",41.403,,,"T30:206","R1:3513"
"CHE","BA:253","EAR_EHRA_SEX_CUR_NB","SEX_T","CUR_TYPE_LCU","2015",41.753,,,"T30:206","R1:3513"
"CHE","BA:253","EAR_EHRA_SEX_CUR_NB","SEX_T","CUR_TYPE_PPP","2015",29.546,,,"T30:206","R1:3513"
"CHE","BA:253","EAR_EHRA_SEX_CUR_NB","SEX_T","CUR_TYPE_USD","2015",43.386,,,"T30:206","R1:3513"
"CHE","BA:253","EAR_EHRA_SEX_CUR_NB","SEX_T","CUR_TYPE_LCU","2014",41.972,,,"T30:206","R1:3513"
"CHE","BA:253","EAR_EHRA_SEX_CUR_NB","SEX_T","CUR_TYPE_PPP","2014",29.295,,,"T30:206","R1:3513"
"CHE","BA:253","EAR_EHRA_SEX_CUR_NB","SEX_T","CUR_TYPE_USD","2014",45.814,,,"T30:206","R1:3513"
"CHE","BA:253","EAR_EHRA_SEX_CUR_NB","SEX_T","CUR_TYPE_LCU","2013",40.317,,,"T30:206","R1:3513"
"CHE","BA:253","EAR_EHRA_SEX_CUR_NB","SEX_T","CUR_TYPE_PPP","2013",27.741,,,"T30:206","R1:3513"
"CHE","BA:253","EAR_EHRA_SEX_CUR_NB","SEX_T","CUR_TYPE_USD","2013",43.496,,,"T30:206","R1:3513"
"CHE","BA:253","EAR_EHRA_SEX_CUR_NB","SEX_T","CUR_TYPE_LCU","2012",39.204,,,"T30:206","R1:3513"
"CHE","BA:253","EAR_EHRA_SEX_CUR_NB","SEX_T","CUR_TYPE_PPP","2012",26.027,,,"T30:206","R1:3513"
"CHE","BA:253","EAR_EHRA_SEX_CUR_NB","SEX_T","CUR_TYPE_USD","2012",41.81,,,"T30:206","R1:3513"
"CHE","BA:253","EAR_EHRA_SEX_CUR_NB","SEX_T","CUR_TYPE_LCU","2011",38.495,,,"T30:206","R1:3513"
"CHE","BA:253","EAR_EHRA_SEX_CUR_NB","SEX_T","CUR_TYPE_PPP","2011",25.04,,,"T30:206","R1:3513"
"CHE","BA:253","EAR_EHRA_SEX_CUR_NB","SEX_T","CUR_TYPE_USD","2011",43.348,,,"T30:206","R1:3513"
"CHE","BA:253","EAR_EHRA_SEX_CUR_NB","SEX_T","CUR_TYPE_LCU","2010",38.124,,,"T30:206","R1:3513"
"CHE","BA:253","EAR_EHRA_SEX_CUR_NB","SEX_T","CUR_TYPE_PPP","2010",24.094,,,"T30:206","R1:3513"
"CHE","BA:253","EAR_EHRA_SEX_CUR_NB","SEX_T","CUR_TYPE_USD","2010",36.555,,,"T30:206","R1:3513"
"CHE","BA:253","EAR_EHRA_SEX_CUR_NB","SEX_T","CUR_TYPE_LCU","2009",38.446,,,"T30:206","R1:3513"
"CHE","BA:253","EAR_EHRA_SEX_CUR_NB","SEX_T","CUR_TYPE_PPP","2009",24.268,,,"T30:206","R1:3513"
"CHE","BA:253","EAR_EHRA_SEX_CUR_NB","SEX_T","CUR_TYPE_USD","2009",35.332,,,"T30:206","R1:3513"
"CHE","BA:253","EAR_EHRA_SEX_CUR_NB","SEX_T","CUR_TYPE_LCU","2008",37.81,,,"T30:206","R1:3513"
"CHE","BA:253","EAR_EHRA_SEX_CUR_NB","SEX_T","CUR_TYPE_PPP","2008",23.419,,,"T30:206","R1:3513"
"CHE","BA:253","EAR_EHRA_SEX_CUR_NB","SEX_T","CUR_TYPE_USD","2008",34.909,,,"T30:206","R1:3513"
"CHE","BA:253","EAR_EHRA_SEX_CUR_NB","SEX_T","CUR_TYPE_LCU","2007",37.12,,,"T30:206","R1:3513"
"CHE","BA:253","EAR_EHRA_SEX_CUR_NB","SEX_T","CUR_TYPE_PPP","2007",22.348,,,"T30:206","R1:3513"
"CHE","BA:253","EAR_EHRA_SEX_CUR_NB","SEX_T","CUR_TYPE_USD","2007",30.924,,,"T30:206","R1:3513"
"CHE","BA:253","EAR_EHRA_SEX_CUR_NB","SEX_T","CUR_TYPE_LCU","2006",35.356,,,"T30:206","R1:3513"
"CHE","BA:253","EAR_EHRA_SEX_CUR_NB","SEX_T","CUR_TYPE_PPP","2006",20.452,,,"T30:206","R1:3513"
"CHE","BA:253","EAR_EHRA_SEX_CUR_NB","SEX_T","CUR_TYPE_USD","2006",28.198,,,"T30:206","R1:3513"
"CHE","BA:253","EAR_EHRA_SEX_CUR_NB","SEX_T","CUR_TYPE_LCU","2005",35.464,,,"T30:206","R1:3513"
"CHE","BA:253","EAR_EHRA_SEX_CUR_NB","SEX_T","CUR_TYPE_PPP","2005",19.949,,,"T30:206","R1:3513"
"CHE","BA:253","EAR_EHRA_SEX_CUR_NB","SEX_T","CUR_TYPE_USD","2005",28.481,,,"T30:206","R1:3513"
"CHE","BA:253","EAR_EHRA_SEX_CUR_NB","SEX_T","CUR_TYPE_LCU","2004",35.193,,,"T30:206","R1:3513"
"CHE","BA:253","EAR_EHRA_SEX_CUR_NB","SEX_T","CUR_TYPE_PPP","2004",19.725,,,"T30:206","R1:3513"
"CHE","BA:253","EAR_EHRA_SEX_CUR_NB","SEX_T","CUR_TYPE_USD","2004",28.302,,,"T30:206","R1:3513"
"CHE","BA:253","EAR_EHRA_SEX_CUR_NB","SEX_T","CUR_TYPE_LCU","2003",35.865,,,"T30:206","R1:3513"
"CHE","BA:253","EAR_EHRA_SEX_CUR_NB","SEX_T","CUR_TYPE_PPP","2003",19.789,,,"T30:206","R1:3513"
"CHE","BA:253","EAR_EHRA_SEX_CUR_NB","SEX_T","CUR_TYPE_USD","2003",26.633,,,"T30:206","R1:3513"
"CHE","BA:253","EAR_EHRA_SEX_CUR_NB","SEX_T","CUR_TYPE_LCU","2002",35.426,,,"T30:206","R1:3513"
"CHE","BA:253","EAR_EHRA_SEX_CUR_NB","SEX_T","CUR_TYPE_PPP","2002",19.566,,,"T30:206","R1:3513"
"CHE","BA:253","EAR_EHRA_SEX_CUR_NB","SEX_T","CUR_TYPE_USD","2002",22.729,,,"T30:206","R1:3513"
"CHE","BA:253","EAR_EHRA_SEX_CUR_NB","SEX_T","CUR_TYPE_LCU","2001",34.275,,,"T30:206","R1:3513"
"CHE","BA:253","EAR_EHRA_SEX_CUR_NB","SEX_T","CUR_TYPE_PPP","2001",18.427,,,"T30:206","R1:3513"
"CHE","BA:253","EAR_EHRA_SEX_CUR_NB","SEX_T","CUR_TYPE_USD","2001",20.31,,,"T30:206","R1:3513"
"CHE","BA:253","EAR_EHRA_SEX_CUR_NB","SEX_T","CUR_TYPE_LCU","2000",33.635,,,"T30:206","R1:3513"
"CHE","BA:253","EAR_EHRA_SEX_CUR_NB","SEX_T","CUR_TYPE_PPP","2000",17.814,,,"T30:206","R1:3513"
"CHE","BA:253","EAR_EHRA_SEX_CUR_NB","SEX_T","CUR_TYPE_USD","2000",19.916,,,"T30:206","R1:3513"
"CHL","BB:16207","EAR_EHRA_SEX_CUR_NB","SEX_T","CUR_TYPE_LCU","2024",5909.324,,,"T30:74","R1:3513"
"CHL","BB:16207","EAR_EHRA_SEX_CUR_NB","SEX_T","CUR_TYPE_PPP","2024",12.712,,,"T30:74","R1:3513"
"CHL","BB:16207","EAR_EHRA_SEX_CUR_NB","SEX_T","CUR_TYPE_USD","2024",6.263,,,"T30:74","R1:3513"
"CHL","BB:16207","EAR_EHRA_SEX_CUR_NB","SEX_T","CUR_TYPE_LCU","2023",5255.669,,,"T30:74","R1:3513"
"CHL","BB:16207","EAR_EHRA_SEX_CUR_NB","SEX_T","CUR_TYPE_PPP","2023",11.126,,,"T30:74","R1:3513"
"CHL","BB:16207","EAR_EHRA_SEX_CUR_NB","SEX_T","CUR_TYPE_USD","2023",6.256,,,"T30:74","R1:3513"
"CHL","BB:16207","EAR_EHRA_SEX_CUR_NB","SEX_T","CUR_TYPE_LCU","2022",4673.107,,,"T30:74","R1:3513"
"CHL","BB:16207","EAR_EHRA_SEX_CUR_NB","SEX_T","CUR_TYPE_PPP","2022",9.523,,,"T30:74","R1:3513"
"CHL","BB:16207","EAR_EHRA_SEX_CUR_NB","SEX_T","CUR_TYPE_USD","2022",5.351,,,"T30:74","R1:3513"
"CHL","BB:16207","EAR_EHRA_SEX_CUR_NB","SEX_T","CUR_TYPE_LCU","2021",4227.504,,,"T30:74","R1:3513"
"CHL","BB:16207","EAR_EHRA_SEX_CUR_NB","SEX_T","CUR_TYPE_PPP","2021",8.787,,,"T30:74","R1:3513"
"CHL","BB:16207","EAR_EHRA_SEX_CUR_NB","SEX_T","CUR_TYPE_USD","2021",5.57,,,"T30:74","R1:3513"
"CHL","BB:16207","EAR_EHRA_SEX_CUR_NB","SEX_T","CUR_TYPE_LCU","2020",4294.307,,,"T30:74","R1:3513"
"CHL","BB:16207","EAR_EHRA_SEX_CUR_NB","SEX_T","CUR_TYPE_PPP","2020",9.228,,,"T30:74","R1:3513"
"CHL","BB:16207","EAR_EHRA_SEX_CUR_NB","SEX_T","CUR_TYPE_USD","2020",5.417,,,"T30:74","R1:3513"
"CHL","DA:134","EAR_EHRA_SEX_CUR_NB","SEX_T","CUR_TYPE_LCU","2019",4898.06,,,"T9:133_T10:138_T11:142_T12:145_T30:74","S8:3907_S9:66_S6:47"
"CHL","DA:134","EAR_EHRA_SEX_CUR_NB","SEX_T","CUR_TYPE_PPP","2019",10.854,,,"T9:133_T10:138_T11:142_T12:145_T30:74","S8:3907_S9:66_S6:47"
"CHL","DA:134","EAR_EHRA_SEX_CUR_NB","SEX_T","CUR_TYPE_USD","2019",6.968,,,"T9:133_T10:138_T11:142_T12:145_T30:74","S8:3907_S9:66_S6:47"
"CHL","BB:16207","EAR_EHRA_SEX_CUR_NB","SEX_T","CUR_TYPE_LCU","2018",3561.788,,,"T30:74","R1:3513"
"CHL","BB:16207","EAR_EHRA_SEX_CUR_NB","SEX_T","CUR_TYPE_PPP","2018",7.771,,,"T30:74","R1:3513"
"CHL","BB:16207","EAR_EHRA_SEX_CUR_NB","SEX_T","CUR_TYPE_USD","2018",5.554,,,"T30:74","R1:3513"
"CHL","BB:16207","EAR_EHRA_SEX_CUR_NB","SEX_T","CUR_TYPE_LCU","2017",3510.571,,,"T30:74","R1:3513"
"CHL","BB:16207","EAR_EHRA_SEX_CUR_NB","SEX_T","CUR_TYPE_PPP","2017",7.578,,,"T30:74","R1:3513"
"CHL","BB:16207","EAR_EHRA_SEX_CUR_NB","SEX_T","CUR_TYPE_USD","2017",5.411,,,"T30:74","R1:3513"
"CHL","BB:16207","EAR_EHRA_SEX_CUR_NB","SEX_T","CUR_TYPE_LCU","2016",3310.718,,,"T30:74","R1:3513"
"CHL","BB:16207","EAR_EHRA_SEX_CUR_NB","SEX_T","CUR_TYPE_PPP","2016",7.31,,,"T30:74","R1:3513"
"CHL","BB:16207","EAR_EHRA_SEX_CUR_NB","SEX_T","CUR_TYPE_USD","2016",4.891,,,"T30:74","R1:3513"
"CHL","BB:16207","EAR_EHRA_SEX_CUR_NB","SEX_T","CUR_TYPE_LCU","2015",3108.523,,,"T30:74","R1:3513"
"CHL","BB:16207","EAR_EHRA_SEX_CUR_NB","SEX_T","CUR_TYPE_PPP","2015",6.95,,,"T30:74","R1:3513"
"CHL","BB:16207","EAR_EHRA_SEX_CUR_NB","SEX_T","CUR_TYPE_USD","2015",4.752,,,"T30:74","R1:3513"
"CHL","BB:16207","EAR_EHRA_SEX_CUR_NB","SEX_T","CUR_TYPE_LCU","2014",2918.681,,,"T30:74","R1:3513"
"CHL","BB:16207","EAR_EHRA_SEX_CUR_NB","SEX_T","CUR_TYPE_PPP","2014",7.107,,,"T30:74","R1:3513"
"CHL","BB:16207","EAR_EHRA_SEX_CUR_NB","SEX_T","CUR_TYPE_USD","2014",5.117,,,"T30:74","R1:3513"
"CHL","BX:138","EAR_EHRA_SEX_CUR_NB","SEX_T","CUR_TYPE_LCU","2013",2710.815,,,"T30:74","R1:3513"
"CHL","BX:138","EAR_EHRA_SEX_CUR_NB","SEX_T","CUR_TYPE_PPP","2013",6.948,,,"T30:74","R1:3513"
"CHL","BX:138","EAR_EHRA_SEX_CUR_NB","SEX_T","CUR_TYPE_USD","2013",5.473,,,"T30:74","R1:3513"
"CHL","BB:16207","EAR_EHRA_SEX_CUR_NB","SEX_T","CUR_TYPE_LCU","2012",2582.27,,,"T30:74","R1:3513"
"CHL","BB:16207","EAR_EHRA_SEX_CUR_NB","SEX_T","CUR_TYPE_PPP","2012",6.595,,,"T30:74","R1:3513"
"CHL","BB:16207","EAR_EHRA_SEX_CUR_NB","SEX_T","CUR_TYPE_USD","2012",5.308,,,"T30:74","R1:3513"
"CHL","BX:138","EAR_EHRA_SEX_CUR_NB","SEX_T","CUR_TYPE_LCU","2011",2460.057,,,"T30:74","R1:3513"
"CHL","BX:138","EAR_EHRA_SEX_CUR_NB","SEX_T","CUR_TYPE_PPP","2011",6.645,,,"T30:74","R1:3513"
"CHL","BX:138","EAR_EHRA_SEX_CUR_NB","SEX_T","CUR_TYPE_USD","2011",5.086,,,"T30:74","R1:3513"
"CHL","BB:16207","EAR_EHRA_SEX_CUR_NB","SEX_T","CUR_TYPE_LCU","2010",2155.888,,,"T30:74","R1:3513"
"CHL","BB:16207","EAR_EHRA_SEX_CUR_NB","SEX_T","CUR_TYPE_PPP","2010",5.747,,,"T30:74","R1:3513"
"CHL","BB:16207","EAR_EHRA_SEX_CUR_NB","SEX_T","CUR_TYPE_USD","2010",4.225,,,"T30:74","R1:3513"
"CHL","BX:138","EAR_EHRA_SEX_CUR_NB","SEX_T","CUR_TYPE_LCU","2009",2154.398,,,"T30:74","R1:3513"
"CHL","BX:138","EAR_EHRA_SEX_CUR_NB","SEX_T","CUR_TYPE_PPP","2009",5.829,,,"T30:74","R1:3513"
"CHL","BX:138","EAR_EHRA_SEX_CUR_NB","SEX_T","CUR_TYPE_USD","2009",3.841,,,"T30:74","R1:3513"
"CHL","BX:138","EAR_EHRA_SEX_CUR_NB","SEX_T","CUR_TYPE_LCU","2006",1545.238,,,"T30:74","R1:3513"
"CHL","BX:138","EAR_EHRA_SEX_CUR_NB","SEX_T","CUR_TYPE_PPP","2006",4.532,,,"T30:74","R1:3513"
"CHL","BX:138","EAR_EHRA_SEX_CUR_NB","SEX_T","CUR_TYPE_USD","2006",2.914,,,"T30:74","R1:3513"
"CHL","BX:138","EAR_EHRA_SEX_CUR_NB","SEX_T","CUR_TYPE_LCU","2003",1383.357,,,"T30:74","R1:3473"
"CHL","BX:138","EAR_EHRA_SEX_CUR_NB","SEX_T","CUR_TYPE_PPP","2003",3.586,,,"T30:74","R1:3473"
"CHL","BX:138","EAR_EHRA_SEX_CUR_NB","SEX_T","CUR_TYPE_USD","2003",2.001,,,"T30:74","R1:3473"
"CHL","BX:138","EAR_EHRA_SEX_CUR_NB","SEX_T","CUR_TYPE_LCU","2000",1082.325,,,"T30:74","R1:3513"
"CHL","BX:138","EAR_EHRA_SEX_CUR_NB","SEX_T","CUR_TYPE_PPP","2000",2.955,,,"T30:74","R1:3513"
"CHL","BX:138","EAR_EHRA_SEX_CUR_NB","SEX_T","CUR_TYPE_USD","2000",2.006,,,"T30:74","R1:3513"
"CIV","BA:7345","EAR_EHRA_SEX_CUR_NB","SEX_T","CUR_TYPE_LCU","2019",1046.398,,,"T30:13","R1:3513"
"CIV","BA:7345","EAR_EHRA_SEX_CUR_NB","SEX_T","CUR_TYPE_PPP","2019",4.508,,,"T30:13","R1:3513"
"CIV","BA:7345","EAR_EHRA_SEX_CUR_NB","SEX_T","CUR_TYPE_USD","2019",1.786,,,"T30:13","R1:3513"
"CIV","BA:14098","EAR_EHRA_SEX_CUR_NB","SEX_T","CUR_TYPE_LCU","2017",756.552,,,"T30:13","R1:3513"
"CIV","BA:14098","EAR_EHRA_SEX_CUR_NB","SEX_T","CUR_TYPE_PPP","2017",3.118,,,"T30:13","R1:3513"
"CIV","BA:14098","EAR_EHRA_SEX_CUR_NB","SEX_T","CUR_TYPE_USD","2017",1.303,,,"T30:13","R1:3513"
"CIV","BA:7345","EAR_EHRA_SEX_CUR_NB","SEX_T","CUR_TYPE_LCU","2013",788.679,,,"T30:13","R1:3513"
"CIV","BA:7345","EAR_EHRA_SEX_CUR_NB","SEX_T","CUR_TYPE_PPP","2013",3.252,,,"T30:13","R1:3513"
"CIV","BA:7345","EAR_EHRA_SEX_CUR_NB","SEX_T","CUR_TYPE_USD","2013",1.597,,,"T30:13","R1:3513"
"CIV","BA:7345","EAR_EHRA_SEX_CUR_NB","SEX_T","CUR_TYPE_LCU","2012",441.55,"B",,"T30:13_I11:264","R1:3513"
"CIV","BA:7345","EAR_EHRA_SEX_CUR_NB","SEX_T","CUR_TYPE_PPP","2012",1.881,"B",,"T30:13_I11:264","R1:3513"
"CIV","BA:7345","EAR_EHRA_SEX_CUR_NB","SEX_T","CUR_TYPE_USD","2012",0.865,"B",,"T30:13_I11:264","R1:3513"
"COD","BX:16939","EAR_EHRA_SEX_CUR_NB","SEX_T","CUR_TYPE_LCU","2016",1572.981,,,"T30:12","R1:3513_S4:33"
"COD","BX:16939","EAR_EHRA_SEX_CUR_NB","SEX_T","CUR_TYPE_PPP","2016",3.204,,,"T30:12","R1:3513_S4:33"
"COD","BX:16939","EAR_EHRA_SEX_CUR_NB","SEX_T","CUR_TYPE_USD","2016",1.557,,,"T30:12","R1:3513_S4:33"
"COD","BA:3051","EAR_EHRA_SEX_CUR_NB","SEX_T","CUR_TYPE_LCU","2012",577.931,"B",,"T30:12_I11:264","R1:3513"
"COD","BA:3051","EAR_EHRA_SEX_CUR_NB","SEX_T","CUR_TYPE_PPP","2012",1.033,"B",,"T30:12_I11:264","R1:3513"
"COD","BA:3051","EAR_EHRA_SEX_CUR_NB","SEX_T","CUR_TYPE_USD","2012",0.628,"B",,"T30:12_I11:264","R1:3513"
"COD","BA:3051","EAR_EHRA_SEX_CUR_NB","SEX_T","CUR_TYPE_LCU","2005",84.69,"B",,"T30:12_I11:264","R1:3513"
"COD","BA:3051","EAR_EHRA_SEX_CUR_NB","SEX_T","CUR_TYPE_PPP","2005",0.265,"B",,"T30:12_I11:264","R1:3513"
"COD","BA:3051","EAR_EHRA_SEX_CUR_NB","SEX_T","CUR_TYPE_USD","2005",0.179,"B",,"T30:12_I11:264","R1:3513"
"COG","BA:2624","EAR_EHRA_SEX_CUR_NB","SEX_T","CUR_TYPE_LCU","2009",605.828,"B",,"T30:11_I11:264","R1:3513_S4:31"
"COG","BA:2624","EAR_EHRA_SEX_CUR_NB","SEX_T","CUR_TYPE_PPP","2009",1.944,"B",,"T30:11_I11:264","R1:3513_S4:31"
"COG","BA:2624","EAR_EHRA_SEX_CUR_NB","SEX_T","CUR_TYPE_USD","2009",1.288,"B",,"T30:11_I11:264","R1:3513_S4:31"
"COK","BA:15665","EAR_EHRA_SEX_CUR_NB","SEX_T","CUR_TYPE_LCU","2023",75.76,,,"T30:213","R1:3513"
"COK","BA:15665","EAR_EHRA_SEX_CUR_NB","SEX_T","CUR_TYPE_LCU","2019",9.896,"B",,"T30:213_I11:264","R1:3513"
"COL","BA:358","EAR_EHRA_SEX_CUR_NB","SEX_T","CUR_TYPE_LCU","2025",10794.764,,,"T30:71","R1:3513"
"COL","BA:358","EAR_EHRA_SEX_CUR_NB","SEX_T","CUR_TYPE_PPP","2025",6.481,,,"T30:71","R1:3513"
"COL","BA:358","EAR_EHRA_SEX_CUR_NB","SEX_T","CUR_TYPE_USD","2025",2.663,,,"T30:71","R1:3513"
"COL","BA:358","EAR_EHRA_SEX_CUR_NB","SEX_T","CUR_TYPE_LCU","2024",10064.422,,,"T30:71","R1:3513"
"COL","BA:358","EAR_EHRA_SEX_CUR_NB","SEX_T","CUR_TYPE_PPP","2024",6.526,,,"T30:71","R1:3513"
"COL","BA:358","EAR_EHRA_SEX_CUR_NB","SEX_T","CUR_TYPE_USD","2024",2.47,,,"T30:71","R1:3513"
"COL","BA:358","EAR_EHRA_SEX_CUR_NB","SEX_T","CUR_TYPE_LCU","2023",8858.21,,,"T30:71","R1:3513"
"COL","BA:358","EAR_EHRA_SEX_CUR_NB","SEX_T","CUR_TYPE_PPP","2023",5.827,,,"T30:71","R1:3513"
"COL","BA:358","EAR_EHRA_SEX_CUR_NB","SEX_T","CUR_TYPE_USD","2023",2.048,,,"T30:71","R1:3513"
"COL","BA:358","EAR_EHRA_SEX_CUR_NB","SEX_T","CUR_TYPE_LCU","2022",7986.279,"B",,"T30:71_I11:264","R1:3513"
"COL","BA:358","EAR_EHRA_SEX_CUR_NB","SEX_T","CUR_TYPE_PPP","2022",5.154,"B",,"T30:71_I11:264","R1:3513"
"COL","BA:358","EAR_EHRA_SEX_CUR_NB","SEX_T","CUR_TYPE_USD","2022",1.876,"B",,"T30:71_I11:264","R1:3513"
"COL","BA:358","EAR_EHRA_SEX_CUR_NB","SEX_T","CUR_TYPE_LCU","2021",6516.262,,,"T30:71","R1:3513"
"COL","BA:358","EAR_EHRA_SEX_CUR_NB","SEX_T","CUR_TYPE_PPP","2021",4.213,,,"T30:71","R1:3513"
"COL","BA:358","EAR_EHRA_SEX_CUR_NB","SEX_T","CUR_TYPE_USD","2021",1.74,,,"T30:71","R1:3513"
"COL","BA:358","EAR_EHRA_SEX_CUR_NB","SEX_T","CUR_TYPE_LCU","2019",6526.406,,,"T30:71","R1:3513"
"COL","BA:358","EAR_EHRA_SEX_CUR_NB","SEX_T","CUR_TYPE_PPP","2019",4.365,,,"T30:71","R1:3513"
"COL","BA:358","EAR_EHRA_SEX_CUR_NB","SEX_T","CUR_TYPE_USD","2019",1.989,,,"T30:71","R1:3513"
"COL","BA:358","EAR_EHRA_SEX_CUR_NB","SEX_T","CUR_TYPE_LCU","2018",5992.126,,,"T30:71","R1:3513"
"COL","BA:358","EAR_EHRA_SEX_CUR_NB","SEX_T","CUR_TYPE_PPP","2018",4.092,,,"T30:71","R1:3513"
"COL","BA:358","EAR_EHRA_SEX_CUR_NB","SEX_T","CUR_TYPE_USD","2018",2.027,,,"T30:71","R1:3513"
"COL","BA:358","EAR_EHRA_SEX_CUR_NB","SEX_T","CUR_TYPE_LCU","2017",5754.882,,,"T30:71","R1:3513"
"COL","BA:358","EAR_EHRA_SEX_CUR_NB","SEX_T","CUR_TYPE_PPP","2017",3.922,,,"T30:71","R1:3513"
"COL","BA:358","EAR_EHRA_SEX_CUR_NB","SEX_T","CUR_TYPE_USD","2017",1.95,,,"T30:71","R1:3513"
"COL","BA:358","EAR_EHRA_SEX_CUR_NB","SEX_T","CUR_TYPE_LCU","2016",5476.99,,,"T30:71","R1:3513"
"COL","BA:358","EAR_EHRA_SEX_CUR_NB","SEX_T","CUR_TYPE_PPP","2016",3.903,,,"T30:71","R1:3513"
"COL","BA:358","EAR_EHRA_SEX_CUR_NB","SEX_T","CUR_TYPE_USD","2016",1.793,,,"T30:71","R1:3513"
"COL","BA:358","EAR_EHRA_SEX_CUR_NB","SEX_T","CUR_TYPE_LCU","2015",5188.856,,,"T30:71","R1:3513"
"COL","BA:358","EAR_EHRA_SEX_CUR_NB","SEX_T","CUR_TYPE_PPP","2015",3.933,,,"T30:71","R1:3513"
"COL","BA:358","EAR_EHRA_SEX_CUR_NB","SEX_T","CUR_TYPE_USD","2015",1.893,,,"T30:71","R1:3513"
"COL","BA:358","EAR_EHRA_SEX_CUR_NB","SEX_T","CUR_TYPE_LCU","2014",5058.241,,,"T30:71","R1:3513"
"COL","BA:358","EAR_EHRA_SEX_CUR_NB","SEX_T","CUR_TYPE_PPP","2014",4.018,,,"T30:71","R1:3513"
"COL","BA:358","EAR_EHRA_SEX_CUR_NB","SEX_T","CUR_TYPE_USD","2014",2.528,,,"T30:71","R1:3513"
"COL","BA:358","EAR_EHRA_SEX_CUR_NB","SEX_T","CUR_TYPE_LCU","2013",4929.536,,,"T30:71","R1:3513"
"COL","BA:358","EAR_EHRA_SEX_CUR_NB","SEX_T","CUR_TYPE_PPP","2013",4.017,,,"T30:71","R1:3513"
"COL","BA:358","EAR_EHRA_SEX_CUR_NB","SEX_T","CUR_TYPE_USD","2013",2.638,,,"T30:71","R1:3513"
"COL","BA:358","EAR_EHRA_SEX_CUR_NB","SEX_T","CUR_TYPE_LCU","2012",4619.319,,,"T30:71","R1:3513"
"COL","BA:358","EAR_EHRA_SEX_CUR_NB","SEX_T","CUR_TYPE_PPP","2012",3.873,,,"T30:71","R1:3513"
"COL","BA:358","EAR_EHRA_SEX_CUR_NB","SEX_T","CUR_TYPE_USD","2012",2.569,,,"T30:71","R1:3513"
"COL","BA:358","EAR_EHRA_SEX_CUR_NB","SEX_T","CUR_TYPE_LCU","2011",4357.515,,,"T30:71","R1:3513"
"COL","BA:358","EAR_EHRA_SEX_CUR_NB","SEX_T","CUR_TYPE_PPP","2011",3.598,,,"T30:71","R1:3513"
"COL","BA:358","EAR_EHRA_SEX_CUR_NB","SEX_T","CUR_TYPE_USD","2011",2.358,,,"T30:71","R1:3513"
"COL","BA:358","EAR_EHRA_SEX_CUR_NB","SEX_T","CUR_TYPE_LCU","2010",4155.067,"B",,"T30:71_I11:264","R1:3513"
"COL","BA:358","EAR_EHRA_SEX_CUR_NB","SEX_T","CUR_TYPE_PPP","2010",3.44,"B",,"T30:71_I11:264","R1:3513"
"COL","BA:358","EAR_EHRA_SEX_CUR_NB","SEX_T","CUR_TYPE_USD","2010",2.188,"B",,"T30:71_I11:264","R1:3513"
"COL","BA:358","EAR_EHRA_SEX_CUR_NB","SEX_T","CUR_TYPE_LCU","2009",3931.888,,,"T30:71","R1:3513"
"COL","BA:358","EAR_EHRA_SEX_CUR_NB","SEX_T","CUR_TYPE_PPP","2009",3.275,,,"T30:71","R1:3513"
"COL","BA:358","EAR_EHRA_SEX_CUR_NB","SEX_T","CUR_TYPE_USD","2009",1.822,,,"T30:71","R1:3513"
"COL","BA:358","EAR_EHRA_SEX_CUR_NB","SEX_T","CUR_TYPE_LCU","2008",3951.626,,,"T30:71","R1:3513"
"COL","BA:358","EAR_EHRA_SEX_CUR_NB","SEX_T","CUR_TYPE_PPP","2008",3.442,,,"T30:71","R1:3513"
"COL","BA:358","EAR_EHRA_SEX_CUR_NB","SEX_T","CUR_TYPE_USD","2008",2.011,,,"T30:71","R1:3513"
"COL","BA:358","EAR_EHRA_SEX_CUR_NB","SEX_T","CUR_TYPE_LCU","2007",3911.087,"B",,"T30:71_I11:264","R1:3513"
"COL","BA:358","EAR_EHRA_SEX_CUR_NB","SEX_T","CUR_TYPE_PPP","2007",3.51,"B",,"T30:71_I11:264","R1:3513"
"COL","BA:358","EAR_EHRA_SEX_CUR_NB","SEX_T","CUR_TYPE_USD","2007",1.882,"B",,"T30:71_I11:264","R1:3513"
"COL","BX:2226","EAR_EHRA_SEX_CUR_NB","SEX_T","CUR_TYPE_LCU","2005",2961.074,,,"T30:71","R1:3513"
"COL","BX:2226","EAR_EHRA_SEX_CUR_NB","SEX_T","CUR_TYPE_PPP","2005",2.756,,,"T30:71","R1:3513"
"COL","BX:2226","EAR_EHRA_SEX_CUR_NB","SEX_T","CUR_TYPE_USD","2005",1.276,,,"T30:71","R1:3513"
"COL","BX:2226","EAR_EHRA_SEX_CUR_NB","SEX_T","CUR_TYPE_LCU","2004",2741.351,,,"T30:71","R1:3513"
"COL","BX:2226","EAR_EHRA_SEX_CUR_NB","SEX_T","CUR_TYPE_PPP","2004",2.592,,,"T30:71","R1:3513"
"COL","BX:2226","EAR_EHRA_SEX_CUR_NB","SEX_T","CUR_TYPE_USD","2004",1.043,,,"T30:71","R1:3513"
"COL","BX:2226","EAR_EHRA_SEX_CUR_NB","SEX_T","CUR_TYPE_LCU","2003",2472.334,,,"T30:71","R1:3513"
"COL","BX:2226","EAR_EHRA_SEX_CUR_NB","SEX_T","CUR_TYPE_PPP","2003",2.411,,,"T30:71","R1:3513"
"COL","BX:2226","EAR_EHRA_SEX_CUR_NB","SEX_T","CUR_TYPE_USD","2003",0.859,,,"T30:71","R1:3513"
"COL","BX:2226","EAR_EHRA_SEX_CUR_NB","SEX_T","CUR_TYPE_LCU","2002",2424.452,,,"T30:71","R1:3513"
"COL","BX:2226","EAR_EHRA_SEX_CUR_NB","SEX_T","CUR_TYPE_PPP","2002",2.477,,,"T30:71","R1:3513"
"COL","BX:2226","EAR_EHRA_SEX_CUR_NB","SEX_T","CUR_TYPE_USD","2002",0.968,,,"T30:71","R1:3513"
"COM","BA:14125","EAR_EHRA_SEX_CUR_NB","SEX_T","CUR_TYPE_LCU","2021",958.555,,,"T30:10","R1:3513"
"COM","BA:14125","EAR_EHRA_SEX_CUR_NB","SEX_T","CUR_TYPE_PPP","2021",4.203,,,"T30:10","R1:3513"
"COM","BA:14125","EAR_EHRA_SEX_CUR_NB","SEX_T","CUR_TYPE_USD","2021",2.304,,,"T30:10","R1:3513"
"COM","BA:14125","EAR_EHRA_SEX_CUR_NB","SEX_T","CUR_TYPE_LCU","2014",538.093,,,"T30:10","R1:3513"
"COM","BA:14125","EAR_EHRA_SEX_CUR_NB","SEX_T","CUR_TYPE_PPP","2014",2.419,,,"T30:10","R1:3513"
"COM","BA:14125","EAR_EHRA_SEX_CUR_NB","SEX_T","CUR_TYPE_USD","2014",1.453,,,"T30:10","R1:3513"
"CRI","BA:12883","EAR_EHRA_SEX_CUR_NB","SEX_T","CUR_TYPE_LCU","2025",3184.405,,,"T30:72","R1:3513"
"CRI","BA:12883","EAR_EHRA_SEX_CUR_NB","SEX_T","CUR_TYPE_PPP","2025",10.124,,,"T30:72","R1:3513"
"CRI","BA:12883","EAR_EHRA_SEX_CUR_NB","SEX_T","CUR_TYPE_USD","2025",6.325,,,"T30:72","R1:3513"
"CRI","BA:12883","EAR_EHRA_SEX_CUR_NB","SEX_T","CUR_TYPE_LCU","2024",3193.166,,,"T30:72","R1:3513"
"CRI","BA:12883","EAR_EHRA_SEX_CUR_NB","SEX_T","CUR_TYPE_PPP","2024",9.734,,,"T30:72","R1:3513"
"CRI","BA:12883","EAR_EHRA_SEX_CUR_NB","SEX_T","CUR_TYPE_USD","2024",6.199,,,"T30:72","R1:3513"
"CRI","BA:12883","EAR_EHRA_SEX_CUR_NB","SEX_T","CUR_TYPE_LCU","2023",3053.991,,,"T30:72","R1:3513"
"CRI","BA:12883","EAR_EHRA_SEX_CUR_NB","SEX_T","CUR_TYPE_PPP","2023",8.984,,,"T30:72","R1:3513"
"CRI","BA:12883","EAR_EHRA_SEX_CUR_NB","SEX_T","CUR_TYPE_USD","2023",5.613,,,"T30:72","R1:3513"
"CRI","BA:12883","EAR_EHRA_SEX_CUR_NB","SEX_T","CUR_TYPE_LCU","2022",3252.898,,,"T30:72","R1:3513"
"CRI","BA:12883","EAR_EHRA_SEX_CUR_NB","SEX_T","CUR_TYPE_PPP","2022",8.748,,,"T30:72","R1:3513"
"CRI","BA:12883","EAR_EHRA_SEX_CUR_NB","SEX_T","CUR_TYPE_USD","2022",5.027,,,"T30:72","R1:3513"
"CRI","BA:12883","EAR_EHRA_SEX_CUR_NB","SEX_T","CUR_TYPE_LCU","2021",3364.832,,,"T30:72","R1:3513"
"CRI","BA:12883","EAR_EHRA_SEX_CUR_NB","SEX_T","CUR_TYPE_PPP","2021",9.261,,,"T30:72","R1:3513"
"CRI","BA:12883","EAR_EHRA_SEX_CUR_NB","SEX_T","CUR_TYPE_USD","2021",5.42,,,"T30:72","R1:3513"
"CRI","BA:12883","EAR_EHRA_SEX_CUR_NB","SEX_T","CUR_TYPE_LCU","2020",4403.4,,,"T30:72","R1:3513"
"CRI","BA:12883","EAR_EHRA_SEX_CUR_NB","SEX_T","CUR_TYPE_PPP","2020",11.896,,,"T30:72","R1:3513"
"CRI","BA:12883","EAR_EHRA_SEX_CUR_NB","SEX_T","CUR_TYPE_USD","2020",7.529,,,"T30:72","R1:3513"
"CRI","BA:12883","EAR_EHRA_SEX_CUR_NB","SEX_T","CUR_TYPE_LCU","2019",3731.38,,,"T30:72","R1:3513"
"CRI","BA:12883","EAR_EHRA_SEX_CUR_NB","SEX_T","CUR_TYPE_PPP","2019",10.457,,,"T30:72","R1:3513"
"CRI","BA:12883","EAR_EHRA_SEX_CUR_NB","SEX_T","CUR_TYPE_USD","2019",6.354,,,"T30:72","R1:3513"
"CRI","BA:12883","EAR_EHRA_SEX_CUR_NB","SEX_T","CUR_TYPE_LCU","2018",3191.477,,,"T30:72","R1:3513"
"CRI","BA:12883","EAR_EHRA_SEX_CUR_NB","SEX_T","CUR_TYPE_PPP","2018",8.782,,,"T30:72","R1:3513"
"CRI","BA:12883","EAR_EHRA_SEX_CUR_NB","SEX_T","CUR_TYPE_USD","2018",5.531,,,"T30:72","R1:3513"
"CRI","BA:12883","EAR_EHRA_SEX_CUR_NB","SEX_T","CUR_TYPE_LCU","2017",3279.553,,,"T30:72","R1:3513"
"CRI","BA:12883","EAR_EHRA_SEX_CUR_NB","SEX_T","CUR_TYPE_PPP","2017",9.082,,,"T30:72","R1:3513"
"CRI","BA:12883","EAR_EHRA_SEX_CUR_NB","SEX_T","CUR_TYPE_USD","2017",5.779,,,"T30:72","R1:3513"
"CRI","BA:12883","EAR_EHRA_SEX_CUR_NB","SEX_T","CUR_TYPE_LCU","2016",2715.968,,,"I20:3359_T9:133_T10:138_T11:142_T12:145_T30:72",
"CRI","BA:12883","EAR_EHRA_SEX_CUR_NB","SEX_T","CUR_TYPE_PPP","2016",7.498,,,"I20:3359_T9:133_T10:138_T11:142_T12:145_T30:72",
"CRI","BA:12883","EAR_EHRA_SEX_CUR_NB","SEX_T","CUR_TYPE_USD","2016",4.986,,,"I20:3359_T9:133_T10:138_T11:142_T12:145_T30:72",
"CRI","BA:12883","EAR_EHRA_SEX_CUR_NB","SEX_T","CUR_TYPE_LCU","2015",2634.309,,,"I20:3359_T9:133_T10:138_T11:142_T12:145_T30:72",
"CRI","BA:12883","EAR_EHRA_SEX_CUR_NB","SEX_T","CUR_TYPE_PPP","2015",7.154,,,"I20:3359_T9:133_T10:138_T11:142_T12:145_T30:72",
"CRI","BA:12883","EAR_EHRA_SEX_CUR_NB","SEX_T","CUR_TYPE_USD","2015",4.928,,,"I20:3359_T9:133_T10:138_T11:142_T12:145_T30:72",
"CRI","BA:12883","EAR_EHRA_SEX_CUR_NB","SEX_T","CUR_TYPE_LCU","2014",2514.401,,,"I20:3359_T9:133_T10:138_T11:142_T12:145_T30:72",
"CRI","BA:12883","EAR_EHRA_SEX_CUR_NB","SEX_T","CUR_TYPE_PPP","2014",6.761,,,"I20:3359_T9:133_T10:138_T11:142_T12:145_T30:72",
"CRI","BA:12883","EAR_EHRA_SEX_CUR_NB","SEX_T","CUR_TYPE_USD","2014",4.671,,,"I20:3359_T9:133_T10:138_T11:142_T12:145_T30:72",
"CRI","BA:12883","EAR_EHRA_SEX_CUR_NB","SEX_T","CUR_TYPE_LCU","2013",2382.503,,,"I20:3359_T9:133_T10:138_T11:142_T12:145_T30:72",
"CRI","BA:12883","EAR_EHRA_SEX_CUR_NB","SEX_T","CUR_TYPE_PPP","2013",6.573,,,"I20:3359_T9:133_T10:138_T11:142_T12:145_T30:72",
"CRI","BA:12883","EAR_EHRA_SEX_CUR_NB","SEX_T","CUR_TYPE_USD","2013",4.767,,,"I20:3359_T9:133_T10:138_T11:142_T12:145_T30:72",
"CRI","BA:12883","EAR_EHRA_SEX_CUR_NB","SEX_T","CUR_TYPE_LCU","2012",2217.419,,,"I20:3359_T9:133_T10:138_T11:142_T12:145_T30:72",
"CRI","BA:12883","EAR_EHRA_SEX_CUR_NB","SEX_T","CUR_TYPE_PPP","2012",6.45,,,"I20:3359_T9:133_T10:138_T11:142_T12:145_T30:72",
"CRI","BA:12883","EAR_EHRA_SEX_CUR_NB","SEX_T","CUR_TYPE_USD","2012",4.409,,,"I20:3359_T9:133_T10:138_T11:142_T12:145_T30:72",
"CRI","BA:12883","EAR_EHRA_SEX_CUR_NB","SEX_T","CUR_TYPE_LCU","2011",2138.577,,,"I20:3359_T9:133_T10:138_T11:142_T12:145_T30:72",
"CRI","BA:12883","EAR_EHRA_SEX_CUR_NB","SEX_T","CUR_TYPE_PPP","2011",6.121,,,"I20:3359_T9:133_T10:138_T11:142_T12:145_T30:72",
"CRI","BA:12883","EAR_EHRA_SEX_CUR_NB","SEX_T","CUR_TYPE_USD","2011",4.229,,,"I20:3359_T9:133_T10:138_T11:142_T12:145_T30:72",
"CRI","BX:142","EAR_EHRA_SEX_CUR_NB","SEX_T","CUR_TYPE_LCU","2010",1925.112,,,"T30:72","R1:3513"
"CRI","BX:142","EAR_EHRA_SEX_CUR_NB","SEX_T","CUR_TYPE_PPP","2010",5.602,,,"T30:72","R1:3513"
"CRI","BX:142","EAR_EHRA_SEX_CUR_NB","SEX_T","CUR_TYPE_USD","2010",3.661,,,"T30:72","R1:3513"
"CRI","BX:7407","EAR_EHRA_SEX_CUR_NB","SEX_T","CUR_TYPE_LCU","2009",2028,,,"T30:72","R1:3473"
"CRI","BX:7407","EAR_EHRA_SEX_CUR_NB","SEX_T","CUR_TYPE_PPP","2009",6.134,,,"T30:72","R1:3473"
"CRI","BX:7407","EAR_EHRA_SEX_CUR_NB","SEX_T","CUR_TYPE_USD","2009",3.538,,,"T30:72","R1:3473"
"CRI","BX:7407","EAR_EHRA_SEX_CUR_NB","SEX_T","CUR_TYPE_LCU","2008",1735,,,"T30:72","R1:3473"
"CRI","BX:7407","EAR_EHRA_SEX_CUR_NB","SEX_T","CUR_TYPE_PPP","2008",5.68,,,"T30:72","R1:3473"
"CRI","BX:7407","EAR_EHRA_SEX_CUR_NB","SEX_T","CUR_TYPE_USD","2008",3.297,,,"T30:72","R1:3473"
"CRI","BX:142","EAR_EHRA_SEX_CUR_NB","SEX_T","CUR_TYPE_LCU","2007",1221.6,,,"T11:142_T33:396_T30:72","S3:18_S9:66"
"CRI","BX:142","EAR_EHRA_SEX_CUR_NB","SEX_T","CUR_TYPE_PPP","2007",4.368,,,"T11:142_T33:396_T30:72","S3:18_S9:66"
"CRI","BX:142","EAR_EHRA_SEX_CUR_NB","SEX_T","CUR_TYPE_USD","2007",2.365,,,"T11:142_T33:396_T30:72","S3:18_S9:66"
"CRI","BX:142","EAR_EHRA_SEX_CUR_NB","SEX_T","CUR_TYPE_LCU","2006",1017.3,,,"T11:142_T33:396_T30:72","S3:18_S9:66"
"CRI","BX:142","EAR_EHRA_SEX_CUR_NB","SEX_T","CUR_TYPE_PPP","2006",3.868,,,"T11:142_T33:396_T30:72","S3:18_S9:66"
"CRI","BX:142","EAR_EHRA_SEX_CUR_NB","SEX_T","CUR_TYPE_USD","2006",1.99,,,"T11:142_T33:396_T30:72","S3:18_S9:66"
"CRI","BX:142","EAR_EHRA_SEX_CUR_NB","SEX_T","CUR_TYPE_LCU","2003",793,,,"T11:142_T33:396_T30:72","S3:18_S9:66"
"CRI","BX:142","EAR_EHRA_SEX_CUR_NB","SEX_T","CUR_TYPE_PPP","2003",3.92,,,"T11:142_T33:396_T30:72","S3:18_S9:66"
"CRI","BX:142","EAR_EHRA_SEX_CUR_NB","SEX_T","CUR_TYPE_USD","2003",1.989,,,"T11:142_T33:396_T30:72","S3:18_S9:66"
"CRI","BX:142","EAR_EHRA_SEX_CUR_NB","SEX_T","CUR_TYPE_LCU","2002",730.3,,,"T11:142_T33:396_T30:72","S3:18_S9:66"
"CRI","BX:142","EAR_EHRA_SEX_CUR_NB","SEX_T","CUR_TYPE_PPP","2002",3.863,,,"T11:142_T33:396_T30:72","S3:18_S9:66"
"CRI","BX:142","EAR_EHRA_SEX_CUR_NB","SEX_T","CUR_TYPE_USD","2002",2.03,,,"T11:142_T33:396_T30:72","S3:18_S9:66"
"CRI","BX:7407","EAR_EHRA_SEX_CUR_NB","SEX_T","CUR_TYPE_LCU","2000",689,,,"T30:72","R1:3473"
"CRI","BX:7407","EAR_EHRA_SEX_CUR_NB","SEX_T","CUR_TYPE_PPP","2000",4.238,,,"T30:72","R1:3473"
"CRI","BX:7407","EAR_EHRA_SEX_CUR_NB","SEX_T","CUR_TYPE_USD","2000",2.236,,,"T30:72","R1:3473"
"CUW","BA:12900","EAR_EHRA_SEX_CUR_NB","SEX_T","CUR_TYPE_LCU","2018",72.28,,,"I20:3359_T9:131_T10:139_T12:145_T30:376","S3:11"
"CUW","BA:12900","EAR_EHRA_SEX_CUR_NB","SEX_T","CUR_TYPE_PPP","2018",48.398,,,"I20:3359_T9:131_T10:139_T12:145_T30:376","S3:11"
"CUW","BA:12900","EAR_EHRA_SEX_CUR_NB","SEX_T","CUR_TYPE_USD","2018",40.38,,,"I20:3359_T9:131_T10:139_T12:145_T30:376","S3:11"
"CYP","DA:12944","EAR_EHRA_SEX_CUR_NB","SEX_T","CUR_TYPE_LCU","2018",11,,,"T30:168","R1:2383_S3:21_S8:2566_S6:48"
"CYP","DA:12944","EAR_EHRA_SEX_CUR_NB","SEX_T","CUR_TYPE_PPP","2018",16.399,,,"T30:168","R1:2383_S3:21_S8:2566_S6:48"
"CYP","DA:12944","EAR_EHRA_SEX_CUR_NB","SEX_T","CUR_TYPE_USD","2018",12.991,,,"T30:168","R1:2383_S3:21_S8:2566_S6:48"
"CYP","DA:12944","EAR_EHRA_SEX_CUR_NB","SEX_T","CUR_TYPE_LCU","2014",11.09,,,"T30:168","R1:2383_S3:21_S8:2566_S6:48"
"CYP","DA:12944","EAR_EHRA_SEX_CUR_NB","SEX_T","CUR_TYPE_PPP","2014",15.137,,,"T30:168","R1:2383_S3:21_S8:2566_S6:48"
"CYP","DA:12944","EAR_EHRA_SEX_CUR_NB","SEX_T","CUR_TYPE_USD","2014",14.733,,,"T30:168","R1:2383_S3:21_S8:2566_S6:48"
"CYP","DA:12944","EAR_EHRA_SEX_CUR_NB","SEX_T","CUR_TYPE_LCU","2010",12.08,,,"T30:168","R1:2383_S3:21_S8:2566_S6:48"
"CYP","DA:12944","EAR_EHRA_SEX_CUR_NB","SEX_T","CUR_TYPE_PPP","2010",15.814,,,"T30:168","R1:2383_S3:21_S8:2566_S6:48"
"CYP","DA:12944","EAR_EHRA_SEX_CUR_NB","SEX_T","CUR_TYPE_USD","2010",16.015,,,"T30:168","R1:2383_S3:21_S8:2566_S6:48"
"CZE","DA:293","EAR_EHRA_SEX_CUR_NB","SEX_T","CUR_TYPE_LCU","2021",234.139,,,"T12:145_T30:169","S9:66"
"CZE","DA:293","EAR_EHRA_SEX_CUR_NB","SEX_T","CUR_TYPE_PPP","2021",15.818,,,"T12:145_T30:169","S9:66"
"CZE","DA:293","EAR_EHRA_SEX_CUR_NB","SEX_T","CUR_TYPE_USD","2021",10.801,,,"T12:145_T30:169","S9:66"
"CZE","DA:293","EAR_EHRA_SEX_CUR_NB","SEX_T","CUR_TYPE_LCU","2020",221.8,,,"T9:133_T10:138_T12:145_T30:169","S9:66"
"CZE","DA:293","EAR_EHRA_SEX_CUR_NB","SEX_T","CUR_TYPE_PPP","2020",15.651,,,"T9:133_T10:138_T12:145_T30:169","S9:66"
"CZE","DA:293","EAR_EHRA_SEX_CUR_NB","SEX_T","CUR_TYPE_USD","2020",9.556,,,"T9:133_T10:138_T12:145_T30:169","S9:66"
"CZE","DA:293","EAR_EHRA_SEX_CUR_NB","SEX_T","CUR_TYPE_LCU","2019",209.6,,,"T9:133_T10:138_T12:145_T30:169","S9:66"
"CZE","DA:293","EAR_EHRA_SEX_CUR_NB","SEX_T","CUR_TYPE_PPP","2019",15.279,,,"T9:133_T10:138_T12:145_T30:169","S9:66"
"CZE","DA:293","EAR_EHRA_SEX_CUR_NB","SEX_T","CUR_TYPE_USD","2019",9.14,,,"T9:133_T10:138_T12:145_T30:169","S9:66"
"CZE","DA:293","EAR_EHRA_SEX_CUR_NB","SEX_T","CUR_TYPE_LCU","2018",193.7,,,"T9:133_T10:138_T12:146_T30:169","S9:66"
"CZE","DA:293","EAR_EHRA_SEX_CUR_NB","SEX_T","CUR_TYPE_PPP","2018",13.831,,,"T9:133_T10:138_T12:146_T30:169","S9:66"
"CZE","DA:293","EAR_EHRA_SEX_CUR_NB","SEX_T","CUR_TYPE_USD","2018",8.914,,,"T9:133_T10:138_T12:146_T30:169","S9:66"
"CZE","DA:293","EAR_EHRA_SEX_CUR_NB","SEX_T","CUR_TYPE_LCU","2017",179.3,,,"T9:133_T10:138_T12:146_T30:169","S9:66"
"CZE","DA:293","EAR_EHRA_SEX_CUR_NB","SEX_T","CUR_TYPE_PPP","2017",12.876,,,"T9:133_T10:138_T12:146_T30:169","S9:66"
"CZE","DA:293","EAR_EHRA_SEX_CUR_NB","SEX_T","CUR_TYPE_USD","2017",7.67,,,"T9:133_T10:138_T12:146_T30:169","S9:66"
"CZE","DA:293","EAR_EHRA_SEX_CUR_NB","SEX_T","CUR_TYPE_LCU","2016",167,,,"T9:133_T10:138_T12:146_T30:169","S9:66"
"CZE","DA:293","EAR_EHRA_SEX_CUR_NB","SEX_T","CUR_TYPE_PPP","2016",12.007,,,"T9:133_T10:138_T12:146_T30:169","S9:66"
"CZE","DA:293","EAR_EHRA_SEX_CUR_NB","SEX_T","CUR_TYPE_USD","2016",6.833,,,"T9:133_T10:138_T12:146_T30:169","S9:66"
"CZE","DA:293","EAR_EHRA_SEX_CUR_NB","SEX_T","CUR_TYPE_LCU","2015",159.92,,,"T9:133_T10:138_T12:146_T30:169","S9:66"
"CZE","DA:293","EAR_EHRA_SEX_CUR_NB","SEX_T","CUR_TYPE_PPP","2015",11.271,,,"T9:133_T10:138_T12:146_T30:169","S9:66"
"CZE","DA:293","EAR_EHRA_SEX_CUR_NB","SEX_T","CUR_TYPE_USD","2015",6.501,,,"T9:133_T10:138_T12:146_T30:169","S9:66"
"CZE","DA:293","EAR_EHRA_SEX_CUR_NB","SEX_T","CUR_TYPE_LCU","2014",155.45,,,"T9:133_T10:138_T12:146_T30:169","S9:66"
"CZE","DA:293","EAR_EHRA_SEX_CUR_NB","SEX_T","CUR_TYPE_PPP","2014",11.161,,,"T9:133_T10:138_T12:146_T30:169","S9:66"
"CZE","DA:293","EAR_EHRA_SEX_CUR_NB","SEX_T","CUR_TYPE_USD","2014",7.489,,,"T9:133_T10:138_T12:146_T30:169","S9:66"
"CZE","DA:293","EAR_EHRA_SEX_CUR_NB","SEX_T","CUR_TYPE_LCU","2013",151.57,,,"T9:133_T10:138_T12:146_T30:169","S9:66"
"CZE","DA:293","EAR_EHRA_SEX_CUR_NB","SEX_T","CUR_TYPE_PPP","2013",10.674,,,"T9:133_T10:138_T12:146_T30:169","S9:66"
"CZE","DA:293","EAR_EHRA_SEX_CUR_NB","SEX_T","CUR_TYPE_USD","2013",7.745,,,"T9:133_T10:138_T12:146_T30:169","S9:66"
"CZE","DA:293","EAR_EHRA_SEX_CUR_NB","SEX_T","CUR_TYPE_LCU","2012",149.82,,,"T9:133_T10:138_T12:146_T30:169","S9:66"
"CZE","DA:293","EAR_EHRA_SEX_CUR_NB","SEX_T","CUR_TYPE_PPP","2012",10.225,,,"T9:133_T10:138_T12:146_T30:169","S9:66"
"CZE","DA:293","EAR_EHRA_SEX_CUR_NB","SEX_T","CUR_TYPE_USD","2012",7.653,,,"T9:133_T10:138_T12:146_T30:169","S9:66"
"DEU","DA:3500","EAR_EHRA_SEX_CUR_NB","SEX_T","CUR_TYPE_LCU","2022",24.92,,,"T30:176","S8:2566_S9:66"
"DEU","DA:3500","EAR_EHRA_SEX_CUR_NB","SEX_T","CUR_TYPE_PPP","2022",34.646,,,"T30:176","S8:2566_S9:66"
"DEU","DA:3500","EAR_EHRA_SEX_CUR_NB","SEX_T","CUR_TYPE_USD","2022",26.241,,,"T30:176","S8:2566_S9:66"
"DEU","DA:3500","EAR_EHRA_SEX_CUR_NB","SEX_T","CUR_TYPE_LCU","2021",24.05,,,"T30:176","S3:15_S8:1619_S9:66"
"DEU","DA:3500","EAR_EHRA_SEX_CUR_NB","SEX_T","CUR_TYPE_PPP","2021",32.383,,,"T30:176","S3:15_S8:1619_S9:66"
"DEU","DA:3500","EAR_EHRA_SEX_CUR_NB","SEX_T","CUR_TYPE_USD","2021",28.444,,,"T30:176","S3:15_S8:1619_S9:66"
"DEU","DA:3500","EAR_EHRA_SEX_CUR_NB","SEX_T","CUR_TYPE_LCU","2018",19.66,,,"T30:176","R1:2383_S3:21_S8:2566"
"DEU","DA:3500","EAR_EHRA_SEX_CUR_NB","SEX_T","CUR_TYPE_PPP","2018",25.185,,,"T30:176","R1:2383_S3:21_S8:2566"
"DEU","DA:3500","EAR_EHRA_SEX_CUR_NB","SEX_T","CUR_TYPE_USD","2018",23.218,,,"T30:176","R1:2383_S3:21_S8:2566"
"DEU","DA:3500","EAR_EHRA_SEX_CUR_NB","SEX_T","CUR_TYPE_LCU","2014",17.78,,,"T30:176","R1:2383_S3:21_S8:2566_S6:48"
"DEU","DA:3500","EAR_EHRA_SEX_CUR_NB","SEX_T","CUR_TYPE_PPP","2014",21.694,,,"T30:176","R1:2383_S3:21_S8:2566_S6:48"
"DEU","DA:3500","EAR_EHRA_SEX_CUR_NB","SEX_T","CUR_TYPE_USD","2014",23.621,,,"T30:176","R1:2383_S3:21_S8:2566_S6:48"
"DEU","DA:3500","EAR_EHRA_SEX_CUR_NB","SEX_T","CUR_TYPE_LCU","2010",16.95,,,"T30:176","R1:2383_S3:21_S8:2566_S6:48"
"DEU","DA:3500","EAR_EHRA_SEX_CUR_NB","SEX_T","CUR_TYPE_PPP","2010",19.874,,,"T30:176","R1:2383_S3:21_S8:2566_S6:48"
"DEU","DA:3500","EAR_EHRA_SEX_CUR_NB","SEX_T","CUR_TYPE_USD","2010",22.471,,,"T30:176","R1:2383_S3:21_S8:2566_S6:48"
"DNK","DA:819","EAR_EHRA_SEX_CUR_NB","SEX_T","CUR_TYPE_LCU","2014",27.61,,,"T30:388","R1:2383_S8:2566_S6:48"
"DNK","DA:819","EAR_EHRA_SEX_CUR_NB","SEX_T","CUR_TYPE_PPP","2014",24.856,,,"T30:388","R1:2383_S8:2566_S6:48"
"DNK","DA:819","EAR_EHRA_SEX_CUR_NB","SEX_T","CUR_TYPE_USD","2014",36.68,,,"T30:388","R1:2383_S8:2566_S6:48"
"DNK","DA:819","EAR_EHRA_SEX_CUR_NB","SEX_T","CUR_TYPE_LCU","2010",26.58,,,"T30:388","R1:2383_S8:2566_S6:48"
"DNK","DA:819","EAR_EHRA_SEX_CUR_NB","SEX_T","CUR_TYPE_PPP","2010",23.625,,,"T30:388","R1:2383_S8:2566_S6:48"
"DNK","DA:819","EAR_EHRA_SEX_CUR_NB","SEX_T","CUR_TYPE_USD","2010",35.237,,,"T30:388","R1:2383_S8:2566_S6:48"
"DOM","BA:13413","EAR_EHRA_SEX_CUR_NB","SEX_T","CUR_TYPE_LCU","2025",180.334,,,"T30:76","R1:3513"
"DOM","BA:13413","EAR_EHRA_SEX_CUR_NB","SEX_T","CUR_TYPE_PPP","2025",7.574,,,"T30:76","R1:3513"
"DOM","BA:13413","EAR_EHRA_SEX_CUR_NB","SEX_T","CUR_TYPE_USD","2025",2.909,,,"T30:76","R1:3513"
"DOM","BA:13413","EAR_EHRA_SEX_CUR_NB","SEX_T","CUR_TYPE_LCU","2024",163.424,,,"T30:76","R1:3513"
"DOM","BA:13413","EAR_EHRA_SEX_CUR_NB","SEX_T","CUR_TYPE_PPP","2024",6.943,,,"T30:76","R1:3513"
"DOM","BA:13413","EAR_EHRA_SEX_CUR_NB","SEX_T","CUR_TYPE_USD","2024",2.744,,,"T30:76","R1:3513"
"DOM","BA:13413","EAR_EHRA_SEX_CUR_NB","SEX_T","CUR_TYPE_LCU","2023",153.349,,,"T30:76","R1:3513"
"DOM","BA:13413","EAR_EHRA_SEX_CUR_NB","SEX_T","CUR_TYPE_PPP","2023",6.537,,,"T30:76","R1:3513"
"DOM","BA:13413","EAR_EHRA_SEX_CUR_NB","SEX_T","CUR_TYPE_USD","2023",2.731,,,"T30:76","R1:3513"
"DOM","BA:13413","EAR_EHRA_SEX_CUR_NB","SEX_T","CUR_TYPE_LCU","2022",131.277,,,"T30:76","R1:3513"
"DOM","BA:13413","EAR_EHRA_SEX_CUR_NB","SEX_T","CUR_TYPE_PPP","2022",5.632,,,"T30:76","R1:3513"
"DOM","BA:13413","EAR_EHRA_SEX_CUR_NB","SEX_T","CUR_TYPE_USD","2022",2.381,,,"T30:76","R1:3513"
"DOM","BA:13413","EAR_EHRA_SEX_CUR_NB","SEX_T","CUR_TYPE_LCU","2021",128.094,,,"T30:76","R1:3513"
"DOM","BA:13413","EAR_EHRA_SEX_CUR_NB","SEX_T","CUR_TYPE_PPP","2021",5.537,,,"T30:76","R1:3513"
"DOM","BA:13413","EAR_EHRA_SEX_CUR_NB","SEX_T","CUR_TYPE_USD","2021",2.239,,,"T30:76","R1:3513"
"DOM","BA:13413","EAR_EHRA_SEX_CUR_NB","SEX_T","CUR_TYPE_LCU","2020",131.937,"B",,"T30:76_I11:264","R1:3513"
"DOM","BA:13413","EAR_EHRA_SEX_CUR_NB","SEX_T","CUR_TYPE_PPP","2020",5.755,"B",,"T30:76_I11:264","R1:3513"
"DOM","BA:13413","EAR_EHRA_SEX_CUR_NB","SEX_T","CUR_TYPE_USD","2020",2.334,"B",,"T30:76_I11:264","R1:3513"
"DOM","BA:13413","EAR_EHRA_SEX_CUR_NB","SEX_T","CUR_TYPE_LCU","2019",101.753,,,"T30:76","R1:3513"
"DOM","BA:13413","EAR_EHRA_SEX_CUR_NB","SEX_T","CUR_TYPE_PPP","2019",4.352,,,"T30:76","R1:3513"
"DOM","BA:13413","EAR_EHRA_SEX_CUR_NB","SEX_T","CUR_TYPE_USD","2019",1.984,,,"T30:76","R1:3513"
"DOM","BA:13413","EAR_EHRA_SEX_CUR_NB","SEX_T","CUR_TYPE_LCU","2018",94.348,,,"T30:76","R1:3513"
"DOM","BA:13413","EAR_EHRA_SEX_CUR_NB","SEX_T","CUR_TYPE_PPP","2018",3.897,,,"T30:76","R1:3513"
"DOM","BA:13413","EAR_EHRA_SEX_CUR_NB","SEX_T","CUR_TYPE_USD","2018",1.906,,,"T30:76","R1:3513"
"DOM","BA:13413","EAR_EHRA_SEX_CUR_NB","SEX_T","CUR_TYPE_LCU","2017",87.591,,,"T30:76","R1:3513"
"DOM","BA:13413","EAR_EHRA_SEX_CUR_NB","SEX_T","CUR_TYPE_PPP","2017",3.652,,,"T30:76","R1:3513"
"DOM","BA:13413","EAR_EHRA_SEX_CUR_NB","SEX_T","CUR_TYPE_USD","2017",1.843,,,"T30:76","R1:3513"
"DOM","BA:13413","EAR_EHRA_SEX_CUR_NB","SEX_T","CUR_TYPE_LCU","2016",80.379,,,"T30:76","R1:3513"
"DOM","BA:13413","EAR_EHRA_SEX_CUR_NB","SEX_T","CUR_TYPE_PPP","2016",3.489,,,"T30:76","R1:3513"
"DOM","BA:13413","EAR_EHRA_SEX_CUR_NB","SEX_T","CUR_TYPE_USD","2016",1.745,,,"T30:76","R1:3513"
"DOM","BA:13413","EAR_EHRA_SEX_CUR_NB","SEX_T","CUR_TYPE_LCU","2015",78.018,"B",,"T30:76_I11:264","R1:3513"
"DOM","BA:13413","EAR_EHRA_SEX_CUR_NB","SEX_T","CUR_TYPE_PPP","2015",3.426,"B",,"T30:76_I11:264","R1:3513"
"DOM","BA:13413","EAR_EHRA_SEX_CUR_NB","SEX_T","CUR_TYPE_USD","2015",1.732,"B",,"T30:76_I11:264","R1:3513"
"ECU","BA:19","EAR_EHRA_SEX_CUR_NB","SEX_T","CUR_TYPE_LCU","2025",3.402,,,"T30:77","R1:3513"
"ECU","BA:19","EAR_EHRA_SEX_CUR_NB","SEX_T","CUR_TYPE_PPP","2025",7.705,,,"T30:77","R1:3513"
"ECU","BA:19","EAR_EHRA_SEX_CUR_NB","SEX_T","CUR_TYPE_USD","2025",3.402,,,"T30:77","R1:3513"
"ECU","BA:19","EAR_EHRA_SEX_CUR_NB","SEX_T","CUR_TYPE_LCU","2024",3.248,,,"T30:77","R1:3513"
"ECU","BA:19","EAR_EHRA_SEX_CUR_NB","SEX_T","CUR_TYPE_PPP","2024",7.215,,,"T30:77","R1:3513"
"ECU","BA:19","EAR_EHRA_SEX_CUR_NB","SEX_T","CUR_TYPE_USD","2024",3.248,,,"T30:77","R1:3513"
"ECU","BA:19","EAR_EHRA_SEX_CUR_NB","SEX_T","CUR_TYPE_LCU","2023",3.082,,,"T30:77","R1:3513"
"ECU","BA:19","EAR_EHRA_SEX_CUR_NB","SEX_T","CUR_TYPE_PPP","2023",6.752,,,"T30:77","R1:3513"
"ECU","BA:19","EAR_EHRA_SEX_CUR_NB","SEX_T","CUR_TYPE_USD","2023",3.082,,,"T30:77","R1:3513"
"ECU","BA:19","EAR_EHRA_SEX_CUR_NB","SEX_T","CUR_TYPE_LCU","2022",3.025,,,"T30:77","R1:3513"
"ECU","BA:19","EAR_EHRA_SEX_CUR_NB","SEX_T","CUR_TYPE_PPP","2022",6.506,,,"T30:77","R1:3513"
"ECU","BA:19","EAR_EHRA_SEX_CUR_NB","SEX_T","CUR_TYPE_USD","2022",3.025,,,"T30:77","R1:3513"
"ECU","BA:19","EAR_EHRA_SEX_CUR_NB","SEX_T","CUR_TYPE_LCU","2021",2.931,,,"T30:77","R1:3513"
"ECU","BA:19","EAR_EHRA_SEX_CUR_NB","SEX_T","CUR_TYPE_PPP","2021",6.04,,,"T30:77","R1:3513"
"ECU","BA:19","EAR_EHRA_SEX_CUR_NB","SEX_T","CUR_TYPE_USD","2021",2.931,,,"T30:77","R1:3513"
"ECU","BA:19","EAR_EHRA_SEX_CUR_NB","SEX_T","CUR_TYPE_LCU","2020",2.126,,,"I20:3359_T30:77","S3:11"
"ECU","BA:19","EAR_EHRA_SEX_CUR_NB","SEX_T","CUR_TYPE_PPP","2020",4.142,,,"I20:3359_T30:77","S3:11"
"ECU","BA:19","EAR_EHRA_SEX_CUR_NB","SEX_T","CUR_TYPE_USD","2020",2.126,,,"I20:3359_T30:77","S3:11"
"ECU","BA:19","EAR_EHRA_SEX_CUR_NB","SEX_T","CUR_TYPE_LCU","2019",3.051,,,"T30:77","R1:3513"
"ECU","BA:19","EAR_EHRA_SEX_CUR_NB","SEX_T","CUR_TYPE_PPP","2019",5.69,,,"T30:77","R1:3513"
"ECU","BA:19","EAR_EHRA_SEX_CUR_NB","SEX_T","CUR_TYPE_USD","2019",3.051,,,"T30:77","R1:3513"
"ECU","BA:19","EAR_EHRA_SEX_CUR_NB","SEX_T","CUR_TYPE_LCU","2018",2.984,,,"T30:77","R1:3513"
"ECU","BA:19","EAR_EHRA_SEX_CUR_NB","SEX_T","CUR_TYPE_PPP","2018",5.37,,,"T30:77","R1:3513"
"ECU","BA:19","EAR_EHRA_SEX_CUR_NB","SEX_T","CUR_TYPE_USD","2018",2.984,,,"T30:77","R1:3513"
"ECU","BA:19","EAR_EHRA_SEX_CUR_NB","SEX_T","CUR_TYPE_LCU","2017",2.917,,,"T30:77","R1:3513"
"ECU","BA:19","EAR_EHRA_SEX_CUR_NB","SEX_T","CUR_TYPE_PPP","2017",5.071,,,"T30:77","R1:3513"
"ECU","BA:19","EAR_EHRA_SEX_CUR_NB","SEX_T","CUR_TYPE_USD","2017",2.917,,,"T30:77","R1:3513"
"ECU","BA:19","EAR_EHRA_SEX_CUR_NB","SEX_T","CUR_TYPE_LCU","2016",2.875,,,"T30:77","R1:3513"
"ECU","BA:19","EAR_EHRA_SEX_CUR_NB","SEX_T","CUR_TYPE_PPP","2016",4.968,,,"T30:77","R1:3513"
"ECU","BA:19","EAR_EHRA_SEX_CUR_NB","SEX_T","CUR_TYPE_USD","2016",2.875,,,"T30:77","R1:3513"
"ECU","BA:19","EAR_EHRA_SEX_CUR_NB","SEX_T","CUR_TYPE_LCU","2015",2.848,,,"T30:77","R1:3513"
"ECU","BA:19","EAR_EHRA_SEX_CUR_NB","SEX_T","CUR_TYPE_PPP","2015",4.904,,,"T30:77","R1:3513"
"ECU","BA:19","EAR_EHRA_SEX_CUR_NB","SEX_T","CUR_TYPE_USD","2015",2.848,,,"T30:77","R1:3513"
"ECU","BA:19","EAR_EHRA_SEX_CUR_NB","SEX_T","CUR_TYPE_LCU","2014",2.769,,,"T30:77","R1:3513"
"ECU","BA:19","EAR_EHRA_SEX_CUR_NB","SEX_T","CUR_TYPE_PPP","2014",4.904,,,"T30:77","R1:3513"
"ECU","BA:19","EAR_EHRA_SEX_CUR_NB","SEX_T","CUR_TYPE_USD","2014",2.769,,,"T30:77","R1:3513"
"ECU","BA:19","EAR_EHRA_SEX_CUR_NB","SEX_T","CUR_TYPE_LCU","2013",2.542,,,"T30:77","R1:3513"
"ECU","BA:19","EAR_EHRA_SEX_CUR_NB","SEX_T","CUR_TYPE_PPP","2013",4.582,,,"T30:77","R1:3513"
"ECU","BA:19","EAR_EHRA_SEX_CUR_NB","SEX_T","CUR_TYPE_USD","2013",2.542,,,"T30:77","R1:3513"
"EGY","BA:582","EAR_EHRA_SEX_CUR_NB","SEX_T","CUR_TYPE_LCU","2024",32.913,"B",,"T30:15_I11:264","R1:3513"
"EGY","BA:582","EAR_EHRA_SEX_CUR_NB","SEX_T","CUR_TYPE_PPP","2024",4.734,"B",,"T30:15_I11:264","R1:3513"
"EGY","BA:582","EAR_EHRA_SEX_CUR_NB","SEX_T","CUR_TYPE_USD","2024",0.727,"B",,"T30:15_I11:264","R1:3513"
"EGY","BA:582","EAR_EHRA_SEX_CUR_NB","SEX_T","CUR_TYPE_LCU","2023",23.546,,,"T30:15","R1:3513"
"EGY","BA:582","EAR_EHRA_SEX_CUR_NB","SEX_T","CUR_TYPE_PPP","2023",4.22,,,"T30:15","R1:3513"
"EGY","BA:582","EAR_EHRA_SEX_CUR_NB","SEX_T","CUR_TYPE_USD","2023",0.769,,,"T30:15","R1:3513"
"EGY","BA:582","EAR_EHRA_SEX_CUR_NB","SEX_T","CUR_TYPE_LCU","2022",18.689,,,"T30:15","R1:3513"
"EGY","BA:582","EAR_EHRA_SEX_CUR_NB","SEX_T","CUR_TYPE_PPP","2022",4.307,,,"T30:15","R1:3513"
"EGY","BA:582","EAR_EHRA_SEX_CUR_NB","SEX_T","CUR_TYPE_USD","2022",0.975,,,"T30:15","R1:3513"
"EGY","BA:582","EAR_EHRA_SEX_CUR_NB","SEX_T","CUR_TYPE_LCU","2021",17.876,,,"T30:15","R1:3513"
"EGY","BA:582","EAR_EHRA_SEX_CUR_NB","SEX_T","CUR_TYPE_PPP","2021",4.345,,,"T30:15","R1:3513"
"EGY","BA:582","EAR_EHRA_SEX_CUR_NB","SEX_T","CUR_TYPE_USD","2021",1.143,,,"T30:15","R1:3513"
"EGY","BA:582","EAR_EHRA_SEX_CUR_NB","SEX_T","CUR_TYPE_LCU","2020",17.366,,,"T30:15","R1:3513"
"EGY","BA:582","EAR_EHRA_SEX_CUR_NB","SEX_T","CUR_TYPE_PPP","2020",4.263,,,"T30:15","R1:3513"
"EGY","BA:582","EAR_EHRA_SEX_CUR_NB","SEX_T","CUR_TYPE_USD","2020",1.102,,,"T30:15","R1:3513"
"EGY","BA:582","EAR_EHRA_SEX_CUR_NB","SEX_T","CUR_TYPE_LCU","2019",18.873,,,"T30:15","R1:3513"
"EGY","BA:582","EAR_EHRA_SEX_CUR_NB","SEX_T","CUR_TYPE_PPP","2019",4.746,,,"T30:15","R1:3513"
"EGY","BA:582","EAR_EHRA_SEX_CUR_NB","SEX_T","CUR_TYPE_USD","2019",1.125,,,"T30:15","R1:3513"
"EGY","BA:582","EAR_EHRA_SEX_CUR_NB","SEX_T","CUR_TYPE_LCU","2018",11.916,,,"T30:15","R1:3513"
"EGY","BA:582","EAR_EHRA_SEX_CUR_NB","SEX_T","CUR_TYPE_PPP","2018",3.249,,,"T30:15","R1:3513"
"EGY","BA:582","EAR_EHRA_SEX_CUR_NB","SEX_T","CUR_TYPE_USD","2018",0.671,,,"T30:15","R1:3513"
"EGY","BA:582","EAR_EHRA_SEX_CUR_NB","SEX_T","CUR_TYPE_LCU","2017",12.612,,,"T30:15","R1:3513"
"EGY","BA:582","EAR_EHRA_SEX_CUR_NB","SEX_T","CUR_TYPE_PPP","2017",3.686,,,"T30:15","R1:3513"
"EGY","BA:582","EAR_EHRA_SEX_CUR_NB","SEX_T","CUR_TYPE_USD","2017",0.709,,,"T30:15","R1:3513"
"EGY","BA:582","EAR_EHRA_SEX_CUR_NB","SEX_T","CUR_TYPE_LCU","2016",11.584,"B",,"T30:15_I11:264","R1:3513"
"EGY","BA:582","EAR_EHRA_SEX_CUR_NB","SEX_T","CUR_TYPE_PPP","2016",4.367,"B",,"T30:15_I11:264","R1:3513"
"EGY","BA:582","EAR_EHRA_SEX_CUR_NB","SEX_T","CUR_TYPE_USD","2016",1.155,"B",,"T30:15_I11:264","R1:3513"
"EGY","BA:582","EAR_EHRA_SEX_CUR_NB","SEX_T","CUR_TYPE_LCU","2015",9.703,,,"T30:15","R1:3513"
"EGY","BA:582","EAR_EHRA_SEX_CUR_NB","SEX_T","CUR_TYPE_PPP","2015",4.135,,,"T30:15","R1:3513"
"EGY","BA:582","EAR_EHRA_SEX_CUR_NB","SEX_T","CUR_TYPE_USD","2015",1.262,,,"T30:15","R1:3513"
"EGY","BA:582","EAR_EHRA_SEX_CUR_NB","SEX_T","CUR_TYPE_LCU","2013",7.431,,,"T30:15","R1:3513"
"EGY","BA:582","EAR_EHRA_SEX_CUR_NB","SEX_T","CUR_TYPE_PPP","2013",3.874,,,"T30:15","R1:3513"
"EGY","BA:582","EAR_EHRA_SEX_CUR_NB","SEX_T","CUR_TYPE_USD","2013",1.082,,,"T30:15","R1:3513"
"EGY","BA:582","EAR_EHRA_SEX_CUR_NB","SEX_T","CUR_TYPE_LCU","2012",6.963,,,"T30:15","R1:3513"
"EGY","BA:582","EAR_EHRA_SEX_CUR_NB","SEX_T","CUR_TYPE_PPP","2012",4.03,,,"T30:15","R1:3513"
"EGY","BA:582","EAR_EHRA_SEX_CUR_NB","SEX_T","CUR_TYPE_USD","2012",1.15,,,"T30:15","R1:3513"
"EGY","BA:582","EAR_EHRA_SEX_CUR_NB","SEX_T","CUR_TYPE_LCU","2011",5.515,,,"T30:15","R1:3513"
"EGY","BA:582","EAR_EHRA_SEX_CUR_NB","SEX_T","CUR_TYPE_PPP","2011",3.216,,,"T30:15","R1:3513"
"EGY","BA:582","EAR_EHRA_SEX_CUR_NB","SEX_T","CUR_TYPE_USD","2011",0.929,,,"T30:15","R1:3513"
"EGY","BA:582","EAR_EHRA_SEX_CUR_NB","SEX_T","CUR_TYPE_LCU","2010",3.898,,,"T30:15","R1:3513"
"EGY","BA:582","EAR_EHRA_SEX_CUR_NB","SEX_T","CUR_TYPE_PPP","2010",2.425,,,"T30:15","R1:3513"
"EGY","BA:582","EAR_EHRA_SEX_CUR_NB","SEX_T","CUR_TYPE_USD","2010",0.693,,,"T30:15","R1:3513"
"EGY","BA:582","EAR_EHRA_SEX_CUR_NB","SEX_T","CUR_TYPE_LCU","2009",1.253,,,"T30:15","R1:3513"
"EGY","BA:582","EAR_EHRA_SEX_CUR_NB","SEX_T","CUR_TYPE_PPP","2009",0.854,,,"T30:15","R1:3513"
"EGY","BA:582","EAR_EHRA_SEX_CUR_NB","SEX_T","CUR_TYPE_USD","2009",0.226,,,"T30:15","R1:3513"
"EGY","BA:582","EAR_EHRA_SEX_CUR_NB","SEX_T","CUR_TYPE_LCU","2008",0.38,"B",,"T30:15_I11:264","R1:3513"
"EGY","BA:582","EAR_EHRA_SEX_CUR_NB","SEX_T","CUR_TYPE_PPP","2008",0.291,"B",,"T30:15_I11:264","R1:3513"
"EGY","BA:582","EAR_EHRA_SEX_CUR_NB","SEX_T","CUR_TYPE_USD","2008",0.07,"B",,"T30:15_I11:264","R1:3513"
"ESP","DA:248","EAR_EHRA_SEX_CUR_NB","SEX_T","CUR_TYPE_LCU","2021",17,,,"T9:133_T10:138_T11:142_T12:145_T30:171","S8:2566_S9:66"
"ESP","DA:248","EAR_EHRA_SEX_CUR_NB","SEX_T","CUR_TYPE_PPP","2021",25.973,,,"T9:133_T10:138_T11:142_T12:145_T30:171","S8:2566_S9:66"
"ESP","DA:248","EAR_EHRA_SEX_CUR_NB","SEX_T","CUR_TYPE_USD","2021",20.106,,,"T9:133_T10:138_T11:142_T12:145_T30:171","S8:2566_S9:66"
"ESP","DA:248","EAR_EHRA_SEX_CUR_NB","SEX_T","CUR_TYPE_LCU","2020",16,,,"T9:133_T10:138_T11:142_T12:145_T30:171","S8:2566_S9:66"
"ESP","DA:248","EAR_EHRA_SEX_CUR_NB","SEX_T","CUR_TYPE_PPP","2020",23.306,,,"T9:133_T10:138_T11:142_T12:145_T30:171","S8:2566_S9:66"
"ESP","DA:248","EAR_EHRA_SEX_CUR_NB","SEX_T","CUR_TYPE_USD","2020",18.275,,,"T9:133_T10:138_T11:142_T12:145_T30:171","S8:2566_S9:66"
"ESP","DA:248","EAR_EHRA_SEX_CUR_NB","SEX_T","CUR_TYPE_LCU","2019",16,,,"T9:133_T10:138_T11:142_T12:145_T30:171","S8:2566_S9:66"
"ESP","DA:248","EAR_EHRA_SEX_CUR_NB","SEX_T","CUR_TYPE_PPP","2019",23.427,,,"T9:133_T10:138_T11:142_T12:145_T30:171","S8:2566_S9:66"
"ESP","DA:248","EAR_EHRA_SEX_CUR_NB","SEX_T","CUR_TYPE_USD","2019",17.912,,,"T9:133_T10:138_T11:142_T12:145_T30:171","S8:2566_S9:66"
"ESP","DA:248","EAR_EHRA_SEX_CUR_NB","SEX_T","CUR_TYPE_LCU","2018",16,,,"T9:133_T10:138_T11:142_T12:145_T30:171","S8:2566_S9:66"
"ESP","DA:248","EAR_EHRA_SEX_CUR_NB","SEX_T","CUR_TYPE_PPP","2018",22.498,,,"T9:133_T10:138_T11:142_T12:145_T30:171","S8:2566_S9:66"
"ESP","DA:248","EAR_EHRA_SEX_CUR_NB","SEX_T","CUR_TYPE_USD","2018",18.896,,,"T9:133_T10:138_T11:142_T12:145_T30:171","S8:2566_S9:66"
"ESP","DA:248","EAR_EHRA_SEX_CUR_NB","SEX_T","CUR_TYPE_LCU","2017",15,,,"T9:133_T10:138_T11:142_T12:145_T30:171","S8:2566_S9:66"
"ESP","DA:248","EAR_EHRA_SEX_CUR_NB","SEX_T","CUR_TYPE_PPP","2017",21.108,,,"T9:133_T10:138_T11:142_T12:145_T30:171","S8:2566_S9:66"
"ESP","DA:248","EAR_EHRA_SEX_CUR_NB","SEX_T","CUR_TYPE_USD","2017",16.945,,,"T9:133_T10:138_T11:142_T12:145_T30:171","S8:2566_S9:66"
"ESP","DA:248","EAR_EHRA_SEX_CUR_NB","SEX_T","CUR_TYPE_LCU","2016",15,,,"T9:133_T10:138_T11:142_T12:145_T30:171","S8:2566_S9:66"
"ESP","DA:248","EAR_EHRA_SEX_CUR_NB","SEX_T","CUR_TYPE_PPP","2016",20.88,,,"T9:133_T10:138_T11:142_T12:145_T30:171","S8:2566_S9:66"
"ESP","DA:248","EAR_EHRA_SEX_CUR_NB","SEX_T","CUR_TYPE_USD","2016",16.604,,,"T9:133_T10:138_T11:142_T12:145_T30:171","S8:2566_S9:66"
"ESP","DA:248","EAR_EHRA_SEX_CUR_NB","SEX_T","CUR_TYPE_LCU","2015",15,,,"T9:133_T10:138_T11:142_T12:145_T30:171","S8:2566_S9:66"
"ESP","DA:248","EAR_EHRA_SEX_CUR_NB","SEX_T","CUR_TYPE_PPP","2015",20.32,,,"T9:133_T10:138_T11:142_T12:145_T30:171","S8:2566_S9:66"
"ESP","DA:248","EAR_EHRA_SEX_CUR_NB","SEX_T","CUR_TYPE_USD","2015",16.642,,,"T9:133_T10:138_T11:142_T12:145_T30:171","S8:2566_S9:66"
"ESP","DA:248","EAR_EHRA_SEX_CUR_NB","SEX_T","CUR_TYPE_LCU","2014",15,,,"T9:133_T10:138_T11:142_T12:145_T30:171","S8:2566_S9:66"
"ESP","DA:248","EAR_EHRA_SEX_CUR_NB","SEX_T","CUR_TYPE_PPP","2014",20.155,,,"T9:133_T10:138_T11:142_T12:145_T30:171","S8:2566_S9:66"
"ESP","DA:248","EAR_EHRA_SEX_CUR_NB","SEX_T","CUR_TYPE_USD","2014",19.927,,,"T9:133_T10:138_T11:142_T12:145_T30:171","S8:2566_S9:66"
"ESP","DA:248","EAR_EHRA_SEX_CUR_NB","SEX_T","CUR_TYPE_LCU","2013",15,,,"T9:133_T10:138_T11:142_T12:145_T30:171","S8:2566_S9:66"
"ESP","DA:248","EAR_EHRA_SEX_CUR_NB","SEX_T","CUR_TYPE_PPP","2013",19.777,,,"T9:133_T10:138_T11:142_T12:145_T30:171","S8:2566_S9:66"
"ESP","DA:248","EAR_EHRA_SEX_CUR_NB","SEX_T","CUR_TYPE_USD","2013",19.922,,,"T9:133_T10:138_T11:142_T12:145_T30:171","S8:2566_S9:66"
"ESP","DA:248","EAR_EHRA_SEX_CUR_NB","SEX_T","CUR_TYPE_LCU","2012",15,,,"T9:133_T10:138_T11:142_T12:145_T30:171","S8:2566_S9:66"
"ESP","DA:248","EAR_EHRA_SEX_CUR_NB","SEX_T","CUR_TYPE_PPP","2012",19.088,,,"T9:133_T10:138_T11:142_T12:145_T30:171","S8:2566_S9:66"
"ESP","DA:248","EAR_EHRA_SEX_CUR_NB","SEX_T","CUR_TYPE_USD","2012",19.272,,,"T9:133_T10:138_T11:142_T12:145_T30:171","S8:2566_S9:66"
"ESP","DA:248","EAR_EHRA_SEX_CUR_NB","SEX_T","CUR_TYPE_LCU","2010",11.5,,,"T8:127_T9:133_T30:171","R1:2383_S8:2566_S6:48"
"ESP","DA:248","EAR_EHRA_SEX_CUR_NB","SEX_T","CUR_TYPE_PPP","2010",14.353,,,"T8:127_T9:133_T30:171","R1:2383_S8:2566_S6:48"
"ESP","DA:248","EAR_EHRA_SEX_CUR_NB","SEX_T","CUR_TYPE_USD","2010",15.246,,,"T8:127_T9:133_T30:171","R1:2383_S8:2566_S6:48"
"ESP","DA:248","EAR_EHRA_SEX_CUR_NB","SEX_T","CUR_TYPE_LCU","2006",10.05,,,"T8:127_T9:133_T30:171","R1:2383_S8:2566_S6:48"
"ESP","DA:248","EAR_EHRA_SEX_CUR_NB","SEX_T","CUR_TYPE_PPP","2006",12.708,,,"T8:127_T9:133_T30:171","R1:2383_S8:2566_S6:48"
"ESP","DA:248","EAR_EHRA_SEX_CUR_NB","SEX_T","CUR_TYPE_USD","2006",12.619,,,"T8:127_T9:133_T30:171","R1:2383_S8:2566_S6:48"
"ESP","DA:248","EAR_EHRA_SEX_CUR_NB","SEX_T","CUR_TYPE_LCU","2002",8.6,,,"T8:127_T9:133_T30:171","R1:2383_S8:2566_S6:48"
"ESP","DA:248","EAR_EHRA_SEX_CUR_NB","SEX_T","CUR_TYPE_PPP","2002",11.396,,,"T8:127_T9:133_T30:171","R1:2383_S8:2566_S6:48"
"ESP","DA:248","EAR_EHRA_SEX_CUR_NB","SEX_T","CUR_TYPE_USD","2002",8.132,,,"T8:127_T9:133_T30:171","R1:2383_S8:2566_S6:48"
"EST","DA:3113","EAR_EHRA_SEX_CUR_NB","SEX_T","CUR_TYPE_LCU","2018",7,,,"T30:172","R1:2383_S3:21_S8:2566_S6:48"
"EST","DA:3113","EAR_EHRA_SEX_CUR_NB","SEX_T","CUR_TYPE_PPP","2018",11.43,,,"T30:172","R1:2383_S3:21_S8:2566_S6:48"
"EST","DA:3113","EAR_EHRA_SEX_CUR_NB","SEX_T","CUR_TYPE_USD","2018",8.267,,,"T30:172","R1:2383_S3:21_S8:2566_S6:48"
"EST","DA:3113","EAR_EHRA_SEX_CUR_NB","SEX_T","CUR_TYPE_LCU","2014",5.78,,,"T30:172","R1:2383_S3:21_S8:2566_S6:48"
"EST","DA:3113","EAR_EHRA_SEX_CUR_NB","SEX_T","CUR_TYPE_PPP","2014",9.65,,,"T30:172","R1:2383_S3:21_S8:2566_S6:48"
"EST","DA:3113","EAR_EHRA_SEX_CUR_NB","SEX_T","CUR_TYPE_USD","2014",7.679,,,"T30:172","R1:2383_S3:21_S8:2566_S6:48"
"EST","DA:3113","EAR_EHRA_SEX_CUR_NB","SEX_T","CUR_TYPE_LCU","2010",4.84,,,"T30:172","R1:2383_S3:21_S8:2566_S6:48"
"EST","DA:3113","EAR_EHRA_SEX_CUR_NB","SEX_T","CUR_TYPE_PPP","2010",8.245,,,"T30:172","R1:2383_S3:21_S8:2566_S6:48"
"EST","DA:3113","EAR_EHRA_SEX_CUR_NB","SEX_T","CUR_TYPE_USD","2010",6.416,,,"T30:172","R1:2383_S3:21_S8:2566_S6:48"
"ETH","BA:1126","EAR_EHRA_SEX_CUR_NB","SEX_T","CUR_TYPE_LCU","2021",26.729,,,"T30:17","R1:3513"
"ETH","BA:1126","EAR_EHRA_SEX_CUR_NB","SEX_T","CUR_TYPE_PPP","2021",1.989,,,"T30:17","R1:3513"
"ETH","BA:1126","EAR_EHRA_SEX_CUR_NB","SEX_T","CUR_TYPE_USD","2021",0.611,,,"T30:17","R1:3513"
"ETH","BA:1126","EAR_EHRA_SEX_CUR_NB","SEX_T","CUR_TYPE_LCU","2013",8.077,,,"T30:17","R1:3513"
"ETH","BA:1126","EAR_EHRA_SEX_CUR_NB","SEX_T","CUR_TYPE_PPP","2013",1.127,,,"T30:17","R1:3513"
"ETH","BA:1126","EAR_EHRA_SEX_CUR_NB","SEX_T","CUR_TYPE_USD","2013",0.434,,,"T30:17","R1:3513"
"ETH","BA:1126","EAR_EHRA_SEX_CUR_NB","SEX_T","CUR_TYPE_LCU","2005",1.932,,,"T30:17","R1:3513"
"ETH","BA:1126","EAR_EHRA_SEX_CUR_NB","SEX_T","CUR_TYPE_PPP","2005",0.894,,,"T30:17","R1:3513"
"ETH","BA:1126","EAR_EHRA_SEX_CUR_NB","SEX_T","CUR_TYPE_USD","2005",0.223,,,"T30:17","R1:3513"
"FIN","DA:58","EAR_EHRA_SEX_CUR_NB","SEX_T","CUR_TYPE_LCU","2022",21.6,,,"T9:133_T10:138_T11:142_T12:145_T30:174","S3:11_S8:61_S6:47"
"FIN","DA:58","EAR_EHRA_SEX_CUR_NB","SEX_T","CUR_TYPE_PPP","2022",26.026,,,"T9:133_T10:138_T11:142_T12:145_T30:174","S3:11_S8:61_S6:47"
"FIN","DA:58","EAR_EHRA_SEX_CUR_NB","SEX_T","CUR_TYPE_USD","2022",22.745,,,"T9:133_T10:138_T11:142_T12:145_T30:174","S3:11_S8:61_S6:47"
"FIN","DA:58","EAR_EHRA_SEX_CUR_NB","SEX_T","CUR_TYPE_LCU","2021",21.14,,,"T9:133_T10:138_T11:142_T12:145_T30:174","S3:11_S8:61_S6:47"
"FIN","DA:58","EAR_EHRA_SEX_CUR_NB","SEX_T","CUR_TYPE_PPP","2021",24.247,,,"T9:133_T10:138_T11:142_T12:145_T30:174","S3:11_S8:61_S6:47"
"FIN","DA:58","EAR_EHRA_SEX_CUR_NB","SEX_T","CUR_TYPE_USD","2021",25.002,,,"T9:133_T10:138_T11:142_T12:145_T30:174","S3:11_S8:61_S6:47"
"FIN","DA:58","EAR_EHRA_SEX_CUR_NB","SEX_T","CUR_TYPE_LCU","2020",20.39,,,"T9:133_T10:138_T11:142_T12:145_T30:174","S3:11_S8:61_S6:47"
"FIN","DA:58","EAR_EHRA_SEX_CUR_NB","SEX_T","CUR_TYPE_PPP","2020",22.989,,,"T9:133_T10:138_T11:142_T12:145_T30:174","S3:11_S8:61_S6:47"
"FIN","DA:58","EAR_EHRA_SEX_CUR_NB","SEX_T","CUR_TYPE_USD","2020",23.29,,,"T9:133_T10:138_T11:142_T12:145_T30:174","S3:11_S8:61_S6:47"
"FIN","DA:58","EAR_EHRA_SEX_CUR_NB","SEX_T","CUR_TYPE_LCU","2019",139.869,,,"T9:133_T10:138_T12:145_T30:174","S3:11_S8:61_S6:47"
"FIN","DA:58","EAR_EHRA_SEX_CUR_NB","SEX_T","CUR_TYPE_PPP","2019",155.602,,,"T9:133_T10:138_T12:145_T30:174","S3:11_S8:61_S6:47"
"FIN","DA:58","EAR_EHRA_SEX_CUR_NB","SEX_T","CUR_TYPE_USD","2019",156.583,,,"T9:133_T10:138_T12:145_T30:174","S3:11_S8:61_S6:47"
"FIN","DA:58","EAR_EHRA_SEX_CUR_NB","SEX_T","CUR_TYPE_LCU","2018",0.131,,,"T9:133_T10:138_T11:142_T12:145_T30:174","S3:11_S8:61_S6:47"
"FIN","DA:58","EAR_EHRA_SEX_CUR_NB","SEX_T","CUR_TYPE_PPP","2018",0.142,,,"T9:133_T10:138_T11:142_T12:145_T30:174","S3:11_S8:61_S6:47"
"FIN","DA:58","EAR_EHRA_SEX_CUR_NB","SEX_T","CUR_TYPE_USD","2018",0.155,,,"T9:133_T10:138_T11:142_T12:145_T30:174","S3:11_S8:61_S6:47"
"FIN","DA:58","EAR_EHRA_SEX_CUR_NB","SEX_T","CUR_TYPE_LCU","2017",19.77,,,"T9:133_T10:138_T11:142_T12:145_T30:174","S3:11_S8:61_S6:47"
"FIN","DA:58","EAR_EHRA_SEX_CUR_NB","SEX_T","CUR_TYPE_PPP","2017",21.067,,,"T9:133_T10:138_T11:142_T12:145_T30:174","S3:11_S8:61_S6:47"
"FIN","DA:58","EAR_EHRA_SEX_CUR_NB","SEX_T","CUR_TYPE_USD","2017",22.334,,,"T9:133_T10:138_T11:142_T12:145_T30:174","S3:11_S8:61_S6:47"
"FIN","DA:58","EAR_EHRA_SEX_CUR_NB","SEX_T","CUR_TYPE_LCU","2016",19.55,,,"T9:133_T10:138_T11:142_T12:145_T30:174","S3:11_S8:61_S6:47"
"FIN","DA:58","EAR_EHRA_SEX_CUR_NB","SEX_T","CUR_TYPE_PPP","2016",20.578,,,"T9:133_T10:138_T11:142_T12:145_T30:174","S3:11_S8:61_S6:47"
"FIN","DA:58","EAR_EHRA_SEX_CUR_NB","SEX_T","CUR_TYPE_USD","2016",21.64,,,"T9:133_T10:138_T11:142_T12:145_T30:174","S3:11_S8:61_S6:47"
"FIN","DA:58","EAR_EHRA_SEX_CUR_NB","SEX_T","CUR_TYPE_LCU","2014",19.44,,,"T9:133_T10:138_T11:142_T12:145_T30:174","S3:11_S8:61_S6:47"
"FIN","DA:58","EAR_EHRA_SEX_CUR_NB","SEX_T","CUR_TYPE_PPP","2014",19.868,,,"T9:133_T10:138_T11:142_T12:145_T30:174","S3:11_S8:61_S6:47"
"FIN","DA:58","EAR_EHRA_SEX_CUR_NB","SEX_T","CUR_TYPE_USD","2014",25.826,,,"T9:133_T10:138_T11:142_T12:145_T30:174","S3:11_S8:61_S6:47"
"FIN","DA:58","EAR_EHRA_SEX_CUR_NB","SEX_T","CUR_TYPE_LCU","2013",19.33,,,"T9:133_T10:138_T11:142_T12:145_T30:174","S3:11_S8:61_S6:47"
"FIN","DA:58","EAR_EHRA_SEX_CUR_NB","SEX_T","CUR_TYPE_PPP","2013",19.67,,,"T9:133_T10:138_T11:142_T12:145_T30:174","S3:11_S8:61_S6:47"
"FIN","DA:58","EAR_EHRA_SEX_CUR_NB","SEX_T","CUR_TYPE_USD","2013",25.672,,,"T9:133_T10:138_T11:142_T12:145_T30:174","S3:11_S8:61_S6:47"
"FIN","DA:58","EAR_EHRA_SEX_CUR_NB","SEX_T","CUR_TYPE_LCU","2010",18.12,,,"T8:127_T9:133_T30:174","R1:2383_S8:2566_S6:48"
"FIN","DA:58","EAR_EHRA_SEX_CUR_NB","SEX_T","CUR_TYPE_PPP","2010",18.501,,,"T8:127_T9:133_T30:174","R1:2383_S8:2566_S6:48"
"FIN","DA:58","EAR_EHRA_SEX_CUR_NB","SEX_T","CUR_TYPE_USD","2010",24.022,,,"T8:127_T9:133_T30:174","R1:2383_S8:2566_S6:48"
"FIN","DA:58","EAR_EHRA_SEX_CUR_NB","SEX_T","CUR_TYPE_LCU","2006",15.52,,,"T8:127_T9:133_T30:174","R1:2383_S8:2566_S6:48"
"FIN","DA:58","EAR_EHRA_SEX_CUR_NB","SEX_T","CUR_TYPE_PPP","2006",14.857,,,"T8:127_T9:133_T30:174","R1:2383_S8:2566_S6:48"
"FIN","DA:58","EAR_EHRA_SEX_CUR_NB","SEX_T","CUR_TYPE_USD","2006",19.487,,,"T8:127_T9:133_T30:174","R1:2383_S8:2566_S6:48"
"FIN","DA:58","EAR_EHRA_SEX_CUR_NB","SEX_T","CUR_TYPE_LCU","2002",13.8,,,"T8:127_T9:133_T30:174","R1:2383_S8:2566_S6:48"
"FIN","DA:58","EAR_EHRA_SEX_CUR_NB","SEX_T","CUR_TYPE_PPP","2002",12.653,,,"T8:127_T9:133_T30:174","R1:2383_S8:2566_S6:48"
"FIN","DA:58","EAR_EHRA_SEX_CUR_NB","SEX_T","CUR_TYPE_USD","2002",13.049,,,"T8:127_T9:133_T30:174","R1:2383_S8:2566_S6:48"
"FJI","BA:1135","EAR_EHRA_SEX_CUR_NB","SEX_T","CUR_TYPE_LCU","2024",8.142,,,"T30:214","R1:3513"
"FJI","BA:1135","EAR_EHRA_SEX_CUR_NB","SEX_T","CUR_TYPE_PPP","2024",8.79,,,"T30:214","R1:3513"
"FJI","BA:1135","EAR_EHRA_SEX_CUR_NB","SEX_T","CUR_TYPE_USD","2024",3.589,,,"T30:214","R1:3513"
"FRA","BA:148","EAR_EHRA_SEX_CUR_NB","SEX_T","CUR_TYPE_LCU","2024",16.189,,,"T30:175","R1:3513"
"FRA","BA:148","EAR_EHRA_SEX_CUR_NB","SEX_T","CUR_TYPE_PPP","2024",22.581,,,"T30:175","R1:3513"
"FRA","BA:148","EAR_EHRA_SEX_CUR_NB","SEX_T","CUR_TYPE_USD","2024",17.523,,,"T30:175","R1:3513"
"FRA","BA:148","EAR_EHRA_SEX_CUR_NB","SEX_T","CUR_TYPE_LCU","2023",15.376,,,"T30:175","R1:3513"
"FRA","BA:148","EAR_EHRA_SEX_CUR_NB","SEX_T","CUR_TYPE_PPP","2023",21.372,,,"T30:175","R1:3513"
"FRA","BA:148","EAR_EHRA_SEX_CUR_NB","SEX_T","CUR_TYPE_USD","2023",16.626,,,"T30:175","R1:3513"
"FRA","BA:148","EAR_EHRA_SEX_CUR_NB","SEX_T","CUR_TYPE_LCU","2022",14.534,,,"T30:175","R1:3513"
"FRA","BA:148","EAR_EHRA_SEX_CUR_NB","SEX_T","CUR_TYPE_PPP","2022",19.527,,,"T30:175","R1:3513"
"FRA","BA:148","EAR_EHRA_SEX_CUR_NB","SEX_T","CUR_TYPE_USD","2022",15.305,,,"T30:175","R1:3513"
"FRA","BA:148","EAR_EHRA_SEX_CUR_NB","SEX_T","CUR_TYPE_LCU","2021",14.382,,,"T30:175","R1:3513"
"FRA","BA:148","EAR_EHRA_SEX_CUR_NB","SEX_T","CUR_TYPE_PPP","2021",18.154,,,"T30:175","R1:3513"
"FRA","BA:148","EAR_EHRA_SEX_CUR_NB","SEX_T","CUR_TYPE_USD","2021",17.009,,,"T30:175","R1:3513"
"FRA","BA:148","EAR_EHRA_SEX_CUR_NB","SEX_T","CUR_TYPE_LCU","2020",14.873,,,"T30:175","R1:3513"
"FRA","BA:148","EAR_EHRA_SEX_CUR_NB","SEX_T","CUR_TYPE_PPP","2020",18.763,,,"T30:175","R1:3513"
"FRA","BA:148","EAR_EHRA_SEX_CUR_NB","SEX_T","CUR_TYPE_USD","2020",16.988,,,"T30:175","R1:3513"
"FRA","BA:148","EAR_EHRA_SEX_CUR_NB","SEX_T","CUR_TYPE_LCU","2019",14.027,,,"T30:175","R1:3513"
"FRA","BA:148","EAR_EHRA_SEX_CUR_NB","SEX_T","CUR_TYPE_PPP","2019",17.373,,,"T30:175","R1:3513"
"FRA","BA:148","EAR_EHRA_SEX_CUR_NB","SEX_T","CUR_TYPE_USD","2019",15.703,,,"T30:175","R1:3513"
"FRA","BA:148","EAR_EHRA_SEX_CUR_NB","SEX_T","CUR_TYPE_LCU","2018",13.577,,,"T30:175","R1:3513"
"FRA","BA:148","EAR_EHRA_SEX_CUR_NB","SEX_T","CUR_TYPE_PPP","2018",16.149,,,"T30:175","R1:3513"
"FRA","BA:148","EAR_EHRA_SEX_CUR_NB","SEX_T","CUR_TYPE_USD","2018",16.034,,,"T30:175","R1:3513"
"FRA","BA:148","EAR_EHRA_SEX_CUR_NB","SEX_T","CUR_TYPE_LCU","2017",13.196,,,"T30:175","R1:3513"
"FRA","BA:148","EAR_EHRA_SEX_CUR_NB","SEX_T","CUR_TYPE_PPP","2017",15.565,,,"T30:175","R1:3513"
"FRA","BA:148","EAR_EHRA_SEX_CUR_NB","SEX_T","CUR_TYPE_USD","2017",14.908,,,"T30:175","R1:3513"
"FRA","BA:148","EAR_EHRA_SEX_CUR_NB","SEX_T","CUR_TYPE_LCU","2016",13.034,,,"T30:175","R1:3513"
"FRA","BA:148","EAR_EHRA_SEX_CUR_NB","SEX_T","CUR_TYPE_PPP","2016",15.386,,,"T30:175","R1:3513"
"FRA","BA:148","EAR_EHRA_SEX_CUR_NB","SEX_T","CUR_TYPE_USD","2016",14.428,,,"T30:175","R1:3513"
"FRA","BA:148","EAR_EHRA_SEX_CUR_NB","SEX_T","CUR_TYPE_LCU","2015",13.086,,,"T30:175","R1:3513"
"FRA","BA:148","EAR_EHRA_SEX_CUR_NB","SEX_T","CUR_TYPE_PPP","2015",15.008,,,"T30:175","R1:3513"
"FRA","BA:148","EAR_EHRA_SEX_CUR_NB","SEX_T","CUR_TYPE_USD","2015",14.519,,,"T30:175","R1:3513"
"FRA","BA:148","EAR_EHRA_SEX_CUR_NB","SEX_T","CUR_TYPE_LCU","2014",13.112,,,"T30:175","R1:3513"
"FRA","BA:148","EAR_EHRA_SEX_CUR_NB","SEX_T","CUR_TYPE_PPP","2014",15.256,,,"T30:175","R1:3513"
"FRA","BA:148","EAR_EHRA_SEX_CUR_NB","SEX_T","CUR_TYPE_USD","2014",17.419,,,"T30:175","R1:3513"
"FRA","BA:148","EAR_EHRA_SEX_CUR_NB","SEX_T","CUR_TYPE_LCU","2013",13.159,,,"T30:175","R1:3513"
"FRA","BA:148","EAR_EHRA_SEX_CUR_NB","SEX_T","CUR_TYPE_PPP","2013",15.282,,,"T30:175","R1:3513"
"FRA","BA:148","EAR_EHRA_SEX_CUR_NB","SEX_T","CUR_TYPE_USD","2013",17.477,,,"T30:175","R1:3513"
"FRA","BA:148","EAR_EHRA_SEX_CUR_NB","SEX_T","CUR_TYPE_LCU","2012",12.586,,,"T30:175","R1:3513"
"FRA","BA:148","EAR_EHRA_SEX_CUR_NB","SEX_T","CUR_TYPE_PPP","2012",14.197,,,"T30:175","R1:3513"
"FRA","BA:148","EAR_EHRA_SEX_CUR_NB","SEX_T","CUR_TYPE_USD","2012",16.17,,,"T30:175","R1:3513"
"FRA","BA:148","EAR_EHRA_SEX_CUR_NB","SEX_T","CUR_TYPE_LCU","2011",12.304,,,"T30:175","R1:3513"
"FRA","BA:148","EAR_EHRA_SEX_CUR_NB","SEX_T","CUR_TYPE_PPP","2011",13.939,,,"T30:175","R1:3513"
"FRA","BA:148","EAR_EHRA_SEX_CUR_NB","SEX_T","CUR_TYPE_USD","2011",17.127,,,"T30:175","R1:3513"
"FRA","BA:148","EAR_EHRA_SEX_CUR_NB","SEX_T","CUR_TYPE_LCU","2010",12.08,,,"T30:175","R1:3513"
"FRA","BA:148","EAR_EHRA_SEX_CUR_NB","SEX_T","CUR_TYPE_PPP","2010",13.453,,,"T30:175","R1:3513"
"FRA","BA:148","EAR_EHRA_SEX_CUR_NB","SEX_T","CUR_TYPE_USD","2010",16.014,,,"T30:175","R1:3513"
"FRA","BA:148","EAR_EHRA_SEX_CUR_NB","SEX_T","CUR_TYPE_LCU","2009",12.153,,,"T30:175","R1:3513"
"FRA","BA:148","EAR_EHRA_SEX_CUR_NB","SEX_T","CUR_TYPE_PPP","2009",13.387,,,"T30:175","R1:3513"
"FRA","BA:148","EAR_EHRA_SEX_CUR_NB","SEX_T","CUR_TYPE_USD","2009",16.951,,,"T30:175","R1:3513"
"FRA","BA:148","EAR_EHRA_SEX_CUR_NB","SEX_T","CUR_TYPE_LCU","2008",11.831,,,"T30:175","R1:3513"
"FRA","BA:148","EAR_EHRA_SEX_CUR_NB","SEX_T","CUR_TYPE_PPP","2008",12.787,,,"T30:175","R1:3513"
"FRA","BA:148","EAR_EHRA_SEX_CUR_NB","SEX_T","CUR_TYPE_USD","2008",17.401,,,"T30:175","R1:3513"
"FRA","BA:148","EAR_EHRA_SEX_CUR_NB","SEX_T","CUR_TYPE_LCU","2007",11.62,,,"T30:175","R1:3513"
"FRA","BA:148","EAR_EHRA_SEX_CUR_NB","SEX_T","CUR_TYPE_PPP","2007",12.546,,,"T30:175","R1:3513"
"FRA","BA:148","EAR_EHRA_SEX_CUR_NB","SEX_T","CUR_TYPE_USD","2007",15.925,,,"T30:175","R1:3513"
"FRA","BA:148","EAR_EHRA_SEX_CUR_NB","SEX_T","CUR_TYPE_LCU","2006",11.236,,,"T30:175","R1:3513"
"FRA","BA:148","EAR_EHRA_SEX_CUR_NB","SEX_T","CUR_TYPE_PPP","2006",12.11,,,"T30:175","R1:3513"
"FRA","BA:148","EAR_EHRA_SEX_CUR_NB","SEX_T","CUR_TYPE_USD","2006",14.108,,,"T30:175","R1:3513"
"FRA","BA:148","EAR_EHRA_SEX_CUR_NB","SEX_T","CUR_TYPE_LCU","2005",10.974,"B",,"T30:175_I11:264","R1:3513"
"FRA","BA:148","EAR_EHRA_SEX_CUR_NB","SEX_T","CUR_TYPE_PPP","2005",11.812,"B",,"T30:175_I11:264","R1:3513"
"FRA","BA:148","EAR_EHRA_SEX_CUR_NB","SEX_T","CUR_TYPE_USD","2005",13.653,"B",,"T30:175_I11:264","R1:3513"
"GBR","BA:666","EAR_EHRA_SEX_CUR_NB","SEX_T","CUR_TYPE_LCU","2025",21.668,,,"T30:210","R1:3513"
"GBR","BA:666","EAR_EHRA_SEX_CUR_NB","SEX_T","CUR_TYPE_PPP","2025",30.886,,,"T30:210","R1:3513"
"GBR","BA:666","EAR_EHRA_SEX_CUR_NB","SEX_T","CUR_TYPE_USD","2025",28.53,,,"T30:210","R1:3513"
"GBR","BA:666","EAR_EHRA_SEX_CUR_NB","SEX_T","CUR_TYPE_LCU","2024",20.559,,,"T30:210","R1:3513"
"GBR","BA:666","EAR_EHRA_SEX_CUR_NB","SEX_T","CUR_TYPE_PPP","2024",30.113,,,"T30:210","R1:3513"
"GBR","BA:666","EAR_EHRA_SEX_CUR_NB","SEX_T","CUR_TYPE_USD","2024",26.277,,,"T30:210","R1:3513"
"GBR","BA:666","EAR_EHRA_SEX_CUR_NB","SEX_T","CUR_TYPE_LCU","2023",19.688,,,"T30:210","R1:3513"
"GBR","BA:666","EAR_EHRA_SEX_CUR_NB","SEX_T","CUR_TYPE_PPP","2023",29.226,,,"T30:210","R1:3513"
"GBR","BA:666","EAR_EHRA_SEX_CUR_NB","SEX_T","CUR_TYPE_USD","2023",24.471,,,"T30:210","R1:3513"
"GBR","BA:666","EAR_EHRA_SEX_CUR_NB","SEX_T","CUR_TYPE_LCU","2022",18.504,,,"T30:210","R1:3513"
"GBR","BA:666","EAR_EHRA_SEX_CUR_NB","SEX_T","CUR_TYPE_PPP","2022",26.606,,,"T30:210","R1:3513"
"GBR","BA:666","EAR_EHRA_SEX_CUR_NB","SEX_T","CUR_TYPE_USD","2022",22.808,,,"T30:210","R1:3513"
"GBR","BA:666","EAR_EHRA_SEX_CUR_NB","SEX_T","CUR_TYPE_LCU","2021",17.696,,,"T30:210","R1:3513"
"GBR","BA:666","EAR_EHRA_SEX_CUR_NB","SEX_T","CUR_TYPE_PPP","2021",24.059,,,"T30:210","R1:3513"
"GBR","BA:666","EAR_EHRA_SEX_CUR_NB","SEX_T","CUR_TYPE_USD","2021",24.34,,,"T30:210","R1:3513"
"GBR","BA:666","EAR_EHRA_SEX_CUR_NB","SEX_T","CUR_TYPE_LCU","2020",18.475,,,"T30:210","R1:3513"
"GBR","BA:666","EAR_EHRA_SEX_CUR_NB","SEX_T","CUR_TYPE_PPP","2020",24.591,,,"T30:210","R1:3513"
"GBR","BA:666","EAR_EHRA_SEX_CUR_NB","SEX_T","CUR_TYPE_USD","2020",23.686,,,"T30:210","R1:3513"
"GBR","DA:670","EAR_EHRA_SEX_CUR_NB","SEX_T","CUR_TYPE_LCU","2019",16.99,,,"T9:133_T10:138_T12:145_T30:210","S3:15_S9:66"
"GBR","DA:670","EAR_EHRA_SEX_CUR_NB","SEX_T","CUR_TYPE_PPP","2019",22.488,,,"T9:133_T10:138_T12:145_T30:210","S3:15_S9:66"
"GBR","DA:670","EAR_EHRA_SEX_CUR_NB","SEX_T","CUR_TYPE_USD","2019",21.686,,,"T9:133_T10:138_T12:145_T30:210","S3:15_S9:66"
"GBR","BA:666","EAR_EHRA_SEX_CUR_NB","SEX_T","CUR_TYPE_LCU","2018",15.683,,,"T30:210","R1:3513"
"GBR","BA:666","EAR_EHRA_SEX_CUR_NB","SEX_T","CUR_TYPE_PPP","2018",20.078,,,"T30:210","R1:3513"
"GBR","BA:666","EAR_EHRA_SEX_CUR_NB","SEX_T","CUR_TYPE_USD","2018",20.923,,,"T30:210","R1:3513"
"GBR","BA:666","EAR_EHRA_SEX_CUR_NB","SEX_T","CUR_TYPE_LCU","2017",15.175,,,"T30:210","R1:3513"
"GBR","BA:666","EAR_EHRA_SEX_CUR_NB","SEX_T","CUR_TYPE_PPP","2017",19.288,,,"T30:210","R1:3513"
"GBR","BA:666","EAR_EHRA_SEX_CUR_NB","SEX_T","CUR_TYPE_USD","2017",19.531,,,"T30:210","R1:3513"
"GBR","BA:666","EAR_EHRA_SEX_CUR_NB","SEX_T","CUR_TYPE_LCU","2016",14.586,,,"T30:210","R1:3513"
"GBR","BA:666","EAR_EHRA_SEX_CUR_NB","SEX_T","CUR_TYPE_PPP","2016",18.497,,,"T30:210","R1:3513"
"GBR","BA:666","EAR_EHRA_SEX_CUR_NB","SEX_T","CUR_TYPE_USD","2016",19.695,,,"T30:210","R1:3513"
"GBR","BA:666","EAR_EHRA_SEX_CUR_NB","SEX_T","CUR_TYPE_LCU","2015",14.406,,,"T30:210","R1:3513"
"GBR","BA:666","EAR_EHRA_SEX_CUR_NB","SEX_T","CUR_TYPE_PPP","2015",17.878,,,"T30:210","R1:3513"
"GBR","BA:666","EAR_EHRA_SEX_CUR_NB","SEX_T","CUR_TYPE_USD","2015",22.009,,,"T30:210","R1:3513"
"GBR","BA:666","EAR_EHRA_SEX_CUR_NB","SEX_T","CUR_TYPE_LCU","2014",14.117,,,"T30:210","R1:3513"
"GBR","BA:666","EAR_EHRA_SEX_CUR_NB","SEX_T","CUR_TYPE_PPP","2014",17.679,,,"T30:210","R1:3513"
"GBR","BA:666","EAR_EHRA_SEX_CUR_NB","SEX_T","CUR_TYPE_USD","2014",23.229,,,"T30:210","R1:3513"
"GBR","BA:666","EAR_EHRA_SEX_CUR_NB","SEX_T","CUR_TYPE_LCU","2013",13.967,,,"T30:210","R1:3513"
"GBR","BA:666","EAR_EHRA_SEX_CUR_NB","SEX_T","CUR_TYPE_PPP","2013",17.616,,,"T30:210","R1:3513"
"GBR","BA:666","EAR_EHRA_SEX_CUR_NB","SEX_T","CUR_TYPE_USD","2013",21.835,,,"T30:210","R1:3513"
"GBR","BA:666","EAR_EHRA_SEX_CUR_NB","SEX_T","CUR_TYPE_LCU","2012",13.674,,,"T30:210","R1:3513"
"GBR","BA:666","EAR_EHRA_SEX_CUR_NB","SEX_T","CUR_TYPE_PPP","2012",17.37,,,"T30:210","R1:3513"
"GBR","BA:666","EAR_EHRA_SEX_CUR_NB","SEX_T","CUR_TYPE_USD","2012",21.6,,,"T30:210","R1:3513"
"GBR","BA:666","EAR_EHRA_SEX_CUR_NB","SEX_T","CUR_TYPE_LCU","2011",13.376,,,"T30:210","R1:3513"
"GBR","BA:666","EAR_EHRA_SEX_CUR_NB","SEX_T","CUR_TYPE_PPP","2011",17.2,,,"T30:210","R1:3513"
"GBR","BA:666","EAR_EHRA_SEX_CUR_NB","SEX_T","CUR_TYPE_USD","2011",21.431,,,"T30:210","R1:3513"
"GBR","BA:666","EAR_EHRA_SEX_CUR_NB","SEX_T","CUR_TYPE_LCU","2010",13.261,,,"T30:210","R1:3513"
"GBR","BA:666","EAR_EHRA_SEX_CUR_NB","SEX_T","CUR_TYPE_PPP","2010",17.038,,,"T30:210","R1:3513"
"GBR","BA:666","EAR_EHRA_SEX_CUR_NB","SEX_T","CUR_TYPE_USD","2010",20.491,,,"T30:210","R1:3513"
"GBR","BA:666","EAR_EHRA_SEX_CUR_NB","SEX_T","CUR_TYPE_LCU","2009",12.924,,,"T30:210","R1:3513"
"GBR","BA:666","EAR_EHRA_SEX_CUR_NB","SEX_T","CUR_TYPE_PPP","2009",16.523,,,"T30:210","R1:3513"
"GBR","BA:666","EAR_EHRA_SEX_CUR_NB","SEX_T","CUR_TYPE_USD","2009",20.134,,,"T30:210","R1:3513"
"GBR","BA:666","EAR_EHRA_SEX_CUR_NB","SEX_T","CUR_TYPE_LCU","2008",12.864,,,"T30:210","R1:3513"
"GBR","BA:666","EAR_EHRA_SEX_CUR_NB","SEX_T","CUR_TYPE_PPP","2008",16.85,,,"T30:210","R1:3513"
"GBR","BA:666","EAR_EHRA_SEX_CUR_NB","SEX_T","CUR_TYPE_USD","2008",23.648,,,"T30:210","R1:3513"
"GBR","BA:666","EAR_EHRA_SEX_CUR_NB","SEX_T","CUR_TYPE_LCU","2007",12.142,,,"T30:210","R1:3513"
"GBR","BA:666","EAR_EHRA_SEX_CUR_NB","SEX_T","CUR_TYPE_PPP","2007",16.002,,,"T30:210","R1:3513"
"GBR","BA:666","EAR_EHRA_SEX_CUR_NB","SEX_T","CUR_TYPE_USD","2007",24.296,,,"T30:210","R1:3513"
"GBR","BA:666","EAR_EHRA_SEX_CUR_NB","SEX_T","CUR_TYPE_LCU","2006",11.765,,,"T30:210","R1:3513"
"GBR","BA:666","EAR_EHRA_SEX_CUR_NB","SEX_T","CUR_TYPE_PPP","2006",15.692,,,"T30:210","R1:3513"
"GBR","BA:666","EAR_EHRA_SEX_CUR_NB","SEX_T","CUR_TYPE_USD","2006",21.647,,,"T30:210","R1:3513"
"GBR","BA:666","EAR_EHRA_SEX_CUR_NB","SEX_T","CUR_TYPE_LCU","2005",11.213,"B",,"T30:210_I11:264","R1:3513"
"GBR","BA:666","EAR_EHRA_SEX_CUR_NB","SEX_T","CUR_TYPE_PPP","2005",14.698,"B",,"T30:210_I11:264","R1:3513"
"GBR","BA:666","EAR_EHRA_SEX_CUR_NB","SEX_T","CUR_TYPE_USD","2005",20.387,"B",,"T30:210_I11:264","R1:3513"
"GBR","BA:666","EAR_EHRA_SEX_CUR_NB","SEX_T","CUR_TYPE_LCU","2003",10.539,,,"T30:210","R1:3513"
"GBR","BA:666","EAR_EHRA_SEX_CUR_NB","SEX_T","CUR_TYPE_PPP","2003",13.862,,,"T30:210","R1:3513"
"GBR","BA:666","EAR_EHRA_SEX_CUR_NB","SEX_T","CUR_TYPE_USD","2003",17.206,,,"T30:210","R1:3513"
"GBR","BA:666","EAR_EHRA_SEX_CUR_NB","SEX_T","CUR_TYPE_LCU","2002",10.182,,,"T30:210","R1:3513"
"GBR","BA:666","EAR_EHRA_SEX_CUR_NB","SEX_T","CUR_TYPE_PPP","2002",13.328,,,"T30:210","R1:3513"
"GBR","BA:666","EAR_EHRA_SEX_CUR_NB","SEX_T","CUR_TYPE_USD","2002",15.261,,,"T30:210","R1:3513"
"GBR","BA:666","EAR_EHRA_SEX_CUR_NB","SEX_T","CUR_TYPE_LCU","2001",9.668,,,"T30:210","R1:3513"
"GBR","BA:666","EAR_EHRA_SEX_CUR_NB","SEX_T","CUR_TYPE_PPP","2001",12.789,,,"T30:210","R1:3513"
"GBR","BA:666","EAR_EHRA_SEX_CUR_NB","SEX_T","CUR_TYPE_USD","2001",13.918,,,"T30:210","R1:3513"
"GBR","BA:666","EAR_EHRA_SEX_CUR_NB","SEX_T","CUR_TYPE_LCU","2000",9.194,,,"T30:210","R1:3513"
"GBR","BA:666","EAR_EHRA_SEX_CUR_NB","SEX_T","CUR_TYPE_PPP","2000",11.825,,,"T30:210","R1:3513"
"GBR","BA:666","EAR_EHRA_SEX_CUR_NB","SEX_T","CUR_TYPE_USD","2000",13.91,,,"T30:210","R1:3513"
"GHA","BB:16203","EAR_EHRA_SEX_CUR_NB","SEX_T","CUR_TYPE_LCU","2024",17.298,,,"T30:20","R1:3513"
"GHA","BB:16203","EAR_EHRA_SEX_CUR_NB","SEX_T","CUR_TYPE_PPP","2024",3.664,,,"T30:20","R1:3513"
"GHA","BB:16203","EAR_EHRA_SEX_CUR_NB","SEX_T","CUR_TYPE_USD","2024",1.22,,,"T30:20","R1:3513"
"GHA","BB:16203","EAR_EHRA_SEX_CUR_NB","SEX_T","CUR_TYPE_LCU","2023",22.292,,,"T30:20","R1:3513"
"GHA","BB:16203","EAR_EHRA_SEX_CUR_NB","SEX_T","CUR_TYPE_PPP","2023",5.634,,,"T30:20","R1:3513"
"GHA","BB:16203","EAR_EHRA_SEX_CUR_NB","SEX_T","CUR_TYPE_USD","2023",2.023,,,"T30:20","R1:3513"
"GHA","BB:16203","EAR_EHRA_SEX_CUR_NB","SEX_T","CUR_TYPE_LCU","2022",13.428,,,"T30:20","R1:3513"
"GHA","BB:16203","EAR_EHRA_SEX_CUR_NB","SEX_T","CUR_TYPE_PPP","2022",4.502,,,"T30:20","R1:3513"
"GHA","BB:16203","EAR_EHRA_SEX_CUR_NB","SEX_T","CUR_TYPE_USD","2022",1.623,,,"T30:20","R1:3513"
"GHA","BB:3078","EAR_EHRA_SEX_CUR_NB","SEX_T","CUR_TYPE_LCU","2017",7.504,"B",,"T30:20_I11:264","R1:3513"
"GHA","BB:3078","EAR_EHRA_SEX_CUR_NB","SEX_T","CUR_TYPE_PPP","2017",4.391,"B",,"T30:20_I11:264","R1:3513"
"GHA","BB:3078","EAR_EHRA_SEX_CUR_NB","SEX_T","CUR_TYPE_USD","2017",1.725,"B",,"T30:20_I11:264","R1:3513"
"GHA","BA:1163","EAR_EHRA_SEX_CUR_NB","SEX_T","CUR_TYPE_LCU","2015",5.978,"B",,"T30:20_I11:264","R1:3513"
"GHA","BA:1163","EAR_EHRA_SEX_CUR_NB","SEX_T","CUR_TYPE_PPP","2015",4.536,"B",,"T30:20_I11:264","R1:3513"
"GHA","BA:1163","EAR_EHRA_SEX_CUR_NB","SEX_T","CUR_TYPE_USD","2015",1.609,"B",,"T30:20_I11:264","R1:3513"
"GHA","BB:3078","EAR_EHRA_SEX_CUR_NB","SEX_T","CUR_TYPE_LCU","2013",3.535,"B",,"T30:20_I11:264","R1:3513"
"GHA","BB:3078","EAR_EHRA_SEX_CUR_NB","SEX_T","CUR_TYPE_PPP","2013",3.761,"B",,"T30:20_I11:264","R1:3513"
"GHA","BB:3078","EAR_EHRA_SEX_CUR_NB","SEX_T","CUR_TYPE_USD","2013",1.784,"B",,"T30:20_I11:264","R1:3513"
"GHA","BB:3078","EAR_EHRA_SEX_CUR_NB","SEX_T","CUR_TYPE_LCU","2006",6676.11,"B",,"T30:291_I11:264","R1:3513"
"GIN","BA:15631","EAR_EHRA_SEX_CUR_NB","SEX_T","CUR_TYPE_LCU","2019",12072.141,,,"I20:4077_T11:142_T12:145_T30:22","S5:3210"
"GIN","BA:15631","EAR_EHRA_SEX_CUR_NB","SEX_T","CUR_TYPE_PPP","2019",4.009,,,"I20:4077_T11:142_T12:145_T30:22","S5:3210"
"GIN","BA:15631","EAR_EHRA_SEX_CUR_NB","SEX_T","CUR_TYPE_USD","2019",1.314,,,"I20:4077_T11:142_T12:145_T30:22","S5:3210"
"GMB","BA:7014","EAR_EHRA_SEX_CUR_NB","SEX_T","CUR_TYPE_LCU","2018",23.242,"B",,"T30:19_I11:264","R1:3513"
"GMB","BA:7014","EAR_EHRA_SEX_CUR_NB","SEX_T","CUR_TYPE_PPP","2018",1.559,"B",,"T30:19_I11:264","R1:3513"
"GMB","BA:7014","EAR_EHRA_SEX_CUR_NB","SEX_T","CUR_TYPE_USD","2018",0.483,"B",,"T30:19_I11:264","R1:3513"
"GMB","BA:7014","EAR_EHRA_SEX_CUR_NB","SEX_T","CUR_TYPE_LCU","2012",18.4,"B",,"T30:19_I11:264","R1:3513"
"GMB","BA:7014","EAR_EHRA_SEX_CUR_NB","SEX_T","CUR_TYPE_PPP","2012",1.669,"B",,"T30:19_I11:264","R1:3513"
"GMB","BA:7014","EAR_EHRA_SEX_CUR_NB","SEX_T","CUR_TYPE_USD","2012",0.574,"B",,"T30:19_I11:264","R1:3513"
"GNQ","BB:16937","EAR_EHRA_SEX_CUR_NB","SEX_T","CUR_TYPE_LCU","2023",1412.766,,,"T30:21","R1:3513"
"GNQ","BB:16937","EAR_EHRA_SEX_CUR_NB","SEX_T","CUR_TYPE_PPP","2023",5.123,,,"T30:21","R1:3513"
"GNQ","BB:16937","EAR_EHRA_SEX_CUR_NB","SEX_T","CUR_TYPE_USD","2023",2.329,,,"T30:21","R1:3513"
"GRC","BA:317","EAR_EHRA_SEX_CUR_NB","SEX_T","CUR_TYPE_LCU","2020",5.966,,,"T30:178","R1:3513"
"GRC","BA:317","EAR_EHRA_SEX_CUR_NB","SEX_T","CUR_TYPE_PPP","2020",9.619,,,"T30:178","R1:3513"
"GRC","BA:317","EAR_EHRA_SEX_CUR_NB","SEX_T","CUR_TYPE_USD","2020",6.815,,,"T30:178","R1:3513"
"GRC","BA:317","EAR_EHRA_SEX_CUR_NB","SEX_T","CUR_TYPE_LCU","2019",5.734,,,"T30:178","R1:3513"
"GRC","BA:317","EAR_EHRA_SEX_CUR_NB","SEX_T","CUR_TYPE_PPP","2019",9.27,,,"T30:178","R1:3513"
"GRC","BA:317","EAR_EHRA_SEX_CUR_NB","SEX_T","CUR_TYPE_USD","2019",6.419,,,"T30:178","R1:3513"
"GRC","BA:317","EAR_EHRA_SEX_CUR_NB","SEX_T","CUR_TYPE_LCU","2018",5.634,,,"T30:178","R1:3513"
"GRC","BA:317","EAR_EHRA_SEX_CUR_NB","SEX_T","CUR_TYPE_PPP","2018",8.793,,,"T30:178","R1:3513"
"GRC","BA:317","EAR_EHRA_SEX_CUR_NB","SEX_T","CUR_TYPE_USD","2018",6.654,,,"T30:178","R1:3513"
"GRC","BA:317","EAR_EHRA_SEX_CUR_NB","SEX_T","CUR_TYPE_LCU","2017",5.625,,,"T30:178","R1:3513"
"GRC","BA:317","EAR_EHRA_SEX_CUR_NB","SEX_T","CUR_TYPE_PPP","2017",8.628,,,"T30:178","R1:3513"
"GRC","BA:317","EAR_EHRA_SEX_CUR_NB","SEX_T","CUR_TYPE_USD","2017",6.354,,,"T30:178","R1:3513"
"GRC","BA:317","EAR_EHRA_SEX_CUR_NB","SEX_T","CUR_TYPE_LCU","2016",5.558,,,"T30:178","R1:3513"
"GRC","BA:317","EAR_EHRA_SEX_CUR_NB","SEX_T","CUR_TYPE_PPP","2016",8.414,,,"T30:178","R1:3513"
"GRC","BA:317","EAR_EHRA_SEX_CUR_NB","SEX_T","CUR_TYPE_USD","2016",6.152,,,"T30:178","R1:3513"
"GRC","BA:317","EAR_EHRA_SEX_CUR_NB","SEX_T","CUR_TYPE_LCU","2015",5.59,,,"T30:178","R1:3513"
"GRC","BA:317","EAR_EHRA_SEX_CUR_NB","SEX_T","CUR_TYPE_PPP","2015",8.144,,,"T30:178","R1:3513"
"GRC","BA:317","EAR_EHRA_SEX_CUR_NB","SEX_T","CUR_TYPE_USD","2015",6.202,,,"T30:178","R1:3513"
"GRC","DA:3088","EAR_EHRA_SEX_CUR_NB","SEX_T","CUR_TYPE_LCU","2014",9.48,,,"T30:178","R1:2383_S3:21_S8:2566_S6:48"
"GRC","DA:3088","EAR_EHRA_SEX_CUR_NB","SEX_T","CUR_TYPE_PPP","2014",13.82,,,"T30:178","R1:2383_S3:21_S8:2566_S6:48"
"GRC","DA:3088","EAR_EHRA_SEX_CUR_NB","SEX_T","CUR_TYPE_USD","2014",12.594,,,"T30:178","R1:2383_S3:21_S8:2566_S6:48"
"GRC","DA:3088","EAR_EHRA_SEX_CUR_NB","SEX_T","CUR_TYPE_LCU","2010",10.97,,,"T30:178","R1:2383_S3:21_S8:2566_S6:48"
"GRC","DA:3088","EAR_EHRA_SEX_CUR_NB","SEX_T","CUR_TYPE_PPP","2010",13.987,,,"T30:178","R1:2383_S3:21_S8:2566_S6:48"
"GRC","DA:3088","EAR_EHRA_SEX_CUR_NB","SEX_T","CUR_TYPE_USD","2010",14.543,,,"T30:178","R1:2383_S3:21_S8:2566_S6:48"
"GTM","BA:660","EAR_EHRA_SEX_CUR_NB","SEX_T","CUR_TYPE_LCU","2025",23.603,,,"T30:83","R1:3513"
"GTM","BA:660","EAR_EHRA_SEX_CUR_NB","SEX_T","CUR_TYPE_PPP","2025",6.877,,,"T30:83","R1:3513"
"GTM","BA:660","EAR_EHRA_SEX_CUR_NB","SEX_T","CUR_TYPE_USD","2025",3.073,,,"T30:83","R1:3513"
"GTM","BA:660","EAR_EHRA_SEX_CUR_NB","SEX_T","CUR_TYPE_LCU","2024",20.96,"B",,"T30:83_I11:264","R1:3513"
"GTM","BA:660","EAR_EHRA_SEX_CUR_NB","SEX_T","CUR_TYPE_PPP","2024",6.035,"B",,"T30:83_I11:264","R1:3513"
"GTM","BA:660","EAR_EHRA_SEX_CUR_NB","SEX_T","CUR_TYPE_USD","2024",2.702,"B",,"T30:83_I11:264","R1:3513"
"GTM","BB:16732","EAR_EHRA_SEX_CUR_NB","SEX_T","CUR_TYPE_LCU","2023",16.056,,,"T30:83","R1:3513"
"GTM","BB:16732","EAR_EHRA_SEX_CUR_NB","SEX_T","CUR_TYPE_PPP","2023",4.62,,,"T30:83","R1:3513"
"GTM","BB:16732","EAR_EHRA_SEX_CUR_NB","SEX_T","CUR_TYPE_USD","2023",2.05,,,"T30:83","R1:3513"
"GTM","BA:660","EAR_EHRA_SEX_CUR_NB","SEX_T","CUR_TYPE_LCU","2002",9.6,,,"T30:83","R1:3473"
"GTM","BA:660","EAR_EHRA_SEX_CUR_NB","SEX_T","CUR_TYPE_PPP","2002",3.482,,,"T30:83","R1:3473"
"GTM","BA:660","EAR_EHRA_SEX_CUR_NB","SEX_T","CUR_TYPE_USD","2002",1.227,,,"T30:83","R1:3473"
"GTM","BX:5867","EAR_EHRA_SEX_CUR_NB","SEX_T","CUR_TYPE_LCU","2000",8,,,"T30:83","R1:3473"
"GTM","BX:5867","EAR_EHRA_SEX_CUR_NB","SEX_T","CUR_TYPE_PPP","2000",3.223,,,"T30:83","R1:3473"
"GTM","BX:5867","EAR_EHRA_SEX_CUR_NB","SEX_T","CUR_TYPE_USD","2000",1.03,,,"T30:83","R1:3473"
"GUY","BA:1214","EAR_EHRA_SEX_CUR_NB","SEX_T","CUR_TYPE_LCU","2024",753.621,,,"T30:84","R1:3513"
"GUY","BA:1214","EAR_EHRA_SEX_CUR_NB","SEX_T","CUR_TYPE_PPP","2024",7.753,,,"T30:84","R1:3513"
"GUY","BA:1214","EAR_EHRA_SEX_CUR_NB","SEX_T","CUR_TYPE_USD","2024",3.614,,,"T30:84","R1:3513"
"GUY","BA:1214","EAR_EHRA_SEX_CUR_NB","SEX_T","CUR_TYPE_LCU","2021",515.835,,,"T30:84","R1:3513"
"GUY","BA:1214","EAR_EHRA_SEX_CUR_NB","SEX_T","CUR_TYPE_PPP","2021",5.186,,,"T30:84","R1:3513"
"GUY","BA:1214","EAR_EHRA_SEX_CUR_NB","SEX_T","CUR_TYPE_USD","2021",2.474,,,"T30:84","R1:3513"
"GUY","BA:1214","EAR_EHRA_SEX_CUR_NB","SEX_T","CUR_TYPE_LCU","2020",450.67,,,"T30:84","R1:3513"
"GUY","BA:1214","EAR_EHRA_SEX_CUR_NB","SEX_T","CUR_TYPE_PPP","2020",4.359,,,"T30:84","R1:3513"
"GUY","BA:1214","EAR_EHRA_SEX_CUR_NB","SEX_T","CUR_TYPE_USD","2020",2.162,,,"T30:84","R1:3513"
"GUY","BA:1214","EAR_EHRA_SEX_CUR_NB","SEX_T","CUR_TYPE_LCU","2019",459.927,,,"T30:84","R1:3513"
"GUY","BA:1214","EAR_EHRA_SEX_CUR_NB","SEX_T","CUR_TYPE_PPP","2019",4.207,,,"T30:84","R1:3513"
"GUY","BA:1214","EAR_EHRA_SEX_CUR_NB","SEX_T","CUR_TYPE_USD","2019",2.206,,,"T30:84","R1:3513"
"GUY","BA:1214","EAR_EHRA_SEX_CUR_NB","SEX_T","CUR_TYPE_LCU","2018",449.268,"B",,"T30:84_I11:264","R1:3513"
"GUY","BA:1214","EAR_EHRA_SEX_CUR_NB","SEX_T","CUR_TYPE_PPP","2018",3.97,"B",,"T30:84_I11:264","R1:3513"
"GUY","BA:1214","EAR_EHRA_SEX_CUR_NB","SEX_T","CUR_TYPE_USD","2018",2.163,"B",,"T30:84_I11:264","R1:3513"
"HND","BX:504","EAR_EHRA_SEX_CUR_NB","SEX_T","CUR_TYPE_LCU","2025",64.308,,,"T30:87","R1:3513_S3:9"
"HND","BX:504","EAR_EHRA_SEX_CUR_NB","SEX_T","CUR_TYPE_PPP","2025",5.097,,,"T30:87","R1:3513_S3:9"
"HND","BX:504","EAR_EHRA_SEX_CUR_NB","SEX_T","CUR_TYPE_USD","2025",2.478,,,"T30:87","R1:3513_S3:9"
"HND","BX:504","EAR_EHRA_SEX_CUR_NB","SEX_T","CUR_TYPE_LCU","2024",59.618,,,"T30:87","R1:3513_S3:9"
"HND","BX:504","EAR_EHRA_SEX_CUR_NB","SEX_T","CUR_TYPE_PPP","2024",4.813,,,"T30:87","R1:3513_S3:9"
"HND","BX:504","EAR_EHRA_SEX_CUR_NB","SEX_T","CUR_TYPE_USD","2024",2.404,,,"T30:87","R1:3513_S3:9"
"HND","BX:504","EAR_EHRA_SEX_CUR_NB","SEX_T","CUR_TYPE_LCU","2023",53.325,,,"T30:87","R1:3513_S3:9"
"HND","BX:504","EAR_EHRA_SEX_CUR_NB","SEX_T","CUR_TYPE_PPP","2023",4.374,,,"T30:87","R1:3513_S3:9"
"HND","BX:504","EAR_EHRA_SEX_CUR_NB","SEX_T","CUR_TYPE_USD","2023",2.168,,,"T30:87","R1:3513_S3:9"
"HND","BX:504","EAR_EHRA_SEX_CUR_NB","SEX_T","CUR_TYPE_LCU","2022",59.675,,,"T30:87","R1:3513_S3:9"
"HND","BX:504","EAR_EHRA_SEX_CUR_NB","SEX_T","CUR_TYPE_PPP","2022",5.014,,,"T30:87","R1:3513_S3:9"
"HND","BX:504","EAR_EHRA_SEX_CUR_NB","SEX_T","CUR_TYPE_USD","2022",2.437,,,"T30:87","R1:3513_S3:9"
"HND","BX:504","EAR_EHRA_SEX_CUR_NB","SEX_T","CUR_TYPE_LCU","2021",58.052,,,"T30:87","R1:3513_S3:9"
"HND","BX:504","EAR_EHRA_SEX_CUR_NB","SEX_T","CUR_TYPE_PPP","2021",4.927,,,"T30:87","R1:3513_S3:9"
"HND","BX:504","EAR_EHRA_SEX_CUR_NB","SEX_T","CUR_TYPE_USD","2021",2.417,,,"T30:87","R1:3513_S3:9"
"HND","BX:504","EAR_EHRA_SEX_CUR_NB","SEX_T","CUR_TYPE_LCU","2020",62.325,"B",,"T30:87_I11:264","R1:3513_S3:9"
"HND","BX:504","EAR_EHRA_SEX_CUR_NB","SEX_T","CUR_TYPE_PPP","2020",5.38,"B",,"T30:87_I11:264","R1:3513_S3:9"
"HND","BX:504","EAR_EHRA_SEX_CUR_NB","SEX_T","CUR_TYPE_USD","2020",2.535,"B",,"T30:87_I11:264","R1:3513_S3:9"
"HND","BX:504","EAR_EHRA_SEX_CUR_NB","SEX_T","CUR_TYPE_LCU","2019",40.281,,,"T30:87","R1:3513_S3:9"
"HND","BX:504","EAR_EHRA_SEX_CUR_NB","SEX_T","CUR_TYPE_PPP","2019",3.523,,,"T30:87","R1:3513_S3:9"
"HND","BX:504","EAR_EHRA_SEX_CUR_NB","SEX_T","CUR_TYPE_USD","2019",1.644,,,"T30:87","R1:3513_S3:9"
"HND","BX:504","EAR_EHRA_SEX_CUR_NB","SEX_T","CUR_TYPE_LCU","2018",36.765,"B",,"T30:87_I11:264","R1:3513_S3:9"
"HND","BX:504","EAR_EHRA_SEX_CUR_NB","SEX_T","CUR_TYPE_PPP","2018",3.298,"B",,"T30:87_I11:264","R1:3513_S3:9"
"HND","BX:504","EAR_EHRA_SEX_CUR_NB","SEX_T","CUR_TYPE_USD","2018",1.538,"B",,"T30:87_I11:264","R1:3513_S3:9"
"HND","BX:504","EAR_EHRA_SEX_CUR_NB","SEX_T","CUR_TYPE_LCU","2017",38.263,,,"T30:87","R1:3513_S3:9"
"HND","BX:504","EAR_EHRA_SEX_CUR_NB","SEX_T","CUR_TYPE_PPP","2017",3.584,,,"T30:87","R1:3513_S3:9"
"HND","BX:504","EAR_EHRA_SEX_CUR_NB","SEX_T","CUR_TYPE_USD","2017",1.629,,,"T30:87","R1:3513_S3:9"
"HND","BX:504","EAR_EHRA_SEX_CUR_NB","SEX_T","CUR_TYPE_LCU","2016",38.531,,,"T30:87","R1:3513"
"HND","BX:504","EAR_EHRA_SEX_CUR_NB","SEX_T","CUR_TYPE_PPP","2016",3.672,,,"T30:87","R1:3513"
"HND","BX:504","EAR_EHRA_SEX_CUR_NB","SEX_T","CUR_TYPE_USD","2016",1.687,,,"T30:87","R1:3513"
"HND","BX:504","EAR_EHRA_SEX_CUR_NB","SEX_T","CUR_TYPE_LCU","2015",37.292,,,"T30:87","R1:3513"
"HND","BX:504","EAR_EHRA_SEX_CUR_NB","SEX_T","CUR_TYPE_PPP","2015",3.513,,,"T30:87","R1:3513"
"HND","BX:504","EAR_EHRA_SEX_CUR_NB","SEX_T","CUR_TYPE_USD","2015",1.699,,,"T30:87","R1:3513"
"HND","BX:504","EAR_EHRA_SEX_CUR_NB","SEX_T","CUR_TYPE_LCU","2014",37.434,,,"T30:87","R1:3513"
"HND","BX:504","EAR_EHRA_SEX_CUR_NB","SEX_T","CUR_TYPE_PPP","2014",3.535,,,"T30:87","R1:3513"
"HND","BX:504","EAR_EHRA_SEX_CUR_NB","SEX_T","CUR_TYPE_USD","2014",1.784,,,"T30:87","R1:3513"
"HND","BX:504","EAR_EHRA_SEX_CUR_NB","SEX_T","CUR_TYPE_LCU","2013",34.756,,,"T30:87","R1:3513"
"HND","BX:504","EAR_EHRA_SEX_CUR_NB","SEX_T","CUR_TYPE_PPP","2013",3.368,,,"T30:87","R1:3513"
"HND","BX:504","EAR_EHRA_SEX_CUR_NB","SEX_T","CUR_TYPE_USD","2013",1.708,,,"T30:87","R1:3513"
"HND","BX:504","EAR_EHRA_SEX_CUR_NB","SEX_T","CUR_TYPE_LCU","2012",42.962,,,"T30:87","R1:3513"
"HND","BX:504","EAR_EHRA_SEX_CUR_NB","SEX_T","CUR_TYPE_PPP","2012",4.296,,,"T30:87","R1:3513"
"HND","BX:504","EAR_EHRA_SEX_CUR_NB","SEX_T","CUR_TYPE_USD","2012",2.203,,,"T30:87","R1:3513"
"HND","BX:504","EAR_EHRA_SEX_CUR_NB","SEX_T","CUR_TYPE_LCU","2011",49.28,,,"T30:87","R1:3513"
"HND","BX:504","EAR_EHRA_SEX_CUR_NB","SEX_T","CUR_TYPE_PPP","2011",4.801,,,"T30:87","R1:3513"
"HND","BX:504","EAR_EHRA_SEX_CUR_NB","SEX_T","CUR_TYPE_USD","2011",2.605,,,"T30:87","R1:3513"
"HND","BX:504","EAR_EHRA_SEX_CUR_NB","SEX_T","CUR_TYPE_LCU","2010",38.162,,,"T30:87","R1:3513"
"HND","BX:504","EAR_EHRA_SEX_CUR_NB","SEX_T","CUR_TYPE_PPP","2010",3.848,,,"T30:87","R1:3513"
"HND","BX:504","EAR_EHRA_SEX_CUR_NB","SEX_T","CUR_TYPE_USD","2010",2.02,,,"T30:87","R1:3513"
"HND","BX:504","EAR_EHRA_SEX_CUR_NB","SEX_T","CUR_TYPE_LCU","2009",35.352,,,"T30:87","R1:3513"
"HND","BX:504","EAR_EHRA_SEX_CUR_NB","SEX_T","CUR_TYPE_PPP","2009",3.672,,,"T30:87","R1:3513"
"HND","BX:504","EAR_EHRA_SEX_CUR_NB","SEX_T","CUR_TYPE_USD","2009",1.871,,,"T30:87","R1:3513"
"HND","BX:504","EAR_EHRA_SEX_CUR_NB","SEX_T","CUR_TYPE_LCU","2008",33.966,"B",,"T30:87_I11:264","R1:3513"
"HND","BX:504","EAR_EHRA_SEX_CUR_NB","SEX_T","CUR_TYPE_PPP","2008",3.735,"B",,"T30:87_I11:264","R1:3513"
"HND","BX:504","EAR_EHRA_SEX_CUR_NB","SEX_T","CUR_TYPE_USD","2008",1.797,"B",,"T30:87_I11:264","R1:3513"
"HND","BX:504","EAR_EHRA_SEX_CUR_NB","SEX_T","CUR_TYPE_LCU","2007",29.194,,,"T30:87","R1:3513"
"HND","BX:504","EAR_EHRA_SEX_CUR_NB","SEX_T","CUR_TYPE_PPP","2007",3.444,,,"T30:87","R1:3513"
"HND","BX:504","EAR_EHRA_SEX_CUR_NB","SEX_T","CUR_TYPE_USD","2007",1.545,,,"T30:87","R1:3513"
"HND","BX:504","EAR_EHRA_SEX_CUR_NB","SEX_T","CUR_TYPE_LCU","2006",25.746,,,"T30:87","R1:3513"
"HND","BX:504","EAR_EHRA_SEX_CUR_NB","SEX_T","CUR_TYPE_PPP","2006",3.158,,,"T30:87","R1:3513"
"HND","BX:504","EAR_EHRA_SEX_CUR_NB","SEX_T","CUR_TYPE_USD","2006",1.362,,,"T30:87","R1:3513"
"HND","BX:504","EAR_EHRA_SEX_CUR_NB","SEX_T","CUR_TYPE_LCU","2005",24.752,"B",,"T30:87_I11:264","R1:3513"
"HND","BX:504","EAR_EHRA_SEX_CUR_NB","SEX_T","CUR_TYPE_PPP","2005",3.105,"B",,"T30:87_I11:264","R1:3513"
"HND","BX:504","EAR_EHRA_SEX_CUR_NB","SEX_T","CUR_TYPE_USD","2005",1.314,"B",,"T30:87_I11:264","R1:3513"
"HND","BX:504","EAR_EHRA_SEX_CUR_NB","SEX_T","CUR_TYPE_LCU","2004",21.8,,,"T30:87","R1:3473"
"HND","BX:504","EAR_EHRA_SEX_CUR_NB","SEX_T","CUR_TYPE_PPP","2004",2.878,,,"T30:87","R1:3473"
"HND","BX:504","EAR_EHRA_SEX_CUR_NB","SEX_T","CUR_TYPE_USD","2004",1.197,,,"T30:87","R1:3473"
"HND","BX:504","EAR_EHRA_SEX_CUR_NB","SEX_T","CUR_TYPE_LCU","2003",22.3,,,"T30:87","R1:3473"
"HND","BX:504","EAR_EHRA_SEX_CUR_NB","SEX_T","CUR_TYPE_PPP","2003",3.1,,,"T30:87","R1:3473"
"HND","BX:504","EAR_EHRA_SEX_CUR_NB","SEX_T","CUR_TYPE_USD","2003",1.285,,,"T30:87","R1:3473"
"HND","BX:504","EAR_EHRA_SEX_CUR_NB","SEX_T","CUR_TYPE_LCU","2002",19.4,,,"T30:87","R1:3473"
"HND","BX:504","EAR_EHRA_SEX_CUR_NB","SEX_T","CUR_TYPE_PPP","2002",2.84,,,"T30:87","R1:3473"
"HND","BX:504","EAR_EHRA_SEX_CUR_NB","SEX_T","CUR_TYPE_USD","2002",1.18,,,"T30:87","R1:3473"
"HND","BX:504","EAR_EHRA_SEX_CUR_NB","SEX_T","CUR_TYPE_LCU","2001",20.3,,,"T30:87_I11:3256","R1:3473"
"HND","BX:504","EAR_EHRA_SEX_CUR_NB","SEX_T","CUR_TYPE_PPP","2001",3.15,,,"T30:87_I11:3256","R1:3473"
"HND","BX:504","EAR_EHRA_SEX_CUR_NB","SEX_T","CUR_TYPE_USD","2001",1.312,,,"T30:87_I11:3256","R1:3473"
"HUN","DA:12946","EAR_EHRA_SEX_CUR_NB","SEX_T","CUR_TYPE_LCU","2022",3192,,,"T9:133_T10:138_T12:146_T30:180","S3:16_S8:2566_S9:66_S6:48"
"HUN","DA:12946","EAR_EHRA_SEX_CUR_NB","SEX_T","CUR_TYPE_PPP","2022",18.145,,,"T9:133_T10:138_T12:146_T30:180","S3:16_S8:2566_S9:66_S6:48"
"HUN","DA:12946","EAR_EHRA_SEX_CUR_NB","SEX_T","CUR_TYPE_USD","2022",8.567,,,"T9:133_T10:138_T12:146_T30:180","S3:16_S8:2566_S9:66_S6:48"
"HUN","DA:12946","EAR_EHRA_SEX_CUR_NB","SEX_T","CUR_TYPE_LCU","2021",2715,,,"T9:133_T10:138_T12:146_T30:180","S3:21_S8:2566_S9:66_S6:48"
"HUN","DA:12946","EAR_EHRA_SEX_CUR_NB","SEX_T","CUR_TYPE_PPP","2021",16.032,,,"T9:133_T10:138_T12:146_T30:180","S3:21_S8:2566_S9:66_S6:48"
"HUN","DA:12946","EAR_EHRA_SEX_CUR_NB","SEX_T","CUR_TYPE_USD","2021",8.956,,,"T9:133_T10:138_T12:146_T30:180","S3:21_S8:2566_S9:66_S6:48"
"HUN","DA:12946","EAR_EHRA_SEX_CUR_NB","SEX_T","CUR_TYPE_LCU","2020",2404,,,"T30:180","S3:21_S8:2566_S6:48"
"HUN","DA:12946","EAR_EHRA_SEX_CUR_NB","SEX_T","CUR_TYPE_PPP","2020",14.719,,,"T30:180","S3:21_S8:2566_S6:48"
"HUN","DA:12946","EAR_EHRA_SEX_CUR_NB","SEX_T","CUR_TYPE_USD","2020",7.805,,,"T30:180","S3:21_S8:2566_S6:48"
"HUN","DA:12946","EAR_EHRA_SEX_CUR_NB","SEX_T","CUR_TYPE_LCU","2019",2117.7,,,"T30:180","S3:21_S8:2566_S6:48"
"HUN","DA:12946","EAR_EHRA_SEX_CUR_NB","SEX_T","CUR_TYPE_PPP","2019",13.573,,,"T30:180","S3:21_S8:2566_S6:48"
"HUN","DA:12946","EAR_EHRA_SEX_CUR_NB","SEX_T","CUR_TYPE_USD","2019",7.286,,,"T30:180","S3:21_S8:2566_S6:48"
"HUN","DA:12946","EAR_EHRA_SEX_CUR_NB","SEX_T","CUR_TYPE_LCU","2018",1744,,,"T30:180","R1:2383_S3:21_S8:2566_S6:48"
"HUN","DA:12946","EAR_EHRA_SEX_CUR_NB","SEX_T","CUR_TYPE_PPP","2018",11.237,,,"T30:180","R1:2383_S3:21_S8:2566_S6:48"
"HUN","DA:12946","EAR_EHRA_SEX_CUR_NB","SEX_T","CUR_TYPE_USD","2018",6.454,,,"T30:180","R1:2383_S3:21_S8:2566_S6:48"
"HUN","DA:12946","EAR_EHRA_SEX_CUR_NB","SEX_T","CUR_TYPE_LCU","2014",4.64,,,"T30:389","R1:2383_S3:16_S8:2566_S6:48"
"HUN","DA:12946","EAR_EHRA_SEX_CUR_NB","SEX_T","CUR_TYPE_PPP","2014",9.968,,,"T30:389","R1:2383_S3:16_S8:2566_S6:48"
"HUN","DA:12946","EAR_EHRA_SEX_CUR_NB","SEX_T","CUR_TYPE_USD","2014",6.164,,,"T30:389","R1:2383_S3:16_S8:2566_S6:48"
"HUN","DA:12946","EAR_EHRA_SEX_CUR_NB","SEX_T","CUR_TYPE_LCU","2010",4.49,,,"T30:389","R1:2383_S3:16_S8:2566_S6:48"
"HUN","DA:12946","EAR_EHRA_SEX_CUR_NB","SEX_T","CUR_TYPE_PPP","2010",8.65,,,"T30:389","R1:2383_S3:16_S8:2566_S6:48"
"HUN","DA:12946","EAR_EHRA_SEX_CUR_NB","SEX_T","CUR_TYPE_USD","2010",5.952,,,"T30:389","R1:2383_S3:16_S8:2566_S6:48"
"IDN","BA:510","EAR_EHRA_SEX_CUR_NB","SEX_T","CUR_TYPE_LCU","2023",16329.806,,,"T30:122","R1:3513"
"IDN","BA:510","EAR_EHRA_SEX_CUR_NB","SEX_T","CUR_TYPE_PPP","2023",3.175,,,"T30:122","R1:3513"
"IDN","BA:510","EAR_EHRA_SEX_CUR_NB","SEX_T","CUR_TYPE_USD","2023",1.072,,,"T30:122","R1:3513"
"IDN","BA:510","EAR_EHRA_SEX_CUR_NB","SEX_T","CUR_TYPE_LCU","2022",16232.48,,,"T30:122","R1:3513"
"IDN","BA:510","EAR_EHRA_SEX_CUR_NB","SEX_T","CUR_TYPE_PPP","2022",3.143,,,"T30:122","R1:3513"
"IDN","BA:510","EAR_EHRA_SEX_CUR_NB","SEX_T","CUR_TYPE_USD","2022",1.093,,,"T30:122","R1:3513"
"IDN","BA:510","EAR_EHRA_SEX_CUR_NB","SEX_T","CUR_TYPE_LCU","2021",16727.254,"B",,"T30:122_I11:264","R1:3513"
"IDN","BA:510","EAR_EHRA_SEX_CUR_NB","SEX_T","CUR_TYPE_PPP","2021",3.124,"B",,"T30:122_I11:264","R1:3513"
"IDN","BA:510","EAR_EHRA_SEX_CUR_NB","SEX_T","CUR_TYPE_USD","2021",1.169,"B",,"T30:122_I11:264","R1:3513"
"IDN","BA:510","EAR_EHRA_SEX_CUR_NB","SEX_T","CUR_TYPE_LCU","2020",15816.603,,,"T30:122","R1:3513"
"IDN","BA:510","EAR_EHRA_SEX_CUR_NB","SEX_T","CUR_TYPE_PPP","2020",2.936,,,"T30:122","R1:3513"
"IDN","BA:510","EAR_EHRA_SEX_CUR_NB","SEX_T","CUR_TYPE_USD","2020",1.085,,,"T30:122","R1:3513"
"IDN","BA:510","EAR_EHRA_SEX_CUR_NB","SEX_T","CUR_TYPE_LCU","2019",14966.297,,,"T30:122","R1:3513"
"IDN","BA:510","EAR_EHRA_SEX_CUR_NB","SEX_T","CUR_TYPE_PPP","2019",2.776,,,"T30:122","R1:3513"
"IDN","BA:510","EAR_EHRA_SEX_CUR_NB","SEX_T","CUR_TYPE_USD","2019",1.058,,,"T30:122","R1:3513"
"IDN","BA:510","EAR_EHRA_SEX_CUR_NB","SEX_T","CUR_TYPE_LCU","2018",14249.857,,,"T30:122","R1:3513"
"IDN","BA:510","EAR_EHRA_SEX_CUR_NB","SEX_T","CUR_TYPE_PPP","2018",2.681,,,"T30:122","R1:3513"
"IDN","BA:510","EAR_EHRA_SEX_CUR_NB","SEX_T","CUR_TYPE_USD","2018",1.001,,,"T30:122","R1:3513"
"IDN","BA:510","EAR_EHRA_SEX_CUR_NB","SEX_T","CUR_TYPE_LCU","2017",13922.396,,,"T30:122","R1:3513"
"IDN","BA:510","EAR_EHRA_SEX_CUR_NB","SEX_T","CUR_TYPE_PPP","2017",2.676,,,"T30:122","R1:3513"
"IDN","BA:510","EAR_EHRA_SEX_CUR_NB","SEX_T","CUR_TYPE_USD","2017",1.04,,,"T30:122","R1:3513"
"IDN","BA:510","EAR_EHRA_SEX_CUR_NB","SEX_T","CUR_TYPE_LCU","2016",12125.957,,,"T30:122","R1:3513"
"IDN","BA:510","EAR_EHRA_SEX_CUR_NB","SEX_T","CUR_TYPE_PPP","2016",2.441,,,"T30:122","R1:3513"
"IDN","BA:510","EAR_EHRA_SEX_CUR_NB","SEX_T","CUR_TYPE_USD","2016",0.911,,,"T30:122","R1:3513"
"IDN","BA:510","EAR_EHRA_SEX_CUR_NB","SEX_T","CUR_TYPE_LCU","2015",10336.559,,,"T30:122","R1:3513"
"IDN","BA:510","EAR_EHRA_SEX_CUR_NB","SEX_T","CUR_TYPE_PPP","2015",2.158,,,"T30:122","R1:3513"
"IDN","BA:510","EAR_EHRA_SEX_CUR_NB","SEX_T","CUR_TYPE_USD","2015",0.772,,,"T30:122","R1:3513"
"IDN","BA:510","EAR_EHRA_SEX_CUR_NB","SEX_T","CUR_TYPE_LCU","2014",9728.486,,,"T30:122","R1:3513"
"IDN","BA:510","EAR_EHRA_SEX_CUR_NB","SEX_T","CUR_TYPE_PPP","2014",2.181,,,"T30:122","R1:3513"
"IDN","BA:510","EAR_EHRA_SEX_CUR_NB","SEX_T","CUR_TYPE_USD","2014",0.82,,,"T30:122","R1:3513"
"IDN","BA:510","EAR_EHRA_SEX_CUR_NB","SEX_T","CUR_TYPE_LCU","2013",9537.367,"B",,"T30:122_I11:264","R1:3513"
"IDN","BA:510","EAR_EHRA_SEX_CUR_NB","SEX_T","CUR_TYPE_PPP","2013",2.274,"B",,"T30:122_I11:264","R1:3513"
"IDN","BA:510","EAR_EHRA_SEX_CUR_NB","SEX_T","CUR_TYPE_USD","2013",0.912,"B",,"T30:122_I11:264","R1:3513"
"IDN","BA:510","EAR_EHRA_SEX_CUR_NB","SEX_T","CUR_TYPE_LCU","2012",8116.632,,,"T30:122","R1:3513"
"IDN","BA:510","EAR_EHRA_SEX_CUR_NB","SEX_T","CUR_TYPE_PPP","2012",2.11,,,"T30:122","R1:3513"
"IDN","BA:510","EAR_EHRA_SEX_CUR_NB","SEX_T","CUR_TYPE_USD","2012",0.865,,,"T30:122","R1:3513"
"IDN","BA:510","EAR_EHRA_SEX_CUR_NB","SEX_T","CUR_TYPE_LCU","2011",7680.862,,,"T30:122","R1:3513"
"IDN","BA:510","EAR_EHRA_SEX_CUR_NB","SEX_T","CUR_TYPE_PPP","2011",1.973,,,"T30:122","R1:3513"
"IDN","BA:510","EAR_EHRA_SEX_CUR_NB","SEX_T","CUR_TYPE_USD","2011",0.876,,,"T30:122","R1:3513"
"IDN","BA:510","EAR_EHRA_SEX_CUR_NB","SEX_T","CUR_TYPE_LCU","2010",7665.563,,,"T30:122","R1:3513"
"IDN","BA:510","EAR_EHRA_SEX_CUR_NB","SEX_T","CUR_TYPE_PPP","2010",2.011,,,"T30:122","R1:3513"
"IDN","BA:510","EAR_EHRA_SEX_CUR_NB","SEX_T","CUR_TYPE_USD","2010",0.843,,,"T30:122","R1:3513"
"IDN","BA:510","EAR_EHRA_SEX_CUR_NB","SEX_T","CUR_TYPE_LCU","2009",7241.424,,,"T30:122","R1:3513"
"IDN","BA:510","EAR_EHRA_SEX_CUR_NB","SEX_T","CUR_TYPE_PPP","2009",1.966,,,"T30:122","R1:3513"
"IDN","BA:510","EAR_EHRA_SEX_CUR_NB","SEX_T","CUR_TYPE_USD","2009",0.697,,,"T30:122","R1:3513"
"IDN","BA:510","EAR_EHRA_SEX_CUR_NB","SEX_T","CUR_TYPE_LCU","2008",6383.605,"B",,"T30:122_I11:264","R1:3513"
"IDN","BA:510","EAR_EHRA_SEX_CUR_NB","SEX_T","CUR_TYPE_PPP","2008",1.815,"B",,"T30:122_I11:264","R1:3513"
"IDN","BA:510","EAR_EHRA_SEX_CUR_NB","SEX_T","CUR_TYPE_USD","2008",0.658,"B",,"T30:122_I11:264","R1:3513"
"IDN","BA:510","EAR_EHRA_SEX_CUR_NB","SEX_T","CUR_TYPE_LCU","2007",6000.439,,,"T30:122","R1:3513"
"IDN","BA:510","EAR_EHRA_SEX_CUR_NB","SEX_T","CUR_TYPE_PPP","2007",1.811,,,"T30:122","R1:3513"
"IDN","BA:510","EAR_EHRA_SEX_CUR_NB","SEX_T","CUR_TYPE_USD","2007",0.656,,,"T30:122","R1:3513"
"IDN","BA:510","EAR_EHRA_SEX_CUR_NB","SEX_T","CUR_TYPE_LCU","2006",5439.88,,,"T30:122","R1:3513"
"IDN","BA:510","EAR_EHRA_SEX_CUR_NB","SEX_T","CUR_TYPE_PPP","2006",1.699,,,"T30:122","R1:3513"
"IDN","BA:510","EAR_EHRA_SEX_CUR_NB","SEX_T","CUR_TYPE_USD","2006",0.594,,,"T30:122","R1:3513"
"IDN","BA:510","EAR_EHRA_SEX_CUR_NB","SEX_T","CUR_TYPE_LCU","2005",4648.69,,,"T30:122","R1:3513"
"IDN","BA:510","EAR_EHRA_SEX_CUR_NB","SEX_T","CUR_TYPE_PPP","2005",1.591,,,"T30:122","R1:3513"
"IDN","BA:510","EAR_EHRA_SEX_CUR_NB","SEX_T","CUR_TYPE_USD","2005",0.479,,,"T30:122","R1:3513"
"IDN","BA:510","EAR_EHRA_SEX_CUR_NB","SEX_T","CUR_TYPE_LCU","2004",4561.41,,,"T30:122","R1:3513"
"IDN","BA:510","EAR_EHRA_SEX_CUR_NB","SEX_T","CUR_TYPE_PPP","2004",1.667,,,"T30:122","R1:3513"
"IDN","BA:510","EAR_EHRA_SEX_CUR_NB","SEX_T","CUR_TYPE_USD","2004",0.51,,,"T30:122","R1:3513"
"IDN","BA:510","EAR_EHRA_SEX_CUR_NB","SEX_T","CUR_TYPE_LCU","2003",4314.148,,,"T30:122","R1:3513"
"IDN","BA:510","EAR_EHRA_SEX_CUR_NB","SEX_T","CUR_TYPE_PPP","2003",1.629,,,"T30:122","R1:3513"
"IDN","BA:510","EAR_EHRA_SEX_CUR_NB","SEX_T","CUR_TYPE_USD","2003",0.503,,,"T30:122","R1:3513"
"IDN","BA:510","EAR_EHRA_SEX_CUR_NB","SEX_T","CUR_TYPE_LCU","2002",3808.623,,,"T30:122","R1:3513"
"IDN","BA:510","EAR_EHRA_SEX_CUR_NB","SEX_T","CUR_TYPE_PPP","2002",1.501,,,"T30:122","R1:3513"
"IDN","BA:510","EAR_EHRA_SEX_CUR_NB","SEX_T","CUR_TYPE_USD","2002",0.409,,,"T30:122","R1:3513"
"IDN","BA:510","EAR_EHRA_SEX_CUR_NB","SEX_T","CUR_TYPE_LCU","2001",3282.983,,,"T30:122","R1:3513"
"IDN","BA:510","EAR_EHRA_SEX_CUR_NB","SEX_T","CUR_TYPE_PPP","2001",1.425,,,"T30:122","R1:3513"
"IDN","BA:510","EAR_EHRA_SEX_CUR_NB","SEX_T","CUR_TYPE_USD","2001",0.32,,,"T30:122","R1:3513"
"IDN","BA:510","EAR_EHRA_SEX_CUR_NB","SEX_T","CUR_TYPE_LCU","2000",2395.143,,,"T30:122","R1:3513"
"IDN","BA:510","EAR_EHRA_SEX_CUR_NB","SEX_T","CUR_TYPE_PPP","2000",1.128,,,"T30:122","R1:3513"
"IDN","BA:510","EAR_EHRA_SEX_CUR_NB","SEX_T","CUR_TYPE_USD","2000",0.284,,,"T30:122","R1:3513"
"IND","BA:14121","EAR_EHRA_SEX_CUR_NB","SEX_T","CUR_TYPE_LCU","2025",91.719,,,"T30:121","R1:3513"
"IND","BA:14121","EAR_EHRA_SEX_CUR_NB","SEX_T","CUR_TYPE_PPP","2025",4.623,,,"T30:121","R1:3513"
"IND","BA:14121","EAR_EHRA_SEX_CUR_NB","SEX_T","CUR_TYPE_USD","2025",1.052,,,"T30:121","R1:3513"
"IND","BA:14121","EAR_EHRA_SEX_CUR_NB","SEX_T","CUR_TYPE_LCU","2024",85.698,,,"T30:121","R1:3513"
"IND","BA:14121","EAR_EHRA_SEX_CUR_NB","SEX_T","CUR_TYPE_PPP","2024",4.307,,,"T30:121","R1:3513"
"IND","BA:14121","EAR_EHRA_SEX_CUR_NB","SEX_T","CUR_TYPE_USD","2024",1.024,,,"T30:121","R1:3513"
"IND","BA:14121","EAR_EHRA_SEX_CUR_NB","SEX_T","CUR_TYPE_LCU","2023",81.808,,,"T30:121","R1:3513"
"IND","BA:14121","EAR_EHRA_SEX_CUR_NB","SEX_T","CUR_TYPE_PPP","2023",4.192,,,"T30:121","R1:3513"
"IND","BA:14121","EAR_EHRA_SEX_CUR_NB","SEX_T","CUR_TYPE_USD","2023",0.99,,,"T30:121","R1:3513"
"IND","BA:14121","EAR_EHRA_SEX_CUR_NB","SEX_T","CUR_TYPE_LCU","2022",77.3,,,"T30:121","R1:3513"
"IND","BA:14121","EAR_EHRA_SEX_CUR_NB","SEX_T","CUR_TYPE_PPP","2022",4.019,,,"T30:121","R1:3513"
"IND","BA:14121","EAR_EHRA_SEX_CUR_NB","SEX_T","CUR_TYPE_USD","2022",0.983,,,"T30:121","R1:3513"
"IND","BA:14121","EAR_EHRA_SEX_CUR_NB","SEX_T","CUR_TYPE_LCU","2021",72.61,,,"T30:121","R1:3513"
"IND","BA:14121","EAR_EHRA_SEX_CUR_NB","SEX_T","CUR_TYPE_PPP","2021",3.73,,,"T30:121","R1:3513"
"IND","BA:14121","EAR_EHRA_SEX_CUR_NB","SEX_T","CUR_TYPE_USD","2021",0.982,,,"T30:121","R1:3513"
"IND","BA:14121","EAR_EHRA_SEX_CUR_NB","SEX_T","CUR_TYPE_LCU","2020",70.648,,,"T30:121","R1:3513"
"IND","BA:14121","EAR_EHRA_SEX_CUR_NB","SEX_T","CUR_TYPE_PPP","2020",3.573,,,"T30:121","R1:3513"
"IND","BA:14121","EAR_EHRA_SEX_CUR_NB","SEX_T","CUR_TYPE_USD","2020",0.953,,,"T30:121","R1:3513"
"IND","BA:14121","EAR_EHRA_SEX_CUR_NB","SEX_T","CUR_TYPE_LCU","2019",64.647,,,"T30:121","R1:3513"
"IND","BA:14121","EAR_EHRA_SEX_CUR_NB","SEX_T","CUR_TYPE_PPP","2019",3.31,,,"T30:121","R1:3513"
"IND","BA:14121","EAR_EHRA_SEX_CUR_NB","SEX_T","CUR_TYPE_USD","2019",0.918,,,"T30:121","R1:3513"
"IND","BA:14121","EAR_EHRA_SEX_CUR_NB","SEX_T","CUR_TYPE_LCU","2018",64.254,,,"T30:121","R1:3513"
"IND","BA:14121","EAR_EHRA_SEX_CUR_NB","SEX_T","CUR_TYPE_PPP","2018",3.242,,,"T30:121","R1:3513"
"IND","BA:14121","EAR_EHRA_SEX_CUR_NB","SEX_T","CUR_TYPE_USD","2018",0.94,,,"T30:121","R1:3513"
"IRL","DA:15731","EAR_EHRA_SEX_CUR_NB","SEX_T","CUR_TYPE_LCU","2018",23,,,"T30:182","R1:2383_S3:21_S8:2566_S6:48"
"IRL","DA:15731","EAR_EHRA_SEX_CUR_NB","SEX_T","CUR_TYPE_PPP","2018",23.235,,,"T30:182","R1:2383_S3:21_S8:2566_S6:48"
"IRL","DA:15731","EAR_EHRA_SEX_CUR_NB","SEX_T","CUR_TYPE_USD","2018",27.163,,,"T30:182","R1:2383_S3:21_S8:2566_S6:48"
"IRL","DA:3107","EAR_EHRA_SEX_CUR_NB","SEX_T","CUR_TYPE_LCU","2014",24.22,,,"T30:182","R1:2383_S3:21_S8:2566_S6:48"
"IRL","DA:3107","EAR_EHRA_SEX_CUR_NB","SEX_T","CUR_TYPE_PPP","2014",24.477,,,"T30:182","R1:2383_S3:21_S8:2566_S6:48"
"IRL","DA:3107","EAR_EHRA_SEX_CUR_NB","SEX_T","CUR_TYPE_USD","2014",32.176,,,"T30:182","R1:2383_S3:21_S8:2566_S6:48"
"IRL","DA:3107","EAR_EHRA_SEX_CUR_NB","SEX_T","CUR_TYPE_LCU","2010",22.23,,,"T30:182","R1:2383_S3:21_S8:2566_S6:48"
"IRL","DA:3107","EAR_EHRA_SEX_CUR_NB","SEX_T","CUR_TYPE_PPP","2010",23.004,,,"T30:182","R1:2383_S3:21_S8:2566_S6:48"
"IRL","DA:3107","EAR_EHRA_SEX_CUR_NB","SEX_T","CUR_TYPE_USD","2010",29.47,,,"T30:182","R1:2383_S3:21_S8:2566_S6:48"
"IRQ","BA:16073","EAR_EHRA_SEX_CUR_NB","SEX_T","CUR_TYPE_LCU","2021",3053,,,"T9:133_T11:142_T12:145_T30:124",
"IRQ","BA:16073","EAR_EHRA_SEX_CUR_NB","SEX_T","CUR_TYPE_PPP","2021",5.304,,,"T9:133_T11:142_T12:145_T30:124",
"IRQ","BA:16073","EAR_EHRA_SEX_CUR_NB","SEX_T","CUR_TYPE_USD","2021",2.106,,,"T9:133_T11:142_T12:145_T30:124",
"ISL","DA:2522","EAR_EHRA_SEX_CUR_NB","SEX_T","CUR_TYPE_LCU","2022",4230,,,"T9:133_T10:138_T12:145_T30:181","S8:2815_S9:66_S6:48"
"ISL","DA:2522","EAR_EHRA_SEX_CUR_NB","SEX_T","CUR_TYPE_PPP","2022",28.038,,,"T9:133_T10:138_T12:145_T30:181","S8:2815_S9:66_S6:48"
"ISL","DA:2522","EAR_EHRA_SEX_CUR_NB","SEX_T","CUR_TYPE_USD","2022",31.268,,,"T9:133_T10:138_T12:145_T30:181","S8:2815_S9:66_S6:48"
"ISL","DA:2522","EAR_EHRA_SEX_CUR_NB","SEX_T","CUR_TYPE_LCU","2021",3980,,,"T9:133_T10:138_T12:145_T30:181","S8:2815_S9:66_S6:48"
"ISL","DA:2522","EAR_EHRA_SEX_CUR_NB","SEX_T","CUR_TYPE_PPP","2021",25.539,,,"T9:133_T10:138_T12:145_T30:181","S8:2815_S9:66_S6:48"
"ISL","DA:2522","EAR_EHRA_SEX_CUR_NB","SEX_T","CUR_TYPE_USD","2021",31.341,,,"T9:133_T10:138_T12:145_T30:181","S8:2815_S9:66_S6:48"
"ISL","DA:2522","EAR_EHRA_SEX_CUR_NB","SEX_T","CUR_TYPE_LCU","2020",25.239,,,"T9:133_T10:138_T12:145_T30:181","S8:2815_S9:66_S6:48"
"ISL","DA:2522","EAR_EHRA_SEX_CUR_NB","SEX_T","CUR_TYPE_PPP","2020",0.163,,,"T9:133_T10:138_T12:145_T30:181","S8:2815_S9:66_S6:48"
"ISL","DA:2522","EAR_EHRA_SEX_CUR_NB","SEX_T","CUR_TYPE_USD","2020",0.186,,,"T9:133_T10:138_T12:145_T30:181","S8:2815_S9:66_S6:48"
"ISL","DA:2522","EAR_EHRA_SEX_CUR_NB","SEX_T","CUR_TYPE_LCU","2019",22.726,,,"T9:133_T10:138_T12:145_T30:181","S8:2815_S9:66_S6:48"
"ISL","DA:2522","EAR_EHRA_SEX_CUR_NB","SEX_T","CUR_TYPE_PPP","2019",0.144,,,"T9:133_T10:138_T12:145_T30:181","S8:2815_S9:66_S6:48"
"ISL","DA:2522","EAR_EHRA_SEX_CUR_NB","SEX_T","CUR_TYPE_USD","2019",0.185,,,"T9:133_T10:138_T12:145_T30:181","S8:2815_S9:66_S6:48"
"ISL","DA:2522","EAR_EHRA_SEX_CUR_NB","SEX_T","CUR_TYPE_LCU","2018",21.745,,,"T9:133_T10:138_T12:145_T30:181","S8:2815_S9:66_S6:48"
"ISL","DA:2522","EAR_EHRA_SEX_CUR_NB","SEX_T","CUR_TYPE_PPP","2018",0.137,,,"T9:133_T10:138_T12:145_T30:181","S8:2815_S9:66_S6:48"
"ISL","DA:2522","EAR_EHRA_SEX_CUR_NB","SEX_T","CUR_TYPE_USD","2018",0.201,,,"T9:133_T10:138_T12:145_T30:181","S8:2815_S9:66_S6:48"
"ISL","DA:2522","EAR_EHRA_SEX_CUR_NB","SEX_T","CUR_TYPE_LCU","2017",3430,,,"T9:133_T10:138_T12:145_T30:181","S8:2815_S9:66_S6:48"
"ISL","DA:2522","EAR_EHRA_SEX_CUR_NB","SEX_T","CUR_TYPE_PPP","2017",21.777,,,"T9:133_T10:138_T12:145_T30:181","S8:2815_S9:66_S6:48"
"ISL","DA:2522","EAR_EHRA_SEX_CUR_NB","SEX_T","CUR_TYPE_USD","2017",32.104,,,"T9:133_T10:138_T12:145_T30:181","S8:2815_S9:66_S6:48"
"ISL","DA:2522","EAR_EHRA_SEX_CUR_NB","SEX_T","CUR_TYPE_LCU","2016",3230,,,"T9:133_T10:138_T12:145_T30:181","S8:2815_S9:66_S6:48"
"ISL","DA:2522","EAR_EHRA_SEX_CUR_NB","SEX_T","CUR_TYPE_PPP","2016",20.205,,,"T9:133_T10:138_T12:145_T30:181","S8:2815_S9:66_S6:48"
"ISL","DA:2522","EAR_EHRA_SEX_CUR_NB","SEX_T","CUR_TYPE_USD","2016",26.736,,,"T9:133_T10:138_T12:145_T30:181","S8:2815_S9:66_S6:48"
"ISL","DA:2522","EAR_EHRA_SEX_CUR_NB","SEX_T","CUR_TYPE_LCU","2015",3010,,,"T9:133_T10:138_T12:145_T30:181","S8:2815_S9:66_S6:48"
"ISL","DA:2522","EAR_EHRA_SEX_CUR_NB","SEX_T","CUR_TYPE_PPP","2015",19.42,,,"T9:133_T10:138_T12:145_T30:181","S8:2815_S9:66_S6:48"
"ISL","DA:2522","EAR_EHRA_SEX_CUR_NB","SEX_T","CUR_TYPE_USD","2015",22.817,,,"T9:133_T10:138_T12:145_T30:181","S8:2815_S9:66_S6:48"
"ISL","DA:2522","EAR_EHRA_SEX_CUR_NB","SEX_T","CUR_TYPE_LCU","2014",2760,,,"T9:133_T10:138_T12:145_T30:181","S8:2815_S9:66_S6:48"
"ISL","DA:2522","EAR_EHRA_SEX_CUR_NB","SEX_T","CUR_TYPE_PPP","2014",18.388,,,"T9:133_T10:138_T12:145_T30:181","S8:2815_S9:66_S6:48"
"ISL","DA:2522","EAR_EHRA_SEX_CUR_NB","SEX_T","CUR_TYPE_USD","2014",23.637,,,"T9:133_T10:138_T12:145_T30:181","S8:2815_S9:66_S6:48"
"ISR","BB:711","EAR_EHRA_SEX_CUR_NB","SEX_T","CUR_TYPE_LCU","2021",66,,,"I20:3359_T12:145_T30:125",
"ISR","BB:711","EAR_EHRA_SEX_CUR_NB","SEX_T","CUR_TYPE_PPP","2021",16.304,,,"I20:3359_T12:145_T30:125",
"ISR","BB:711","EAR_EHRA_SEX_CUR_NB","SEX_T","CUR_TYPE_USD","2021",20.432,,,"I20:3359_T12:145_T30:125",
"ISR","BB:711","EAR_EHRA_SEX_CUR_NB","SEX_T","CUR_TYPE_LCU","2018",61.7,,,"I20:3359_T9:133_T10:138_T12:145_T30:125",
"ISR","BB:711","EAR_EHRA_SEX_CUR_NB","SEX_T","CUR_TYPE_PPP","2018",14.753,,,"I20:3359_T9:133_T10:138_T12:145_T30:125",
"ISR","BB:711","EAR_EHRA_SEX_CUR_NB","SEX_T","CUR_TYPE_USD","2018",17.184,,,"I20:3359_T9:133_T10:138_T12:145_T30:125",
"ISR","BB:711","EAR_EHRA_SEX_CUR_NB","SEX_T","CUR_TYPE_LCU","2016",57,,,"I20:3359_T9:133_T10:138_T12:145_T30:125",
"ISR","BB:711","EAR_EHRA_SEX_CUR_NB","SEX_T","CUR_TYPE_PPP","2016",13.272,,,"I20:3359_T9:133_T10:138_T12:145_T30:125",
"ISR","BB:711","EAR_EHRA_SEX_CUR_NB","SEX_T","CUR_TYPE_USD","2016",14.842,,,"I20:3359_T9:133_T10:138_T12:145_T30:125",
"ISR","BB:711","EAR_EHRA_SEX_CUR_NB","SEX_T","CUR_TYPE_LCU","2015",55.7,,,"T9:133_T10:138_T12:145_T30:125",
"ISR","BB:711","EAR_EHRA_SEX_CUR_NB","SEX_T","CUR_TYPE_PPP","2015",12.232,,,"T9:133_T10:138_T12:145_T30:125",
"ISR","BB:711","EAR_EHRA_SEX_CUR_NB","SEX_T","CUR_TYPE_USD","2015",14.33,,,"T9:133_T10:138_T12:145_T30:125",
"ISR","BB:711","EAR_EHRA_SEX_CUR_NB","SEX_T","CUR_TYPE_LCU","2014",54,,,"T9:133_T10:138_T12:145_T30:125",
"ISR","BB:711","EAR_EHRA_SEX_CUR_NB","SEX_T","CUR_TYPE_PPP","2014",11.802,,,"T9:133_T10:138_T12:145_T30:125",
"ISR","BB:711","EAR_EHRA_SEX_CUR_NB","SEX_T","CUR_TYPE_USD","2014",15.092,,,"T9:133_T10:138_T12:145_T30:125",
"ITA","BA:325","EAR_EHRA_SEX_CUR_NB","SEX_T","CUR_TYPE_LCU","2020",10.586,,,"T30:184","R1:3513"
"ITA","BA:325","EAR_EHRA_SEX_CUR_NB","SEX_T","CUR_TYPE_PPP","2020",14.83,,,"T30:184","R1:3513"
"ITA","BA:325","EAR_EHRA_SEX_CUR_NB","SEX_T","CUR_TYPE_USD","2020",12.091,,,"T30:184","R1:3513"
"ITA","BA:325","EAR_EHRA_SEX_CUR_NB","SEX_T","CUR_TYPE_LCU","2019",9.611,,,"T30:184","R1:3513"
"ITA","BA:325","EAR_EHRA_SEX_CUR_NB","SEX_T","CUR_TYPE_PPP","2019",13.286,,,"T30:184","R1:3513"
"ITA","BA:325","EAR_EHRA_SEX_CUR_NB","SEX_T","CUR_TYPE_USD","2019",10.759,,,"T30:184","R1:3513"
"ITA","BA:325","EAR_EHRA_SEX_CUR_NB","SEX_T","CUR_TYPE_LCU","2018",9.395,,,"T30:184","R1:3513"
"ITA","BA:325","EAR_EHRA_SEX_CUR_NB","SEX_T","CUR_TYPE_PPP","2018",12.325,,,"T30:184","R1:3513"
"ITA","BA:325","EAR_EHRA_SEX_CUR_NB","SEX_T","CUR_TYPE_USD","2018",11.095,,,"T30:184","R1:3513"
"ITA","BA:325","EAR_EHRA_SEX_CUR_NB","SEX_T","CUR_TYPE_LCU","2017",9.403,,,"T30:184","R1:3513"
"ITA","BA:325","EAR_EHRA_SEX_CUR_NB","SEX_T","CUR_TYPE_PPP","2017",12.092,,,"T30:184","R1:3513"
"ITA","BA:325","EAR_EHRA_SEX_CUR_NB","SEX_T","CUR_TYPE_USD","2017",10.623,,,"T30:184","R1:3513"
"ITA","BA:325","EAR_EHRA_SEX_CUR_NB","SEX_T","CUR_TYPE_LCU","2016",9.345,,,"T30:184","R1:3513"
"ITA","BA:325","EAR_EHRA_SEX_CUR_NB","SEX_T","CUR_TYPE_PPP","2016",11.886,,,"T30:184","R1:3513"
"ITA","BA:325","EAR_EHRA_SEX_CUR_NB","SEX_T","CUR_TYPE_USD","2016",10.344,,,"T30:184","R1:3513"
"ITA","BA:325","EAR_EHRA_SEX_CUR_NB","SEX_T","CUR_TYPE_LCU","2015",9.429,,,"T30:184","R1:3513"
"ITA","BA:325","EAR_EHRA_SEX_CUR_NB","SEX_T","CUR_TYPE_PPP","2015",11.38,,,"T30:184","R1:3513"
"ITA","BA:325","EAR_EHRA_SEX_CUR_NB","SEX_T","CUR_TYPE_USD","2015",10.462,,,"T30:184","R1:3513"
"ITA","BA:325","EAR_EHRA_SEX_CUR_NB","SEX_T","CUR_TYPE_LCU","2014",9.287,,,"T30:184","R1:3513"
"ITA","BA:325","EAR_EHRA_SEX_CUR_NB","SEX_T","CUR_TYPE_PPP","2014",11.253,,,"T30:184","R1:3513"
"ITA","BA:325","EAR_EHRA_SEX_CUR_NB","SEX_T","CUR_TYPE_USD","2014",12.338,,,"T30:184","R1:3513"
"ITA","BA:325","EAR_EHRA_SEX_CUR_NB","SEX_T","CUR_TYPE_LCU","2013",9.045,,,"T30:184","R1:3513"
"ITA","BA:325","EAR_EHRA_SEX_CUR_NB","SEX_T","CUR_TYPE_PPP","2013",11.036,,,"T30:184","R1:3513"
"ITA","BA:325","EAR_EHRA_SEX_CUR_NB","SEX_T","CUR_TYPE_USD","2013",12.013,,,"T30:184","R1:3513"
"ITA","BA:325","EAR_EHRA_SEX_CUR_NB","SEX_T","CUR_TYPE_LCU","2012",8.937,,,"T30:184","R1:3513"
"ITA","BA:325","EAR_EHRA_SEX_CUR_NB","SEX_T","CUR_TYPE_PPP","2012",10.778,,,"T30:184","R1:3513"
"ITA","BA:325","EAR_EHRA_SEX_CUR_NB","SEX_T","CUR_TYPE_USD","2012",11.482,,,"T30:184","R1:3513"
"ITA","BA:325","EAR_EHRA_SEX_CUR_NB","SEX_T","CUR_TYPE_LCU","2011",8.727,,,"T30:184","R1:3513"
"ITA","BA:325","EAR_EHRA_SEX_CUR_NB","SEX_T","CUR_TYPE_PPP","2011",10.649,,,"T30:184","R1:3513"
"ITA","BA:325","EAR_EHRA_SEX_CUR_NB","SEX_T","CUR_TYPE_USD","2011",12.147,,,"T30:184","R1:3513"
"ITA","BA:325","EAR_EHRA_SEX_CUR_NB","SEX_T","CUR_TYPE_LCU","2010",8.618,,,"T30:184","R1:3513"
"ITA","BA:325","EAR_EHRA_SEX_CUR_NB","SEX_T","CUR_TYPE_PPP","2010",10.521,,,"T30:184","R1:3513"
"ITA","BA:325","EAR_EHRA_SEX_CUR_NB","SEX_T","CUR_TYPE_USD","2010",11.425,,,"T30:184","R1:3513"
"ITA","BA:325","EAR_EHRA_SEX_CUR_NB","SEX_T","CUR_TYPE_LCU","2009",8.619,,,"T30:184","R1:3513"
"ITA","BA:325","EAR_EHRA_SEX_CUR_NB","SEX_T","CUR_TYPE_PPP","2009",10.323,,,"T30:184","R1:3513"
"ITA","BA:325","EAR_EHRA_SEX_CUR_NB","SEX_T","CUR_TYPE_USD","2009",12.022,,,"T30:184","R1:3513"
"ITA","BA:325","EAR_EHRA_SEX_CUR_NB","SEX_T","CUR_TYPE_LCU","2008",8.366,"B",,"T30:184_I11:264","R1:3513"
"ITA","BA:325","EAR_EHRA_SEX_CUR_NB","SEX_T","CUR_TYPE_PPP","2008",9.877,"B",,"T30:184_I11:264","R1:3513"
"ITA","BA:325","EAR_EHRA_SEX_CUR_NB","SEX_T","CUR_TYPE_USD","2008",12.304,"B",,"T30:184_I11:264","R1:3513"
"JAM","BA:65","EAR_EHRA_SEX_CUR_NB","SEX_T","CUR_TYPE_LCU","2014",212.318,,,"T30:88","R1:3513"
"JAM","BA:65","EAR_EHRA_SEX_CUR_NB","SEX_T","CUR_TYPE_PPP","2014",3.038,,,"T30:88","R1:3513"
"JAM","BA:65","EAR_EHRA_SEX_CUR_NB","SEX_T","CUR_TYPE_USD","2014",1.914,,,"T30:88","R1:3513"
"JAM","BA:65","EAR_EHRA_SEX_CUR_NB","SEX_T","CUR_TYPE_LCU","2013",200.72,,,"T30:88","R1:3513"
"JAM","BA:65","EAR_EHRA_SEX_CUR_NB","SEX_T","CUR_TYPE_PPP","2013",3.034,,,"T30:88","R1:3513"
"JAM","BA:65","EAR_EHRA_SEX_CUR_NB","SEX_T","CUR_TYPE_USD","2013",1.999,,,"T30:88","R1:3513"
"JAM","BA:65","EAR_EHRA_SEX_CUR_NB","SEX_T","CUR_TYPE_LCU","2012",169.427,,,"T30:88","R1:3513"
"JAM","BA:65","EAR_EHRA_SEX_CUR_NB","SEX_T","CUR_TYPE_PPP","2012",2.752,,,"T30:88","R1:3513"
"JAM","BA:65","EAR_EHRA_SEX_CUR_NB","SEX_T","CUR_TYPE_USD","2012",1.909,,,"T30:88","R1:3513"
"JAM","BA:65","EAR_EHRA_SEX_CUR_NB","SEX_T","CUR_TYPE_LCU","2011",179.015,,,"T30:88","R1:3513"
"JAM","BA:65","EAR_EHRA_SEX_CUR_NB","SEX_T","CUR_TYPE_PPP","2011",2.847,,,"T30:88","R1:3513"
"JAM","BA:65","EAR_EHRA_SEX_CUR_NB","SEX_T","CUR_TYPE_USD","2011",2.084,,,"T30:88","R1:3513"
"JAM","BA:65","EAR_EHRA_SEX_CUR_NB","SEX_T","CUR_TYPE_LCU","2010",161.686,,,"T30:88","R1:3513"
"JAM","BA:65","EAR_EHRA_SEX_CUR_NB","SEX_T","CUR_TYPE_PPP","2010",2.681,,,"T30:88","R1:3513"
"JAM","BA:65","EAR_EHRA_SEX_CUR_NB","SEX_T","CUR_TYPE_USD","2010",1.854,,,"T30:88","R1:3513"
"JAM","BA:65","EAR_EHRA_SEX_CUR_NB","SEX_T","CUR_TYPE_LCU","2009",158.069,,,"T30:88","R1:3513"
"JAM","BA:65","EAR_EHRA_SEX_CUR_NB","SEX_T","CUR_TYPE_PPP","2009",2.904,,,"T30:88","R1:3513"
"JAM","BA:65","EAR_EHRA_SEX_CUR_NB","SEX_T","CUR_TYPE_USD","2009",1.798,,,"T30:88","R1:3513"
"JAM","BA:65","EAR_EHRA_SEX_CUR_NB","SEX_T","CUR_TYPE_LCU","2008",181.629,,,"T30:88","R1:3513"
"JAM","BA:65","EAR_EHRA_SEX_CUR_NB","SEX_T","CUR_TYPE_PPP","2008",3.67,,,"T30:88","R1:3513"
"JAM","BA:65","EAR_EHRA_SEX_CUR_NB","SEX_T","CUR_TYPE_USD","2008",2.496,,,"T30:88","R1:3513"
"JOR","BA:682","EAR_EHRA_SEX_CUR_NB","SEX_T","CUR_TYPE_LCU","2024",1.838,,,"T30:127","R1:3513"
"JOR","BA:682","EAR_EHRA_SEX_CUR_NB","SEX_T","CUR_TYPE_PPP","2024",5.723,,,"T30:127","R1:3513"
"JOR","BA:682","EAR_EHRA_SEX_CUR_NB","SEX_T","CUR_TYPE_USD","2024",2.589,,,"T30:127","R1:3513"
"JOR","BA:682","EAR_EHRA_SEX_CUR_NB","SEX_T","CUR_TYPE_LCU","2023",1.804,,,"T30:127","R1:3513"
"JOR","BA:682","EAR_EHRA_SEX_CUR_NB","SEX_T","CUR_TYPE_PPP","2023",5.539,,,"T30:127","R1:3513"
"JOR","BA:682","EAR_EHRA_SEX_CUR_NB","SEX_T","CUR_TYPE_USD","2023",2.54,,,"T30:127","R1:3513"
"JOR","BA:682","EAR_EHRA_SEX_CUR_NB","SEX_T","CUR_TYPE_LCU","2022",1.874,,,"T30:127","R1:3513"
"JOR","BA:682","EAR_EHRA_SEX_CUR_NB","SEX_T","CUR_TYPE_PPP","2022",5.643,,,"T30:127","R1:3513"
"JOR","BA:682","EAR_EHRA_SEX_CUR_NB","SEX_T","CUR_TYPE_USD","2022",2.639,,,"T30:127","R1:3513"
"JOR","BA:682","EAR_EHRA_SEX_CUR_NB","SEX_T","CUR_TYPE_LCU","2021",1.905,,,"T30:127","R1:3513"
"JOR","BA:682","EAR_EHRA_SEX_CUR_NB","SEX_T","CUR_TYPE_PPP","2021",5.535,,,"T30:127","R1:3513"
"JOR","BA:682","EAR_EHRA_SEX_CUR_NB","SEX_T","CUR_TYPE_USD","2021",2.682,,,"T30:127","R1:3513"
"JOR","BA:682","EAR_EHRA_SEX_CUR_NB","SEX_T","CUR_TYPE_LCU","2020",1.829,,,"T30:127","R1:3513"
"JOR","BA:682","EAR_EHRA_SEX_CUR_NB","SEX_T","CUR_TYPE_PPP","2020",5.378,,,"T30:127","R1:3513"
"JOR","BA:682","EAR_EHRA_SEX_CUR_NB","SEX_T","CUR_TYPE_USD","2020",2.575,,,"T30:127","R1:3513"
"JOR","BA:682","EAR_EHRA_SEX_CUR_NB","SEX_T","CUR_TYPE_LCU","2019",1.72,,,"T30:127","R1:3513"
"JOR","BA:682","EAR_EHRA_SEX_CUR_NB","SEX_T","CUR_TYPE_PPP","2019",5.031,,,"T30:127","R1:3513"
"JOR","BA:682","EAR_EHRA_SEX_CUR_NB","SEX_T","CUR_TYPE_USD","2019",2.422,,,"T30:127","R1:3513"
"JOR","BA:682","EAR_EHRA_SEX_CUR_NB","SEX_T","CUR_TYPE_LCU","2018",1.799,,,"T30:127","R1:3513"
"JOR","BA:682","EAR_EHRA_SEX_CUR_NB","SEX_T","CUR_TYPE_PPP","2018",5.219,,,"T30:127","R1:3513"
"JOR","BA:682","EAR_EHRA_SEX_CUR_NB","SEX_T","CUR_TYPE_USD","2018",2.534,,,"T30:127","R1:3513"
"JOR","BA:682","EAR_EHRA_SEX_CUR_NB","SEX_T","CUR_TYPE_LCU","2017",1.977,"B",,"T30:127_I11:264","R1:3513"
"JOR","BA:682","EAR_EHRA_SEX_CUR_NB","SEX_T","CUR_TYPE_PPP","2017",5.864,"B",,"T30:127_I11:264","R1:3513"
"JOR","BA:682","EAR_EHRA_SEX_CUR_NB","SEX_T","CUR_TYPE_USD","2017",2.784,"B",,"T30:127_I11:264","R1:3513"
"KEN","BX:3465","EAR_EHRA_SEX_CUR_NB","SEX_T","CUR_TYPE_LCU","2019",100.097,,,"T30:24","R1:3513"
"KEN","BX:3465","EAR_EHRA_SEX_CUR_NB","SEX_T","CUR_TYPE_PPP","2019",2.314,,,"T30:24","R1:3513"
"KEN","BX:3465","EAR_EHRA_SEX_CUR_NB","SEX_T","CUR_TYPE_USD","2019",0.981,,,"T30:24","R1:3513"
"KEN","BB:7021","EAR_EHRA_SEX_CUR_NB","SEX_T","CUR_TYPE_LCU","2016",85.287,,,"T30:24","R1:3513"
"KEN","BB:7021","EAR_EHRA_SEX_CUR_NB","SEX_T","CUR_TYPE_PPP","2016",2.053,,,"T30:24","R1:3513"
"KEN","BB:7021","EAR_EHRA_SEX_CUR_NB","SEX_T","CUR_TYPE_USD","2016",0.84,,,"T30:24","R1:3513"
"KEN","BB:7021","EAR_EHRA_SEX_CUR_NB","SEX_T","CUR_TYPE_LCU","2005",50.13,"B",,"T30:24_I11:264","R1:3513"
"KEN","BB:7021","EAR_EHRA_SEX_CUR_NB","SEX_T","CUR_TYPE_PPP","2005",2.509,"B",,"T30:24_I11:264","R1:3513"
"KEN","BB:7021","EAR_EHRA_SEX_CUR_NB","SEX_T","CUR_TYPE_USD","2005",0.663,"B",,"T30:24_I11:264","R1:3513"
"KHM","BA:1321","EAR_EHRA_SEX_CUR_NB","SEX_T","CUR_TYPE_LCU","2025",6687.741,,,"T30:117","R1:3513"
"KHM","BA:1321","EAR_EHRA_SEX_CUR_NB","SEX_T","CUR_TYPE_PPP","2025",4.541,,,"T30:117","R1:3513"
"KHM","BA:1321","EAR_EHRA_SEX_CUR_NB","SEX_T","CUR_TYPE_USD","2025",1.666,,,"T30:117","R1:3513"
"KHM","BB:3064","EAR_EHRA_SEX_CUR_NB","SEX_T","CUR_TYPE_LCU","2023",5435.643,,,"T30:117","R1:3513"
"KHM","BB:3064","EAR_EHRA_SEX_CUR_NB","SEX_T","CUR_TYPE_PPP","2023",3.602,,,"T30:117","R1:3513"
"KHM","BB:3064","EAR_EHRA_SEX_CUR_NB","SEX_T","CUR_TYPE_USD","2023",1.322,,,"T30:117","R1:3513"
"KHM","BB:3064","EAR_EHRA_SEX_CUR_NB","SEX_T","CUR_TYPE_LCU","2021",5117.766,,,"T30:117","R1:3513"
"KHM","BB:3064","EAR_EHRA_SEX_CUR_NB","SEX_T","CUR_TYPE_PPP","2021",3.244,,,"T30:117","R1:3513"
"KHM","BB:3064","EAR_EHRA_SEX_CUR_NB","SEX_T","CUR_TYPE_USD","2021",1.249,,,"T30:117","R1:3513"
"KHM","BB:3064","EAR_EHRA_SEX_CUR_NB","SEX_T","CUR_TYPE_LCU","2020",5108.755,,,"T30:117","R1:3513"
"KHM","BB:3064","EAR_EHRA_SEX_CUR_NB","SEX_T","CUR_TYPE_PPP","2020",3.233,,,"T30:117","R1:3513"
"KHM","BB:3064","EAR_EHRA_SEX_CUR_NB","SEX_T","CUR_TYPE_USD","2020",1.248,,,"T30:117","R1:3513"
"KHM","BA:1321","EAR_EHRA_SEX_CUR_NB","SEX_T","CUR_TYPE_LCU","2019",5346.421,"B",,"T30:117_I11:264","R1:3513"
"KHM","BA:1321","EAR_EHRA_SEX_CUR_NB","SEX_T","CUR_TYPE_PPP","2019",3.395,"B",,"T30:117_I11:264","R1:3513"
"KHM","BA:1321","EAR_EHRA_SEX_CUR_NB","SEX_T","CUR_TYPE_USD","2019",1.316,"B",,"T30:117_I11:264","R1:3513"
"KHM","BB:3064","EAR_EHRA_SEX_CUR_NB","SEX_T","CUR_TYPE_LCU","2016",3569.721,,,"T30:117","R1:3513"
"KHM","BB:3064","EAR_EHRA_SEX_CUR_NB","SEX_T","CUR_TYPE_PPP","2016",2.331,,,"T30:117","R1:3513"
"KHM","BB:3064","EAR_EHRA_SEX_CUR_NB","SEX_T","CUR_TYPE_USD","2016",0.879,,,"T30:117","R1:3513"
"KHM","BB:3064","EAR_EHRA_SEX_CUR_NB","SEX_T","CUR_TYPE_LCU","2015",3115.888,,,"T30:117","R1:3513"
"KHM","BB:3064","EAR_EHRA_SEX_CUR_NB","SEX_T","CUR_TYPE_PPP","2015",2.048,,,"T30:117","R1:3513"
"KHM","BB:3064","EAR_EHRA_SEX_CUR_NB","SEX_T","CUR_TYPE_USD","2015",0.766,,,"T30:117","R1:3513"
"KHM","BB:3064","EAR_EHRA_SEX_CUR_NB","SEX_T","CUR_TYPE_LCU","2014",2924.257,,,"T30:117","R1:3513"
"KHM","BB:3064","EAR_EHRA_SEX_CUR_NB","SEX_T","CUR_TYPE_PPP","2014",1.923,,,"T30:117","R1:3513"
"KHM","BB:3064","EAR_EHRA_SEX_CUR_NB","SEX_T","CUR_TYPE_USD","2014",0.724,,,"T30:117","R1:3513"
"KHM","BB:3064","EAR_EHRA_SEX_CUR_NB","SEX_T","CUR_TYPE_LCU","2013",2345.901,,,"T30:117","R1:3513"
"KHM","BB:3064","EAR_EHRA_SEX_CUR_NB","SEX_T","CUR_TYPE_PPP","2013",1.579,,,"T30:117","R1:3513"
"KHM","BB:3064","EAR_EHRA_SEX_CUR_NB","SEX_T","CUR_TYPE_USD","2013",0.583,,,"T30:117","R1:3513"
"KHM","BA:1321","EAR_EHRA_SEX_CUR_NB","SEX_T","CUR_TYPE_LCU","2012",2493.014,"B",,"T30:117_I11:264","R1:3513"
"KHM","BA:1321","EAR_EHRA_SEX_CUR_NB","SEX_T","CUR_TYPE_PPP","2012",1.731,"B",,"T30:117_I11:264","R1:3513"
"KHM","BA:1321","EAR_EHRA_SEX_CUR_NB","SEX_T","CUR_TYPE_USD","2012",0.618,"B",,"T30:117_I11:264","R1:3513"
"KHM","BB:3064","EAR_EHRA_SEX_CUR_NB","SEX_T","CUR_TYPE_LCU","2011",1985.479,,,"T30:117","R1:3513"
"KHM","BB:3064","EAR_EHRA_SEX_CUR_NB","SEX_T","CUR_TYPE_PPP","2011",1.33,,,"T30:117","R1:3513"
"KHM","BB:3064","EAR_EHRA_SEX_CUR_NB","SEX_T","CUR_TYPE_USD","2011",0.489,,,"T30:117","R1:3513"
"KHM","BB:3064","EAR_EHRA_SEX_CUR_NB","SEX_T","CUR_TYPE_LCU","2010",1857.689,,,"T30:117","R1:3513"
"KHM","BB:3064","EAR_EHRA_SEX_CUR_NB","SEX_T","CUR_TYPE_PPP","2010",1.272,,,"T30:117","R1:3513"
"KHM","BB:3064","EAR_EHRA_SEX_CUR_NB","SEX_T","CUR_TYPE_USD","2010",0.444,,,"T30:117","R1:3513"
"KHM","BB:3064","EAR_EHRA_SEX_CUR_NB","SEX_T","CUR_TYPE_LCU","2009",1682.043,,,"T30:117","R1:3513"
"KHM","BB:3064","EAR_EHRA_SEX_CUR_NB","SEX_T","CUR_TYPE_PPP","2009",1.179,,,"T30:117","R1:3513"
"KHM","BB:3064","EAR_EHRA_SEX_CUR_NB","SEX_T","CUR_TYPE_USD","2009",0.406,,,"T30:117","R1:3513"
"KHM","BB:3064","EAR_EHRA_SEX_CUR_NB","SEX_T","CUR_TYPE_LCU","2008",1638.91,,,"T30:117","R1:3513"
"KHM","BB:3064","EAR_EHRA_SEX_CUR_NB","SEX_T","CUR_TYPE_PPP","2008",1.138,,,"T30:117","R1:3513"
"KHM","BB:3064","EAR_EHRA_SEX_CUR_NB","SEX_T","CUR_TYPE_USD","2008",0.404,,,"T30:117","R1:3513"
"KHM","BB:3064","EAR_EHRA_SEX_CUR_NB","SEX_T","CUR_TYPE_LCU","2007",1463.776,"B",,"T30:117_I11:264","R1:3513"
"KHM","BB:3064","EAR_EHRA_SEX_CUR_NB","SEX_T","CUR_TYPE_PPP","2007",1.215,"B",,"T30:117_I11:264","R1:3513"
"KHM","BB:3064","EAR_EHRA_SEX_CUR_NB","SEX_T","CUR_TYPE_USD","2007",0.361,"B",,"T30:117_I11:264","R1:3513"
"KHM","BB:3064","EAR_EHRA_SEX_CUR_NB","SEX_T","CUR_TYPE_LCU","2003",1021.981,,,"T30:117","R1:3513"
"KHM","BB:3064","EAR_EHRA_SEX_CUR_NB","SEX_T","CUR_TYPE_PPP","2003",0.963,,,"T30:117","R1:3513"
"KHM","BB:3064","EAR_EHRA_SEX_CUR_NB","SEX_T","CUR_TYPE_USD","2003",0.257,,,"T30:117","R1:3513"
"KHM","BA:1321","EAR_EHRA_SEX_CUR_NB","SEX_T","CUR_TYPE_LCU","2001",765.29,,,"T30:117","R1:3513"
"KHM","BA:1321","EAR_EHRA_SEX_CUR_NB","SEX_T","CUR_TYPE_PPP","2001",0.702,,,"T30:117","R1:3513"
"KHM","BA:1321","EAR_EHRA_SEX_CUR_NB","SEX_T","CUR_TYPE_USD","2001",0.195,,,"T30:117","R1:3513"
"KHM","BA:1321","EAR_EHRA_SEX_CUR_NB","SEX_T","CUR_TYPE_LCU","2000",757.853,"B",,"T30:117_I11:264","R1:3513"
"KHM","BA:1321","EAR_EHRA_SEX_CUR_NB","SEX_T","CUR_TYPE_PPP","2000",0.672,"B",,"T30:117_I11:264","R1:3513"
"KHM","BA:1321","EAR_EHRA_SEX_CUR_NB","SEX_T","CUR_TYPE_USD","2000",0.197,"B",,"T30:117_I11:264","R1:3513"
"KIR","BB:15723","EAR_EHRA_SEX_CUR_NB","SEX_T","CUR_TYPE_LCU","2023",5.071,,,"T30:217","R1:3513"
"KIR","BB:15723","EAR_EHRA_SEX_CUR_NB","SEX_T","CUR_TYPE_PPP","2023",5.401,,,"T30:217","R1:3513"
"KIR","BB:15723","EAR_EHRA_SEX_CUR_NB","SEX_T","CUR_TYPE_USD","2023",3.369,,,"T30:217","R1:3513"
"KOR","DA:224","EAR_EHRA_SEX_CUR_NB","SEX_T","CUR_TYPE_LCU","2022",24931,,,"T9:133_T10:138_T12:145_T30:130","S3:17_S7:57_S8:1640_S9:66_S6:47"
"KOR","DA:224","EAR_EHRA_SEX_CUR_NB","SEX_T","CUR_TYPE_PPP","2022",27.579,,,"T9:133_T10:138_T12:145_T30:130","S3:17_S7:57_S8:1640_S9:66_S6:47"
"KOR","DA:224","EAR_EHRA_SEX_CUR_NB","SEX_T","CUR_TYPE_USD","2022",19.305,,,"T9:133_T10:138_T12:145_T30:130","S3:17_S7:57_S8:1640_S9:66_S6:47"
"KOR","DA:224","EAR_EHRA_SEX_CUR_NB","SEX_T","CUR_TYPE_LCU","2021",21957,,,"T9:133_T10:138_T12:145_T30:130","S3:17_S7:57_S8:1640_S9:66_S6:47"
"KOR","DA:224","EAR_EHRA_SEX_CUR_NB","SEX_T","CUR_TYPE_PPP","2021",22.848,,,"T9:133_T10:138_T12:145_T30:130","S3:17_S7:57_S8:1640_S9:66_S6:47"
"KOR","DA:224","EAR_EHRA_SEX_CUR_NB","SEX_T","CUR_TYPE_USD","2021",19.194,,,"T9:133_T10:138_T12:145_T30:130","S3:17_S7:57_S8:1640_S9:66_S6:47"
"KOR","DA:224","EAR_EHRA_SEX_CUR_NB","SEX_T","CUR_TYPE_LCU","2020",21468,,,"T9:133_T10:138_T12:145_T30:130","S3:17_S7:57_S8:1640_S9:66_S6:47"
"KOR","DA:224","EAR_EHRA_SEX_CUR_NB","SEX_T","CUR_TYPE_PPP","2020",22.098,,,"T9:133_T10:138_T12:145_T30:130","S3:17_S7:57_S8:1640_S9:66_S6:47"
"KOR","DA:224","EAR_EHRA_SEX_CUR_NB","SEX_T","CUR_TYPE_USD","2020",18.189,,,"T9:133_T10:138_T12:145_T30:130","S3:17_S7:57_S8:1640_S9:66_S6:47"
"KOR","DA:224","EAR_EHRA_SEX_CUR_NB","SEX_T","CUR_TYPE_LCU","2019",23069,,,"T9:133_T10:138_T12:145_T30:130","S3:17_S7:57_S8:1640_S9:66_S6:47"
"KOR","DA:224","EAR_EHRA_SEX_CUR_NB","SEX_T","CUR_TYPE_PPP","2019",23.442,,,"T9:133_T10:138_T12:145_T30:130","S3:17_S7:57_S8:1640_S9:66_S6:47"
"KOR","DA:224","EAR_EHRA_SEX_CUR_NB","SEX_T","CUR_TYPE_USD","2019",19.796,,,"T9:133_T10:138_T12:145_T30:130","S3:17_S7:57_S8:1640_S9:66_S6:47"
"KOR","DA:224","EAR_EHRA_SEX_CUR_NB","SEX_T","CUR_TYPE_LCU","2018",21922,,,"T9:133_T10:138_T12:145_T30:130","S3:17_S7:57_S8:1640_S9:66_S6:47"
"KOR","DA:224","EAR_EHRA_SEX_CUR_NB","SEX_T","CUR_TYPE_PPP","2018",22.361,,,"T9:133_T10:138_T12:145_T30:130","S3:17_S7:57_S8:1640_S9:66_S6:47"
"KOR","DA:224","EAR_EHRA_SEX_CUR_NB","SEX_T","CUR_TYPE_USD","2018",19.926,,,"T9:133_T10:138_T12:145_T30:130","S3:17_S7:57_S8:1640_S9:66_S6:47"
"KOR","DA:224","EAR_EHRA_SEX_CUR_NB","SEX_T","CUR_TYPE_LCU","2017",19512,,,"T9:133_T10:138_T12:145_T30:130","S3:17_S7:57_S8:1640_S9:66_S6:47"
"KOR","DA:224","EAR_EHRA_SEX_CUR_NB","SEX_T","CUR_TYPE_PPP","2017",19.668,,,"T9:133_T10:138_T12:145_T30:130","S3:17_S7:57_S8:1640_S9:66_S6:47"
"KOR","DA:224","EAR_EHRA_SEX_CUR_NB","SEX_T","CUR_TYPE_USD","2017",17.252,,,"T9:133_T10:138_T12:145_T30:130","S3:17_S7:57_S8:1640_S9:66_S6:47"
"KOR","DA:224","EAR_EHRA_SEX_CUR_NB","SEX_T","CUR_TYPE_LCU","2016",18786,,,"T9:133_T10:138_T12:145_T30:130","S3:17_S7:57_S8:1640_S9:66_S6:47"
"KOR","DA:224","EAR_EHRA_SEX_CUR_NB","SEX_T","CUR_TYPE_PPP","2016",19.425,,,"T9:133_T10:138_T12:145_T30:130","S3:17_S7:57_S8:1640_S9:66_S6:47"
"KOR","DA:224","EAR_EHRA_SEX_CUR_NB","SEX_T","CUR_TYPE_USD","2016",16.184,,,"T9:133_T10:138_T12:145_T30:130","S3:17_S7:57_S8:1640_S9:66_S6:47"
"KOR","DA:224","EAR_EHRA_SEX_CUR_NB","SEX_T","CUR_TYPE_LCU","2015",18142,,,"T9:133_T10:138_T12:145_T30:130","S3:17_S7:57_S8:1640_S9:66_S6:47"
"KOR","DA:224","EAR_EHRA_SEX_CUR_NB","SEX_T","CUR_TYPE_PPP","2015",18.904,,,"T9:133_T10:138_T12:145_T30:130","S3:17_S7:57_S8:1640_S9:66_S6:47"
"KOR","DA:224","EAR_EHRA_SEX_CUR_NB","SEX_T","CUR_TYPE_USD","2015",16.041,,,"T9:133_T10:138_T12:145_T30:130","S3:17_S7:57_S8:1640_S9:66_S6:47"
"KOR","DA:224","EAR_EHRA_SEX_CUR_NB","SEX_T","CUR_TYPE_LCU","2014",19108,,,"T9:133_T10:138_T12:145_T30:130","S3:17_S7:57_S8:1640_S9:66_S6:47"
"KOR","DA:224","EAR_EHRA_SEX_CUR_NB","SEX_T","CUR_TYPE_PPP","2014",19.209,,,"T9:133_T10:138_T12:145_T30:130","S3:17_S7:57_S8:1640_S9:66_S6:47"
"KOR","DA:224","EAR_EHRA_SEX_CUR_NB","SEX_T","CUR_TYPE_USD","2014",18.149,,,"T9:133_T10:138_T12:145_T30:130","S3:17_S7:57_S8:1640_S9:66_S6:47"
"KOR","DA:224","EAR_EHRA_SEX_CUR_NB","SEX_T","CUR_TYPE_LCU","2013",18459,,,"T9:133_T10:138_T12:145_T30:130","S3:17_S7:57_S8:1640_S9:66_S6:47"
"KOR","DA:224","EAR_EHRA_SEX_CUR_NB","SEX_T","CUR_TYPE_PPP","2013",18.907,,,"T9:133_T10:138_T12:145_T30:130","S3:17_S7:57_S8:1640_S9:66_S6:47"
"KOR","DA:224","EAR_EHRA_SEX_CUR_NB","SEX_T","CUR_TYPE_USD","2013",16.858,,,"T9:133_T10:138_T12:145_T30:130","S3:17_S7:57_S8:1640_S9:66_S6:47"
"KOR","DA:224","EAR_EHRA_SEX_CUR_NB","SEX_T","CUR_TYPE_LCU","2012",17074,,,"T9:133_T10:138_T12:145_T30:130","S3:17_S7:57_S8:1640_S9:66_S6:47"
"KOR","DA:224","EAR_EHRA_SEX_CUR_NB","SEX_T","CUR_TYPE_PPP","2012",18.662,,,"T9:133_T10:138_T12:145_T30:130","S3:17_S7:57_S8:1640_S9:66_S6:47"
"KOR","DA:224","EAR_EHRA_SEX_CUR_NB","SEX_T","CUR_TYPE_USD","2012",15.153,,,"T9:133_T10:138_T12:145_T30:130","S3:17_S7:57_S8:1640_S9:66_S6:47"
"KOR","DA:224","EAR_EHRA_SEX_CUR_NB","SEX_T","CUR_TYPE_LCU","2011",15954,,,"T9:133_T10:138_T11:142_T12:145_T30:130","S3:17_S7:57_S8:1640_S9:66_S6:47"
"KOR","DA:224","EAR_EHRA_SEX_CUR_NB","SEX_T","CUR_TYPE_PPP","2011",17.493,,,"T9:133_T10:138_T11:142_T12:145_T30:130","S3:17_S7:57_S8:1640_S9:66_S6:47"
"KOR","DA:224","EAR_EHRA_SEX_CUR_NB","SEX_T","CUR_TYPE_USD","2011",14.396,,,"T9:133_T10:138_T11:142_T12:145_T30:130","S3:17_S7:57_S8:1640_S9:66_S6:47"
"KOR","DA:224","EAR_EHRA_SEX_CUR_NB","SEX_T","CUR_TYPE_LCU","2010",15088,,,"T9:133_T10:138_T11:142_T12:145_T30:130","S3:17_S7:57_S8:1640_S9:66_S6:47"
"KOR","DA:224","EAR_EHRA_SEX_CUR_NB","SEX_T","CUR_TYPE_PPP","2010",16.617,,,"T9:133_T10:138_T11:142_T12:145_T30:130","S3:17_S7:57_S8:1640_S9:66_S6:47"
"KOR","DA:224","EAR_EHRA_SEX_CUR_NB","SEX_T","CUR_TYPE_USD","2010",13.047,,,"T9:133_T10:138_T11:142_T12:145_T30:130","S3:17_S7:57_S8:1640_S9:66_S6:47"
"KOR","DA:224","EAR_EHRA_SEX_CUR_NB","SEX_T","CUR_TYPE_LCU","2009",14463,,,"T9:133_T10:138_T11:142_T12:145_T30:130","S3:17_S7:57_S8:1640_S9:66_S6:47"
"KOR","DA:224","EAR_EHRA_SEX_CUR_NB","SEX_T","CUR_TYPE_PPP","2009",16.039,,,"T9:133_T10:138_T11:142_T12:145_T30:130","S3:17_S7:57_S8:1640_S9:66_S6:47"
"KOR","DA:224","EAR_EHRA_SEX_CUR_NB","SEX_T","CUR_TYPE_USD","2009",11.324,,,"T9:133_T10:138_T11:142_T12:145_T30:130","S3:17_S7:57_S8:1640_S9:66_S6:47"
"KOS","BB:16127","EAR_EHRA_SEX_CUR_NB","SEX_T","CUR_TYPE_LCU","2000",2.881,,,"T30:186","R1:3513"
"KOS","BB:16127","EAR_EHRA_SEX_CUR_NB","SEX_T","CUR_TYPE_USD","2000",2.661,,,"T30:186","R1:3513"
"LAO","BA:6651","EAR_EHRA_SEX_CUR_NB","SEX_T","CUR_TYPE_LCU","2022",15817.797,"B",,"T30:133_I11:264","R1:3513"
"LAO","BA:6651","EAR_EHRA_SEX_CUR_NB","SEX_T","CUR_TYPE_PPP","2022",4.262,"B",,"T30:133_I11:264","R1:3513"
"LAO","BA:6651","EAR_EHRA_SEX_CUR_NB","SEX_T","CUR_TYPE_USD","2022",1.127,"B",,"T30:133_I11:264","R1:3513"
"LAO","BA:6651","EAR_EHRA_SEX_CUR_NB","SEX_T","CUR_TYPE_LCU","2017",16040.011,"B",,"T30:133_I11:264","R1:3513"
"LAO","BA:6651","EAR_EHRA_SEX_CUR_NB","SEX_T","CUR_TYPE_PPP","2017",5.033,"B",,"T30:133_I11:264","R1:3513"
"LAO","BA:6651","EAR_EHRA_SEX_CUR_NB","SEX_T","CUR_TYPE_USD","2017",1.946,"B",,"T30:133_I11:264","R1:3513"
"LAO","BA:6651","EAR_EHRA_SEX_CUR_NB","SEX_T","CUR_TYPE_LCU","2010",6391.448,"B",,"T30:133_I11:264","R1:3513"
"LAO","BA:6651","EAR_EHRA_SEX_CUR_NB","SEX_T","CUR_TYPE_PPP","2010",2.133,"B",,"T30:133_I11:264","R1:3513"
"LAO","BA:6651","EAR_EHRA_SEX_CUR_NB","SEX_T","CUR_TYPE_USD","2010",0.774,"B",,"T30:133_I11:264","R1:3513"
"LBN","BA:14074","EAR_EHRA_SEX_CUR_NB","SEX_T","CUR_TYPE_LCU","2019",6700.369,"B",,"T30:134_I11:264","R1:3513"
"LBN","BA:14074","EAR_EHRA_SEX_CUR_NB","SEX_T","CUR_TYPE_PPP","2019",8.954,"B",,"T30:134_I11:264","R1:3513"
"LBN","BA:14074","EAR_EHRA_SEX_CUR_NB","SEX_T","CUR_TYPE_USD","2019",4.445,"B",,"T30:134_I11:264","R1:3513"
"LBR","BA:16","EAR_EHRA_SEX_CUR_NB","SEX_T","CUR_TYPE_LCU","2017",8.068,"B",,"T30:384_I11:264","R1:3513"
"LBR","BA:16","EAR_EHRA_SEX_CUR_NB","SEX_T","CUR_TYPE_PPP","2017",20.013,"B",,"T30:384_I11:264","R1:3513"
"LBR","BA:16","EAR_EHRA_SEX_CUR_NB","SEX_T","CUR_TYPE_USD","2017",8.068,"B",,"T30:384_I11:264","R1:3513"
"LBR","BB:7322","EAR_EHRA_SEX_CUR_NB","SEX_T","CUR_TYPE_LCU","2016",5.052,,,"T30:384","R1:3513"
"LBR","BB:7322","EAR_EHRA_SEX_CUR_NB","SEX_T","CUR_TYPE_PPP","2016",10.932,,,"T30:384","R1:3513"
"LBR","BB:7322","EAR_EHRA_SEX_CUR_NB","SEX_T","CUR_TYPE_USD","2016",5.052,,,"T30:384","R1:3513"
"LBR","BB:7322","EAR_EHRA_SEX_CUR_NB","SEX_T","CUR_TYPE_LCU","2014",1.474,"B",,"T30:384_I11:264","R1:3513"
"LBR","BB:7322","EAR_EHRA_SEX_CUR_NB","SEX_T","CUR_TYPE_PPP","2014",2.898,"B",,"T30:384_I11:264","R1:3513"
"LBR","BB:7322","EAR_EHRA_SEX_CUR_NB","SEX_T","CUR_TYPE_USD","2014",1.474,"B",,"T30:384_I11:264","R1:3513"
"LBR","BA:16","EAR_EHRA_SEX_CUR_NB","SEX_T","CUR_TYPE_LCU","2010",1.642,"B",,"T30:384_I11:264","R1:3513"
"LBR","BA:16","EAR_EHRA_SEX_CUR_NB","SEX_T","CUR_TYPE_PPP","2010",2.886,"B",,"T30:384_I11:264","R1:3513"
"LBR","BA:16","EAR_EHRA_SEX_CUR_NB","SEX_T","CUR_TYPE_USD","2010",1.642,"B",,"T30:384_I11:264","R1:3513"
"LKA","BA:1359","EAR_EHRA_SEX_CUR_NB","SEX_T","CUR_TYPE_LCU","2024",277.93,,,"T30:147","R1:3513"
"LKA","BA:1359","EAR_EHRA_SEX_CUR_NB","SEX_T","CUR_TYPE_PPP","2024",3.177,,,"T30:147","R1:3513"
"LKA","BA:1359","EAR_EHRA_SEX_CUR_NB","SEX_T","CUR_TYPE_LCU","2023",255.243,,,"T30:147","R1:3513"
"LKA","BA:1359","EAR_EHRA_SEX_CUR_NB","SEX_T","CUR_TYPE_PPP","2023",2.822,,,"T30:147","R1:3513"
"LKA","BA:1359","EAR_EHRA_SEX_CUR_NB","SEX_T","CUR_TYPE_USD","2023",0.779,,,"T30:147","R1:3513"
"LKA","BA:1359","EAR_EHRA_SEX_CUR_NB","SEX_T","CUR_TYPE_LCU","2022",237.5,,,"T30:147","R1:3513"
"LKA","BA:1359","EAR_EHRA_SEX_CUR_NB","SEX_T","CUR_TYPE_PPP","2022",2.939,,,"T30:147","R1:3513"
"LKA","BA:1359","EAR_EHRA_SEX_CUR_NB","SEX_T","CUR_TYPE_USD","2022",0.736,,,"T30:147","R1:3513"
"LKA","BA:1359","EAR_EHRA_SEX_CUR_NB","SEX_T","CUR_TYPE_LCU","2021",237.696,,,"T30:147","R1:3513"
"LKA","BA:1359","EAR_EHRA_SEX_CUR_NB","SEX_T","CUR_TYPE_PPP","2021",4.077,,,"T30:147","R1:3513"
"LKA","BA:1359","EAR_EHRA_SEX_CUR_NB","SEX_T","CUR_TYPE_USD","2021",1.196,,,"T30:147","R1:3513"
"LKA","BA:1359","EAR_EHRA_SEX_CUR_NB","SEX_T","CUR_TYPE_LCU","2020",222.589,,,"T30:147","R1:3513"
"LKA","BA:1359","EAR_EHRA_SEX_CUR_NB","SEX_T","CUR_TYPE_PPP","2020",3.631,,,"T30:147","R1:3513"
"LKA","BA:1359","EAR_EHRA_SEX_CUR_NB","SEX_T","CUR_TYPE_USD","2020",1.199,,,"T30:147","R1:3513"
"LKA","BA:1359","EAR_EHRA_SEX_CUR_NB","SEX_T","CUR_TYPE_LCU","2019",191.537,,,"T30:147","R1:3513"
"LKA","BA:1359","EAR_EHRA_SEX_CUR_NB","SEX_T","CUR_TYPE_PPP","2019",3.548,,,"T30:147","R1:3513"
"LKA","BA:1359","EAR_EHRA_SEX_CUR_NB","SEX_T","CUR_TYPE_USD","2019",1.072,,,"T30:147","R1:3513"
"LKA","BA:1359","EAR_EHRA_SEX_CUR_NB","SEX_T","CUR_TYPE_LCU","2018",179.95,,,"T30:147","R1:3513"
"LKA","BA:1359","EAR_EHRA_SEX_CUR_NB","SEX_T","CUR_TYPE_PPP","2018",3.456,,,"T30:147","R1:3513"
"LKA","BA:1359","EAR_EHRA_SEX_CUR_NB","SEX_T","CUR_TYPE_USD","2018",1.108,,,"T30:147","R1:3513"
"LKA","BA:1359","EAR_EHRA_SEX_CUR_NB","SEX_T","CUR_TYPE_LCU","2017",173.162,,,"T30:147","R1:3513"
"LKA","BA:1359","EAR_EHRA_SEX_CUR_NB","SEX_T","CUR_TYPE_PPP","2017",3.366,,,"T30:147","R1:3513"
"LKA","BA:1359","EAR_EHRA_SEX_CUR_NB","SEX_T","CUR_TYPE_USD","2017",1.136,,,"T30:147","R1:3513"
"LKA","BA:1359","EAR_EHRA_SEX_CUR_NB","SEX_T","CUR_TYPE_LCU","2016",143.215,,,"T30:147","R1:3513"
"LKA","BA:1359","EAR_EHRA_SEX_CUR_NB","SEX_T","CUR_TYPE_PPP","2016",2.947,,,"T30:147","R1:3513"
"LKA","BA:1359","EAR_EHRA_SEX_CUR_NB","SEX_T","CUR_TYPE_USD","2016",0.984,,,"T30:147","R1:3513"
"LKA","BA:1359","EAR_EHRA_SEX_CUR_NB","SEX_T","CUR_TYPE_LCU","2015",135.147,,,"T30:147","R1:3513"
"LKA","BA:1359","EAR_EHRA_SEX_CUR_NB","SEX_T","CUR_TYPE_PPP","2015",2.829,,,"T30:147","R1:3513"
"LKA","BA:1359","EAR_EHRA_SEX_CUR_NB","SEX_T","CUR_TYPE_USD","2015",0.995,,,"T30:147","R1:3513"
"LKA","BA:1359","EAR_EHRA_SEX_CUR_NB","SEX_T","CUR_TYPE_LCU","2014",116.652,,,"T30:147","R1:3513"
"LKA","BA:1359","EAR_EHRA_SEX_CUR_NB","SEX_T","CUR_TYPE_PPP","2014",2.503,,,"T30:147","R1:3513"
"LKA","BA:1359","EAR_EHRA_SEX_CUR_NB","SEX_T","CUR_TYPE_USD","2014",0.893,,,"T30:147","R1:3513"
"LKA","BA:1359","EAR_EHRA_SEX_CUR_NB","SEX_T","CUR_TYPE_LCU","2013",104.96,,,"T30:147","R1:3513"
"LKA","BA:1359","EAR_EHRA_SEX_CUR_NB","SEX_T","CUR_TYPE_PPP","2013",2.319,,,"T30:147","R1:3513"
"LKA","BA:1359","EAR_EHRA_SEX_CUR_NB","SEX_T","CUR_TYPE_USD","2013",0.813,,,"T30:147","R1:3513"
"LKA","BA:1359","EAR_EHRA_SEX_CUR_NB","SEX_T","CUR_TYPE_LCU","2011",89.199,"B",,"T30:147_I11:264","R1:3513"
"LKA","BA:1359","EAR_EHRA_SEX_CUR_NB","SEX_T","CUR_TYPE_PPP","2011",2.075,"B",,"T30:147_I11:264","R1:3513"
"LKA","BA:1359","EAR_EHRA_SEX_CUR_NB","SEX_T","CUR_TYPE_USD","2011",0.807,"B",,"T30:147_I11:264","R1:3513"
"LKA","BA:1359","EAR_EHRA_SEX_CUR_NB","SEX_T","CUR_TYPE_LCU","2010",77.046,"B",,"T30:147_I11:264","R1:3513"
"LKA","BA:1359","EAR_EHRA_SEX_CUR_NB","SEX_T","CUR_TYPE_PPP","2010",1.854,"B",,"T30:147_I11:264","R1:3513"
"LKA","BA:1359","EAR_EHRA_SEX_CUR_NB","SEX_T","CUR_TYPE_USD","2010",0.681,"B",,"T30:147_I11:264","R1:3513"
"LSO","BA:13","EAR_EHRA_SEX_CUR_NB","SEX_T","CUR_TYPE_LCU","2024",16.084,,,"T30:25","R1:3513"
"LSO","BA:13","EAR_EHRA_SEX_CUR_NB","SEX_T","CUR_TYPE_PPP","2024",2.62,,,"T30:25","R1:3513"
"LSO","BA:13","EAR_EHRA_SEX_CUR_NB","SEX_T","CUR_TYPE_USD","2024",0.877,,,"T30:25","R1:3513"
"LSO","BA:13","EAR_EHRA_SEX_CUR_NB","SEX_T","CUR_TYPE_LCU","2019",20.08,,,"T30:25","R1:3513"
"LSO","BA:13","EAR_EHRA_SEX_CUR_NB","SEX_T","CUR_TYPE_PPP","2019",3.622,,,"T30:25","R1:3513"
"LSO","BA:13","EAR_EHRA_SEX_CUR_NB","SEX_T","CUR_TYPE_USD","2019",1.39,,,"T30:25","R1:3513"
"LTU","DA:12956","EAR_EHRA_SEX_CUR_NB","SEX_T","CUR_TYPE_LCU","2018",5.17,,,"T9:133_T10:138_T12:1516_T30:377","S3:21_S8:3907_S9:66"
"LTU","DA:12956","EAR_EHRA_SEX_CUR_NB","SEX_T","CUR_TYPE_PPP","2018",10.378,,,"T9:133_T10:138_T12:1516_T30:377","S3:21_S8:3907_S9:66"
"LTU","DA:12956","EAR_EHRA_SEX_CUR_NB","SEX_T","CUR_TYPE_USD","2018",6.106,,,"T9:133_T10:138_T12:1516_T30:377","S3:21_S8:3907_S9:66"
"LTU","DA:12956","EAR_EHRA_SEX_CUR_NB","SEX_T","CUR_TYPE_LCU","2014",3.91,,,"T30:377","R1:2383_S3:21_S8:2566_S6:48"
"LTU","DA:12956","EAR_EHRA_SEX_CUR_NB","SEX_T","CUR_TYPE_PPP","2014",7.822,,,"T30:377","R1:2383_S3:21_S8:2566_S6:48"
"LTU","DA:12956","EAR_EHRA_SEX_CUR_NB","SEX_T","CUR_TYPE_USD","2014",5.194,,,"T30:377","R1:2383_S3:21_S8:2566_S6:48"
"LTU","DA:12956","EAR_EHRA_SEX_CUR_NB","SEX_T","CUR_TYPE_LCU","2010",3.44,,,"T30:377","R1:2383_S3:21_S8:2566_S6:48"
"LTU","DA:12956","EAR_EHRA_SEX_CUR_NB","SEX_T","CUR_TYPE_PPP","2010",6.658,,,"T30:377","R1:2383_S3:21_S8:2566_S6:48"
"LTU","DA:12956","EAR_EHRA_SEX_CUR_NB","SEX_T","CUR_TYPE_USD","2010",4.56,,,"T30:377","R1:2383_S3:21_S8:2566_S6:48"
"LUX","DA:3111","EAR_EHRA_SEX_CUR_NB","SEX_T","CUR_TYPE_LCU","2018",25,,,"T30:190","R1:2383_S3:21_S8:2566_S6:48"
"LUX","DA:3111","EAR_EHRA_SEX_CUR_NB","SEX_T","CUR_TYPE_PPP","2018",26.691,,,"T30:190","R1:2383_S3:21_S8:2566_S6:48"
"LUX","DA:3111","EAR_EHRA_SEX_CUR_NB","SEX_T","CUR_TYPE_USD","2018",29.525,,,"T30:190","R1:2383_S3:21_S8:2566_S6:48"
"LUX","DA:3111","EAR_EHRA_SEX_CUR_NB","SEX_T","CUR_TYPE_LCU","2014",22.94,,,"T30:190","R1:2383_S3:21_S8:2566_S6:48"
"LUX","DA:3111","EAR_EHRA_SEX_CUR_NB","SEX_T","CUR_TYPE_PPP","2014",23.573,,,"T30:190","R1:2383_S3:21_S8:2566_S6:48"
"LUX","DA:3111","EAR_EHRA_SEX_CUR_NB","SEX_T","CUR_TYPE_USD","2014",30.476,,,"T30:190","R1:2383_S3:21_S8:2566_S6:48"
"LUX","DA:3111","EAR_EHRA_SEX_CUR_NB","SEX_T","CUR_TYPE_LCU","2010",21.95,,,"T30:190","R1:2383_S3:21_S8:2566_S6:48"
"LUX","DA:3111","EAR_EHRA_SEX_CUR_NB","SEX_T","CUR_TYPE_PPP","2010",22.437,,,"T30:190","R1:2383_S3:21_S8:2566_S6:48"
"LUX","DA:3111","EAR_EHRA_SEX_CUR_NB","SEX_T","CUR_TYPE_USD","2010",29.099,,,"T30:190","R1:2383_S3:21_S8:2566_S6:48"
"LVA","DA:12955","EAR_EHRA_SEX_CUR_NB","SEX_T","CUR_TYPE_LCU","2018",6,,,"T30:374","R1:2383_S3:21_S8:2566_S6:48"
"LVA","DA:12955","EAR_EHRA_SEX_CUR_NB","SEX_T","CUR_TYPE_PPP","2018",10.602,,,"T30:374","R1:2383_S3:21_S8:2566_S6:48"
"LVA","DA:12955","EAR_EHRA_SEX_CUR_NB","SEX_T","CUR_TYPE_USD","2018",7.086,,,"T30:374","R1:2383_S3:21_S8:2566_S6:48"
"LVA","DA:12955","EAR_EHRA_SEX_CUR_NB","SEX_T","CUR_TYPE_LCU","2014",4.41,,,"T30:374","R1:2383_S3:21_S8:2566_S6:48"
"LVA","DA:12955","EAR_EHRA_SEX_CUR_NB","SEX_T","CUR_TYPE_PPP","2014",7.741,,,"T30:374","R1:2383_S3:21_S8:2566_S6:48"
"LVA","DA:12955","EAR_EHRA_SEX_CUR_NB","SEX_T","CUR_TYPE_USD","2014",5.859,,,"T30:374","R1:2383_S3:21_S8:2566_S6:48"
"LVA","DA:12955","EAR_EHRA_SEX_CUR_NB","SEX_T","CUR_TYPE_LCU","2010",3.78,,,"T30:374","R1:2383_S3:21_S8:2566_S6:48"
"LVA","DA:12955","EAR_EHRA_SEX_CUR_NB","SEX_T","CUR_TYPE_PPP","2010",6.674,,,"T30:374","R1:2383_S3:21_S8:2566_S6:48"
"LVA","DA:12955","EAR_EHRA_SEX_CUR_NB","SEX_T","CUR_TYPE_USD","2010",5.011,,,"T30:374","R1:2383_S3:21_S8:2566_S6:48"
"MDA","BA:571","EAR_EHRA_SEX_CUR_NB","SEX_T","CUR_TYPE_LCU","2025",52.184,,,"T30:193","R1:3513"
"MDA","BA:571","EAR_EHRA_SEX_CUR_NB","SEX_T","CUR_TYPE_PPP","2025",5.948,,,"T30:193","R1:3513"
"MDA","BA:571","EAR_EHRA_SEX_CUR_NB","SEX_T","CUR_TYPE_USD","2025",3.003,,,"T30:193","R1:3513"
"MDA","BA:571","EAR_EHRA_SEX_CUR_NB","SEX_T","CUR_TYPE_LCU","2024",43.005,,,"T30:193","R1:3513"
"MDA","BA:571","EAR_EHRA_SEX_CUR_NB","SEX_T","CUR_TYPE_PPP","2024",5.144,,,"T30:193","R1:3513"
"MDA","BA:571","EAR_EHRA_SEX_CUR_NB","SEX_T","CUR_TYPE_USD","2024",2.417,,,"T30:193","R1:3513"
"MDA","BA:571","EAR_EHRA_SEX_CUR_NB","SEX_T","CUR_TYPE_LCU","2023",37.553,,,"T30:193","R1:3513"
"MDA","BA:571","EAR_EHRA_SEX_CUR_NB","SEX_T","CUR_TYPE_PPP","2023",4.567,,,"T30:193","R1:3513"
"MDA","BA:571","EAR_EHRA_SEX_CUR_NB","SEX_T","CUR_TYPE_USD","2023",2.067,,,"T30:193","R1:3513"
"MDA","BA:571","EAR_EHRA_SEX_CUR_NB","SEX_T","CUR_TYPE_LCU","2022",32.029,,,"T30:193","R1:3513"
"MDA","BA:571","EAR_EHRA_SEX_CUR_NB","SEX_T","CUR_TYPE_PPP","2022",4.243,,,"T30:193","R1:3513"
"MDA","BA:571","EAR_EHRA_SEX_CUR_NB","SEX_T","CUR_TYPE_USD","2022",1.695,,,"T30:193","R1:3513"
"MDA","BA:571","EAR_EHRA_SEX_CUR_NB","SEX_T","CUR_TYPE_LCU","2021",29.116,,,"T30:193","R1:3513"
"MDA","BA:571","EAR_EHRA_SEX_CUR_NB","SEX_T","CUR_TYPE_PPP","2021",4.598,,,"T30:193","R1:3513"
"MDA","BA:571","EAR_EHRA_SEX_CUR_NB","SEX_T","CUR_TYPE_USD","2021",1.647,,,"T30:193","R1:3513"
"MDA","BA:571","EAR_EHRA_SEX_CUR_NB","SEX_T","CUR_TYPE_LCU","2020",26.999,,,"T30:193","R1:3513"
"MDA","BA:571","EAR_EHRA_SEX_CUR_NB","SEX_T","CUR_TYPE_PPP","2020",4.291,,,"T30:193","R1:3513"
"MDA","BA:571","EAR_EHRA_SEX_CUR_NB","SEX_T","CUR_TYPE_USD","2020",1.559,,,"T30:193","R1:3513"
"MDA","BA:571","EAR_EHRA_SEX_CUR_NB","SEX_T","CUR_TYPE_LCU","2019",24.668,,,"T30:193","R1:3513"
"MDA","BA:571","EAR_EHRA_SEX_CUR_NB","SEX_T","CUR_TYPE_PPP","2019",3.862,,,"T30:193","R1:3513"
"MDA","BA:571","EAR_EHRA_SEX_CUR_NB","SEX_T","CUR_TYPE_USD","2019",1.404,,,"T30:193","R1:3513"
"MDA","BA:571","EAR_EHRA_SEX_CUR_NB","SEX_T","CUR_TYPE_LCU","2018",20.336,,,"T30:193","R1:3513"
"MDA","BA:571","EAR_EHRA_SEX_CUR_NB","SEX_T","CUR_TYPE_PPP","2018",3.197,,,"T30:193","R1:3513"
"MDA","BA:571","EAR_EHRA_SEX_CUR_NB","SEX_T","CUR_TYPE_USD","2018",1.21,,,"T30:193","R1:3513"
"MDA","BA:571","EAR_EHRA_SEX_CUR_NB","SEX_T","CUR_TYPE_LCU","2017",18.048,,,"T30:193","R1:3513"
"MDA","BA:571","EAR_EHRA_SEX_CUR_NB","SEX_T","CUR_TYPE_PPP","2017",2.83,,,"T30:193","R1:3513"
"MDA","BA:571","EAR_EHRA_SEX_CUR_NB","SEX_T","CUR_TYPE_USD","2017",0.976,,,"T30:193","R1:3513"
"MDA","BA:571","EAR_EHRA_SEX_CUR_NB","SEX_T","CUR_TYPE_LCU","2016",17.179,,,"T30:193","R1:3513"
"MDA","BA:571","EAR_EHRA_SEX_CUR_NB","SEX_T","CUR_TYPE_PPP","2016",2.708,,,"T30:193","R1:3513"
"MDA","BA:571","EAR_EHRA_SEX_CUR_NB","SEX_T","CUR_TYPE_USD","2016",0.862,,,"T30:193","R1:3513"
"MDA","BA:571","EAR_EHRA_SEX_CUR_NB","SEX_T","CUR_TYPE_LCU","2015",16.42,,,"T30:193","R1:3513"
"MDA","BA:571","EAR_EHRA_SEX_CUR_NB","SEX_T","CUR_TYPE_PPP","2015",2.563,,,"T30:193","R1:3513"
"MDA","BA:571","EAR_EHRA_SEX_CUR_NB","SEX_T","CUR_TYPE_USD","2015",0.873,,,"T30:193","R1:3513"
"MDA","BA:571","EAR_EHRA_SEX_CUR_NB","SEX_T","CUR_TYPE_LCU","2014",14.794,,,"T30:193","R1:3513"
"MDA","BA:571","EAR_EHRA_SEX_CUR_NB","SEX_T","CUR_TYPE_PPP","2014",2.415,,,"T30:193","R1:3513"
"MDA","BA:571","EAR_EHRA_SEX_CUR_NB","SEX_T","CUR_TYPE_USD","2014",1.054,,,"T30:193","R1:3513"
"MDA","BA:571","EAR_EHRA_SEX_CUR_NB","SEX_T","CUR_TYPE_LCU","2013",14.248,,,"T30:193","R1:3513"
"MDA","BA:571","EAR_EHRA_SEX_CUR_NB","SEX_T","CUR_TYPE_PPP","2013",2.396,,,"T30:193","R1:3513"
"MDA","BA:571","EAR_EHRA_SEX_CUR_NB","SEX_T","CUR_TYPE_USD","2013",1.132,,,"T30:193","R1:3513"
"MDA","BA:571","EAR_EHRA_SEX_CUR_NB","SEX_T","CUR_TYPE_LCU","2012",13.412,,,"T30:193","R1:3513"
"MDA","BA:571","EAR_EHRA_SEX_CUR_NB","SEX_T","CUR_TYPE_PPP","2012",2.495,,,"T30:193","R1:3513"
"MDA","BA:571","EAR_EHRA_SEX_CUR_NB","SEX_T","CUR_TYPE_USD","2012",1.107,,,"T30:193","R1:3513"
"MDA","BA:571","EAR_EHRA_SEX_CUR_NB","SEX_T","CUR_TYPE_LCU","2011",12.026,,,"T30:193","R1:3513"
"MDA","BA:571","EAR_EHRA_SEX_CUR_NB","SEX_T","CUR_TYPE_PPP","2011",2.223,,,"T30:193","R1:3513"
"MDA","BA:571","EAR_EHRA_SEX_CUR_NB","SEX_T","CUR_TYPE_USD","2011",1.024,,,"T30:193","R1:3513"
"MDA","BA:571","EAR_EHRA_SEX_CUR_NB","SEX_T","CUR_TYPE_LCU","2010",11.326,,,"T30:193","R1:3513"
"MDA","BA:571","EAR_EHRA_SEX_CUR_NB","SEX_T","CUR_TYPE_PPP","2010",2.185,,,"T30:193","R1:3513"
"MDA","BA:571","EAR_EHRA_SEX_CUR_NB","SEX_T","CUR_TYPE_USD","2010",0.916,,,"T30:193","R1:3513"
"MDA","BA:571","EAR_EHRA_SEX_CUR_NB","SEX_T","CUR_TYPE_LCU","2009",10.589,,,"T30:193","R1:3513"
"MDA","BA:571","EAR_EHRA_SEX_CUR_NB","SEX_T","CUR_TYPE_PPP","2009",2.161,,,"T30:193","R1:3513"
"MDA","BA:571","EAR_EHRA_SEX_CUR_NB","SEX_T","CUR_TYPE_USD","2009",0.953,,,"T30:193","R1:3513"
"MDA","BA:571","EAR_EHRA_SEX_CUR_NB","SEX_T","CUR_TYPE_LCU","2008",9.839,,,"T30:193","R1:3513"
"MDA","BA:571","EAR_EHRA_SEX_CUR_NB","SEX_T","CUR_TYPE_PPP","2008",2.014,,,"T30:193","R1:3513"
"MDA","BA:571","EAR_EHRA_SEX_CUR_NB","SEX_T","CUR_TYPE_USD","2008",0.947,,,"T30:193","R1:3513"
"MDA","BA:571","EAR_EHRA_SEX_CUR_NB","SEX_T","CUR_TYPE_LCU","2007",7.921,,,"T30:193","R1:3513"
"MDA","BA:571","EAR_EHRA_SEX_CUR_NB","SEX_T","CUR_TYPE_PPP","2007",1.761,,,"T30:193","R1:3513"
"MDA","BA:571","EAR_EHRA_SEX_CUR_NB","SEX_T","CUR_TYPE_USD","2007",0.652,,,"T30:193","R1:3513"
"MDG","BA:7423","EAR_EHRA_SEX_CUR_NB","SEX_T","CUR_TYPE_LCU","2015",1301.211,,,"T30:28","R1:3513"
"MDG","BA:7423","EAR_EHRA_SEX_CUR_NB","SEX_T","CUR_TYPE_PPP","2015",1.544,,,"T30:28","R1:3513"
"MDG","BA:7423","EAR_EHRA_SEX_CUR_NB","SEX_T","CUR_TYPE_USD","2015",0.444,,,"T30:28","R1:3513"
"MDG","BA:7423","EAR_EHRA_SEX_CUR_NB","SEX_T","CUR_TYPE_LCU","2012",997.457,"B",,"T30:28_I11:264","R1:3513"
"MDG","BA:7423","EAR_EHRA_SEX_CUR_NB","SEX_T","CUR_TYPE_PPP","2012",1.412,"B",,"T30:28_I11:264","R1:3513"
"MDG","BA:7423","EAR_EHRA_SEX_CUR_NB","SEX_T","CUR_TYPE_USD","2012",0.454,"B",,"T30:28_I11:264","R1:3513"
"MDV","BB:704","EAR_EHRA_SEX_CUR_NB","SEX_T","CUR_TYPE_LCU","2019",62.563,,,"T30:137","R1:3513"
"MDV","BB:704","EAR_EHRA_SEX_CUR_NB","SEX_T","CUR_TYPE_PPP","2019",6.177,,,"T30:137","R1:3513"
"MDV","BB:704","EAR_EHRA_SEX_CUR_NB","SEX_T","CUR_TYPE_USD","2019",4.067,,,"T30:137","R1:3513"
"MDV","BB:704","EAR_EHRA_SEX_CUR_NB","SEX_T","CUR_TYPE_LCU","2016",61.278,"B",,"T30:137_I11:264","R1:3513"
"MDV","BB:704","EAR_EHRA_SEX_CUR_NB","SEX_T","CUR_TYPE_PPP","2016",6.243,"B",,"T30:137_I11:264","R1:3513"
"MDV","BB:704","EAR_EHRA_SEX_CUR_NB","SEX_T","CUR_TYPE_USD","2016",3.987,"B",,"T30:137_I11:264","R1:3513"
"MEX","BA:463","EAR_EHRA_SEX_CUR_NB","SEX_T","CUR_TYPE_LCU","2025",61.732,,,"T30:90","R1:3513"
"MEX","BA:463","EAR_EHRA_SEX_CUR_NB","SEX_T","CUR_TYPE_PPP","2025",5.459,,,"T30:90","R1:3513"
"MEX","BA:463","EAR_EHRA_SEX_CUR_NB","SEX_T","CUR_TYPE_USD","2025",3.209,,,"T30:90","R1:3513"
"MEX","BA:463","EAR_EHRA_SEX_CUR_NB","SEX_T","CUR_TYPE_LCU","2024",56.889,,,"T30:90","R1:3513"
"MEX","BA:463","EAR_EHRA_SEX_CUR_NB","SEX_T","CUR_TYPE_PPP","2024",5.267,,,"T30:90","R1:3513"
"MEX","BA:463","EAR_EHRA_SEX_CUR_NB","SEX_T","CUR_TYPE_USD","2024",3.108,,,"T30:90","R1:3513"
"MEX","BA:463","EAR_EHRA_SEX_CUR_NB","SEX_T","CUR_TYPE_LCU","2023",50.886,,,"T30:90","R1:3513"
"MEX","BA:463","EAR_EHRA_SEX_CUR_NB","SEX_T","CUR_TYPE_PPP","2023",4.846,,,"T30:90","R1:3513"
"MEX","BA:463","EAR_EHRA_SEX_CUR_NB","SEX_T","CUR_TYPE_USD","2023",2.865,,,"T30:90","R1:3513"
"MEX","BA:463","EAR_EHRA_SEX_CUR_NB","SEX_T","CUR_TYPE_LCU","2022",45.771,,,"T30:90","R1:3513"
"MEX","BA:463","EAR_EHRA_SEX_CUR_NB","SEX_T","CUR_TYPE_PPP","2022",4.157,,,"T30:90","R1:3513"
"MEX","BA:463","EAR_EHRA_SEX_CUR_NB","SEX_T","CUR_TYPE_USD","2022",2.274,,,"T30:90","R1:3513"
"MEX","BA:463","EAR_EHRA_SEX_CUR_NB","SEX_T","CUR_TYPE_LCU","2021",44.228,,,"T30:90","R1:3513"
"MEX","BA:463","EAR_EHRA_SEX_CUR_NB","SEX_T","CUR_TYPE_PPP","2021",3.946,,,"T30:90","R1:3513"
"MEX","BA:463","EAR_EHRA_SEX_CUR_NB","SEX_T","CUR_TYPE_USD","2021",2.182,,,"T30:90","R1:3513"
"MEX","BA:463","EAR_EHRA_SEX_CUR_NB","SEX_T","CUR_TYPE_LCU","2020",43.319,"B",,"T30:90_I11:264","R1:3513"
"MEX","BA:463","EAR_EHRA_SEX_CUR_NB","SEX_T","CUR_TYPE_PPP","2020",3.88,"B",,"T30:90_I11:264","R1:3513"
"MEX","BA:463","EAR_EHRA_SEX_CUR_NB","SEX_T","CUR_TYPE_USD","2020",2.016,"B",,"T30:90_I11:264","R1:3513"
"MEX","BA:463","EAR_EHRA_SEX_CUR_NB","SEX_T","CUR_TYPE_LCU","2019",37.435,,,"T30:90","R1:3513"
"MEX","BA:463","EAR_EHRA_SEX_CUR_NB","SEX_T","CUR_TYPE_PPP","2019",3.475,,,"T30:90","R1:3513"
"MEX","BA:463","EAR_EHRA_SEX_CUR_NB","SEX_T","CUR_TYPE_USD","2019",1.943,,,"T30:90","R1:3513"
"MEX","BA:463","EAR_EHRA_SEX_CUR_NB","SEX_T","CUR_TYPE_LCU","2018",35.545,,,"T30:90","R1:3513"
"MEX","BA:463","EAR_EHRA_SEX_CUR_NB","SEX_T","CUR_TYPE_PPP","2018",3.434,,,"T30:90","R1:3513"
"MEX","BA:463","EAR_EHRA_SEX_CUR_NB","SEX_T","CUR_TYPE_USD","2018",1.847,,,"T30:90","R1:3513"
"MEX","BA:463","EAR_EHRA_SEX_CUR_NB","SEX_T","CUR_TYPE_LCU","2017",33.918,,,"T30:90","R1:3513"
"MEX","BA:463","EAR_EHRA_SEX_CUR_NB","SEX_T","CUR_TYPE_PPP","2017",3.346,,,"T30:90","R1:3513"
"MEX","BA:463","EAR_EHRA_SEX_CUR_NB","SEX_T","CUR_TYPE_USD","2017",1.792,,,"T30:90","R1:3513"
"MEX","BA:463","EAR_EHRA_SEX_CUR_NB","SEX_T","CUR_TYPE_LCU","2016",32.67,,,"T30:90","R1:3513"
"MEX","BA:463","EAR_EHRA_SEX_CUR_NB","SEX_T","CUR_TYPE_PPP","2016",3.454,,,"T30:90","R1:3513"
"MEX","BA:463","EAR_EHRA_SEX_CUR_NB","SEX_T","CUR_TYPE_USD","2016",1.75,,,"T30:90","R1:3513"
"MEX","BA:463","EAR_EHRA_SEX_CUR_NB","SEX_T","CUR_TYPE_LCU","2015",31.367,,,"T30:90","R1:3513"
"MEX","BA:463","EAR_EHRA_SEX_CUR_NB","SEX_T","CUR_TYPE_PPP","2015",3.325,,,"T30:90","R1:3513"
"MEX","BA:463","EAR_EHRA_SEX_CUR_NB","SEX_T","CUR_TYPE_USD","2015",1.979,,,"T30:90","R1:3513"
"MEX","BA:463","EAR_EHRA_SEX_CUR_NB","SEX_T","CUR_TYPE_LCU","2014",30.368,,,"T30:90","R1:3513"
"MEX","BA:463","EAR_EHRA_SEX_CUR_NB","SEX_T","CUR_TYPE_PPP","2014",3.247,,,"T30:90","R1:3513"
"MEX","BA:463","EAR_EHRA_SEX_CUR_NB","SEX_T","CUR_TYPE_USD","2014",2.285,,,"T30:90","R1:3513"
"MEX","BA:463","EAR_EHRA_SEX_CUR_NB","SEX_T","CUR_TYPE_LCU","2013",30.161,,,"T30:90","R1:3513"
"MEX","BA:463","EAR_EHRA_SEX_CUR_NB","SEX_T","CUR_TYPE_PPP","2013",3.285,,,"T30:90","R1:3513"
"MEX","BA:463","EAR_EHRA_SEX_CUR_NB","SEX_T","CUR_TYPE_USD","2013",2.361,,,"T30:90","R1:3513"
"MEX","BA:463","EAR_EHRA_SEX_CUR_NB","SEX_T","CUR_TYPE_LCU","2012",29.545,,,"T30:90","R1:3513"
"MEX","BA:463","EAR_EHRA_SEX_CUR_NB","SEX_T","CUR_TYPE_PPP","2012",3.203,,,"T30:90","R1:3513"
"MEX","BA:463","EAR_EHRA_SEX_CUR_NB","SEX_T","CUR_TYPE_USD","2012",2.243,,,"T30:90","R1:3513"
"MEX","BA:463","EAR_EHRA_SEX_CUR_NB","SEX_T","CUR_TYPE_LCU","2011",28.508,,,"T30:90","R1:3513"
"MEX","BA:463","EAR_EHRA_SEX_CUR_NB","SEX_T","CUR_TYPE_PPP","2011",3.189,,,"T30:90","R1:3513"
"MEX","BA:463","EAR_EHRA_SEX_CUR_NB","SEX_T","CUR_TYPE_USD","2011",2.295,,,"T30:90","R1:3513"
"MEX","BA:463","EAR_EHRA_SEX_CUR_NB","SEX_T","CUR_TYPE_LCU","2010",28.311,,,"T30:90","R1:3513"
"MEX","BA:463","EAR_EHRA_SEX_CUR_NB","SEX_T","CUR_TYPE_PPP","2010",3.176,,,"T30:90","R1:3513"
"MEX","BA:463","EAR_EHRA_SEX_CUR_NB","SEX_T","CUR_TYPE_USD","2010",2.24,,,"T30:90","R1:3513"
"MEX","BA:463","EAR_EHRA_SEX_CUR_NB","SEX_T","CUR_TYPE_LCU","2009",27.975,,,"T30:90","R1:3513"
"MEX","BA:463","EAR_EHRA_SEX_CUR_NB","SEX_T","CUR_TYPE_PPP","2009",3.295,,,"T30:90","R1:3513"
"MEX","BA:463","EAR_EHRA_SEX_CUR_NB","SEX_T","CUR_TYPE_USD","2009",2.07,,,"T30:90","R1:3513"
"MEX","BA:463","EAR_EHRA_SEX_CUR_NB","SEX_T","CUR_TYPE_LCU","2008",27.583,,,"T30:90","R1:3513"
"MEX","BA:463","EAR_EHRA_SEX_CUR_NB","SEX_T","CUR_TYPE_PPP","2008",3.381,,,"T30:90","R1:3513"
"MEX","BA:463","EAR_EHRA_SEX_CUR_NB","SEX_T","CUR_TYPE_USD","2008",2.478,,,"T30:90","R1:3513"
"MEX","BA:463","EAR_EHRA_SEX_CUR_NB","SEX_T","CUR_TYPE_LCU","2007",26.782,"B",,"T30:90_I11:264","R1:3513"
"MEX","BA:463","EAR_EHRA_SEX_CUR_NB","SEX_T","CUR_TYPE_PPP","2007",3.382,"B",,"T30:90_I11:264","R1:3513"
"MEX","BA:463","EAR_EHRA_SEX_CUR_NB","SEX_T","CUR_TYPE_USD","2007",2.451,"B",,"T30:90_I11:264","R1:3513"
"MEX","BA:463","EAR_EHRA_SEX_CUR_NB","SEX_T","CUR_TYPE_LCU","2006",24.916,,,"T30:90","R1:3513"
"MEX","BA:463","EAR_EHRA_SEX_CUR_NB","SEX_T","CUR_TYPE_PPP","2006",3.286,,,"T30:90","R1:3513"
"MEX","BA:463","EAR_EHRA_SEX_CUR_NB","SEX_T","CUR_TYPE_USD","2006",2.286,,,"T30:90","R1:3513"
"MEX","BA:463","EAR_EHRA_SEX_CUR_NB","SEX_T","CUR_TYPE_LCU","2005",23.354,"B",,"T30:90_I11:264","R1:3513"
"MEX","BA:463","EAR_EHRA_SEX_CUR_NB","SEX_T","CUR_TYPE_PPP","2005",3.054,"B",,"T30:90_I11:264","R1:3513"
"MEX","BA:463","EAR_EHRA_SEX_CUR_NB","SEX_T","CUR_TYPE_USD","2005",2.143,"B",,"T30:90_I11:264","R1:3513"
"MEX","BA:463","EAR_EHRA_SEX_CUR_NB","SEX_T","CUR_TYPE_LCU","2004",22.949,,,"T30:90","R1:3513"
"MEX","BA:463","EAR_EHRA_SEX_CUR_NB","SEX_T","CUR_TYPE_PPP","2004",3.032,,,"T30:90","R1:3513"
"MEX","BA:463","EAR_EHRA_SEX_CUR_NB","SEX_T","CUR_TYPE_USD","2004",2.033,,,"T30:90","R1:3513"
"MEX","BA:463","EAR_EHRA_SEX_CUR_NB","SEX_T","CUR_TYPE_LCU","2003",22.172,,,"T30:90","R1:3513"
"MEX","BA:463","EAR_EHRA_SEX_CUR_NB","SEX_T","CUR_TYPE_PPP","2003",3.096,,,"T30:90","R1:3513"
"MEX","BA:463","EAR_EHRA_SEX_CUR_NB","SEX_T","CUR_TYPE_USD","2003",2.055,,,"T30:90","R1:3513"
"MEX","BA:463","EAR_EHRA_SEX_CUR_NB","SEX_T","CUR_TYPE_LCU","2002",20.6,"B",,"T30:90_I11:264","R1:3513"
"MEX","BA:463","EAR_EHRA_SEX_CUR_NB","SEX_T","CUR_TYPE_PPP","2002",2.846,"B",,"T30:90_I11:264","R1:3513"
"MEX","BA:463","EAR_EHRA_SEX_CUR_NB","SEX_T","CUR_TYPE_USD","2002",2.133,"B",,"T30:90_I11:264","R1:3513"
"MEX","BB:7028","EAR_EHRA_SEX_CUR_NB","SEX_T","CUR_TYPE_LCU","2000",22.4,,,"T30:90","R1:3473"
"MEX","BB:7028","EAR_EHRA_SEX_CUR_NB","SEX_T","CUR_TYPE_PPP","2000",3.306,,,"T30:90","R1:3473"
"MEX","BB:7028","EAR_EHRA_SEX_CUR_NB","SEX_T","CUR_TYPE_USD","2000",2.369,,,"T30:90","R1:3473"
"MHL","BB:14101","EAR_EHRA_SEX_CUR_NB","SEX_T","CUR_TYPE_LCU","2019",4.749,,,"T30:218","R1:3513"
"MHL","BB:14101","EAR_EHRA_SEX_CUR_NB","SEX_T","CUR_TYPE_PPP","2019",4.78,,,"T30:218","R1:3513"
"MHL","BB:14101","EAR_EHRA_SEX_CUR_NB","SEX_T","CUR_TYPE_USD","2019",4.749,,,"T30:218","R1:3513"
"MKD","DA:2601","EAR_EHRA_SEX_CUR_NB","SEX_T","CUR_TYPE_LCU","2018",197.054,,,"T9:133_T10:138_T11:142_T12:1516_T30:191","S3:21_S8:2566_S9:66_S6:48"
"MKD","DA:2601","EAR_EHRA_SEX_CUR_NB","SEX_T","CUR_TYPE_PPP","2018",8.694,,,"T9:133_T10:138_T11:142_T12:1516_T30:191","S3:21_S8:2566_S9:66_S6:48"
"MKD","DA:2601","EAR_EHRA_SEX_CUR_NB","SEX_T","CUR_TYPE_USD","2018",3.782,,,"T9:133_T10:138_T11:142_T12:1516_T30:191","S3:21_S8:2566_S9:66_S6:48"
"MLI","BA:219","EAR_EHRA_SEX_CUR_NB","SEX_T","CUR_TYPE_LCU","2024",826.738,,,"T30:30","R1:3513"
"MLI","BA:219","EAR_EHRA_SEX_CUR_NB","SEX_T","CUR_TYPE_PPP","2024",4.298,,,"T30:30","R1:3513"
"MLI","BA:219","EAR_EHRA_SEX_CUR_NB","SEX_T","CUR_TYPE_USD","2024",1.363,,,"T30:30","R1:3513"
"MLI","BA:219","EAR_EHRA_SEX_CUR_NB","SEX_T","CUR_TYPE_LCU","2023",573.058,,,"T30:30","R1:3513"
"MLI","BA:219","EAR_EHRA_SEX_CUR_NB","SEX_T","CUR_TYPE_PPP","2023",2.986,,,"T30:30","R1:3513"
"MLI","BA:219","EAR_EHRA_SEX_CUR_NB","SEX_T","CUR_TYPE_USD","2023",0.945,,,"T30:30","R1:3513"
"MLI","BA:219","EAR_EHRA_SEX_CUR_NB","SEX_T","CUR_TYPE_LCU","2022",563.089,,,"T30:30","R1:3513"
"MLI","BA:219","EAR_EHRA_SEX_CUR_NB","SEX_T","CUR_TYPE_PPP","2022",2.877,,,"T30:30","R1:3513"
"MLI","BA:219","EAR_EHRA_SEX_CUR_NB","SEX_T","CUR_TYPE_USD","2022",0.903,,,"T30:30","R1:3513"
"MLI","BA:219","EAR_EHRA_SEX_CUR_NB","SEX_T","CUR_TYPE_LCU","2020",461.691,,,"T30:30","R1:3513"
"MLI","BA:219","EAR_EHRA_SEX_CUR_NB","SEX_T","CUR_TYPE_PPP","2020",2.417,,,"T30:30","R1:3513"
"MLI","BA:219","EAR_EHRA_SEX_CUR_NB","SEX_T","CUR_TYPE_USD","2020",0.802,,,"T30:30","R1:3513"
"MLI","BA:219","EAR_EHRA_SEX_CUR_NB","SEX_T","CUR_TYPE_LCU","2018",421.818,,,"T30:30","R1:3513"
"MLI","BA:219","EAR_EHRA_SEX_CUR_NB","SEX_T","CUR_TYPE_PPP","2018",2.171,,,"T30:30","R1:3513"
"MLI","BA:219","EAR_EHRA_SEX_CUR_NB","SEX_T","CUR_TYPE_USD","2018",0.759,,,"T30:30","R1:3513"
"MLI","BA:219","EAR_EHRA_SEX_CUR_NB","SEX_T","CUR_TYPE_LCU","2017",402.584,,,"T30:30","R1:3513"
"MLI","BA:219","EAR_EHRA_SEX_CUR_NB","SEX_T","CUR_TYPE_PPP","2017",2.034,,,"T30:30","R1:3513"
"MLI","BA:219","EAR_EHRA_SEX_CUR_NB","SEX_T","CUR_TYPE_USD","2017",0.693,,,"T30:30","R1:3513"
"MLI","BA:219","EAR_EHRA_SEX_CUR_NB","SEX_T","CUR_TYPE_LCU","2016",402.608,,,"T30:30","R1:3513"
"MLI","BA:219","EAR_EHRA_SEX_CUR_NB","SEX_T","CUR_TYPE_PPP","2016",2.04,,,"T30:30","R1:3513"
"MLI","BA:219","EAR_EHRA_SEX_CUR_NB","SEX_T","CUR_TYPE_USD","2016",0.679,,,"T30:30","R1:3513"
"MLI","BA:219","EAR_EHRA_SEX_CUR_NB","SEX_T","CUR_TYPE_LCU","2015",402.884,,,"T30:30","R1:3513"
"MLI","BA:219","EAR_EHRA_SEX_CUR_NB","SEX_T","CUR_TYPE_PPP","2015",1.929,,,"T30:30","R1:3513"
"MLI","BA:219","EAR_EHRA_SEX_CUR_NB","SEX_T","CUR_TYPE_USD","2015",0.681,,,"T30:30","R1:3513"
"MLI","BA:219","EAR_EHRA_SEX_CUR_NB","SEX_T","CUR_TYPE_LCU","2014",426.794,"B",,"T30:30_I11:264","R1:3513"
"MLI","BA:219","EAR_EHRA_SEX_CUR_NB","SEX_T","CUR_TYPE_PPP","2014",2.018,"B",,"T30:30_I11:264","R1:3513"
"MLI","BA:219","EAR_EHRA_SEX_CUR_NB","SEX_T","CUR_TYPE_USD","2014",0.864,"B",,"T30:30_I11:264","R1:3513"
"MLI","BA:219","EAR_EHRA_SEX_CUR_NB","SEX_T","CUR_TYPE_LCU","2013",479.511,"B",,"T30:30_I11:264","R1:3513"
"MLI","BA:219","EAR_EHRA_SEX_CUR_NB","SEX_T","CUR_TYPE_PPP","2013",2.22,"B",,"T30:30_I11:264","R1:3513"
"MLI","BA:219","EAR_EHRA_SEX_CUR_NB","SEX_T","CUR_TYPE_USD","2013",0.971,"B",,"T30:30_I11:264","R1:3513"
"MLT","DA:12953","EAR_EHRA_SEX_CUR_NB","SEX_T","CUR_TYPE_LCU","2018",12,,,"T30:192","S3:21_S8:2566_S6:48"
"MLT","DA:12953","EAR_EHRA_SEX_CUR_NB","SEX_T","CUR_TYPE_PPP","2018",18.791,,,"T30:192","S3:21_S8:2566_S6:48"
"MLT","DA:12953","EAR_EHRA_SEX_CUR_NB","SEX_T","CUR_TYPE_USD","2018",14.172,,,"T30:192","S3:21_S8:2566_S6:48"
"MLT","DA:12953","EAR_EHRA_SEX_CUR_NB","SEX_T","CUR_TYPE_LCU","2014",9.89,,,"T30:192","R1:2383_S3:21_S8:2566_S6:48"
"MLT","DA:12953","EAR_EHRA_SEX_CUR_NB","SEX_T","CUR_TYPE_PPP","2014",15.235,,,"T30:192","R1:2383_S3:21_S8:2566_S6:48"
"MLT","DA:12953","EAR_EHRA_SEX_CUR_NB","SEX_T","CUR_TYPE_USD","2014",13.139,,,"T30:192","R1:2383_S3:21_S8:2566_S6:48"
"MLT","DA:12953","EAR_EHRA_SEX_CUR_NB","SEX_T","CUR_TYPE_LCU","2010",8.46,,,"T30:192","R1:2383_S3:21_S8:2566_S6:48"
"MLT","DA:12953","EAR_EHRA_SEX_CUR_NB","SEX_T","CUR_TYPE_PPP","2010",13.238,,,"T30:192","R1:2383_S3:21_S8:2566_S6:48"
"MLT","DA:12953","EAR_EHRA_SEX_CUR_NB","SEX_T","CUR_TYPE_USD","2010",11.215,,,"T30:192","R1:2383_S3:21_S8:2566_S6:48"
"MMR","BA:7009","EAR_EHRA_SEX_CUR_NB","SEX_T","CUR_TYPE_LCU","2020",1278.98,,,"T30:139","R1:3513_S3:6"
"MMR","BA:7009","EAR_EHRA_SEX_CUR_NB","SEX_T","CUR_TYPE_PPP","2020",2.937,,,"T30:139","R1:3513_S3:6"
"MMR","BA:7009","EAR_EHRA_SEX_CUR_NB","SEX_T","CUR_TYPE_USD","2020",0.926,,,"T30:139","R1:3513_S3:6"
"MMR","BA:7009","EAR_EHRA_SEX_CUR_NB","SEX_T","CUR_TYPE_LCU","2019",1113.633,,,"T30:139","R1:3513"
"MMR","BA:7009","EAR_EHRA_SEX_CUR_NB","SEX_T","CUR_TYPE_PPP","2019",2.606,,,"T30:139","R1:3513"
"MMR","BA:7009","EAR_EHRA_SEX_CUR_NB","SEX_T","CUR_TYPE_USD","2019",0.734,,,"T30:139","R1:3513"
"MMR","BA:7009","EAR_EHRA_SEX_CUR_NB","SEX_T","CUR_TYPE_LCU","2018",995.479,,,"T30:139","R1:3513"
"MMR","BA:7009","EAR_EHRA_SEX_CUR_NB","SEX_T","CUR_TYPE_PPP","2018",2.39,,,"T30:139","R1:3513"
"MMR","BA:7009","EAR_EHRA_SEX_CUR_NB","SEX_T","CUR_TYPE_USD","2018",0.696,,,"T30:139","R1:3513"
"MMR","BA:7009","EAR_EHRA_SEX_CUR_NB","SEX_T","CUR_TYPE_LCU","2017",855.043,"B",,"T30:139_I11:264","R1:3513"
"MMR","BA:7009","EAR_EHRA_SEX_CUR_NB","SEX_T","CUR_TYPE_PPP","2017",2.108,"B",,"T30:139_I11:264","R1:3513"
"MMR","BA:7009","EAR_EHRA_SEX_CUR_NB","SEX_T","CUR_TYPE_USD","2017",0.628,"B",,"T30:139_I11:264","R1:3513"
"MMR","BA:7009","EAR_EHRA_SEX_CUR_NB","SEX_T","CUR_TYPE_LCU","2015",591.918,"B",,"T30:139_I11:264","R1:3513"
"MMR","BA:7009","EAR_EHRA_SEX_CUR_NB","SEX_T","CUR_TYPE_PPP","2015",1.672,"B",,"T30:139_I11:264","R1:3513"
"MMR","BA:7009","EAR_EHRA_SEX_CUR_NB","SEX_T","CUR_TYPE_USD","2015",0.509,"B",,"T30:139_I11:264","R1:3513"
"MNE","DA:13001","EAR_EHRA_SEX_CUR_NB","SEX_T","CUR_TYPE_LCU","2014",4.07,,,"T30:195","R1:2383_S3:21_S8:2566_S6:48"
"MNE","DA:13001","EAR_EHRA_SEX_CUR_NB","SEX_T","CUR_TYPE_PPP","2014",9.266,,,"T30:195","R1:2383_S3:21_S8:2566_S6:48"
"MNE","DA:13001","EAR_EHRA_SEX_CUR_NB","SEX_T","CUR_TYPE_USD","2014",5.407,,,"T30:195","R1:2383_S3:21_S8:2566_S6:48"
"MNG","BA:702","EAR_EHRA_SEX_CUR_NB","SEX_T","CUR_TYPE_LCU","2025",10421.792,,,"T30:138","R1:3513"
"MNG","BA:702","EAR_EHRA_SEX_CUR_NB","SEX_T","CUR_TYPE_PPP","2025",8.827,,,"T30:138","R1:3513"
"MNG","BA:702","EAR_EHRA_SEX_CUR_NB","SEX_T","CUR_TYPE_USD","2025",2.94,,,"T30:138","R1:3513"
"MNG","BA:702","EAR_EHRA_SEX_CUR_NB","SEX_T","CUR_TYPE_LCU","2024",8673.83,,,"T30:138","R1:3513"
"MNG","BA:702","EAR_EHRA_SEX_CUR_NB","SEX_T","CUR_TYPE_PPP","2024",7.769,,,"T30:138","R1:3513"
"MNG","BA:702","EAR_EHRA_SEX_CUR_NB","SEX_T","CUR_TYPE_USD","2024",2.559,,,"T30:138","R1:3513"
"MNG","BA:702","EAR_EHRA_SEX_CUR_NB","SEX_T","CUR_TYPE_LCU","2023",6578.866,,,"T30:138","R1:3513"
"MNG","BA:702","EAR_EHRA_SEX_CUR_NB","SEX_T","CUR_TYPE_PPP","2023",6.078,,,"T30:138","R1:3513"
"MNG","BA:702","EAR_EHRA_SEX_CUR_NB","SEX_T","CUR_TYPE_USD","2023",1.898,,,"T30:138","R1:3513"
"MNG","BA:702","EAR_EHRA_SEX_CUR_NB","SEX_T","CUR_TYPE_LCU","2022",5563.609,,,"T30:138","R1:3513"
"MNG","BA:702","EAR_EHRA_SEX_CUR_NB","SEX_T","CUR_TYPE_PPP","2022",5.448,,,"T30:138","R1:3513"
"MNG","BA:702","EAR_EHRA_SEX_CUR_NB","SEX_T","CUR_TYPE_USD","2022",1.772,,,"T30:138","R1:3513"
"MNG","BA:702","EAR_EHRA_SEX_CUR_NB","SEX_T","CUR_TYPE_LCU","2021",4820.641,,,"T30:138","R1:3513"
"MNG","BA:702","EAR_EHRA_SEX_CUR_NB","SEX_T","CUR_TYPE_PPP","2021",5.033,,,"T30:138","R1:3513"
"MNG","BA:702","EAR_EHRA_SEX_CUR_NB","SEX_T","CUR_TYPE_USD","2021",1.692,,,"T30:138","R1:3513"
"MNG","BA:702","EAR_EHRA_SEX_CUR_NB","SEX_T","CUR_TYPE_LCU","2020",4528.099,,,"T30:138","R1:3513"
"MNG","BA:702","EAR_EHRA_SEX_CUR_NB","SEX_T","CUR_TYPE_PPP","2020",4.855,,,"T30:138","R1:3513"
"MNG","BA:702","EAR_EHRA_SEX_CUR_NB","SEX_T","CUR_TYPE_USD","2020",1.609,,,"T30:138","R1:3513"
"MNG","BA:702","EAR_EHRA_SEX_CUR_NB","SEX_T","CUR_TYPE_LCU","2019",3975.137,"B",,"T30:138_I11:264","R1:3513"
"MNG","BA:702","EAR_EHRA_SEX_CUR_NB","SEX_T","CUR_TYPE_PPP","2019",4.153,"B",,"T30:138_I11:264","R1:3513"
"MNG","BA:702","EAR_EHRA_SEX_CUR_NB","SEX_T","CUR_TYPE_USD","2019",1.492,"B",,"T30:138_I11:264","R1:3513"
"MNG","BA:702","EAR_EHRA_SEX_CUR_NB","SEX_T","CUR_TYPE_LCU","2018",3500,,,"I20:4077_T9:133_T10:139_T11:142_T12:145_T30:138","S4:30_S5:38"
"MNG","BA:702","EAR_EHRA_SEX_CUR_NB","SEX_T","CUR_TYPE_PPP","2018",3.778,,,"I20:4077_T9:133_T10:139_T11:142_T12:145_T30:138","S4:30_S5:38"
"MNG","BA:702","EAR_EHRA_SEX_CUR_NB","SEX_T","CUR_TYPE_USD","2018",1.416,,,"I20:4077_T9:133_T10:139_T11:142_T12:145_T30:138","S4:30_S5:38"
"MNG","BA:702","EAR_EHRA_SEX_CUR_NB","SEX_T","CUR_TYPE_LCU","2017",3300,,,"I20:4077_T9:133_T10:139_T11:142_T12:145_T30:138","S4:30_S5:38"
"MNG","BA:702","EAR_EHRA_SEX_CUR_NB","SEX_T","CUR_TYPE_PPP","2017",3.683,,,"I20:4077_T9:133_T10:139_T11:142_T12:145_T30:138","S4:30_S5:38"
"MNG","BA:702","EAR_EHRA_SEX_CUR_NB","SEX_T","CUR_TYPE_USD","2017",1.353,,,"I20:4077_T9:133_T10:139_T11:142_T12:145_T30:138","S4:30_S5:38"
"MNG","BA:702","EAR_EHRA_SEX_CUR_NB","SEX_T","CUR_TYPE_LCU","2016",3149.551,,,"I20:4077_T9:133_T10:139_T11:142_T12:145_T30:138","S4:30_S5:38"
"MNG","BA:702","EAR_EHRA_SEX_CUR_NB","SEX_T","CUR_TYPE_PPP","2016",3.776,,,"I20:4077_T9:133_T10:139_T11:142_T12:145_T30:138","S4:30_S5:38"
"MNG","BA:702","EAR_EHRA_SEX_CUR_NB","SEX_T","CUR_TYPE_USD","2016",1.472,,,"I20:4077_T9:133_T10:139_T11:142_T12:145_T30:138","S4:30_S5:38"
"MNG","BA:702","EAR_EHRA_SEX_CUR_NB","SEX_T","CUR_TYPE_LCU","2015",3197.975,,,"I20:4077_T9:133_T10:139_T11:142_T12:145_T30:138","S4:30_S5:38"
"MNG","BA:702","EAR_EHRA_SEX_CUR_NB","SEX_T","CUR_TYPE_PPP","2015",3.894,,,"I20:4077_T9:133_T10:139_T11:142_T12:145_T30:138","S4:30_S5:38"
"MNG","BA:702","EAR_EHRA_SEX_CUR_NB","SEX_T","CUR_TYPE_USD","2015",1.623,,,"I20:4077_T9:133_T10:139_T11:142_T12:145_T30:138","S4:30_S5:38"
"MNG","BA:702","EAR_EHRA_SEX_CUR_NB","SEX_T","CUR_TYPE_LCU","2014",3055.322,,,"I20:4077_T9:133_T10:139_T11:142_T12:145_T30:138","S4:30_S5:38"
"MNG","BA:702","EAR_EHRA_SEX_CUR_NB","SEX_T","CUR_TYPE_PPP","2014",3.775,,,"I20:4077_T9:133_T10:139_T11:142_T12:145_T30:138","S4:30_S5:38"
"MNG","BA:702","EAR_EHRA_SEX_CUR_NB","SEX_T","CUR_TYPE_USD","2014",1.681,,,"I20:4077_T9:133_T10:139_T11:142_T12:145_T30:138","S4:30_S5:38"
"MNG","BA:702","EAR_EHRA_SEX_CUR_NB","SEX_T","CUR_TYPE_LCU","2013",2682.611,,,"I20:4077_T9:133_T10:139_T11:142_T12:145_T30:138","S4:30_S5:38"
"MNG","BA:702","EAR_EHRA_SEX_CUR_NB","SEX_T","CUR_TYPE_PPP","2013",3.685,,,"I20:4077_T9:133_T10:139_T11:142_T12:145_T30:138","S4:30_S5:38"
"MNG","BA:702","EAR_EHRA_SEX_CUR_NB","SEX_T","CUR_TYPE_USD","2013",1.76,,,"I20:4077_T9:133_T10:139_T11:142_T12:145_T30:138","S4:30_S5:38"
"MNG","BA:702","EAR_EHRA_SEX_CUR_NB","SEX_T","CUR_TYPE_LCU","2012",2223.074,,,"I20:4077_T9:133_T10:139_T11:142_T12:145_T30:138","S4:30_S5:38"
"MNG","BA:702","EAR_EHRA_SEX_CUR_NB","SEX_T","CUR_TYPE_PPP","2012",3.483,,,"I20:4077_T9:133_T10:139_T11:142_T12:145_T30:138","S4:30_S5:38"
"MNG","BA:702","EAR_EHRA_SEX_CUR_NB","SEX_T","CUR_TYPE_USD","2012",1.638,,,"I20:4077_T9:133_T10:139_T11:142_T12:145_T30:138","S4:30_S5:38"
"MNG","BA:702","EAR_EHRA_SEX_CUR_NB","SEX_T","CUR_TYPE_LCU","2011",1737.025,,,"I20:4077_T9:133_T10:139_T11:142_T12:145_T30:138","S4:30_S5:38"
"MNG","BA:702","EAR_EHRA_SEX_CUR_NB","SEX_T","CUR_TYPE_PPP","2011",2.992,,,"I20:4077_T9:133_T10:139_T11:142_T12:145_T30:138","S4:30_S5:38"
"MNG","BA:702","EAR_EHRA_SEX_CUR_NB","SEX_T","CUR_TYPE_USD","2011",1.373,,,"I20:4077_T9:133_T10:139_T11:142_T12:145_T30:138","S4:30_S5:38"
"MNG","BA:702","EAR_EHRA_SEX_CUR_NB","SEX_T","CUR_TYPE_LCU","2010",1463.527,,,"I20:4077_T9:133_T10:139_T11:142_T12:145_T30:138","S4:30_S5:38"
"MNG","BA:702","EAR_EHRA_SEX_CUR_NB","SEX_T","CUR_TYPE_PPP","2010",2.649,,,"I20:4077_T9:133_T10:139_T11:142_T12:145_T30:138","S4:30_S5:38"
"MNG","BA:702","EAR_EHRA_SEX_CUR_NB","SEX_T","CUR_TYPE_USD","2010",1.078,,,"I20:4077_T9:133_T10:139_T11:142_T12:145_T30:138","S4:30_S5:38"
"MNG","BA:702","EAR_EHRA_SEX_CUR_NB","SEX_T","CUR_TYPE_LCU","2009",1273.417,,,"I20:4077_T9:133_T10:139_T11:142_T12:145_T30:138","S4:30_S5:38"
"MNG","BA:702","EAR_EHRA_SEX_CUR_NB","SEX_T","CUR_TYPE_PPP","2009",2.495,,,"I20:4077_T9:133_T10:139_T11:142_T12:145_T30:138","S4:30_S5:38"
"MNG","BA:702","EAR_EHRA_SEX_CUR_NB","SEX_T","CUR_TYPE_USD","2009",0.886,,,"I20:4077_T9:133_T10:139_T11:142_T12:145_T30:138","S4:30_S5:38"
"MNG","BA:702","EAR_EHRA_SEX_CUR_NB","SEX_T","CUR_TYPE_LCU","2008",927.028,,,"I20:4077_T9:133_T10:139_T11:142_T12:145_T30:138","S4:30_S5:38"
"MNG","BA:702","EAR_EHRA_SEX_CUR_NB","SEX_T","CUR_TYPE_PPP","2008",1.962,,,"I20:4077_T9:133_T10:139_T11:142_T12:145_T30:138","S4:30_S5:38"
"MNG","BA:702","EAR_EHRA_SEX_CUR_NB","SEX_T","CUR_TYPE_USD","2008",0.795,,,"I20:4077_T9:133_T10:139_T11:142_T12:145_T30:138","S4:30_S5:38"
"MOZ","BB:8363","EAR_EHRA_SEX_CUR_NB","SEX_T","CUR_TYPE_LCU","2022",80.106,,,"T30:34","R1:3513"
"MOZ","BB:8363","EAR_EHRA_SEX_CUR_NB","SEX_T","CUR_TYPE_PPP","2022",3.321,,,"T30:34","R1:3513"
"MOZ","BB:8363","EAR_EHRA_SEX_CUR_NB","SEX_T","CUR_TYPE_USD","2022",1.255,,,"T30:34","R1:3513"
"MRT","BB:16077","EAR_EHRA_SEX_CUR_NB","SEX_T","CUR_TYPE_LCU","2019",495.228,,,"T30:398","R1:3513"
"MUS","BA:82","EAR_EHRA_SEX_CUR_NB","SEX_T","CUR_TYPE_LCU","2024",208.393,,,"T30:33","R1:3513_T2:85"
"MUS","BA:82","EAR_EHRA_SEX_CUR_NB","SEX_T","CUR_TYPE_PPP","2024",10.463,,,"T30:33","R1:3513_T2:85"
"MUS","BA:82","EAR_EHRA_SEX_CUR_NB","SEX_T","CUR_TYPE_USD","2024",4.49,,,"T30:33","R1:3513_T2:85"
"MUS","BA:82","EAR_EHRA_SEX_CUR_NB","SEX_T","CUR_TYPE_LCU","2023",147.431,,,"T30:33","R1:3513_T2:85"
"MUS","BA:82","EAR_EHRA_SEX_CUR_NB","SEX_T","CUR_TYPE_PPP","2023",7.45,,,"T30:33","R1:3513_T2:85"
"MUS","BA:82","EAR_EHRA_SEX_CUR_NB","SEX_T","CUR_TYPE_USD","2023",3.257,,,"T30:33","R1:3513_T2:85"
"MUS","BA:82","EAR_EHRA_SEX_CUR_NB","SEX_T","CUR_TYPE_LCU","2022",128.662,,,"T30:33","R1:3513_T2:85"
"MUS","BA:82","EAR_EHRA_SEX_CUR_NB","SEX_T","CUR_TYPE_PPP","2022",6.685,,,"T30:33","R1:3513_T2:85"
"MUS","BA:82","EAR_EHRA_SEX_CUR_NB","SEX_T","CUR_TYPE_USD","2022",2.912,,,"T30:33","R1:3513_T2:85"
"MUS","BA:82","EAR_EHRA_SEX_CUR_NB","SEX_T","CUR_TYPE_LCU","2021",136.55,,,"T30:33","R1:3513_T2:85"
"MUS","BA:82","EAR_EHRA_SEX_CUR_NB","SEX_T","CUR_TYPE_PPP","2021",7.276,,,"T30:33","R1:3513_T2:85"
"MUS","BA:82","EAR_EHRA_SEX_CUR_NB","SEX_T","CUR_TYPE_USD","2021",3.275,,,"T30:33","R1:3513_T2:85"
"MUS","BA:82","EAR_EHRA_SEX_CUR_NB","SEX_T","CUR_TYPE_LCU","2019",130.512,,,"T30:33","R1:3513_T2:85"
"MUS","BA:82","EAR_EHRA_SEX_CUR_NB","SEX_T","CUR_TYPE_PPP","2019",7.07,,,"T30:33","R1:3513_T2:85"
"MUS","BA:82","EAR_EHRA_SEX_CUR_NB","SEX_T","CUR_TYPE_USD","2019",3.679,,,"T30:33","R1:3513_T2:85"
"MUS","BA:82","EAR_EHRA_SEX_CUR_NB","SEX_T","CUR_TYPE_LCU","2018",146.196,,,"T30:33","R1:3513_T2:85"
"MUS","BA:82","EAR_EHRA_SEX_CUR_NB","SEX_T","CUR_TYPE_PPP","2018",7.822,,,"T30:33","R1:3513_T2:85"
"MUS","BA:82","EAR_EHRA_SEX_CUR_NB","SEX_T","CUR_TYPE_USD","2018",4.308,,,"T30:33","R1:3513_T2:85"
"MUS","BA:82","EAR_EHRA_SEX_CUR_NB","SEX_T","CUR_TYPE_LCU","2017",131.395,,,"T30:33","R1:3513_T2:85"
"MUS","BA:82","EAR_EHRA_SEX_CUR_NB","SEX_T","CUR_TYPE_PPP","2017",7.181,,,"T30:33","R1:3513_T2:85"
"MUS","BA:82","EAR_EHRA_SEX_CUR_NB","SEX_T","CUR_TYPE_USD","2017",3.811,,,"T30:33","R1:3513_T2:85"
"MUS","BA:82","EAR_EHRA_SEX_CUR_NB","SEX_T","CUR_TYPE_LCU","2016",132.216,,,"T30:33","R1:3513_T2:85"
"MUS","BA:82","EAR_EHRA_SEX_CUR_NB","SEX_T","CUR_TYPE_PPP","2016",7.327,,,"T30:33","R1:3513_T2:85"
"MUS","BA:82","EAR_EHRA_SEX_CUR_NB","SEX_T","CUR_TYPE_USD","2016",3.72,,,"T30:33","R1:3513_T2:85"
"MUS","BA:82","EAR_EHRA_SEX_CUR_NB","SEX_T","CUR_TYPE_LCU","2015",132.385,,,"T30:33","R1:3513_T2:85"
"MUS","BA:82","EAR_EHRA_SEX_CUR_NB","SEX_T","CUR_TYPE_PPP","2015",7.142,,,"T30:33","R1:3513_T2:85"
"MUS","BA:82","EAR_EHRA_SEX_CUR_NB","SEX_T","CUR_TYPE_USD","2015",3.776,,,"T30:33","R1:3513_T2:85"
"MUS","BA:82","EAR_EHRA_SEX_CUR_NB","SEX_T","CUR_TYPE_LCU","2014",126.19,,,"T30:33","R1:3513_T2:85"
"MUS","BA:82","EAR_EHRA_SEX_CUR_NB","SEX_T","CUR_TYPE_PPP","2014",6.759,,,"T30:33","R1:3513_T2:85"
"MUS","BA:82","EAR_EHRA_SEX_CUR_NB","SEX_T","CUR_TYPE_USD","2014",4.121,,,"T30:33","R1:3513_T2:85"
"MUS","BA:82","EAR_EHRA_SEX_CUR_NB","SEX_T","CUR_TYPE_LCU","2013",107.367,,,"T30:33","R1:3513_T2:85"
"MUS","BA:82","EAR_EHRA_SEX_CUR_NB","SEX_T","CUR_TYPE_PPP","2013",5.796,,,"T30:33","R1:3513_T2:85"
"MUS","BA:82","EAR_EHRA_SEX_CUR_NB","SEX_T","CUR_TYPE_USD","2013",3.497,,,"T30:33","R1:3513_T2:85"
"MUS","BA:82","EAR_EHRA_SEX_CUR_NB","SEX_T","CUR_TYPE_LCU","2012",98.563,,,"T30:33","R1:3513_T2:85"
"MUS","BA:82","EAR_EHRA_SEX_CUR_NB","SEX_T","CUR_TYPE_PPP","2012",5.438,,,"T30:33","R1:3513_T2:85"
"MUS","BA:82","EAR_EHRA_SEX_CUR_NB","SEX_T","CUR_TYPE_USD","2012",3.28,,,"T30:33","R1:3513_T2:85"
"MUS","BA:82","EAR_EHRA_SEX_CUR_NB","SEX_T","CUR_TYPE_LCU","2011",87.977,,,"T30:33","R1:3513_T2:85"
"MUS","BA:82","EAR_EHRA_SEX_CUR_NB","SEX_T","CUR_TYPE_PPP","2011",4.741,,,"T30:33","R1:3513_T2:85"
"MUS","BA:82","EAR_EHRA_SEX_CUR_NB","SEX_T","CUR_TYPE_USD","2011",3.065,,,"T30:33","R1:3513_T2:85"
"MUS","BA:82","EAR_EHRA_SEX_CUR_NB","SEX_T","CUR_TYPE_LCU","2010",87.336,,,"T30:33","R1:3513_T2:85"
"MUS","BA:82","EAR_EHRA_SEX_CUR_NB","SEX_T","CUR_TYPE_PPP","2010",4.86,,,"T30:33","R1:3513_T2:85"
"MUS","BA:82","EAR_EHRA_SEX_CUR_NB","SEX_T","CUR_TYPE_USD","2010",2.837,,,"T30:33","R1:3513_T2:85"
"MUS","BA:82","EAR_EHRA_SEX_CUR_NB","SEX_T","CUR_TYPE_LCU","2009",81.953,,,"T30:33","R1:3513_T2:85"
"MUS","BA:82","EAR_EHRA_SEX_CUR_NB","SEX_T","CUR_TYPE_PPP","2009",4.619,,,"T30:33","R1:3513_T2:85"
"MUS","BA:82","EAR_EHRA_SEX_CUR_NB","SEX_T","CUR_TYPE_USD","2009",2.564,,,"T30:33","R1:3513_T2:85"
"MUS","BA:82","EAR_EHRA_SEX_CUR_NB","SEX_T","CUR_TYPE_LCU","2008",71.251,,,"T30:33","R1:3513_T2:85"
"MUS","BA:82","EAR_EHRA_SEX_CUR_NB","SEX_T","CUR_TYPE_PPP","2008",4.131,,,"T30:33","R1:3513_T2:85"
"MUS","BA:82","EAR_EHRA_SEX_CUR_NB","SEX_T","CUR_TYPE_USD","2008",2.504,,,"T30:33","R1:3513_T2:85"
"MUS","BA:82","EAR_EHRA_SEX_CUR_NB","SEX_T","CUR_TYPE_LCU","2007",62.248,,,"T30:33","R1:3513_T2:85"
"MUS","BA:82","EAR_EHRA_SEX_CUR_NB","SEX_T","CUR_TYPE_PPP","2007",3.814,,,"T30:33","R1:3513_T2:85"
"MUS","BA:82","EAR_EHRA_SEX_CUR_NB","SEX_T","CUR_TYPE_USD","2007",1.988,,,"T30:33","R1:3513_T2:85"
"MUS","BA:82","EAR_EHRA_SEX_CUR_NB","SEX_T","CUR_TYPE_LCU","2006",58.053,,,"T30:33","R1:3513_T2:85"
"MUS","BA:82","EAR_EHRA_SEX_CUR_NB","SEX_T","CUR_TYPE_PPP","2006",3.764,,,"T30:33","R1:3513_T2:85"
"MUS","BA:82","EAR_EHRA_SEX_CUR_NB","SEX_T","CUR_TYPE_USD","2006",1.831,,,"T30:33","R1:3513_T2:85"
"MUS","BA:82","EAR_EHRA_SEX_CUR_NB","SEX_T","CUR_TYPE_LCU","2005",58.456,,,"T30:33","R1:3513_T2:85"
"MUS","BA:82","EAR_EHRA_SEX_CUR_NB","SEX_T","CUR_TYPE_PPP","2005",3.999,,,"T30:33","R1:3513_T2:85"
"MUS","BA:82","EAR_EHRA_SEX_CUR_NB","SEX_T","CUR_TYPE_USD","2005",1.982,,,"T30:33","R1:3513_T2:85"
"MUS","BA:82","EAR_EHRA_SEX_CUR_NB","SEX_T","CUR_TYPE_LCU","2004",49.782,,,"T30:33","R1:3513_T2:85"
"MUS","BA:82","EAR_EHRA_SEX_CUR_NB","SEX_T","CUR_TYPE_PPP","2004",3.456,,,"T30:33","R1:3513_T2:85"
"MUS","BA:82","EAR_EHRA_SEX_CUR_NB","SEX_T","CUR_TYPE_USD","2004",1.81,,,"T30:33","R1:3513_T2:85"
"MUS","BA:82","EAR_EHRA_SEX_CUR_NB","SEX_T","CUR_TYPE_LCU","2003",49.224,"B",,"T30:33_I11:264","R1:3513_T2:85"
"MUS","BA:82","EAR_EHRA_SEX_CUR_NB","SEX_T","CUR_TYPE_PPP","2003",3.485,"B",,"T30:33_I11:264","R1:3513_T2:85"
"MUS","BA:82","EAR_EHRA_SEX_CUR_NB","SEX_T","CUR_TYPE_USD","2003",1.764,"B",,"T30:33_I11:264","R1:3513_T2:85"
"MUS","BA:82","EAR_EHRA_SEX_CUR_NB","SEX_T","CUR_TYPE_LCU","2002",44.908,,,"T30:33","R1:3513_T2:85"
"MUS","BA:82","EAR_EHRA_SEX_CUR_NB","SEX_T","CUR_TYPE_PPP","2002",3.231,,,"T30:33","R1:3513_T2:85"
"MUS","BA:82","EAR_EHRA_SEX_CUR_NB","SEX_T","CUR_TYPE_USD","2002",1.499,,,"T30:33","R1:3513_T2:85"
"MUS","BA:82","EAR_EHRA_SEX_CUR_NB","SEX_T","CUR_TYPE_LCU","2001",42.24,"B",,"T30:33_I11:264","R1:3513_T2:85"
"MUS","BA:82","EAR_EHRA_SEX_CUR_NB","SEX_T","CUR_TYPE_PPP","2001",3.184,"B",,"T30:33_I11:264","R1:3513_T2:85"
"MUS","BA:82","EAR_EHRA_SEX_CUR_NB","SEX_T","CUR_TYPE_USD","2001",1.45,"B",,"T30:33_I11:264","R1:3513_T2:85"
"MWI","BA:1448","EAR_EHRA_SEX_CUR_NB","SEX_T","CUR_TYPE_LCU","2013",233.698,"B",,"T30:29_I11:264","R1:3513"
"MWI","BA:1448","EAR_EHRA_SEX_CUR_NB","SEX_T","CUR_TYPE_PPP","2013",1.965,"B",,"T30:29_I11:264","R1:3513"
"MWI","BA:1448","EAR_EHRA_SEX_CUR_NB","SEX_T","CUR_TYPE_USD","2013",0.641,"B",,"T30:29_I11:264","R1:3513"
"MYS","DA:7341","EAR_EHRA_SEX_CUR_NB","SEX_T","CUR_TYPE_LCU","2020",16,,,"I20:4077_T9:133_T10:138_T11:142_T12:1516_T30:136","S9:66"
"MYS","DA:7341","EAR_EHRA_SEX_CUR_NB","SEX_T","CUR_TYPE_PPP","2020",10.179,,,"I20:4077_T9:133_T10:138_T11:142_T12:1516_T30:136","S9:66"
"MYS","DA:7341","EAR_EHRA_SEX_CUR_NB","SEX_T","CUR_TYPE_USD","2020",3.806,,,"I20:4077_T9:133_T10:138_T11:142_T12:1516_T30:136","S9:66"
"MYS","DA:7341","EAR_EHRA_SEX_CUR_NB","SEX_T","CUR_TYPE_LCU","2019",17,,,"I20:4077_T9:133_T10:138_T11:142_T12:1516_T30:136","S9:66"
"MYS","DA:7341","EAR_EHRA_SEX_CUR_NB","SEX_T","CUR_TYPE_PPP","2019",10.536,,,"I20:4077_T9:133_T10:138_T11:142_T12:1516_T30:136","S9:66"
"MYS","DA:7341","EAR_EHRA_SEX_CUR_NB","SEX_T","CUR_TYPE_USD","2019",4.104,,,"I20:4077_T9:133_T10:138_T11:142_T12:1516_T30:136","S9:66"
"MYS","DA:7341","EAR_EHRA_SEX_CUR_NB","SEX_T","CUR_TYPE_LCU","2018",16,,,"I20:4077_T9:133_T10:138_T11:142_T12:1516_T30:136","S9:66"
"MYS","DA:7341","EAR_EHRA_SEX_CUR_NB","SEX_T","CUR_TYPE_PPP","2018",9.802,,,"I20:4077_T9:133_T10:138_T11:142_T12:1516_T30:136","S9:66"
"MYS","DA:7341","EAR_EHRA_SEX_CUR_NB","SEX_T","CUR_TYPE_USD","2018",3.965,,,"I20:4077_T9:133_T10:138_T11:142_T12:1516_T30:136","S9:66"
"MYS","DA:7341","EAR_EHRA_SEX_CUR_NB","SEX_T","CUR_TYPE_LCU","2017",15,,,"I20:4077_T9:133_T10:138_T11:142_T12:1516_T30:136","S9:66"
"MYS","DA:7341","EAR_EHRA_SEX_CUR_NB","SEX_T","CUR_TYPE_PPP","2017",9.008,,,"I20:4077_T9:133_T10:138_T11:142_T12:1516_T30:136","S9:66"
"MYS","DA:7341","EAR_EHRA_SEX_CUR_NB","SEX_T","CUR_TYPE_USD","2017",3.488,,,"I20:4077_T9:133_T10:138_T11:142_T12:1516_T30:136","S9:66"
"MYS","DA:7341","EAR_EHRA_SEX_CUR_NB","SEX_T","CUR_TYPE_LCU","2016",14,,,"I20:4077_T9:133_T10:138_T11:142_T12:1516_T30:136","S9:66"
"MYS","DA:7341","EAR_EHRA_SEX_CUR_NB","SEX_T","CUR_TYPE_PPP","2016",8.74,,,"I20:4077_T9:133_T10:138_T11:142_T12:1516_T30:136","S9:66"
"MYS","DA:7341","EAR_EHRA_SEX_CUR_NB","SEX_T","CUR_TYPE_USD","2016",3.375,,,"I20:4077_T9:133_T10:138_T11:142_T12:1516_T30:136","S9:66"
"MYS","DA:7341","EAR_EHRA_SEX_CUR_NB","SEX_T","CUR_TYPE_LCU","2015",12.08,,,"T9:133_T11:142_T12:146_T30:136","S9:66"
"MYS","DA:7341","EAR_EHRA_SEX_CUR_NB","SEX_T","CUR_TYPE_PPP","2015",7.544,,,"T9:133_T11:142_T12:146_T30:136","S9:66"
"MYS","DA:7341","EAR_EHRA_SEX_CUR_NB","SEX_T","CUR_TYPE_USD","2015",3.093,,,"T9:133_T11:142_T12:146_T30:136","S9:66"
"MYS","DA:7341","EAR_EHRA_SEX_CUR_NB","SEX_T","CUR_TYPE_LCU","2014",11.27,,,"T9:133_T11:142_T12:146_T30:136","S9:66"
"MYS","DA:7341","EAR_EHRA_SEX_CUR_NB","SEX_T","CUR_TYPE_PPP","2014",7.157,,,"T9:133_T11:142_T12:146_T30:136","S9:66"
"MYS","DA:7341","EAR_EHRA_SEX_CUR_NB","SEX_T","CUR_TYPE_USD","2014",3.443,,,"T9:133_T11:142_T12:146_T30:136","S9:66"
"MYS","DA:7341","EAR_EHRA_SEX_CUR_NB","SEX_T","CUR_TYPE_LCU","2013",10.44,,,"T9:133_T11:142_T12:146_T30:136","S9:66"
"MYS","DA:7341","EAR_EHRA_SEX_CUR_NB","SEX_T","CUR_TYPE_PPP","2013",6.745,,,"T9:133_T11:142_T12:146_T30:136","S9:66"
"MYS","DA:7341","EAR_EHRA_SEX_CUR_NB","SEX_T","CUR_TYPE_USD","2013",3.313,,,"T9:133_T11:142_T12:146_T30:136","S9:66"
"MYS","DA:7341","EAR_EHRA_SEX_CUR_NB","SEX_T","CUR_TYPE_LCU","2012",9.83,,,"T9:133_T11:142_T12:146_T30:136","S9:66"
"MYS","DA:7341","EAR_EHRA_SEX_CUR_NB","SEX_T","CUR_TYPE_PPP","2012",6.516,,,"T9:133_T11:142_T12:146_T30:136","S9:66"
"MYS","DA:7341","EAR_EHRA_SEX_CUR_NB","SEX_T","CUR_TYPE_USD","2012",3.183,,,"T9:133_T11:142_T12:146_T30:136","S9:66"
"MYS","DA:7341","EAR_EHRA_SEX_CUR_NB","SEX_T","CUR_TYPE_LCU","2011",9.29,,,"T9:133_T11:142_T12:146_T30:136","S9:66"
"MYS","DA:7341","EAR_EHRA_SEX_CUR_NB","SEX_T","CUR_TYPE_PPP","2011",5.856,,,"T9:133_T11:142_T12:146_T30:136","S9:66"
"MYS","DA:7341","EAR_EHRA_SEX_CUR_NB","SEX_T","CUR_TYPE_USD","2011",3.036,,,"T9:133_T11:142_T12:146_T30:136","S9:66"
"NAM","BA:1468","EAR_EHRA_SEX_CUR_NB","SEX_T","CUR_TYPE_LCU","2018",39.76,,,"T30:35","R1:3513"
"NAM","BA:1468","EAR_EHRA_SEX_CUR_NB","SEX_T","CUR_TYPE_PPP","2018",5.542,,,"T30:35","R1:3513"
"NAM","BA:1468","EAR_EHRA_SEX_CUR_NB","SEX_T","CUR_TYPE_USD","2018",3.004,,,"T30:35","R1:3513"
"NAM","BA:1468","EAR_EHRA_SEX_CUR_NB","SEX_T","CUR_TYPE_LCU","2016",37.287,,,"T30:35","R1:3513"
"NAM","BA:1468","EAR_EHRA_SEX_CUR_NB","SEX_T","CUR_TYPE_PPP","2016",5.698,,,"T30:35","R1:3513"
"NAM","BA:1468","EAR_EHRA_SEX_CUR_NB","SEX_T","CUR_TYPE_USD","2016",2.535,,,"T30:35","R1:3513"
"NAM","BA:1468","EAR_EHRA_SEX_CUR_NB","SEX_T","CUR_TYPE_LCU","2014",40.358,,,"T30:35","R1:3513"
"NAM","BA:1468","EAR_EHRA_SEX_CUR_NB","SEX_T","CUR_TYPE_PPP","2014",6.736,,,"T30:35","R1:3513"
"NAM","BA:1468","EAR_EHRA_SEX_CUR_NB","SEX_T","CUR_TYPE_USD","2014",3.722,,,"T30:35","R1:3513"
"NAM","BA:1468","EAR_EHRA_SEX_CUR_NB","SEX_T","CUR_TYPE_LCU","2013",40.415,,,"T30:35","R1:3513"
"NAM","BA:1468","EAR_EHRA_SEX_CUR_NB","SEX_T","CUR_TYPE_PPP","2013",7.074,,,"T30:35","R1:3513"
"NAM","BA:1468","EAR_EHRA_SEX_CUR_NB","SEX_T","CUR_TYPE_USD","2013",4.145,,,"T30:35","R1:3513"
"NAM","BA:1468","EAR_EHRA_SEX_CUR_NB","SEX_T","CUR_TYPE_LCU","2012",33.061,"B",,"T30:35_I11:264","R1:3513"
"NAM","BA:1468","EAR_EHRA_SEX_CUR_NB","SEX_T","CUR_TYPE_PPP","2012",6.13,"B",,"T30:35_I11:264","R1:3513"
"NAM","BA:1468","EAR_EHRA_SEX_CUR_NB","SEX_T","CUR_TYPE_USD","2012",4.035,"B",,"T30:35_I11:264","R1:3513"
"NCL","BA:15961","EAR_EHRA_SEX_CUR_NB","SEX_T","CUR_TYPE_LCU","2017",1622.895,,,"T30:224","R1:3513"
"NCL","BA:15961","EAR_EHRA_SEX_CUR_NB","SEX_T","CUR_TYPE_PPP","2017",12.859,,,"T30:224","R1:3513"
"NCL","BA:15961","EAR_EHRA_SEX_CUR_NB","SEX_T","CUR_TYPE_USD","2017",15.364,,,"T30:224","R1:3513"
"NGA","BX:7338","EAR_EHRA_SEX_CUR_NB","SEX_T","CUR_TYPE_LCU","2024",546.756,,,"T30:37","R1:3513"
"NGA","BX:7338","EAR_EHRA_SEX_CUR_NB","SEX_T","CUR_TYPE_PPP","2024",2.059,,,"T30:37","R1:3513"
"NGA","BX:7338","EAR_EHRA_SEX_CUR_NB","SEX_T","CUR_TYPE_USD","2024",0.37,,,"T30:37","R1:3513"
"NGA","BB:16750","EAR_EHRA_SEX_CUR_NB","SEX_T","CUR_TYPE_LCU","2019",242.77,,,"T30:37","R1:3513"
"NGA","BB:16750","EAR_EHRA_SEX_CUR_NB","SEX_T","CUR_TYPE_PPP","2019",1.833,,,"T30:37","R1:3513"
"NGA","BB:16750","EAR_EHRA_SEX_CUR_NB","SEX_T","CUR_TYPE_USD","2019",0.791,,,"T30:37","R1:3513"
"NGA","BX:7338","EAR_EHRA_SEX_CUR_NB","SEX_T","CUR_TYPE_LCU","2013",327.211,,,"T30:37","R1:3513"
"NGA","BX:7338","EAR_EHRA_SEX_CUR_NB","SEX_T","CUR_TYPE_PPP","2013",3.564,,,"T30:37","R1:3513"
"NGA","BX:7338","EAR_EHRA_SEX_CUR_NB","SEX_T","CUR_TYPE_USD","2013",2.08,,,"T30:37","R1:3513"
"NGA","BX:7338","EAR_EHRA_SEX_CUR_NB","SEX_T","CUR_TYPE_LCU","2011",267.847,"B",,"T30:37_I11:264","R1:3513"
"NGA","BX:7338","EAR_EHRA_SEX_CUR_NB","SEX_T","CUR_TYPE_PPP","2011",3.205,"B",,"T30:37_I11:264","R1:3513"
"NGA","BX:7338","EAR_EHRA_SEX_CUR_NB","SEX_T","CUR_TYPE_USD","2011",1.741,"B",,"T30:37_I11:264","R1:3513"
"NIC","BA:692","EAR_EHRA_SEX_CUR_NB","SEX_T","CUR_TYPE_LCU","2012",23.701,"B",,"T30:93_I11:264","R1:3513"
"NIC","BA:692","EAR_EHRA_SEX_CUR_NB","SEX_T","CUR_TYPE_PPP","2012",2.549,"B",,"T30:93_I11:264","R1:3513"
"NIC","BA:692","EAR_EHRA_SEX_CUR_NB","SEX_T","CUR_TYPE_USD","2012",1.007,"B",,"T30:93_I11:264","R1:3513"
"NIC","BB:5868","EAR_EHRA_SEX_CUR_NB","SEX_T","CUR_TYPE_LCU","2009",24.3,,,"T30:93","R1:3473"
"NIC","BB:5868","EAR_EHRA_SEX_CUR_NB","SEX_T","CUR_TYPE_PPP","2009",2.856,,,"T30:93","R1:3473"
"NIC","BB:5868","EAR_EHRA_SEX_CUR_NB","SEX_T","CUR_TYPE_USD","2009",1.195,,,"T30:93","R1:3473"
"NIC","BB:5868","EAR_EHRA_SEX_CUR_NB","SEX_T","CUR_TYPE_LCU","2005",13.54,,,"T30:93","R1:3513"
"NIC","BB:5868","EAR_EHRA_SEX_CUR_NB","SEX_T","CUR_TYPE_PPP","2005",2.183,,,"T30:93","R1:3513"
"NIC","BB:5868","EAR_EHRA_SEX_CUR_NB","SEX_T","CUR_TYPE_USD","2005",0.809,,,"T30:93","R1:3513"
"NLD","DA:1500","EAR_EHRA_SEX_CUR_NB","SEX_T","CUR_TYPE_LCU","2018",18,,,"T30:196","R1:2383_S3:21_S8:2566_S6:48"
"NLD","DA:1500","EAR_EHRA_SEX_CUR_NB","SEX_T","CUR_TYPE_PPP","2018",21.33,,,"T30:196","R1:2383_S3:21_S8:2566_S6:48"
"NLD","DA:1500","EAR_EHRA_SEX_CUR_NB","SEX_T","CUR_TYPE_USD","2018",21.258,,,"T30:196","R1:2383_S3:21_S8:2566_S6:48"
"NLD","DA:1500","EAR_EHRA_SEX_CUR_NB","SEX_T","CUR_TYPE_LCU","2014",17.51,,,"T30:196","R1:2383_S3:21_S8:2566_S6:48"
"NLD","DA:1500","EAR_EHRA_SEX_CUR_NB","SEX_T","CUR_TYPE_PPP","2014",19.86,,,"T30:196","R1:2383_S3:21_S8:2566_S6:48"
"NLD","DA:1500","EAR_EHRA_SEX_CUR_NB","SEX_T","CUR_TYPE_USD","2014",23.262,,,"T30:196","R1:2383_S3:21_S8:2566_S6:48"
"NLD","DA:1500","EAR_EHRA_SEX_CUR_NB","SEX_T","CUR_TYPE_LCU","2010",17.25,,,"T30:196","R1:2383_S3:21_S8:2566_S6:48"
"NLD","DA:1500","EAR_EHRA_SEX_CUR_NB","SEX_T","CUR_TYPE_PPP","2010",19.568,,,"T30:196","R1:2383_S3:21_S8:2566_S6:48"
"NLD","DA:1500","EAR_EHRA_SEX_CUR_NB","SEX_T","CUR_TYPE_USD","2010",22.868,,,"T30:196","R1:2383_S3:21_S8:2566_S6:48"
"NOR","DA:12951","EAR_EHRA_SEX_CUR_NB","SEX_T","CUR_TYPE_LCU","2018",286,,,"T30:197","R1:2383_S3:21_S8:2566_S6:48"
"NOR","DA:12951","EAR_EHRA_SEX_CUR_NB","SEX_T","CUR_TYPE_PPP","2018",27.734,,,"T30:197","R1:2383_S3:21_S8:2566_S6:48"
"NOR","DA:12951","EAR_EHRA_SEX_CUR_NB","SEX_T","CUR_TYPE_USD","2018",35.167,,,"T30:197","R1:2383_S3:21_S8:2566_S6:48"
"NOR","DA:12951","EAR_EHRA_SEX_CUR_NB","SEX_T","CUR_TYPE_LCU","2014",30.8,,,"T30:391","R1:2383_S3:20_S3:21_S8:2566_S6:48"
"NOR","DA:12951","EAR_EHRA_SEX_CUR_NB","SEX_T","CUR_TYPE_PPP","2014",26.176,,,"T30:391","R1:2383_S3:20_S3:21_S8:2566_S6:48"
"NOR","DA:12951","EAR_EHRA_SEX_CUR_NB","SEX_T","CUR_TYPE_USD","2014",40.918,,,"T30:391","R1:2383_S3:20_S3:21_S8:2566_S6:48"
"NOR","DA:12951","EAR_EHRA_SEX_CUR_NB","SEX_T","CUR_TYPE_LCU","2010",27.98,,,"T30:391","R1:2383_S3:20_S3:21_S8:2566_S6:48"
"NOR","DA:12951","EAR_EHRA_SEX_CUR_NB","SEX_T","CUR_TYPE_PPP","2010",22.951,,,"T30:391","R1:2383_S3:20_S3:21_S8:2566_S6:48"
"NOR","DA:12951","EAR_EHRA_SEX_CUR_NB","SEX_T","CUR_TYPE_USD","2010",37.093,,,"T30:391","R1:2383_S3:20_S3:21_S8:2566_S6:48"
"NPL","BA:1510","EAR_EHRA_SEX_CUR_NB","SEX_T","CUR_TYPE_LCU","2017",111.433,"B",,"T30:140_I11:264","R1:3513"
"NPL","BA:1510","EAR_EHRA_SEX_CUR_NB","SEX_T","CUR_TYPE_PPP","2017",3.671,"B",,"T30:140_I11:264","R1:3513"
"NPL","BA:1510","EAR_EHRA_SEX_CUR_NB","SEX_T","CUR_TYPE_USD","2017",1.066,"B",,"T30:140_I11:264","R1:3513"
"NPL","BA:1510","EAR_EHRA_SEX_CUR_NB","SEX_T","CUR_TYPE_LCU","2008",32.443,"B",,"T30:140_I11:264","R1:3513"
"NPL","BA:1510","EAR_EHRA_SEX_CUR_NB","SEX_T","CUR_TYPE_PPP","2008",1.6,"B",,"T30:140_I11:264","R1:3513"
"NPL","BA:1510","EAR_EHRA_SEX_CUR_NB","SEX_T","CUR_TYPE_USD","2008",0.465,"B",,"T30:140_I11:264","R1:3513"
"PAK","BA:538","EAR_EHRA_SEX_CUR_NB","SEX_T","CUR_TYPE_LCU","2025",139.217,,,"T30:142","R1:3513_S3:26"
"PAK","BA:538","EAR_EHRA_SEX_CUR_NB","SEX_T","CUR_TYPE_PPP","2025",2.129,,,"T30:142","R1:3513_S3:26"
"PAK","BA:538","EAR_EHRA_SEX_CUR_NB","SEX_T","CUR_TYPE_USD","2025",0.495,,,"T30:142","R1:3513_S3:26"
"PAK","BA:538","EAR_EHRA_SEX_CUR_NB","SEX_T","CUR_TYPE_LCU","2021",120.561,,,"T30:142","R1:3513_S3:26"
"PAK","BA:538","EAR_EHRA_SEX_CUR_NB","SEX_T","CUR_TYPE_PPP","2021",2.835,,,"T30:142","R1:3513_S3:26"
"PAK","BA:538","EAR_EHRA_SEX_CUR_NB","SEX_T","CUR_TYPE_USD","2021",0.74,,,"T30:142","R1:3513_S3:26"
"PAK","BA:538","EAR_EHRA_SEX_CUR_NB","SEX_T","CUR_TYPE_LCU","2019",108.875,,,"T30:142","R1:3513_S3:26"
"PAK","BA:538","EAR_EHRA_SEX_CUR_NB","SEX_T","CUR_TYPE_PPP","2019",2.919,,,"T30:142","R1:3513_S3:26"
"PAK","BA:538","EAR_EHRA_SEX_CUR_NB","SEX_T","CUR_TYPE_USD","2019",0.726,,,"T30:142","R1:3513_S3:26"
"PAK","BA:538","EAR_EHRA_SEX_CUR_NB","SEX_T","CUR_TYPE_LCU","2018",96.574,,,"T30:142","R1:3513_S3:26"
"PAK","BA:538","EAR_EHRA_SEX_CUR_NB","SEX_T","CUR_TYPE_PPP","2018",2.824,,,"T30:142","R1:3513_S3:26"
"PAK","BA:538","EAR_EHRA_SEX_CUR_NB","SEX_T","CUR_TYPE_USD","2018",0.793,,,"T30:142","R1:3513_S3:26"
"PAK","BA:538","EAR_EHRA_SEX_CUR_NB","SEX_T","CUR_TYPE_LCU","2017",90.107,,,"T8:127_T9:133_T10:138_T11:142_T12:145_T30:142","S3:26_S5:38"
"PAK","BA:538","EAR_EHRA_SEX_CUR_NB","SEX_T","CUR_TYPE_PPP","2017",2.747,,,"T8:127_T9:133_T10:138_T11:142_T12:145_T30:142","S3:26_S5:38"
"PAK","BA:538","EAR_EHRA_SEX_CUR_NB","SEX_T","CUR_TYPE_USD","2017",0.855,,,"T8:127_T9:133_T10:138_T11:142_T12:145_T30:142","S3:26_S5:38"
"PAK","BA:538","EAR_EHRA_SEX_CUR_NB","SEX_T","CUR_TYPE_LCU","2016",75,,,"T9:133_T10:138_T12:145_T30:142","S5:38"
"PAK","BA:538","EAR_EHRA_SEX_CUR_NB","SEX_T","CUR_TYPE_PPP","2016",2.363,,,"T9:133_T10:138_T12:145_T30:142","S5:38"
"PAK","BA:538","EAR_EHRA_SEX_CUR_NB","SEX_T","CUR_TYPE_USD","2016",0.716,,,"T9:133_T10:138_T12:145_T30:142","S5:38"
"PAK","BA:538","EAR_EHRA_SEX_CUR_NB","SEX_T","CUR_TYPE_LCU","2015",78.121,,,"T30:142","R1:3513"
"PAK","BA:538","EAR_EHRA_SEX_CUR_NB","SEX_T","CUR_TYPE_PPP","2015",2.513,,,"T30:142","R1:3513"
"PAK","BA:538","EAR_EHRA_SEX_CUR_NB","SEX_T","CUR_TYPE_USD","2015",0.76,,,"T30:142","R1:3513"
"PAK","BA:538","EAR_EHRA_SEX_CUR_NB","SEX_T","CUR_TYPE_LCU","2014",68.761,,,"T30:142","R1:3513"
"PAK","BA:538","EAR_EHRA_SEX_CUR_NB","SEX_T","CUR_TYPE_PPP","2014",2.254,,,"T30:142","R1:3513"
"PAK","BA:538","EAR_EHRA_SEX_CUR_NB","SEX_T","CUR_TYPE_USD","2014",0.68,,,"T30:142","R1:3513"
"PAK","BA:538","EAR_EHRA_SEX_CUR_NB","SEX_T","CUR_TYPE_LCU","2013",65.759,"B",,"T30:142_I11:264","R1:3513"
"PAK","BA:538","EAR_EHRA_SEX_CUR_NB","SEX_T","CUR_TYPE_PPP","2013",2.287,"B",,"T30:142_I11:264","R1:3513"
"PAK","BA:538","EAR_EHRA_SEX_CUR_NB","SEX_T","CUR_TYPE_USD","2013",0.647,"B",,"T30:142_I11:264","R1:3513"
"PAK","BA:538","EAR_EHRA_SEX_CUR_NB","SEX_T","CUR_TYPE_LCU","2011",52.821,,,"T30:142","R1:3513"
"PAK","BA:538","EAR_EHRA_SEX_CUR_NB","SEX_T","CUR_TYPE_PPP","2011",2.072,,,"T30:142","R1:3513"
"PAK","BA:538","EAR_EHRA_SEX_CUR_NB","SEX_T","CUR_TYPE_USD","2011",0.612,,,"T30:142","R1:3513"
"PAK","BA:538","EAR_EHRA_SEX_CUR_NB","SEX_T","CUR_TYPE_LCU","2010",46.982,,,"T30:142","R1:3513"
"PAK","BA:538","EAR_EHRA_SEX_CUR_NB","SEX_T","CUR_TYPE_PPP","2010",1.999,,,"T30:142","R1:3513"
"PAK","BA:538","EAR_EHRA_SEX_CUR_NB","SEX_T","CUR_TYPE_USD","2010",0.551,,,"T30:142","R1:3513"
"PAK","BA:538","EAR_EHRA_SEX_CUR_NB","SEX_T","CUR_TYPE_LCU","2009",40.91,,,"T30:142","R1:3513"
"PAK","BA:538","EAR_EHRA_SEX_CUR_NB","SEX_T","CUR_TYPE_PPP","2009",1.934,,,"T30:142","R1:3513"
"PAK","BA:538","EAR_EHRA_SEX_CUR_NB","SEX_T","CUR_TYPE_USD","2009",0.501,,,"T30:142","R1:3513"
"PAK","BA:538","EAR_EHRA_SEX_CUR_NB","SEX_T","CUR_TYPE_LCU","2008",35.339,,,"T30:142","R1:3513"
"PAK","BA:538","EAR_EHRA_SEX_CUR_NB","SEX_T","CUR_TYPE_PPP","2008",1.906,,,"T30:142","R1:3513"
"PAK","BA:538","EAR_EHRA_SEX_CUR_NB","SEX_T","CUR_TYPE_USD","2008",0.502,,,"T30:142","R1:3513"
"PAK","BA:538","EAR_EHRA_SEX_CUR_NB","SEX_T","CUR_TYPE_LCU","2007",30.121,,,"T30:142","R1:3513"
"PAK","BA:538","EAR_EHRA_SEX_CUR_NB","SEX_T","CUR_TYPE_PPP","2007",1.882,,,"T30:142","R1:3513"
"PAK","BA:538","EAR_EHRA_SEX_CUR_NB","SEX_T","CUR_TYPE_USD","2007",0.496,,,"T30:142","R1:3513"
"PAK","BA:538","EAR_EHRA_SEX_CUR_NB","SEX_T","CUR_TYPE_LCU","2006",25.859,"B",,"T30:142_I11:264","R1:3513"
"PAK","BA:538","EAR_EHRA_SEX_CUR_NB","SEX_T","CUR_TYPE_PPP","2006",1.69,"B",,"T30:142_I11:264","R1:3513"
"PAK","BA:538","EAR_EHRA_SEX_CUR_NB","SEX_T","CUR_TYPE_USD","2006",0.429,"B",,"T30:142_I11:264","R1:3513"
"PAK","BA:538","EAR_EHRA_SEX_CUR_NB","SEX_T","CUR_TYPE_LCU","2004",19.325,,,"T12:146_T30:142","S3:26_T2:239"
"PAK","BA:538","EAR_EHRA_SEX_CUR_NB","SEX_T","CUR_TYPE_PPP","2004",1.393,,,"T12:146_T30:142","S3:26_T2:239"
"PAK","BA:538","EAR_EHRA_SEX_CUR_NB","SEX_T","CUR_TYPE_USD","2004",0.332,,,"T12:146_T30:142","S3:26_T2:239"
"PAK","BA:538","EAR_EHRA_SEX_CUR_NB","SEX_T","CUR_TYPE_LCU","2002",16.223,,,"T12:146_T30:142","S3:26_T2:239"
"PAK","BA:538","EAR_EHRA_SEX_CUR_NB","SEX_T","CUR_TYPE_PPP","2002",1.231,,,"T12:146_T30:142","S3:26_T2:239"
"PAK","BA:538","EAR_EHRA_SEX_CUR_NB","SEX_T","CUR_TYPE_USD","2002",0.272,,,"T12:146_T30:142","S3:26_T2:239"
"PAN","BA:511","EAR_EHRA_SEX_CUR_NB","SEX_T","CUR_TYPE_LCU","2025",5.416,,,"T30:94","R1:3513_S3:21"
"PAN","BA:511","EAR_EHRA_SEX_CUR_NB","SEX_T","CUR_TYPE_PPP","2025",10.903,,,"T30:94","R1:3513_S3:21"
"PAN","BA:511","EAR_EHRA_SEX_CUR_NB","SEX_T","CUR_TYPE_USD","2025",5.416,,,"T30:94","R1:3513_S3:21"
"PAN","BA:511","EAR_EHRA_SEX_CUR_NB","SEX_T","CUR_TYPE_LCU","2024",5.277,,,"T30:94","R1:3513_S3:21"
"PAN","BA:511","EAR_EHRA_SEX_CUR_NB","SEX_T","CUR_TYPE_PPP","2024",10.325,,,"T30:94","R1:3513_S3:21"
"PAN","BA:511","EAR_EHRA_SEX_CUR_NB","SEX_T","CUR_TYPE_USD","2024",5.277,,,"T30:94","R1:3513_S3:21"
"PAN","BA:511","EAR_EHRA_SEX_CUR_NB","SEX_T","CUR_TYPE_LCU","2023",5.346,,,"T30:94","R1:3513_S3:21"
"PAN","BA:511","EAR_EHRA_SEX_CUR_NB","SEX_T","CUR_TYPE_PPP","2023",10.232,,,"T30:94","R1:3513_S3:21"
"PAN","BA:511","EAR_EHRA_SEX_CUR_NB","SEX_T","CUR_TYPE_USD","2023",5.346,,,"T30:94","R1:3513_S3:21"
"PAN","BX:16113","EAR_EHRA_SEX_CUR_NB","SEX_T","CUR_TYPE_LCU","2022",5.001,,,"T30:94","R1:3513_S3:21"
"PAN","BX:16113","EAR_EHRA_SEX_CUR_NB","SEX_T","CUR_TYPE_PPP","2022",9.328,,,"T30:94","R1:3513_S3:21"
"PAN","BX:16113","EAR_EHRA_SEX_CUR_NB","SEX_T","CUR_TYPE_USD","2022",5.001,,,"T30:94","R1:3513_S3:21"
"PAN","BA:511","EAR_EHRA_SEX_CUR_NB","SEX_T","CUR_TYPE_LCU","2021",6.605,"B",,"T30:94_I11:264","R1:3513_S3:21"
"PAN","BA:511","EAR_EHRA_SEX_CUR_NB","SEX_T","CUR_TYPE_PPP","2021",11.735,"B",,"T30:94_I11:264","R1:3513_S3:21"
"PAN","BA:511","EAR_EHRA_SEX_CUR_NB","SEX_T","CUR_TYPE_USD","2021",6.605,"B",,"T30:94_I11:264","R1:3513_S3:21"
"PAN","BA:511","EAR_EHRA_SEX_CUR_NB","SEX_T","CUR_TYPE_LCU","2020",6.463,"B",,"T30:94_I11:264","R1:3513_S3:19"
"PAN","BA:511","EAR_EHRA_SEX_CUR_NB","SEX_T","CUR_TYPE_PPP","2020",11.74,"B",,"T30:94_I11:264","R1:3513_S3:19"
"PAN","BA:511","EAR_EHRA_SEX_CUR_NB","SEX_T","CUR_TYPE_USD","2020",6.463,"B",,"T30:94_I11:264","R1:3513_S3:19"
"PAN","BA:511","EAR_EHRA_SEX_CUR_NB","SEX_T","CUR_TYPE_LCU","2019",5.328,,,"T30:94","R1:3513_S3:19"
"PAN","BA:511","EAR_EHRA_SEX_CUR_NB","SEX_T","CUR_TYPE_PPP","2019",9.968,,,"T30:94","R1:3513_S3:19"
"PAN","BA:511","EAR_EHRA_SEX_CUR_NB","SEX_T","CUR_TYPE_USD","2019",5.328,,,"T30:94","R1:3513_S3:19"
"PAN","BA:511","EAR_EHRA_SEX_CUR_NB","SEX_T","CUR_TYPE_LCU","2018",5.076,,,"T30:94","R1:3513_S3:19"
"PAN","BA:511","EAR_EHRA_SEX_CUR_NB","SEX_T","CUR_TYPE_PPP","2018",9.8,,,"T30:94","R1:3513_S3:19"
"PAN","BA:511","EAR_EHRA_SEX_CUR_NB","SEX_T","CUR_TYPE_USD","2018",5.076,,,"T30:94","R1:3513_S3:19"
"PAN","BA:511","EAR_EHRA_SEX_CUR_NB","SEX_T","CUR_TYPE_LCU","2017",4.979,,,"T30:94","R1:3513_S3:19"
"PAN","BA:511","EAR_EHRA_SEX_CUR_NB","SEX_T","CUR_TYPE_PPP","2017",10.296,,,"T30:94","R1:3513_S3:19"
"PAN","BA:511","EAR_EHRA_SEX_CUR_NB","SEX_T","CUR_TYPE_USD","2017",4.979,,,"T30:94","R1:3513_S3:19"
"PAN","BA:511","EAR_EHRA_SEX_CUR_NB","SEX_T","CUR_TYPE_LCU","2016",4.743,,,"T30:94","R1:3513_S3:19"
"PAN","BA:511","EAR_EHRA_SEX_CUR_NB","SEX_T","CUR_TYPE_PPP","2016",9.583,,,"T30:94","R1:3513_S3:19"
"PAN","BA:511","EAR_EHRA_SEX_CUR_NB","SEX_T","CUR_TYPE_USD","2016",4.743,,,"T30:94","R1:3513_S3:19"
"PAN","BA:511","EAR_EHRA_SEX_CUR_NB","SEX_T","CUR_TYPE_LCU","2015",4.217,,,"T30:94","R1:3513_S3:19"
"PAN","BA:511","EAR_EHRA_SEX_CUR_NB","SEX_T","CUR_TYPE_PPP","2015",8.179,,,"T30:94","R1:3513_S3:19"
"PAN","BA:511","EAR_EHRA_SEX_CUR_NB","SEX_T","CUR_TYPE_USD","2015",4.217,,,"T30:94","R1:3513_S3:19"
"PAN","BA:511","EAR_EHRA_SEX_CUR_NB","SEX_T","CUR_TYPE_LCU","2014",4.027,,,"T30:94","R1:3513_S3:19"
"PAN","BA:511","EAR_EHRA_SEX_CUR_NB","SEX_T","CUR_TYPE_PPP","2014",7.484,,,"T30:94","R1:3513_S3:19"
"PAN","BA:511","EAR_EHRA_SEX_CUR_NB","SEX_T","CUR_TYPE_USD","2014",4.027,,,"T30:94","R1:3513_S3:19"
"PAN","BA:511","EAR_EHRA_SEX_CUR_NB","SEX_T","CUR_TYPE_LCU","2013",3.897,,,"T30:94","R1:3513_S3:19"
"PAN","BA:511","EAR_EHRA_SEX_CUR_NB","SEX_T","CUR_TYPE_PPP","2013",7.13,,,"T30:94","R1:3513_S3:19"
"PAN","BA:511","EAR_EHRA_SEX_CUR_NB","SEX_T","CUR_TYPE_USD","2013",3.897,,,"T30:94","R1:3513_S3:19"
"PAN","BA:511","EAR_EHRA_SEX_CUR_NB","SEX_T","CUR_TYPE_LCU","2012",3.661,,,"T30:94","R1:3513_S3:19"
"PAN","BA:511","EAR_EHRA_SEX_CUR_NB","SEX_T","CUR_TYPE_PPP","2012",6.811,,,"T30:94","R1:3513_S3:19"
"PAN","BA:511","EAR_EHRA_SEX_CUR_NB","SEX_T","CUR_TYPE_USD","2012",3.661,,,"T30:94","R1:3513_S3:19"
"PAN","BA:511","EAR_EHRA_SEX_CUR_NB","SEX_T","CUR_TYPE_LCU","2011",3.277,,,"T30:94","R1:3513_S3:19"
"PAN","BA:511","EAR_EHRA_SEX_CUR_NB","SEX_T","CUR_TYPE_PPP","2011",5.923,,,"T30:94","R1:3513_S3:19"
"PAN","BA:511","EAR_EHRA_SEX_CUR_NB","SEX_T","CUR_TYPE_USD","2011",3.277,,,"T30:94","R1:3513_S3:19"
"PAN","BA:511","EAR_EHRA_SEX_CUR_NB","SEX_T","CUR_TYPE_LCU","2010",3.03,"B",,"T30:94_I11:264","R1:3513_S3:19"
"PAN","BA:511","EAR_EHRA_SEX_CUR_NB","SEX_T","CUR_TYPE_PPP","2010",5.622,"B",,"T30:94_I11:264","R1:3513_S3:19"
"PAN","BA:511","EAR_EHRA_SEX_CUR_NB","SEX_T","CUR_TYPE_USD","2010",3.03,"B",,"T30:94_I11:264","R1:3513_S3:19"
"PAN","BX:3055","EAR_EHRA_SEX_CUR_NB","SEX_T","CUR_TYPE_LCU","2009",2.745,,,"T30:94","R1:3513_S3:19"
"PAN","BX:3055","EAR_EHRA_SEX_CUR_NB","SEX_T","CUR_TYPE_PPP","2009",5.185,,,"T30:94","R1:3513_S3:19"
"PAN","BX:3055","EAR_EHRA_SEX_CUR_NB","SEX_T","CUR_TYPE_USD","2009",2.745,,,"T30:94","R1:3513_S3:19"
"PAN","BB:16128","EAR_EHRA_SEX_CUR_NB","SEX_T","CUR_TYPE_LCU","2008",2.711,,,"T30:94","R1:3513"
"PAN","BB:16128","EAR_EHRA_SEX_CUR_NB","SEX_T","CUR_TYPE_PPP","2008",5.263,,,"T30:94","R1:3513"
"PAN","BB:16128","EAR_EHRA_SEX_CUR_NB","SEX_T","CUR_TYPE_USD","2008",2.711,,,"T30:94","R1:3513"
"PAN","BX:3055","EAR_EHRA_SEX_CUR_NB","SEX_T","CUR_TYPE_LCU","2007",2.371,,,"T30:94","R1:3513_S3:19"
"PAN","BX:3055","EAR_EHRA_SEX_CUR_NB","SEX_T","CUR_TYPE_PPP","2007",4.822,,,"T30:94","R1:3513_S3:19"
"PAN","BX:3055","EAR_EHRA_SEX_CUR_NB","SEX_T","CUR_TYPE_USD","2007",2.371,,,"T30:94","R1:3513_S3:19"
"PAN","BX:3055","EAR_EHRA_SEX_CUR_NB","SEX_T","CUR_TYPE_LCU","2006",2.317,"B",,"T30:94_I11:264","R1:3513_S3:19"
"PAN","BX:3055","EAR_EHRA_SEX_CUR_NB","SEX_T","CUR_TYPE_PPP","2006",4.771,"B",,"T30:94_I11:264","R1:3513_S3:19"
"PAN","BX:3055","EAR_EHRA_SEX_CUR_NB","SEX_T","CUR_TYPE_USD","2006",2.317,"B",,"T30:94_I11:264","R1:3513_S3:19"
"PAN","BX:3055","EAR_EHRA_SEX_CUR_NB","SEX_T","CUR_TYPE_LCU","2005",2.245,,,"T30:94","R1:3473"
"PAN","BX:3055","EAR_EHRA_SEX_CUR_NB","SEX_T","CUR_TYPE_PPP","2005",4.589,,,"T30:94","R1:3473"
"PAN","BX:3055","EAR_EHRA_SEX_CUR_NB","SEX_T","CUR_TYPE_USD","2005",2.245,,,"T30:94","R1:3473"
"PAN","BX:3055","EAR_EHRA_SEX_CUR_NB","SEX_T","CUR_TYPE_LCU","2004",2.253,,,"T30:94","R1:3473"
"PAN","BX:3055","EAR_EHRA_SEX_CUR_NB","SEX_T","CUR_TYPE_PPP","2004",4.581,,,"T30:94","R1:3473"
"PAN","BX:3055","EAR_EHRA_SEX_CUR_NB","SEX_T","CUR_TYPE_USD","2004",2.253,,,"T30:94","R1:3473"
"PAN","BB:16128","EAR_EHRA_SEX_CUR_NB","SEX_T","CUR_TYPE_LCU","2003",2.17,,,"T30:94","R1:3513"
"PAN","BB:16128","EAR_EHRA_SEX_CUR_NB","SEX_T","CUR_TYPE_PPP","2003",4.318,,,"T30:94","R1:3513"
"PAN","BB:16128","EAR_EHRA_SEX_CUR_NB","SEX_T","CUR_TYPE_USD","2003",2.17,,,"T30:94","R1:3513"
"PAN","BX:3055","EAR_EHRA_SEX_CUR_NB","SEX_T","CUR_TYPE_LCU","2002",2.315,,,"T30:94","R1:3473"
"PAN","BX:3055","EAR_EHRA_SEX_CUR_NB","SEX_T","CUR_TYPE_PPP","2002",4.521,,,"T30:94","R1:3473"
"PAN","BX:3055","EAR_EHRA_SEX_CUR_NB","SEX_T","CUR_TYPE_USD","2002",2.315,,,"T30:94","R1:3473"
"PAN","BX:3055","EAR_EHRA_SEX_CUR_NB","SEX_T","CUR_TYPE_LCU","2001",2.22,,,"T30:94","R1:3473"
"PAN","BX:3055","EAR_EHRA_SEX_CUR_NB","SEX_T","CUR_TYPE_PPP","2001",4.312,,,"T30:94","R1:3473"
"PAN","BX:3055","EAR_EHRA_SEX_CUR_NB","SEX_T","CUR_TYPE_USD","2001",2.22,,,"T30:94","R1:3473"
"PAN","BX:3055","EAR_EHRA_SEX_CUR_NB","SEX_T","CUR_TYPE_LCU","2000",2.9,,,"T30:94","R1:3473"
"PAN","BX:3055","EAR_EHRA_SEX_CUR_NB","SEX_T","CUR_TYPE_PPP","2000",5.494,,,"T30:94","R1:3473"
"PAN","BX:3055","EAR_EHRA_SEX_CUR_NB","SEX_T","CUR_TYPE_USD","2000",2.9,,,"T30:94","R1:3473"
"PER","BA:16208","EAR_EHRA_SEX_CUR_NB","SEX_T","CUR_TYPE_LCU","2025",11.811,,,"T30:96","R1:3513"
"PER","BA:16208","EAR_EHRA_SEX_CUR_NB","SEX_T","CUR_TYPE_PPP","2025",6.129,,,"T30:96","R1:3513"
"PER","BA:16208","EAR_EHRA_SEX_CUR_NB","SEX_T","CUR_TYPE_USD","2025",3.311,,,"T30:96","R1:3513"
"PER","BA:16208","EAR_EHRA_SEX_CUR_NB","SEX_T","CUR_TYPE_LCU","2024",11.32,,,"T30:96","R1:3513"
"PER","BA:16208","EAR_EHRA_SEX_CUR_NB","SEX_T","CUR_TYPE_PPP","2024",5.808,,,"T30:96","R1:3513"
"PER","BA:16208","EAR_EHRA_SEX_CUR_NB","SEX_T","CUR_TYPE_USD","2024",3.017,,,"T30:96","R1:3513"
"PER","BA:16208","EAR_EHRA_SEX_CUR_NB","SEX_T","CUR_TYPE_LCU","2023",10.918,,,"T30:96","R1:3513"
"PER","BA:16208","EAR_EHRA_SEX_CUR_NB","SEX_T","CUR_TYPE_PPP","2023",5.55,,,"T30:96","R1:3513"
"PER","BA:16208","EAR_EHRA_SEX_CUR_NB","SEX_T","CUR_TYPE_USD","2023",2.916,,,"T30:96","R1:3513"
"PER","BA:16208","EAR_EHRA_SEX_CUR_NB","SEX_T","CUR_TYPE_LCU","2022",9.452,"B",,"T30:96_I11:264","R1:3513"
"PER","BA:16208","EAR_EHRA_SEX_CUR_NB","SEX_T","CUR_TYPE_PPP","2022",4.913,"B",,"T30:96_I11:264","R1:3513"
"PER","BA:16208","EAR_EHRA_SEX_CUR_NB","SEX_T","CUR_TYPE_USD","2022",2.465,"B",,"T30:96_I11:264","R1:3513"
"PER","BX:375","EAR_EHRA_SEX_CUR_NB","SEX_T","CUR_TYPE_LCU","2021",9.635,,,"T30:96","R1:3513"
"PER","BX:375","EAR_EHRA_SEX_CUR_NB","SEX_T","CUR_TYPE_PPP","2021",5.023,,,"T30:96","R1:3513"
"PER","BX:375","EAR_EHRA_SEX_CUR_NB","SEX_T","CUR_TYPE_USD","2021",2.483,,,"T30:96","R1:3513"
"PER","BX:375","EAR_EHRA_SEX_CUR_NB","SEX_T","CUR_TYPE_LCU","2020",9.221,"B",,"T30:96_I11:264","R1:3513"
"PER","BX:375","EAR_EHRA_SEX_CUR_NB","SEX_T","CUR_TYPE_PPP","2020",4.868,"B",,"T30:96_I11:264","R1:3513"
"PER","BX:375","EAR_EHRA_SEX_CUR_NB","SEX_T","CUR_TYPE_USD","2020",2.638,"B",,"T30:96_I11:264","R1:3513"
"PER","BX:375","EAR_EHRA_SEX_CUR_NB","SEX_T","CUR_TYPE_LCU","2019",9.251,,,"T30:96","R1:3513"
"PER","BX:375","EAR_EHRA_SEX_CUR_NB","SEX_T","CUR_TYPE_PPP","2019",4.832,,,"T30:96","R1:3513"
"PER","BX:375","EAR_EHRA_SEX_CUR_NB","SEX_T","CUR_TYPE_USD","2019",2.772,,,"T30:96","R1:3513"
"PER","BX:375","EAR_EHRA_SEX_CUR_NB","SEX_T","CUR_TYPE_LCU","2018",8.827,,,"T30:96","R1:3513"
"PER","BX:375","EAR_EHRA_SEX_CUR_NB","SEX_T","CUR_TYPE_PPP","2018",4.604,,,"T30:96","R1:3513"
"PER","BX:375","EAR_EHRA_SEX_CUR_NB","SEX_T","CUR_TYPE_USD","2018",2.686,,,"T30:96","R1:3513"
"PER","BX:375","EAR_EHRA_SEX_CUR_NB","SEX_T","CUR_TYPE_LCU","2017",8.543,,,"T30:96","R1:3513"
"PER","BX:375","EAR_EHRA_SEX_CUR_NB","SEX_T","CUR_TYPE_PPP","2017",4.464,,,"T30:96","R1:3513"
"PER","BX:375","EAR_EHRA_SEX_CUR_NB","SEX_T","CUR_TYPE_USD","2017",2.62,,,"T30:96","R1:3513"
"PER","BX:375","EAR_EHRA_SEX_CUR_NB","SEX_T","CUR_TYPE_LCU","2016",8.54,,,"T30:96","R1:3513"
"PER","BX:375","EAR_EHRA_SEX_CUR_NB","SEX_T","CUR_TYPE_PPP","2016",4.626,,,"T30:96","R1:3513"
"PER","BX:375","EAR_EHRA_SEX_CUR_NB","SEX_T","CUR_TYPE_USD","2016",2.53,,,"T30:96","R1:3513"
"PER","BX:375","EAR_EHRA_SEX_CUR_NB","SEX_T","CUR_TYPE_LCU","2015",7.822,,,"T30:96","R1:3513"
"PER","BX:375","EAR_EHRA_SEX_CUR_NB","SEX_T","CUR_TYPE_PPP","2015",4.388,,,"T30:96","R1:3513"
"PER","BX:375","EAR_EHRA_SEX_CUR_NB","SEX_T","CUR_TYPE_USD","2015",2.456,,,"T30:96","R1:3513"
"PER","BX:375","EAR_EHRA_SEX_CUR_NB","SEX_T","CUR_TYPE_LCU","2014",8.139,,,"T30:96","R1:3513"
"PER","BX:375","EAR_EHRA_SEX_CUR_NB","SEX_T","CUR_TYPE_PPP","2014",4.766,,,"T30:96","R1:3513"
"PER","BX:375","EAR_EHRA_SEX_CUR_NB","SEX_T","CUR_TYPE_USD","2014",2.867,,,"T30:96","R1:3513"
"PER","BX:375","EAR_EHRA_SEX_CUR_NB","SEX_T","CUR_TYPE_LCU","2013",7.341,,,"T30:96","R1:3513"
"PER","BX:375","EAR_EHRA_SEX_CUR_NB","SEX_T","CUR_TYPE_PPP","2013",4.452,,,"T30:96","R1:3513"
"PER","BX:375","EAR_EHRA_SEX_CUR_NB","SEX_T","CUR_TYPE_USD","2013",2.717,,,"T30:96","R1:3513"
"PER","BX:375","EAR_EHRA_SEX_CUR_NB","SEX_T","CUR_TYPE_LCU","2012",7.064,,,"T30:96","R1:3513"
"PER","BX:375","EAR_EHRA_SEX_CUR_NB","SEX_T","CUR_TYPE_PPP","2012",4.485,,,"T30:96","R1:3513"
"PER","BX:375","EAR_EHRA_SEX_CUR_NB","SEX_T","CUR_TYPE_USD","2012",2.678,,,"T30:96","R1:3513"
"PER","BX:375","EAR_EHRA_SEX_CUR_NB","SEX_T","CUR_TYPE_LCU","2011",6.457,,,"T30:96","R1:3513"
"PER","BX:375","EAR_EHRA_SEX_CUR_NB","SEX_T","CUR_TYPE_PPP","2011",4.089,,,"T30:96","R1:3513"
"PER","BX:375","EAR_EHRA_SEX_CUR_NB","SEX_T","CUR_TYPE_USD","2011",2.344,,,"T30:96","R1:3513"
"PER","BX:375","EAR_EHRA_SEX_CUR_NB","SEX_T","CUR_TYPE_LCU","2010",6.058,,,"T30:96","R1:3513"
"PER","BX:375","EAR_EHRA_SEX_CUR_NB","SEX_T","CUR_TYPE_PPP","2010",3.844,,,"T30:96","R1:3513"
"PER","BX:375","EAR_EHRA_SEX_CUR_NB","SEX_T","CUR_TYPE_USD","2010",2.144,,,"T30:96","R1:3513"
"PER","BX:375","EAR_EHRA_SEX_CUR_NB","SEX_T","CUR_TYPE_LCU","2009",5.988,,,"T30:96","R1:3513"
"PER","BX:375","EAR_EHRA_SEX_CUR_NB","SEX_T","CUR_TYPE_PPP","2009",3.795,,,"T30:96","R1:3513"
"PER","BX:375","EAR_EHRA_SEX_CUR_NB","SEX_T","CUR_TYPE_USD","2009",1.988,,,"T30:96","R1:3513"
"PER","BX:375","EAR_EHRA_SEX_CUR_NB","SEX_T","CUR_TYPE_LCU","2008",5.297,,,"T30:96","R1:3513"
"PER","BX:375","EAR_EHRA_SEX_CUR_NB","SEX_T","CUR_TYPE_PPP","2008",3.468,,,"T30:96","R1:3513"
"PER","BX:375","EAR_EHRA_SEX_CUR_NB","SEX_T","CUR_TYPE_USD","2008",1.811,,,"T30:96","R1:3513"
"PER","BX:375","EAR_EHRA_SEX_CUR_NB","SEX_T","CUR_TYPE_LCU","2007",4.922,,,"T30:96","R1:3513"
"PER","BX:375","EAR_EHRA_SEX_CUR_NB","SEX_T","CUR_TYPE_PPP","2007",3.283,,,"T30:96","R1:3513"
"PER","BX:375","EAR_EHRA_SEX_CUR_NB","SEX_T","CUR_TYPE_USD","2007",1.573,,,"T30:96","R1:3513"
"PER","BX:375","EAR_EHRA_SEX_CUR_NB","SEX_T","CUR_TYPE_LCU","2006",4.54,,,"T30:96","R1:3513"
"PER","BX:375","EAR_EHRA_SEX_CUR_NB","SEX_T","CUR_TYPE_PPP","2006",2.997,,,"T30:96","R1:3513"
"PER","BX:375","EAR_EHRA_SEX_CUR_NB","SEX_T","CUR_TYPE_USD","2006",1.387,,,"T30:96","R1:3513"
"PER","BX:375","EAR_EHRA_SEX_CUR_NB","SEX_T","CUR_TYPE_LCU","2005",4.244,,,"T30:96","R1:3513"
"PER","BX:375","EAR_EHRA_SEX_CUR_NB","SEX_T","CUR_TYPE_PPP","2005",2.768,,,"T30:96","R1:3513"
"PER","BX:375","EAR_EHRA_SEX_CUR_NB","SEX_T","CUR_TYPE_USD","2005",1.288,,,"T30:96","R1:3513"
"PER","BX:375","EAR_EHRA_SEX_CUR_NB","SEX_T","CUR_TYPE_LCU","2004",4.246,,,"T30:96","R1:3513"
"PER","BX:375","EAR_EHRA_SEX_CUR_NB","SEX_T","CUR_TYPE_PPP","2004",2.722,,,"T30:96","R1:3513"
"PER","BX:375","EAR_EHRA_SEX_CUR_NB","SEX_T","CUR_TYPE_USD","2004",1.244,,,"T30:96","R1:3513"
"PER","BX:375","EAR_EHRA_SEX_CUR_NB","SEX_T","CUR_TYPE_LCU","2003",4.592,,,"T30:96","R1:3513"
"PER","BX:375","EAR_EHRA_SEX_CUR_NB","SEX_T","CUR_TYPE_PPP","2003",2.972,,,"T30:96","R1:3513"
"PER","BX:375","EAR_EHRA_SEX_CUR_NB","SEX_T","CUR_TYPE_USD","2003",1.32,,,"T30:96","R1:3513"
"PER","BX:375","EAR_EHRA_SEX_CUR_NB","SEX_T","CUR_TYPE_LCU","2002",4.67,"B",,"T30:96_I11:264","R1:3513"
"PER","BX:375","EAR_EHRA_SEX_CUR_NB","SEX_T","CUR_TYPE_PPP","2002",3.022,"B",,"T30:96_I11:264","R1:3513"
"PER","BX:375","EAR_EHRA_SEX_CUR_NB","SEX_T","CUR_TYPE_USD","2002",1.328,"B",,"T30:96_I11:264","R1:3513"
"PER","BX:375","EAR_EHRA_SEX_CUR_NB","SEX_T","CUR_TYPE_LCU","2001",4.135,,,"T30:96","R1:3513"
"PER","BX:375","EAR_EHRA_SEX_CUR_NB","SEX_T","CUR_TYPE_PPP","2001",2.639,,,"T30:96","R1:3513"
"PER","BX:375","EAR_EHRA_SEX_CUR_NB","SEX_T","CUR_TYPE_USD","2001",1.179,,,"T30:96","R1:3513"
"PER","BX:375","EAR_EHRA_SEX_CUR_NB","SEX_T","CUR_TYPE_LCU","2000",4.072,,,"T30:96","R1:3513"
"PER","BX:375","EAR_EHRA_SEX_CUR_NB","SEX_T","CUR_TYPE_PPP","2000",2.578,,,"T30:96","R1:3513"
"PER","BX:375","EAR_EHRA_SEX_CUR_NB","SEX_T","CUR_TYPE_USD","2000",1.167,,,"T30:96","R1:3513"
"PHL","BA:629","EAR_EHRA_SEX_CUR_NB","SEX_T","CUR_TYPE_LCU","2024",112.366,,,"T30:143","R1:3513"
"PHL","BA:629","EAR_EHRA_SEX_CUR_NB","SEX_T","CUR_TYPE_PPP","2024",5.417,,,"T30:143","R1:3513"
"PHL","BA:629","EAR_EHRA_SEX_CUR_NB","SEX_T","CUR_TYPE_USD","2024",1.961,,,"T30:143","R1:3513"
"PHL","BA:629","EAR_EHRA_SEX_CUR_NB","SEX_T","CUR_TYPE_LCU","2023",112.419,,,"T30:143","R1:3513"
"PHL","BA:629","EAR_EHRA_SEX_CUR_NB","SEX_T","CUR_TYPE_PPP","2023",5.433,,,"T30:143","R1:3513"
"PHL","BA:629","EAR_EHRA_SEX_CUR_NB","SEX_T","CUR_TYPE_USD","2023",2.021,,,"T30:143","R1:3513"
"PHL","BA:629","EAR_EHRA_SEX_CUR_NB","SEX_T","CUR_TYPE_LCU","2022",102.35,,,"T30:143","R1:3513"
"PHL","BA:629","EAR_EHRA_SEX_CUR_NB","SEX_T","CUR_TYPE_PPP","2022",5.035,,,"T30:143","R1:3513"
"PHL","BA:629","EAR_EHRA_SEX_CUR_NB","SEX_T","CUR_TYPE_USD","2022",1.879,,,"T30:143","R1:3513"
"PHL","BA:629","EAR_EHRA_SEX_CUR_NB","SEX_T","CUR_TYPE_LCU","2021",101.936,"B",,"T30:143_I11:264","R1:3513"
"PHL","BA:629","EAR_EHRA_SEX_CUR_NB","SEX_T","CUR_TYPE_PPP","2021",4.914,"B",,"T30:143_I11:264","R1:3513"
"PHL","BA:629","EAR_EHRA_SEX_CUR_NB","SEX_T","CUR_TYPE_USD","2021",2.07,"B",,"T30:143_I11:264","R1:3513"
"PHL","BA:629","EAR_EHRA_SEX_CUR_NB","SEX_T","CUR_TYPE_LCU","2020",100.602,,,"T30:143","R1:3513"
"PHL","BA:629","EAR_EHRA_SEX_CUR_NB","SEX_T","CUR_TYPE_PPP","2020",4.862,,,"T30:143","R1:3513"
"PHL","BA:629","EAR_EHRA_SEX_CUR_NB","SEX_T","CUR_TYPE_USD","2020",2.027,,,"T30:143","R1:3513"
"PHL","BA:629","EAR_EHRA_SEX_CUR_NB","SEX_T","CUR_TYPE_LCU","2019",89.217,,,"T30:143","R1:3513"
"PHL","BA:629","EAR_EHRA_SEX_CUR_NB","SEX_T","CUR_TYPE_PPP","2019",4.33,,,"T30:143","R1:3513"
"PHL","BA:629","EAR_EHRA_SEX_CUR_NB","SEX_T","CUR_TYPE_USD","2019",1.722,,,"T30:143","R1:3513"
"PHL","BA:629","EAR_EHRA_SEX_CUR_NB","SEX_T","CUR_TYPE_LCU","2018",83.04,,,"T30:143","R1:3513"
"PHL","BA:629","EAR_EHRA_SEX_CUR_NB","SEX_T","CUR_TYPE_PPP","2018",4.027,,,"T30:143","R1:3513"
"PHL","BA:629","EAR_EHRA_SEX_CUR_NB","SEX_T","CUR_TYPE_USD","2018",1.577,,,"T30:143","R1:3513"
"PHL","BA:629","EAR_EHRA_SEX_CUR_NB","SEX_T","CUR_TYPE_LCU","2017",79.569,,,"T30:143","R1:3513"
"PHL","BA:629","EAR_EHRA_SEX_CUR_NB","SEX_T","CUR_TYPE_PPP","2017",3.958,,,"T30:143","R1:3513"
"PHL","BA:629","EAR_EHRA_SEX_CUR_NB","SEX_T","CUR_TYPE_USD","2017",1.579,,,"T30:143","R1:3513"
"PHL","BA:629","EAR_EHRA_SEX_CUR_NB","SEX_T","CUR_TYPE_LCU","2016",73.963,"B",,"T30:143_I11:264","R1:3513"
"PHL","BA:629","EAR_EHRA_SEX_CUR_NB","SEX_T","CUR_TYPE_PPP","2016",3.792,"B",,"T30:143_I11:264","R1:3513"
"PHL","BA:629","EAR_EHRA_SEX_CUR_NB","SEX_T","CUR_TYPE_USD","2016",1.557,"B",,"T30:143_I11:264","R1:3513"
"PHL","BA:629","EAR_EHRA_SEX_CUR_NB","SEX_T","CUR_TYPE_LCU","2015",72.109,,,"T30:143","R1:3513"
"PHL","BA:629","EAR_EHRA_SEX_CUR_NB","SEX_T","CUR_TYPE_PPP","2015",3.697,,,"T30:143","R1:3513"
"PHL","BA:629","EAR_EHRA_SEX_CUR_NB","SEX_T","CUR_TYPE_USD","2015",1.585,,,"T30:143","R1:3513"
"PHL","BA:629","EAR_EHRA_SEX_CUR_NB","SEX_T","CUR_TYPE_LCU","2014",68.91,,,"T30:143","R1:3513"
"PHL","BA:629","EAR_EHRA_SEX_CUR_NB","SEX_T","CUR_TYPE_PPP","2014",3.549,,,"T30:143","R1:3513"
"PHL","BA:629","EAR_EHRA_SEX_CUR_NB","SEX_T","CUR_TYPE_USD","2014",1.552,,,"T30:143","R1:3513"
"PHL","BA:629","EAR_EHRA_SEX_CUR_NB","SEX_T","CUR_TYPE_LCU","2013",64.445,,,"T30:143","R1:3513"
"PHL","BA:629","EAR_EHRA_SEX_CUR_NB","SEX_T","CUR_TYPE_PPP","2013",3.408,,,"T30:143","R1:3513"
"PHL","BA:629","EAR_EHRA_SEX_CUR_NB","SEX_T","CUR_TYPE_USD","2013",1.518,,,"T30:143","R1:3513"
"PHL","BA:629","EAR_EHRA_SEX_CUR_NB","SEX_T","CUR_TYPE_LCU","2012",63.617,,,"T30:143","R1:3513"
"PHL","BA:629","EAR_EHRA_SEX_CUR_NB","SEX_T","CUR_TYPE_PPP","2012",3.488,,,"T30:143","R1:3513"
"PHL","BA:629","EAR_EHRA_SEX_CUR_NB","SEX_T","CUR_TYPE_USD","2012",1.506,,,"T30:143","R1:3513"
"PHL","BA:629","EAR_EHRA_SEX_CUR_NB","SEX_T","CUR_TYPE_LCU","2011",58.065,,,"T30:143","R1:3513"
"PHL","BA:629","EAR_EHRA_SEX_CUR_NB","SEX_T","CUR_TYPE_PPP","2011",3.093,,,"T30:143","R1:3513"
"PHL","BA:629","EAR_EHRA_SEX_CUR_NB","SEX_T","CUR_TYPE_USD","2011",1.341,,,"T30:143","R1:3513"
"PHL","BA:629","EAR_EHRA_SEX_CUR_NB","SEX_T","CUR_TYPE_LCU","2010",55.027,,,"T30:143","R1:3513"
"PHL","BA:629","EAR_EHRA_SEX_CUR_NB","SEX_T","CUR_TYPE_PPP","2010",2.976,,,"T30:143","R1:3513"
"PHL","BA:629","EAR_EHRA_SEX_CUR_NB","SEX_T","CUR_TYPE_USD","2010",1.22,,,"T30:143","R1:3513"
"PHL","BA:629","EAR_EHRA_SEX_CUR_NB","SEX_T","CUR_TYPE_LCU","2009",53.383,,,"T30:143","R1:3513"
"PHL","BA:629","EAR_EHRA_SEX_CUR_NB","SEX_T","CUR_TYPE_PPP","2009",2.948,,,"T30:143","R1:3513"
"PHL","BA:629","EAR_EHRA_SEX_CUR_NB","SEX_T","CUR_TYPE_USD","2009",1.12,,,"T30:143","R1:3513"
"PHL","BA:629","EAR_EHRA_SEX_CUR_NB","SEX_T","CUR_TYPE_LCU","2008",49.629,,,"T30:143","R1:3513"
"PHL","BA:629","EAR_EHRA_SEX_CUR_NB","SEX_T","CUR_TYPE_PPP","2008",2.866,,,"T30:143","R1:3513"
"PHL","BA:629","EAR_EHRA_SEX_CUR_NB","SEX_T","CUR_TYPE_USD","2008",1.12,,,"T30:143","R1:3513"
"PHL","BA:629","EAR_EHRA_SEX_CUR_NB","SEX_T","CUR_TYPE_LCU","2007",48.617,,,"T30:143","R1:3513"
"PHL","BA:629","EAR_EHRA_SEX_CUR_NB","SEX_T","CUR_TYPE_PPP","2007",2.928,,,"T30:143","R1:3513"
"PHL","BA:629","EAR_EHRA_SEX_CUR_NB","SEX_T","CUR_TYPE_USD","2007",1.054,,,"T30:143","R1:3513"
"PHL","BA:629","EAR_EHRA_SEX_CUR_NB","SEX_T","CUR_TYPE_LCU","2006",47.482,,,"T30:143","R1:3513"
"PHL","BA:629","EAR_EHRA_SEX_CUR_NB","SEX_T","CUR_TYPE_PPP","2006",2.86,,,"T30:143","R1:3513"
"PHL","BA:629","EAR_EHRA_SEX_CUR_NB","SEX_T","CUR_TYPE_USD","2006",0.925,,,"T30:143","R1:3513"
"PHL","BA:629","EAR_EHRA_SEX_CUR_NB","SEX_T","CUR_TYPE_LCU","2005",44.25,,,"T30:143","R1:3513"
"PHL","BA:629","EAR_EHRA_SEX_CUR_NB","SEX_T","CUR_TYPE_PPP","2005",2.724,,,"T30:143","R1:3513"
"PHL","BA:629","EAR_EHRA_SEX_CUR_NB","SEX_T","CUR_TYPE_USD","2005",0.803,,,"T30:143","R1:3513"
"PHL","BA:629","EAR_EHRA_SEX_CUR_NB","SEX_T","CUR_TYPE_LCU","2004",44.356,,,"T30:143","R1:3513"
"PHL","BA:629","EAR_EHRA_SEX_CUR_NB","SEX_T","CUR_TYPE_PPP","2004",2.813,,,"T30:143","R1:3513"
"PHL","BA:629","EAR_EHRA_SEX_CUR_NB","SEX_T","CUR_TYPE_USD","2004",0.791,,,"T30:143","R1:3513"
"PHL","BA:629","EAR_EHRA_SEX_CUR_NB","SEX_T","CUR_TYPE_LCU","2003",42.482,,,"T30:143","R1:3513"
"PHL","BA:629","EAR_EHRA_SEX_CUR_NB","SEX_T","CUR_TYPE_PPP","2003",2.751,,,"T30:143","R1:3513"
"PHL","BA:629","EAR_EHRA_SEX_CUR_NB","SEX_T","CUR_TYPE_USD","2003",0.784,,,"T30:143","R1:3513"
"PHL","BA:629","EAR_EHRA_SEX_CUR_NB","SEX_T","CUR_TYPE_LCU","2001",41.822,"B",,"T30:143_I11:264","R1:3513"
"PHL","BA:629","EAR_EHRA_SEX_CUR_NB","SEX_T","CUR_TYPE_PPP","2001",2.739,"B",,"T30:143_I11:264","R1:3513"
"PHL","BA:629","EAR_EHRA_SEX_CUR_NB","SEX_T","CUR_TYPE_USD","2001",0.82,"B",,"T30:143_I11:264","R1:3513"
"POL","DA:3087","EAR_EHRA_SEX_CUR_NB","SEX_T","CUR_TYPE_LCU","2014",5.66,,,"T30:392","R1:2383_S3:21_S8:2566_S6:48"
"POL","DA:3087","EAR_EHRA_SEX_CUR_NB","SEX_T","CUR_TYPE_PPP","2014",12.622,,,"T30:392","R1:2383_S3:21_S8:2566_S6:48"
"POL","DA:3087","EAR_EHRA_SEX_CUR_NB","SEX_T","CUR_TYPE_USD","2014",7.519,,,"T30:392","R1:2383_S3:21_S8:2566_S6:48"
"POL","DA:3087","EAR_EHRA_SEX_CUR_NB","SEX_T","CUR_TYPE_LCU","2010",5.21,,,"T30:392","R1:2383_S3:21_S8:2566_S6:48"
"POL","DA:3087","EAR_EHRA_SEX_CUR_NB","SEX_T","CUR_TYPE_PPP","2010",10.676,,,"T30:392","R1:2383_S3:21_S8:2566_S6:48"
"POL","DA:3087","EAR_EHRA_SEX_CUR_NB","SEX_T","CUR_TYPE_USD","2010",6.907,,,"T30:392","R1:2383_S3:21_S8:2566_S6:48"
"PRI","AA:1553","EAR_EHRA_SEX_CUR_NB","SEX_T","CUR_TYPE_LCU","2020",14.422,,,"T30:97","R1:3513"
"PRI","AA:1553","EAR_EHRA_SEX_CUR_NB","SEX_T","CUR_TYPE_PPP","2020",15.382,,,"T30:97","R1:3513"
"PRI","AA:1553","EAR_EHRA_SEX_CUR_NB","SEX_T","CUR_TYPE_USD","2020",14.422,,,"T30:97","R1:3513"
"PRI","AA:1553","EAR_EHRA_SEX_CUR_NB","SEX_T","CUR_TYPE_LCU","2015",13.268,,,"T30:97","R1:3513"
"PRI","AA:1553","EAR_EHRA_SEX_CUR_NB","SEX_T","CUR_TYPE_PPP","2015",12.98,,,"T30:97","R1:3513"
"PRI","AA:1553","EAR_EHRA_SEX_CUR_NB","SEX_T","CUR_TYPE_USD","2015",13.268,,,"T30:97","R1:3513"
"PRT","BA:199","EAR_EHRA_SEX_CUR_NB","SEX_T","CUR_TYPE_LCU","2025",8.581,,,"T30:199","R1:3513"
"PRT","BA:199","EAR_EHRA_SEX_CUR_NB","SEX_T","CUR_TYPE_PPP","2025",14.931,,,"T30:199","R1:3513"
"PRT","BA:199","EAR_EHRA_SEX_CUR_NB","SEX_T","CUR_TYPE_USD","2025",9.697,,,"T30:199","R1:3513"
"PRT","BA:199","EAR_EHRA_SEX_CUR_NB","SEX_T","CUR_TYPE_LCU","2024",7.828,,,"T30:199","R1:3513"
"PRT","BA:199","EAR_EHRA_SEX_CUR_NB","SEX_T","CUR_TYPE_PPP","2024",14.011,,,"T30:199","R1:3513"
"PRT","BA:199","EAR_EHRA_SEX_CUR_NB","SEX_T","CUR_TYPE_USD","2024",8.474,,,"T30:199","R1:3513"
"PRT","BA:199","EAR_EHRA_SEX_CUR_NB","SEX_T","CUR_TYPE_LCU","2023",7.056,,,"T30:199","R1:3513"
"PRT","BA:199","EAR_EHRA_SEX_CUR_NB","SEX_T","CUR_TYPE_PPP","2023",12.712,,,"T30:199","R1:3513"
"PRT","BA:199","EAR_EHRA_SEX_CUR_NB","SEX_T","CUR_TYPE_USD","2023",7.629,,,"T30:199","R1:3513"
"PRT","BA:199","EAR_EHRA_SEX_CUR_NB","SEX_T","CUR_TYPE_LCU","2022",6.893,,,"T30:199","R1:3513"
"PRT","BA:199","EAR_EHRA_SEX_CUR_NB","SEX_T","CUR_TYPE_PPP","2022",11.909,,,"T30:199","R1:3513"
"PRT","BA:199","EAR_EHRA_SEX_CUR_NB","SEX_T","CUR_TYPE_USD","2022",7.258,,,"T30:199","R1:3513"
"PRT","BA:199","EAR_EHRA_SEX_CUR_NB","SEX_T","CUR_TYPE_LCU","2021",6.9,,,"T30:199","R1:3513"
"PRT","BA:199","EAR_EHRA_SEX_CUR_NB","SEX_T","CUR_TYPE_PPP","2021",11.265,,,"T30:199","R1:3513"
"PRT","BA:199","EAR_EHRA_SEX_CUR_NB","SEX_T","CUR_TYPE_USD","2021",8.16,,,"T30:199","R1:3513"
"PRT","BA:199","EAR_EHRA_SEX_CUR_NB","SEX_T","CUR_TYPE_LCU","2020",6.738,,,"T30:199","R1:3513"
"PRT","BA:199","EAR_EHRA_SEX_CUR_NB","SEX_T","CUR_TYPE_PPP","2020",10.637,,,"T30:199","R1:3513"
"PRT","BA:199","EAR_EHRA_SEX_CUR_NB","SEX_T","CUR_TYPE_USD","2020",7.696,,,"T30:199","R1:3513"
"PRT","BA:199","EAR_EHRA_SEX_CUR_NB","SEX_T","CUR_TYPE_LCU","2019",5.976,,,"T30:199","R1:3513"
"PRT","BA:199","EAR_EHRA_SEX_CUR_NB","SEX_T","CUR_TYPE_PPP","2019",9.555,,,"T30:199","R1:3513"
"PRT","BA:199","EAR_EHRA_SEX_CUR_NB","SEX_T","CUR_TYPE_USD","2019",6.69,,,"T30:199","R1:3513"
"PRT","BA:199","EAR_EHRA_SEX_CUR_NB","SEX_T","CUR_TYPE_LCU","2018",5.687,,,"T30:199","R1:3513"
"PRT","BA:199","EAR_EHRA_SEX_CUR_NB","SEX_T","CUR_TYPE_PPP","2018",8.742,,,"T30:199","R1:3513"
"PRT","BA:199","EAR_EHRA_SEX_CUR_NB","SEX_T","CUR_TYPE_USD","2018",6.717,,,"T30:199","R1:3513"
"PRT","BA:199","EAR_EHRA_SEX_CUR_NB","SEX_T","CUR_TYPE_LCU","2017",5.591,,,"T30:199","R1:3513"
"PRT","BA:199","EAR_EHRA_SEX_CUR_NB","SEX_T","CUR_TYPE_PPP","2017",8.381,,,"T30:199","R1:3513"
"PRT","BA:199","EAR_EHRA_SEX_CUR_NB","SEX_T","CUR_TYPE_USD","2017",6.316,,,"T30:199","R1:3513"
"PRT","BA:199","EAR_EHRA_SEX_CUR_NB","SEX_T","CUR_TYPE_LCU","2016",5.399,,,"T30:199","R1:3513"
"PRT","BA:199","EAR_EHRA_SEX_CUR_NB","SEX_T","CUR_TYPE_PPP","2016",8.205,,,"T30:199","R1:3513"
"PRT","BA:199","EAR_EHRA_SEX_CUR_NB","SEX_T","CUR_TYPE_USD","2016",5.976,,,"T30:199","R1:3513"
"PRT","BA:199","EAR_EHRA_SEX_CUR_NB","SEX_T","CUR_TYPE_LCU","2015",5.321,,,"T30:199","R1:3513"
"PRT","BA:199","EAR_EHRA_SEX_CUR_NB","SEX_T","CUR_TYPE_PPP","2015",7.906,,,"T30:199","R1:3513"
"PRT","BA:199","EAR_EHRA_SEX_CUR_NB","SEX_T","CUR_TYPE_USD","2015",5.904,,,"T30:199","R1:3513"
"PRT","BA:199","EAR_EHRA_SEX_CUR_NB","SEX_T","CUR_TYPE_LCU","2014",5.241,,,"T30:199","R1:3513"
"PRT","BA:199","EAR_EHRA_SEX_CUR_NB","SEX_T","CUR_TYPE_PPP","2014",7.854,,,"T30:199","R1:3513"
"PRT","BA:199","EAR_EHRA_SEX_CUR_NB","SEX_T","CUR_TYPE_USD","2014",6.963,,,"T30:199","R1:3513"
"PRT","BA:199","EAR_EHRA_SEX_CUR_NB","SEX_T","CUR_TYPE_LCU","2013",5.259,,,"T30:199","R1:3513"
"PRT","BA:199","EAR_EHRA_SEX_CUR_NB","SEX_T","CUR_TYPE_PPP","2013",7.91,,,"T30:199","R1:3513"
"PRT","BA:199","EAR_EHRA_SEX_CUR_NB","SEX_T","CUR_TYPE_USD","2013",6.984,,,"T30:199","R1:3513"
"PRT","BA:199","EAR_EHRA_SEX_CUR_NB","SEX_T","CUR_TYPE_LCU","2012",5.201,,,"T30:199","R1:3513"
"PRT","BA:199","EAR_EHRA_SEX_CUR_NB","SEX_T","CUR_TYPE_PPP","2012",7.543,,,"T30:199","R1:3513"
"PRT","BA:199","EAR_EHRA_SEX_CUR_NB","SEX_T","CUR_TYPE_USD","2012",6.682,,,"T30:199","R1:3513"
"PRT","BA:199","EAR_EHRA_SEX_CUR_NB","SEX_T","CUR_TYPE_LCU","2011",5.133,,,"T30:199","R1:3513"
"PRT","BA:199","EAR_EHRA_SEX_CUR_NB","SEX_T","CUR_TYPE_PPP","2011",7.398,,,"T30:199","R1:3513"
"PRT","BA:199","EAR_EHRA_SEX_CUR_NB","SEX_T","CUR_TYPE_USD","2011",7.146,,,"T30:199","R1:3513"
"PRT","BA:199","EAR_EHRA_SEX_CUR_NB","SEX_T","CUR_TYPE_LCU","2010",4.789,,,"T30:199","R1:3513"
"PRT","BA:199","EAR_EHRA_SEX_CUR_NB","SEX_T","CUR_TYPE_PPP","2010",6.837,,,"T30:199","R1:3513"
"PRT","BA:199","EAR_EHRA_SEX_CUR_NB","SEX_T","CUR_TYPE_USD","2010",6.349,,,"T30:199","R1:3513"
"PRT","BA:199","EAR_EHRA_SEX_CUR_NB","SEX_T","CUR_TYPE_LCU","2009",4.817,,,"T30:199","R1:3513"
"PRT","BA:199","EAR_EHRA_SEX_CUR_NB","SEX_T","CUR_TYPE_PPP","2009",6.828,,,"T30:199","R1:3513"
"PRT","BA:199","EAR_EHRA_SEX_CUR_NB","SEX_T","CUR_TYPE_USD","2009",6.719,,,"T30:199","R1:3513"
"PRT","BA:199","EAR_EHRA_SEX_CUR_NB","SEX_T","CUR_TYPE_LCU","2008",4.676,,,"T30:199","R1:3513"
"PRT","BA:199","EAR_EHRA_SEX_CUR_NB","SEX_T","CUR_TYPE_PPP","2008",6.542,,,"T30:199","R1:3513"
"PRT","BA:199","EAR_EHRA_SEX_CUR_NB","SEX_T","CUR_TYPE_USD","2008",6.878,,,"T30:199","R1:3513"
"PRT","BA:199","EAR_EHRA_SEX_CUR_NB","SEX_T","CUR_TYPE_LCU","2007",4.547,,,"T30:199","R1:3513"
"PRT","BA:199","EAR_EHRA_SEX_CUR_NB","SEX_T","CUR_TYPE_PPP","2007",6.336,,,"T30:199","R1:3513"
"PRT","BA:199","EAR_EHRA_SEX_CUR_NB","SEX_T","CUR_TYPE_USD","2007",6.232,,,"T30:199","R1:3513"
"PRT","BA:199","EAR_EHRA_SEX_CUR_NB","SEX_T","CUR_TYPE_LCU","2006",4.433,,,"T30:199","R1:3513"
"PRT","BA:199","EAR_EHRA_SEX_CUR_NB","SEX_T","CUR_TYPE_PPP","2006",6.352,,,"T30:199","R1:3513"
"PRT","BA:199","EAR_EHRA_SEX_CUR_NB","SEX_T","CUR_TYPE_USD","2006",5.566,,,"T30:199","R1:3513"
"PRT","BA:199","EAR_EHRA_SEX_CUR_NB","SEX_T","CUR_TYPE_LCU","2005",4.27,,,"T30:199","R1:3513"
"PRT","BA:199","EAR_EHRA_SEX_CUR_NB","SEX_T","CUR_TYPE_PPP","2005",6.064,,,"T30:199","R1:3513"
"PRT","BA:199","EAR_EHRA_SEX_CUR_NB","SEX_T","CUR_TYPE_USD","2005",5.313,,,"T30:199","R1:3513"
"PRT","BA:199","EAR_EHRA_SEX_CUR_NB","SEX_T","CUR_TYPE_LCU","2004",4.086,,,"T30:199","R1:3513"
"PRT","BA:199","EAR_EHRA_SEX_CUR_NB","SEX_T","CUR_TYPE_PPP","2004",5.711,,,"T30:199","R1:3513"
"PRT","BA:199","EAR_EHRA_SEX_CUR_NB","SEX_T","CUR_TYPE_USD","2004",5.082,,,"T30:199","R1:3513"
"PRT","BA:199","EAR_EHRA_SEX_CUR_NB","SEX_T","CUR_TYPE_LCU","2003",3.999,,,"T30:199","R1:3513"
"PRT","BA:199","EAR_EHRA_SEX_CUR_NB","SEX_T","CUR_TYPE_PPP","2003",5.599,,,"T30:199","R1:3513"
"PRT","BA:199","EAR_EHRA_SEX_CUR_NB","SEX_T","CUR_TYPE_USD","2003",4.523,,,"T30:199","R1:3513"
"PRT","BA:199","EAR_EHRA_SEX_CUR_NB","SEX_T","CUR_TYPE_LCU","2002",3.843,,,"T30:199","R1:3513"
"PRT","BA:199","EAR_EHRA_SEX_CUR_NB","SEX_T","CUR_TYPE_PPP","2002",5.324,,,"T30:199","R1:3513"
"PRT","BA:199","EAR_EHRA_SEX_CUR_NB","SEX_T","CUR_TYPE_USD","2002",3.634,,,"T30:199","R1:3513"
"PRT","BA:199","EAR_EHRA_SEX_CUR_NB","SEX_T","CUR_TYPE_LCU","2001",730.182,,,"T30:330","R1:3513"
"PRT","BA:199","EAR_EHRA_SEX_CUR_NB","SEX_T","CUR_TYPE_LCU","2000",698.78,,,"T30:330","R1:3513"
"PRY","BX:14043","EAR_EHRA_SEX_CUR_NB","SEX_T","CUR_TYPE_LCU","2025",19711.736,,,"T30:95","R1:3513"
"PRY","BX:14043","EAR_EHRA_SEX_CUR_NB","SEX_T","CUR_TYPE_PPP","2025",6.857,,,"T30:95","R1:3513"
"PRY","BX:14043","EAR_EHRA_SEX_CUR_NB","SEX_T","CUR_TYPE_USD","2025",2.612,,,"T30:95","R1:3513"
"PRY","BX:14043","EAR_EHRA_SEX_CUR_NB","SEX_T","CUR_TYPE_LCU","2024",18735.36,,,"T30:95","R1:3513"
"PRY","BX:14043","EAR_EHRA_SEX_CUR_NB","SEX_T","CUR_TYPE_PPP","2024",6.603,,,"T30:95","R1:3513"
"PRY","BX:14043","EAR_EHRA_SEX_CUR_NB","SEX_T","CUR_TYPE_USD","2024",2.478,,,"T30:95","R1:3513"
"PRY","BX:14043","EAR_EHRA_SEX_CUR_NB","SEX_T","CUR_TYPE_LCU","2023",17570.56,,,"T30:95","R1:3513"
"PRY","BX:14043","EAR_EHRA_SEX_CUR_NB","SEX_T","CUR_TYPE_PPP","2023",6.245,,,"T30:95","R1:3513"
"PRY","BX:14043","EAR_EHRA_SEX_CUR_NB","SEX_T","CUR_TYPE_USD","2023",2.411,,,"T30:95","R1:3513"
"PRY","BX:14043","EAR_EHRA_SEX_CUR_NB","SEX_T","CUR_TYPE_LCU","2022",16547.482,,,"T30:95","R1:3513"
"PRY","BX:14043","EAR_EHRA_SEX_CUR_NB","SEX_T","CUR_TYPE_PPP","2022",5.911,,,"T30:95","R1:3513"
"PRY","BX:14043","EAR_EHRA_SEX_CUR_NB","SEX_T","CUR_TYPE_USD","2022",2.37,,,"T30:95","R1:3513"
"PRY","BX:14043","EAR_EHRA_SEX_CUR_NB","SEX_T","CUR_TYPE_LCU","2021",16570.107,,,"T30:95","R1:3513"
"PRY","BX:14043","EAR_EHRA_SEX_CUR_NB","SEX_T","CUR_TYPE_PPP","2021",6.016,,,"T30:95","R1:3513"
"PRY","BX:14043","EAR_EHRA_SEX_CUR_NB","SEX_T","CUR_TYPE_USD","2021",2.446,,,"T30:95","R1:3513"
"PRY","BX:14043","EAR_EHRA_SEX_CUR_NB","SEX_T","CUR_TYPE_LCU","2020",78.482,,,"I20:4077_T9:133_T10:139_T11:142_T12:145_T30:95","S3:11_S4:34"
"PRY","BX:14043","EAR_EHRA_SEX_CUR_NB","SEX_T","CUR_TYPE_PPP","2020",0.029,,,"I20:4077_T9:133_T10:139_T11:142_T12:145_T30:95","S3:11_S4:34"
"PRY","BX:14043","EAR_EHRA_SEX_CUR_NB","SEX_T","CUR_TYPE_USD","2020",0.012,,,"I20:4077_T9:133_T10:139_T11:142_T12:145_T30:95","S3:11_S4:34"
"PRY","BX:14043","EAR_EHRA_SEX_CUR_NB","SEX_T","CUR_TYPE_LCU","2019",15079.476,,,"T30:95","R1:3513"
"PRY","BX:14043","EAR_EHRA_SEX_CUR_NB","SEX_T","CUR_TYPE_PPP","2019",5.686,,,"T30:95","R1:3513"
"PRY","BX:14043","EAR_EHRA_SEX_CUR_NB","SEX_T","CUR_TYPE_USD","2019",2.416,,,"T30:95","R1:3513"
"PRY","BX:14043","EAR_EHRA_SEX_CUR_NB","SEX_T","CUR_TYPE_LCU","2018",15241.528,,,"T30:95","R1:3513"
"PRY","BX:14043","EAR_EHRA_SEX_CUR_NB","SEX_T","CUR_TYPE_PPP","2018",5.846,,,"T30:95","R1:3513"
"PRY","BX:14043","EAR_EHRA_SEX_CUR_NB","SEX_T","CUR_TYPE_USD","2018",2.659,,,"T30:95","R1:3513"
"PRY","BX:14043","EAR_EHRA_SEX_CUR_NB","SEX_T","CUR_TYPE_LCU","2017",13619.692,,,"T30:95","R1:3513"
"PRY","BX:14043","EAR_EHRA_SEX_CUR_NB","SEX_T","CUR_TYPE_PPP","2017",5.438,,,"T30:95","R1:3513"
"PRY","BX:14043","EAR_EHRA_SEX_CUR_NB","SEX_T","CUR_TYPE_USD","2017",2.424,,,"T30:95","R1:3513"
"PRY","BX:534","EAR_EHRA_SEX_CUR_NB","SEX_T","CUR_TYPE_LCU","2016",12171.821,,,"T30:95","R1:3513"
"PRY","BX:534","EAR_EHRA_SEX_CUR_NB","SEX_T","CUR_TYPE_PPP","2016",4.987,,,"T30:95","R1:3513"
"PRY","BX:534","EAR_EHRA_SEX_CUR_NB","SEX_T","CUR_TYPE_USD","2016",2.147,,,"T30:95","R1:3513"
"PRY","BX:534","EAR_EHRA_SEX_CUR_NB","SEX_T","CUR_TYPE_LCU","2015",12671.139,,,"T30:95","R1:3513"
"PRY","BX:534","EAR_EHRA_SEX_CUR_NB","SEX_T","CUR_TYPE_PPP","2015",5.278,,,"T30:95","R1:3513"
"PRY","BX:534","EAR_EHRA_SEX_CUR_NB","SEX_T","CUR_TYPE_USD","2015",2.434,,,"T30:95","R1:3513"
"PRY","BX:534","EAR_EHRA_SEX_CUR_NB","SEX_T","CUR_TYPE_LCU","2014",11857.824,,,"T30:95","R1:3513"
"PRY","BX:534","EAR_EHRA_SEX_CUR_NB","SEX_T","CUR_TYPE_PPP","2014",5.036,,,"T30:95","R1:3513"
"PRY","BX:534","EAR_EHRA_SEX_CUR_NB","SEX_T","CUR_TYPE_USD","2014",2.657,,,"T30:95","R1:3513"
"PRY","BX:534","EAR_EHRA_SEX_CUR_NB","SEX_T","CUR_TYPE_LCU","2013",11084.151,,,"T30:95","R1:3513"
"PRY","BX:534","EAR_EHRA_SEX_CUR_NB","SEX_T","CUR_TYPE_PPP","2013",4.864,,,"T30:95","R1:3513"
"PRY","BX:534","EAR_EHRA_SEX_CUR_NB","SEX_T","CUR_TYPE_USD","2013",2.575,,,"T30:95","R1:3513"
"PRY","BX:534","EAR_EHRA_SEX_CUR_NB","SEX_T","CUR_TYPE_LCU","2012",9723.909,,,"T30:95","R1:3513"
"PRY","BX:534","EAR_EHRA_SEX_CUR_NB","SEX_T","CUR_TYPE_PPP","2012",4.397,,,"T30:95","R1:3513"
"PRY","BX:534","EAR_EHRA_SEX_CUR_NB","SEX_T","CUR_TYPE_USD","2012",2.199,,,"T30:95","R1:3513"
"PRY","BX:534","EAR_EHRA_SEX_CUR_NB","SEX_T","CUR_TYPE_LCU","2011",9032.248,,,"T30:95","R1:3513"
"PRY","BX:534","EAR_EHRA_SEX_CUR_NB","SEX_T","CUR_TYPE_PPP","2011",4.029,,,"T30:95","R1:3513"
"PRY","BX:534","EAR_EHRA_SEX_CUR_NB","SEX_T","CUR_TYPE_USD","2011",2.154,,,"T30:95","R1:3513"
"PRY","BX:534","EAR_EHRA_SEX_CUR_NB","SEX_T","CUR_TYPE_LCU","2010",7838.5,,,"T30:95","R1:3513"
"PRY","BX:534","EAR_EHRA_SEX_CUR_NB","SEX_T","CUR_TYPE_PPP","2010",3.669,,,"T30:95","R1:3513"
"PRY","BX:534","EAR_EHRA_SEX_CUR_NB","SEX_T","CUR_TYPE_USD","2010",1.647,,,"T30:95","R1:3513"
"PRY","BX:534","EAR_EHRA_SEX_CUR_NB","SEX_T","CUR_TYPE_LCU","2009",7444.935,,,"T30:95","R1:3513"
"PRY","BX:534","EAR_EHRA_SEX_CUR_NB","SEX_T","CUR_TYPE_PPP","2009",3.588,,,"T30:95","R1:3513"
"PRY","BX:534","EAR_EHRA_SEX_CUR_NB","SEX_T","CUR_TYPE_USD","2009",1.499,,,"T30:95","R1:3513"
"PRY","BX:534","EAR_EHRA_SEX_CUR_NB","SEX_T","CUR_TYPE_LCU","2008",7083.544,,,"T30:95","R1:3513"
"PRY","BX:534","EAR_EHRA_SEX_CUR_NB","SEX_T","CUR_TYPE_PPP","2008",3.515,,,"T30:95","R1:3513"
"PRY","BX:534","EAR_EHRA_SEX_CUR_NB","SEX_T","CUR_TYPE_USD","2008",1.623,,,"T30:95","R1:3513"
"PRY","BX:534","EAR_EHRA_SEX_CUR_NB","SEX_T","CUR_TYPE_LCU","2007",6021.5,,,"T30:95","R1:3513"
"PRY","BX:534","EAR_EHRA_SEX_CUR_NB","SEX_T","CUR_TYPE_PPP","2007",3.169,,,"T30:95","R1:3513"
"PRY","BX:534","EAR_EHRA_SEX_CUR_NB","SEX_T","CUR_TYPE_USD","2007",1.196,,,"T30:95","R1:3513"
"PRY","BX:534","EAR_EHRA_SEX_CUR_NB","SEX_T","CUR_TYPE_LCU","2006",5977.395,,,"T30:95","R1:3513"
"PRY","BX:534","EAR_EHRA_SEX_CUR_NB","SEX_T","CUR_TYPE_PPP","2006",3.308,,,"T30:95","R1:3513"
"PRY","BX:534","EAR_EHRA_SEX_CUR_NB","SEX_T","CUR_TYPE_USD","2006",1.061,,,"T30:95","R1:3513"
"PRY","BX:534","EAR_EHRA_SEX_CUR_NB","SEX_T","CUR_TYPE_LCU","2005",5158.475,,,"T30:95","R1:3513"
"PRY","BX:534","EAR_EHRA_SEX_CUR_NB","SEX_T","CUR_TYPE_PPP","2005",3.03,,,"T30:95","R1:3513"
"PRY","BX:534","EAR_EHRA_SEX_CUR_NB","SEX_T","CUR_TYPE_USD","2005",0.835,,,"T30:95","R1:3513"
"PRY","BX:534","EAR_EHRA_SEX_CUR_NB","SEX_T","CUR_TYPE_LCU","2004",4686.274,,,"T30:95","R1:3513"
"PRY","BX:534","EAR_EHRA_SEX_CUR_NB","SEX_T","CUR_TYPE_PPP","2004",2.844,,,"T30:95","R1:3513"
"PRY","BX:534","EAR_EHRA_SEX_CUR_NB","SEX_T","CUR_TYPE_USD","2004",0.784,,,"T30:95","R1:3513"
"PRY","BX:534","EAR_EHRA_SEX_CUR_NB","SEX_T","CUR_TYPE_LCU","2003",5149.196,,,"T30:95","R1:3513"
"PRY","BX:534","EAR_EHRA_SEX_CUR_NB","SEX_T","CUR_TYPE_PPP","2003",3.175,,,"T30:95","R1:3513"
"PRY","BX:534","EAR_EHRA_SEX_CUR_NB","SEX_T","CUR_TYPE_USD","2003",0.801,,,"T30:95","R1:3513"
"PRY","BX:534","EAR_EHRA_SEX_CUR_NB","SEX_T","CUR_TYPE_LCU","2002",4365.12,"B",,"T30:95_I11:264","R1:3513"
"PRY","BX:534","EAR_EHRA_SEX_CUR_NB","SEX_T","CUR_TYPE_PPP","2002",3.006,"B",,"T30:95_I11:264","R1:3513"
"PRY","BX:534","EAR_EHRA_SEX_CUR_NB","SEX_T","CUR_TYPE_USD","2002",0.764,"B",,"T30:95_I11:264","R1:3513"
"PRY","BX:534","EAR_EHRA_SEX_CUR_NB","SEX_T","CUR_TYPE_LCU","2001",5215.149,"B",,"T30:95_I11:264","R1:3513"
"PRY","BX:534","EAR_EHRA_SEX_CUR_NB","SEX_T","CUR_TYPE_PPP","2001",3.908,"B",,"T30:95_I11:264","R1:3513"
"PRY","BX:534","EAR_EHRA_SEX_CUR_NB","SEX_T","CUR_TYPE_USD","2001",1.27,"B",,"T30:95_I11:264","R1:3513"
"PSE","BA:592","EAR_EHRA_SEX_CUR_NB","SEX_T","CUR_TYPE_LCU","2025",19.779,,,"T30:157","R1:3513_S4:6333"
"PSE","BA:592","EAR_EHRA_SEX_CUR_NB","SEX_T","CUR_TYPE_LCU","2024",18.731,"B",,"T30:157_I11:264","R1:3513_S4:6333"
"PSE","BA:592","EAR_EHRA_SEX_CUR_NB","SEX_T","CUR_TYPE_LCU","2022",19.936,,,"T30:157","R1:3513"
"PSE","BA:592","EAR_EHRA_SEX_CUR_NB","SEX_T","CUR_TYPE_LCU","2021",19.037,,,"T30:157","R1:3513"
"PSE","BA:592","EAR_EHRA_SEX_CUR_NB","SEX_T","CUR_TYPE_LCU","2020",19.197,,,"T30:157","R1:3513"
"PSE","BA:592","EAR_EHRA_SEX_CUR_NB","SEX_T","CUR_TYPE_LCU","2019",17.638,,,"T30:157","R1:3513"
"PSE","BA:592","EAR_EHRA_SEX_CUR_NB","SEX_T","CUR_TYPE_LCU","2018",17.136,,,"T30:157","R1:3513"
"PSE","BA:592","EAR_EHRA_SEX_CUR_NB","SEX_T","CUR_TYPE_LCU","2017",15.639,,,"T30:157","R1:3513"
"PSE","BA:592","EAR_EHRA_SEX_CUR_NB","SEX_T","CUR_TYPE_LCU","2016",15.491,,,"T30:157","R1:3513"
"PSE","BA:592","EAR_EHRA_SEX_CUR_NB","SEX_T","CUR_TYPE_LCU","2015",15.108,,,"T30:157","R1:3513"
"ROU","DA:435","EAR_EHRA_SEX_CUR_NB","SEX_T","CUR_TYPE_LCU","2021",32.71,,,"T12:145_T30:200","S8:1619_S9:66"
"ROU","DA:435","EAR_EHRA_SEX_CUR_NB","SEX_T","CUR_TYPE_PPP","2021",17.139,,,"T12:145_T30:200","S8:1619_S9:66"
"ROU","DA:435","EAR_EHRA_SEX_CUR_NB","SEX_T","CUR_TYPE_USD","2021",7.862,,,"T12:145_T30:200","S8:1619_S9:66"
"ROU","DA:435","EAR_EHRA_SEX_CUR_NB","SEX_T","CUR_TYPE_LCU","2020",31.02,,,"T12:145_T30:200","S8:1619_S9:66"
"ROU","DA:435","EAR_EHRA_SEX_CUR_NB","SEX_T","CUR_TYPE_PPP","2020",16.494,,,"T12:145_T30:200","S8:1619_S9:66"
"ROU","DA:435","EAR_EHRA_SEX_CUR_NB","SEX_T","CUR_TYPE_USD","2020",7.309,,,"T12:145_T30:200","S8:1619_S9:66"
"ROU","DA:435","EAR_EHRA_SEX_CUR_NB","SEX_T","CUR_TYPE_LCU","2019",28.81,,,"T12:145_T30:200","S8:1619_S9:66"
"ROU","DA:435","EAR_EHRA_SEX_CUR_NB","SEX_T","CUR_TYPE_PPP","2019",15.373,,,"T12:145_T30:200","S8:1619_S9:66"
"ROU","DA:435","EAR_EHRA_SEX_CUR_NB","SEX_T","CUR_TYPE_USD","2019",6.798,,,"T12:145_T30:200","S8:1619_S9:66"
"ROU","DA:435","EAR_EHRA_SEX_CUR_NB","SEX_T","CUR_TYPE_LCU","2018",25.92,,,"T12:145_T30:200","S8:1619_S9:66"
"ROU","DA:435","EAR_EHRA_SEX_CUR_NB","SEX_T","CUR_TYPE_PPP","2018",13.54,,,"T12:145_T30:200","S8:1619_S9:66"
"ROU","DA:435","EAR_EHRA_SEX_CUR_NB","SEX_T","CUR_TYPE_USD","2018",6.576,,,"T12:145_T30:200","S8:1619_S9:66"
"ROU","DA:435","EAR_EHRA_SEX_CUR_NB","SEX_T","CUR_TYPE_LCU","2016",0.093,,,"T8:252_T12:145_T30:393","S8:1619_S9:66"
"ROU","DA:435","EAR_EHRA_SEX_CUR_NB","SEX_T","CUR_TYPE_PPP","2016",0.23,,,"T8:252_T12:145_T30:393","S8:1619_S9:66"
"ROU","DA:435","EAR_EHRA_SEX_CUR_NB","SEX_T","CUR_TYPE_USD","2016",0.103,,,"T8:252_T12:145_T30:393","S8:1619_S9:66"
"ROU","DA:12948","EAR_EHRA_SEX_CUR_NB","SEX_T","CUR_TYPE_LCU","2014",2.79,,,"T30:393","R1:2383_S3:21_S8:2566_S6:48"
"ROU","DA:12948","EAR_EHRA_SEX_CUR_NB","SEX_T","CUR_TYPE_PPP","2014",6.572,,,"T30:393","R1:2383_S3:21_S8:2566_S6:48"
"ROU","DA:12948","EAR_EHRA_SEX_CUR_NB","SEX_T","CUR_TYPE_USD","2014",3.707,,,"T30:393","R1:2383_S3:21_S8:2566_S6:48"
"ROU","DA:12948","EAR_EHRA_SEX_CUR_NB","SEX_T","CUR_TYPE_LCU","2010",2.63,,,"T30:393","R1:2383_S3:21_S8:2566_S6:48"
"ROU","DA:12948","EAR_EHRA_SEX_CUR_NB","SEX_T","CUR_TYPE_PPP","2010",5.984,,,"T30:393","R1:2383_S3:21_S8:2566_S6:48"
"ROU","DA:12948","EAR_EHRA_SEX_CUR_NB","SEX_T","CUR_TYPE_USD","2010",3.487,,,"T30:393","R1:2383_S3:21_S8:2566_S6:48"
"RUS","DA:122","EAR_EHRA_SEX_CUR_NB","SEX_T","CUR_TYPE_LCU","2021",340,,,"T9:133_T10:138_T12:145_T30:201","S3:21_S4:34"
"RUS","DA:122","EAR_EHRA_SEX_CUR_NB","SEX_T","CUR_TYPE_PPP","2021",13.201,,,"T9:133_T10:138_T12:145_T30:201","S3:21_S4:34"
"RUS","DA:122","EAR_EHRA_SEX_CUR_NB","SEX_T","CUR_TYPE_USD","2021",4.616,,,"T9:133_T10:138_T12:145_T30:201","S3:21_S4:34"
"RUS","DA:122","EAR_EHRA_SEX_CUR_NB","SEX_T","CUR_TYPE_LCU","2019",249,,,"T9:133_T10:138_T12:145_T30:201","S3:21_S4:34"
"RUS","DA:122","EAR_EHRA_SEX_CUR_NB","SEX_T","CUR_TYPE_PPP","2019",9.769,,,"T9:133_T10:138_T12:145_T30:201","S3:21_S4:34"
"RUS","DA:122","EAR_EHRA_SEX_CUR_NB","SEX_T","CUR_TYPE_USD","2019",3.846,,,"T9:133_T10:138_T12:145_T30:201","S3:21_S4:34"
"RUS","DA:122","EAR_EHRA_SEX_CUR_NB","SEX_T","CUR_TYPE_LCU","2017",222,,,"T9:133_T10:138_T12:145_T30:201","S3:21_S4:34"
"RUS","DA:122","EAR_EHRA_SEX_CUR_NB","SEX_T","CUR_TYPE_PPP","2017",8.588,,,"T9:133_T10:138_T12:145_T30:201","S3:21_S4:34"
"RUS","DA:122","EAR_EHRA_SEX_CUR_NB","SEX_T","CUR_TYPE_USD","2017",3.805,,,"T9:133_T10:138_T12:145_T30:201","S3:21_S4:34"
"RUS","DA:122","EAR_EHRA_SEX_CUR_NB","SEX_T","CUR_TYPE_LCU","2015",189,,,"T9:133_T10:138_T12:145_T30:201","S3:21_S4:34"
"RUS","DA:122","EAR_EHRA_SEX_CUR_NB","SEX_T","CUR_TYPE_PPP","2015",7.485,,,"T9:133_T10:138_T12:145_T30:201","S3:21_S4:34"
"RUS","DA:122","EAR_EHRA_SEX_CUR_NB","SEX_T","CUR_TYPE_USD","2015",3.102,,,"T9:133_T10:138_T12:145_T30:201","S3:21_S4:34"
"RWA","BA:1590","EAR_EHRA_SEX_CUR_NB","SEX_T","CUR_TYPE_LCU","2024",711.971,,,"T30:39","R1:3513"
"RWA","BA:1590","EAR_EHRA_SEX_CUR_NB","SEX_T","CUR_TYPE_PPP","2024",1.97,,,"T30:39","R1:3513"
"RWA","BA:1590","EAR_EHRA_SEX_CUR_NB","SEX_T","CUR_TYPE_USD","2024",0.54,,,"T30:39","R1:3513"
"RWA","BA:1590","EAR_EHRA_SEX_CUR_NB","SEX_T","CUR_TYPE_LCU","2023",527.949,,,"T30:39","R1:3513"
"RWA","BA:1590","EAR_EHRA_SEX_CUR_NB","SEX_T","CUR_TYPE_PPP","2023",1.444,,,"T30:39","R1:3513"
"RWA","BA:1590","EAR_EHRA_SEX_CUR_NB","SEX_T","CUR_TYPE_USD","2023",0.455,,,"T30:39","R1:3513"
"RWA","BA:1590","EAR_EHRA_SEX_CUR_NB","SEX_T","CUR_TYPE_LCU","2022",413.301,,,"T30:39","R1:3513"
"RWA","BA:1590","EAR_EHRA_SEX_CUR_NB","SEX_T","CUR_TYPE_PPP","2022",1.301,,,"T30:39","R1:3513"
"RWA","BA:1590","EAR_EHRA_SEX_CUR_NB","SEX_T","CUR_TYPE_USD","2022",0.401,,,"T30:39","R1:3513"
"RWA","BA:1590","EAR_EHRA_SEX_CUR_NB","SEX_T","CUR_TYPE_LCU","2021",409.87,,,"T30:39","R1:3513"
"RWA","BA:1590","EAR_EHRA_SEX_CUR_NB","SEX_T","CUR_TYPE_PPP","2021",1.406,,,"T30:39","R1:3513"
"RWA","BA:1590","EAR_EHRA_SEX_CUR_NB","SEX_T","CUR_TYPE_USD","2021",0.415,,,"T30:39","R1:3513"
"RWA","BA:1590","EAR_EHRA_SEX_CUR_NB","SEX_T","CUR_TYPE_LCU","2017",442.316,"B",,"T30:39_I11:264","R1:3513"
"RWA","BA:1590","EAR_EHRA_SEX_CUR_NB","SEX_T","CUR_TYPE_PPP","2017",1.486,"B",,"T30:39_I11:264","R1:3513"
"RWA","BA:1590","EAR_EHRA_SEX_CUR_NB","SEX_T","CUR_TYPE_USD","2017",0.532,"B",,"T30:39_I11:264","R1:3513"
"RWA","BB:763","EAR_EHRA_SEX_CUR_NB","SEX_T","CUR_TYPE_LCU","2014",699.37,"B",,"T30:39_I11:264","R1:3513"
"RWA","BB:763","EAR_EHRA_SEX_CUR_NB","SEX_T","CUR_TYPE_PPP","2014",2.612,"B",,"T30:39_I11:264","R1:3513"
"RWA","BB:763","EAR_EHRA_SEX_CUR_NB","SEX_T","CUR_TYPE_USD","2014",1.025,"B",,"T30:39_I11:264","R1:3513"
"SDN","BA:1603","EAR_EHRA_SEX_CUR_NB","SEX_T","CUR_TYPE_LCU","2022",938.695,"B",,"T30:48_I11:264","R1:3513"
"SDN","BA:1603","EAR_EHRA_SEX_CUR_NB","SEX_T","CUR_TYPE_PPP","2022",4.185,"B",,"T30:48_I11:264","R1:3513"
"SDN","BA:1603","EAR_EHRA_SEX_CUR_NB","SEX_T","CUR_TYPE_USD","2022",1.717,"B",,"T30:48_I11:264","R1:3513"
"SEN","BA:13368","EAR_EHRA_SEX_CUR_NB","SEX_T","CUR_TYPE_LCU","2025",894.919,,,"T30:42","R1:3513"
"SEN","BA:13368","EAR_EHRA_SEX_CUR_NB","SEX_T","CUR_TYPE_PPP","2025",3.951,,,"T30:42","R1:3513"
"SEN","BA:13368","EAR_EHRA_SEX_CUR_NB","SEX_T","CUR_TYPE_USD","2025",1.538,,,"T30:42","R1:3513"
"SEN","BA:13368","EAR_EHRA_SEX_CUR_NB","SEX_T","CUR_TYPE_LCU","2024",923.475,,,"T30:42","R1:3513"
"SEN","BA:13368","EAR_EHRA_SEX_CUR_NB","SEX_T","CUR_TYPE_PPP","2024",4.028,,,"T30:42","R1:3513"
"SEN","BA:13368","EAR_EHRA_SEX_CUR_NB","SEX_T","CUR_TYPE_USD","2024",1.523,,,"T30:42","R1:3513"
"SEN","BA:13368","EAR_EHRA_SEX_CUR_NB","SEX_T","CUR_TYPE_LCU","2023",543.012,,,"T30:42","R1:3513"
"SEN","BA:13368","EAR_EHRA_SEX_CUR_NB","SEX_T","CUR_TYPE_PPP","2023",2.319,,,"T30:42","R1:3513"
"SEN","BA:13368","EAR_EHRA_SEX_CUR_NB","SEX_T","CUR_TYPE_USD","2023",0.895,,,"T30:42","R1:3513"
"SEN","BA:13368","EAR_EHRA_SEX_CUR_NB","SEX_T","CUR_TYPE_LCU","2022",571.471,,,"T30:42","R1:3513"
"SEN","BA:13368","EAR_EHRA_SEX_CUR_NB","SEX_T","CUR_TYPE_PPP","2022",2.483,,,"T30:42","R1:3513"
"SEN","BA:13368","EAR_EHRA_SEX_CUR_NB","SEX_T","CUR_TYPE_USD","2022",0.916,,,"T30:42","R1:3513"
"SEN","BA:13368","EAR_EHRA_SEX_CUR_NB","SEX_T","CUR_TYPE_LCU","2019",478.839,,,"T30:42","R1:3513"
"SEN","BA:13368","EAR_EHRA_SEX_CUR_NB","SEX_T","CUR_TYPE_PPP","2019",2.059,,,"T30:42","R1:3513"
"SEN","BA:13368","EAR_EHRA_SEX_CUR_NB","SEX_T","CUR_TYPE_USD","2019",0.817,,,"T30:42","R1:3513"
"SLE","BX:15953","EAR_EHRA_SEX_CUR_NB","SEX_T","CUR_TYPE_LCU","2018",15234.924,,,"T30:44","R1:3513"
"SLV","BX:461","EAR_EHRA_SEX_CUR_NB","SEX_T","CUR_TYPE_LCU","2025",2.805,,,"T30:78","R1:3513"
"SLV","BX:461","EAR_EHRA_SEX_CUR_NB","SEX_T","CUR_TYPE_PPP","2025",5.984,,,"T30:78","R1:3513"
"SLV","BX:461","EAR_EHRA_SEX_CUR_NB","SEX_T","CUR_TYPE_USD","2025",2.805,,,"T30:78","R1:3513"
"SLV","BX:461","EAR_EHRA_SEX_CUR_NB","SEX_T","CUR_TYPE_LCU","2024",2.682,,,"T30:78","R1:3513"
"SLV","BX:461","EAR_EHRA_SEX_CUR_NB","SEX_T","CUR_TYPE_PPP","2024",5.583,,,"T30:78","R1:3513"
"SLV","BX:461","EAR_EHRA_SEX_CUR_NB","SEX_T","CUR_TYPE_USD","2024",2.682,,,"T30:78","R1:3513"
"SLV","BX:461","EAR_EHRA_SEX_CUR_NB","SEX_T","CUR_TYPE_LCU","2023",2.478,,,"T30:78","R1:3513"
"SLV","BX:461","EAR_EHRA_SEX_CUR_NB","SEX_T","CUR_TYPE_PPP","2023",5.055,,,"T30:78","R1:3513"
"SLV","BX:461","EAR_EHRA_SEX_CUR_NB","SEX_T","CUR_TYPE_USD","2023",2.478,,,"T30:78","R1:3513"
"SLV","BX:461","EAR_EHRA_SEX_CUR_NB","SEX_T","CUR_TYPE_LCU","2022",2.277,,,"T30:78","R1:3513"
"SLV","BX:461","EAR_EHRA_SEX_CUR_NB","SEX_T","CUR_TYPE_PPP","2022",4.641,,,"T30:78","R1:3513"
"SLV","BX:461","EAR_EHRA_SEX_CUR_NB","SEX_T","CUR_TYPE_USD","2022",2.277,,,"T30:78","R1:3513"
"SLV","BX:461","EAR_EHRA_SEX_CUR_NB","SEX_T","CUR_TYPE_LCU","2021",2.14,,,"T30:78","R1:3513"
"SLV","BX:461","EAR_EHRA_SEX_CUR_NB","SEX_T","CUR_TYPE_PPP","2021",4.329,,,"T30:78","R1:3513"
"SLV","BX:461","EAR_EHRA_SEX_CUR_NB","SEX_T","CUR_TYPE_USD","2021",2.14,,,"T30:78","R1:3513"
"SLV","BX:461","EAR_EHRA_SEX_CUR_NB","SEX_T","CUR_TYPE_LCU","2019",2.204,,,"T30:78","R1:3513_T2:85"
"SLV","BX:461","EAR_EHRA_SEX_CUR_NB","SEX_T","CUR_TYPE_PPP","2019",4.373,,,"T30:78","R1:3513_T2:85"
"SLV","BX:461","EAR_EHRA_SEX_CUR_NB","SEX_T","CUR_TYPE_USD","2019",2.204,,,"T30:78","R1:3513_T2:85"
"SLV","BX:461","EAR_EHRA_SEX_CUR_NB","SEX_T","CUR_TYPE_LCU","2018",2.087,,,"T30:78","R1:3513_T2:85"
"SLV","BX:461","EAR_EHRA_SEX_CUR_NB","SEX_T","CUR_TYPE_PPP","2018",4.055,,,"T30:78","R1:3513_T2:85"
"SLV","BX:461","EAR_EHRA_SEX_CUR_NB","SEX_T","CUR_TYPE_USD","2018",2.087,,,"T30:78","R1:3513_T2:85"
"SLV","BX:461","EAR_EHRA_SEX_CUR_NB","SEX_T","CUR_TYPE_LCU","2017",1.998,,,"T30:78","R1:3513_T2:85"
"SLV","BX:461","EAR_EHRA_SEX_CUR_NB","SEX_T","CUR_TYPE_PPP","2017",3.809,,,"T30:78","R1:3513_T2:85"
"SLV","BX:461","EAR_EHRA_SEX_CUR_NB","SEX_T","CUR_TYPE_USD","2017",1.998,,,"T30:78","R1:3513_T2:85"
"SLV","BX:461","EAR_EHRA_SEX_CUR_NB","SEX_T","CUR_TYPE_LCU","2016",1.904,,,"T30:78","R1:3513_T2:85"
"SLV","BX:461","EAR_EHRA_SEX_CUR_NB","SEX_T","CUR_TYPE_PPP","2016",3.663,,,"T30:78","R1:3513_T2:85"
"SLV","BX:461","EAR_EHRA_SEX_CUR_NB","SEX_T","CUR_TYPE_USD","2016",1.904,,,"T30:78","R1:3513_T2:85"
"SLV","BX:461","EAR_EHRA_SEX_CUR_NB","SEX_T","CUR_TYPE_LCU","2015",1.941,,,"T30:78","R1:3513_T2:85"
"SLV","BX:461","EAR_EHRA_SEX_CUR_NB","SEX_T","CUR_TYPE_PPP","2015",3.712,,,"T30:78","R1:3513_T2:85"
"SLV","BX:461","EAR_EHRA_SEX_CUR_NB","SEX_T","CUR_TYPE_USD","2015",1.941,,,"T30:78","R1:3513_T2:85"
"SLV","BX:461","EAR_EHRA_SEX_CUR_NB","SEX_T","CUR_TYPE_LCU","2014",1.928,,,"T30:78","R1:3513_T2:85"
"SLV","BX:461","EAR_EHRA_SEX_CUR_NB","SEX_T","CUR_TYPE_PPP","2014",3.643,,,"T30:78","R1:3513_T2:85"
"SLV","BX:461","EAR_EHRA_SEX_CUR_NB","SEX_T","CUR_TYPE_USD","2014",1.928,,,"T30:78","R1:3513_T2:85"
"SLV","BX:461","EAR_EHRA_SEX_CUR_NB","SEX_T","CUR_TYPE_LCU","2013",1.904,,,"T30:78","R1:3513_T2:85"
"SLV","BX:461","EAR_EHRA_SEX_CUR_NB","SEX_T","CUR_TYPE_PPP","2013",3.605,,,"T30:78","R1:3513_T2:85"
"SLV","BX:461","EAR_EHRA_SEX_CUR_NB","SEX_T","CUR_TYPE_USD","2013",1.904,,,"T30:78","R1:3513_T2:85"
"SLV","BX:461","EAR_EHRA_SEX_CUR_NB","SEX_T","CUR_TYPE_LCU","2012",1.82,,,"T30:78","R1:3513_T2:85"
"SLV","BX:461","EAR_EHRA_SEX_CUR_NB","SEX_T","CUR_TYPE_PPP","2012",3.499,,,"T30:78","R1:3513_T2:85"
"SLV","BX:461","EAR_EHRA_SEX_CUR_NB","SEX_T","CUR_TYPE_USD","2012",1.82,,,"T30:78","R1:3513_T2:85"
"SLV","BX:461","EAR_EHRA_SEX_CUR_NB","SEX_T","CUR_TYPE_LCU","2011",1.687,,,"T30:78","R1:3513_T2:85"
"SLV","BX:461","EAR_EHRA_SEX_CUR_NB","SEX_T","CUR_TYPE_PPP","2011",3.14,,,"T30:78","R1:3513_T2:85"
"SLV","BX:461","EAR_EHRA_SEX_CUR_NB","SEX_T","CUR_TYPE_USD","2011",1.687,,,"T30:78","R1:3513_T2:85"
"SLV","BX:461","EAR_EHRA_SEX_CUR_NB","SEX_T","CUR_TYPE_LCU","2010",1.716,"B",,"T30:78_I11:264","R1:3513_T2:85"
"SLV","BX:461","EAR_EHRA_SEX_CUR_NB","SEX_T","CUR_TYPE_PPP","2010",3.256,"B",,"T30:78_I11:264","R1:3513_T2:85"
"SLV","BX:461","EAR_EHRA_SEX_CUR_NB","SEX_T","CUR_TYPE_USD","2010",1.716,"B",,"T30:78_I11:264","R1:3513_T2:85"
"SLV","BX:461","EAR_EHRA_SEX_CUR_NB","SEX_T","CUR_TYPE_LCU","2009",1.617,,,"T30:78","R1:3473"
"SLV","BX:461","EAR_EHRA_SEX_CUR_NB","SEX_T","CUR_TYPE_PPP","2009",3.053,,,"T30:78","R1:3473"
"SLV","BX:461","EAR_EHRA_SEX_CUR_NB","SEX_T","CUR_TYPE_USD","2009",1.617,,,"T30:78","R1:3473"
"SLV","BX:461","EAR_EHRA_SEX_CUR_NB","SEX_T","CUR_TYPE_LCU","2008",1.655,,,"T30:78","R1:3473"
"SLV","BX:461","EAR_EHRA_SEX_CUR_NB","SEX_T","CUR_TYPE_PPP","2008",3.17,,,"T30:78","R1:3473"
"SLV","BX:461","EAR_EHRA_SEX_CUR_NB","SEX_T","CUR_TYPE_USD","2008",1.655,,,"T30:78","R1:3473"
"SLV","BX:461","EAR_EHRA_SEX_CUR_NB","SEX_T","CUR_TYPE_LCU","2007",1.624,,,"T30:78","R1:3473"
"SLV","BX:461","EAR_EHRA_SEX_CUR_NB","SEX_T","CUR_TYPE_PPP","2007",3.196,,,"T30:78","R1:3473"
"SLV","BX:461","EAR_EHRA_SEX_CUR_NB","SEX_T","CUR_TYPE_USD","2007",1.624,,,"T30:78","R1:3473"
"SLV","BX:461","EAR_EHRA_SEX_CUR_NB","SEX_T","CUR_TYPE_LCU","2006",1.537,,,"T30:78","R1:3473"
"SLV","BX:461","EAR_EHRA_SEX_CUR_NB","SEX_T","CUR_TYPE_PPP","2006",3.075,,,"T30:78","R1:3473"
"SLV","BX:461","EAR_EHRA_SEX_CUR_NB","SEX_T","CUR_TYPE_USD","2006",1.537,,,"T30:78","R1:3473"
"SLV","BX:461","EAR_EHRA_SEX_CUR_NB","SEX_T","CUR_TYPE_LCU","2005",1.548,,,"T30:78","R1:3473"
"SLV","BX:461","EAR_EHRA_SEX_CUR_NB","SEX_T","CUR_TYPE_PPP","2005",3.123,,,"T30:78","R1:3473"
"SLV","BX:461","EAR_EHRA_SEX_CUR_NB","SEX_T","CUR_TYPE_USD","2005",1.548,,,"T30:78","R1:3473"
"SLV","BX:461","EAR_EHRA_SEX_CUR_NB","SEX_T","CUR_TYPE_LCU","2004",1.396,,,"T30:78_I11:268","R1:3473"
"SLV","BX:461","EAR_EHRA_SEX_CUR_NB","SEX_T","CUR_TYPE_PPP","2004",2.851,,,"T30:78_I11:268","R1:3473"
"SLV","BX:461","EAR_EHRA_SEX_CUR_NB","SEX_T","CUR_TYPE_USD","2004",1.396,,,"T30:78_I11:268","R1:3473"
"SLV","BX:461","EAR_EHRA_SEX_CUR_NB","SEX_T","CUR_TYPE_LCU","2003",12.187,,,"T30:383","R1:3473"
"SLV","BX:461","EAR_EHRA_SEX_CUR_NB","SEX_T","CUR_TYPE_LCU","2002",12.799,,,"T30:383","R1:3473"
"SLV","BX:461","EAR_EHRA_SEX_CUR_NB","SEX_T","CUR_TYPE_LCU","2001",11.817,,,"T30:383","R1:3473"
"SLV","BX:461","EAR_EHRA_SEX_CUR_NB","SEX_T","CUR_TYPE_LCU","2000",12.142,,,"T30:383","R1:3473"
"SLV","BX:461","EAR_EHRA_SEX_CUR_NB","SEX_T","CUR_TYPE_PPP","2000",25.482,,,"T30:383","R1:3473"
"SLV","BX:461","EAR_EHRA_SEX_CUR_NB","SEX_T","CUR_TYPE_USD","2000",1.387,,,"T30:383","R1:3473"
"SOM","BB:16925","EAR_EHRA_SEX_CUR_NB","SEX_T","CUR_TYPE_LCU","2022",4.075,,,"T30:405","R1:3513"
"SRB","DA:15728","EAR_EHRA_SEX_CUR_NB","SEX_T","CUR_TYPE_LCU","2018",406.04,,,"T30:203","S3:21_S8:2566_S6:48"
"SRB","DA:15728","EAR_EHRA_SEX_CUR_NB","SEX_T","CUR_TYPE_PPP","2018",8.339,,,"T30:203","S3:21_S8:2566_S6:48"
"SRB","DA:15728","EAR_EHRA_SEX_CUR_NB","SEX_T","CUR_TYPE_USD","2018",4.053,,,"T30:203","S3:21_S8:2566_S6:48"
"SRB","DA:3105","EAR_EHRA_SEX_CUR_NB","SEX_T","CUR_TYPE_LCU","2014",3.11,,,"T30:394","R1:2383_S3:21_S8:2566_S6:48"
"SRB","DA:3105","EAR_EHRA_SEX_CUR_NB","SEX_T","CUR_TYPE_PPP","2014",7.648,,,"T30:394","R1:2383_S3:21_S8:2566_S6:48"
"SRB","DA:3105","EAR_EHRA_SEX_CUR_NB","SEX_T","CUR_TYPE_USD","2014",4.132,,,"T30:394","R1:2383_S3:21_S8:2566_S6:48"
"SVK","DA:399","EAR_EHRA_SEX_CUR_NB","SEX_T","CUR_TYPE_LCU","2022",9.14,,,"T9:133_T10:138_T12:145_T30:204","S8:1619_S9:66"
"SVK","DA:399","EAR_EHRA_SEX_CUR_NB","SEX_T","CUR_TYPE_PPP","2022",16.044,,,"T9:133_T10:138_T12:145_T30:204","S8:1619_S9:66"
"SVK","DA:399","EAR_EHRA_SEX_CUR_NB","SEX_T","CUR_TYPE_USD","2022",9.624,,,"T9:133_T10:138_T12:145_T30:204","S8:1619_S9:66"
"SVK","DA:399","EAR_EHRA_SEX_CUR_NB","SEX_T","CUR_TYPE_LCU","2021",8.56,,,"T9:133_T10:138_T12:145_T30:204","S8:1619_S9:66"
"SVK","DA:399","EAR_EHRA_SEX_CUR_NB","SEX_T","CUR_TYPE_PPP","2021",14.995,,,"T9:133_T10:138_T12:145_T30:204","S8:1619_S9:66"
"SVK","DA:399","EAR_EHRA_SEX_CUR_NB","SEX_T","CUR_TYPE_USD","2021",10.124,,,"T9:133_T10:138_T12:145_T30:204","S8:1619_S9:66"
"SVK","DA:399","EAR_EHRA_SEX_CUR_NB","SEX_T","CUR_TYPE_LCU","2020",8.042,,,"T9:133_T10:138_T12:145_T30:204","S8:1619_S9:66"
"SVK","DA:399","EAR_EHRA_SEX_CUR_NB","SEX_T","CUR_TYPE_PPP","2020",13.777,,,"T9:133_T10:138_T12:145_T30:204","S8:1619_S9:66"
"SVK","DA:399","EAR_EHRA_SEX_CUR_NB","SEX_T","CUR_TYPE_USD","2020",9.186,,,"T9:133_T10:138_T12:145_T30:204","S8:1619_S9:66"
"SVK","DA:399","EAR_EHRA_SEX_CUR_NB","SEX_T","CUR_TYPE_LCU","2019",7.57,,,"T9:133_T10:138_T12:145_T30:204","S8:1619_S9:66"
"SVK","DA:399","EAR_EHRA_SEX_CUR_NB","SEX_T","CUR_TYPE_PPP","2019",12.362,,,"T9:133_T10:138_T12:145_T30:204","S8:1619_S9:66"
"SVK","DA:399","EAR_EHRA_SEX_CUR_NB","SEX_T","CUR_TYPE_USD","2019",8.475,,,"T9:133_T10:138_T12:145_T30:204","S8:1619_S9:66"
"SVK","DA:399","EAR_EHRA_SEX_CUR_NB","SEX_T","CUR_TYPE_LCU","2018",0.043,,,"T9:133_T10:138_T12:145_T30:204","S9:66"
"SVK","DA:399","EAR_EHRA_SEX_CUR_NB","SEX_T","CUR_TYPE_PPP","2018",0.069,,,"T9:133_T10:138_T12:145_T30:204","S9:66"
"SVK","DA:399","EAR_EHRA_SEX_CUR_NB","SEX_T","CUR_TYPE_USD","2018",0.051,,,"T9:133_T10:138_T12:145_T30:204","S9:66"
"SVK","DA:399","EAR_EHRA_SEX_CUR_NB","SEX_T","CUR_TYPE_LCU","2017",0.041,,,"T9:133_T10:138_T12:145_T30:204","S9:66"
"SVK","DA:399","EAR_EHRA_SEX_CUR_NB","SEX_T","CUR_TYPE_PPP","2017",0.066,,,"T9:133_T10:138_T12:145_T30:204","S9:66"
"SVK","DA:399","EAR_EHRA_SEX_CUR_NB","SEX_T","CUR_TYPE_USD","2017",0.046,,,"T9:133_T10:138_T12:145_T30:204","S9:66"
"SVK","DA:399","EAR_EHRA_SEX_CUR_NB","SEX_T","CUR_TYPE_LCU","2016",0.039,,,"T9:133_T10:138_T12:145_T30:204","S9:66"
"SVK","DA:399","EAR_EHRA_SEX_CUR_NB","SEX_T","CUR_TYPE_PPP","2016",0.066,,,"T9:133_T10:138_T12:145_T30:204","S9:66"
"SVK","DA:399","EAR_EHRA_SEX_CUR_NB","SEX_T","CUR_TYPE_USD","2016",0.043,,,"T9:133_T10:138_T12:145_T30:204","S9:66"
"SVK","DA:399","EAR_EHRA_SEX_CUR_NB","SEX_T","CUR_TYPE_LCU","2015",6.03,,,"T9:133_T10:138_T12:145_T30:204","S9:66"
"SVK","DA:399","EAR_EHRA_SEX_CUR_NB","SEX_T","CUR_TYPE_PPP","2015",10.964,,,"T9:133_T10:138_T12:145_T30:204","S9:66"
"SVK","DA:399","EAR_EHRA_SEX_CUR_NB","SEX_T","CUR_TYPE_USD","2015",6.69,,,"T9:133_T10:138_T12:145_T30:204","S9:66"
"SVK","DA:399","EAR_EHRA_SEX_CUR_NB","SEX_T","CUR_TYPE_LCU","2014",5.33,,,"T8:127_T9:133_T30:204","R1:2383_S8:2566_S6:48"
"SVK","DA:399","EAR_EHRA_SEX_CUR_NB","SEX_T","CUR_TYPE_PPP","2014",9.781,,,"T8:127_T9:133_T30:204","R1:2383_S8:2566_S6:48"
"SVK","DA:399","EAR_EHRA_SEX_CUR_NB","SEX_T","CUR_TYPE_USD","2014",7.081,,,"T8:127_T9:133_T30:204","R1:2383_S8:2566_S6:48"
"SVK","DA:399","EAR_EHRA_SEX_CUR_NB","SEX_T","CUR_TYPE_LCU","2010",4.74,,,"T8:127_T9:133_T30:204","R1:2383_S8:2566_S6:48"
"SVK","DA:399","EAR_EHRA_SEX_CUR_NB","SEX_T","CUR_TYPE_PPP","2010",8.341,,,"T8:127_T9:133_T30:204","R1:2383_S8:2566_S6:48"
"SVK","DA:399","EAR_EHRA_SEX_CUR_NB","SEX_T","CUR_TYPE_USD","2010",6.284,,,"T8:127_T9:133_T30:204","R1:2383_S8:2566_S6:48"
"SVN","DA:12947","EAR_EHRA_SEX_CUR_NB","SEX_T","CUR_TYPE_LCU","2018",10,,,"T30:205","R1:2383_S3:21_S8:2566_S6:48"
"SVN","DA:12947","EAR_EHRA_SEX_CUR_NB","SEX_T","CUR_TYPE_PPP","2018",15.562,,,"T30:205","R1:2383_S3:21_S8:2566_S6:48"
"SVN","DA:12947","EAR_EHRA_SEX_CUR_NB","SEX_T","CUR_TYPE_USD","2018",11.81,,,"T30:205","R1:2383_S3:21_S8:2566_S6:48"
"SVN","DA:12947","EAR_EHRA_SEX_CUR_NB","SEX_T","CUR_TYPE_LCU","2014",8.84,,,"T30:205","R1:2383_S3:21_S8:2566_S6:48"
"SVN","DA:12947","EAR_EHRA_SEX_CUR_NB","SEX_T","CUR_TYPE_PPP","2014",13.271,,,"T30:205","R1:2383_S3:21_S8:2566_S6:48"
"SVN","DA:12947","EAR_EHRA_SEX_CUR_NB","SEX_T","CUR_TYPE_USD","2014",11.744,,,"T30:205","R1:2383_S3:21_S8:2566_S6:48"
"SVN","DA:12947","EAR_EHRA_SEX_CUR_NB","SEX_T","CUR_TYPE_LCU","2010",9.1,,,"T30:205","R1:2383_S3:21_S8:2566_S6:48"
"SVN","DA:12947","EAR_EHRA_SEX_CUR_NB","SEX_T","CUR_TYPE_PPP","2010",13.021,,,"T30:205","R1:2383_S3:21_S8:2566_S6:48"
"SVN","DA:12947","EAR_EHRA_SEX_CUR_NB","SEX_T","CUR_TYPE_USD","2010",12.064,,,"T30:205","R1:2383_S3:21_S8:2566_S6:48"
"SWE","DA:3477","EAR_EHRA_SEX_CUR_NB","SEX_T","CUR_TYPE_LCU","2022",219.9,,,"T9:133_T10:138_T12:1516_T30:207","S3:20_S8:2566_S6:48"
"SWE","DA:3477","EAR_EHRA_SEX_CUR_NB","SEX_T","CUR_TYPE_PPP","2022",25.408,,,"T9:133_T10:138_T12:1516_T30:207","S3:20_S8:2566_S6:48"
"SWE","DA:3477","EAR_EHRA_SEX_CUR_NB","SEX_T","CUR_TYPE_USD","2022",21.742,,,"T9:133_T10:138_T12:1516_T30:207","S3:20_S8:2566_S6:48"
"SWE","DA:3477","EAR_EHRA_SEX_CUR_NB","SEX_T","CUR_TYPE_LCU","2020",209.9,,,"T9:133_T10:138_T12:1516_T30:207","S3:20_S8:2566_S6:48"
"SWE","DA:3477","EAR_EHRA_SEX_CUR_NB","SEX_T","CUR_TYPE_PPP","2020",22.849,,,"T9:133_T10:138_T12:1516_T30:207","S3:20_S8:2566_S6:48"
"SWE","DA:3477","EAR_EHRA_SEX_CUR_NB","SEX_T","CUR_TYPE_USD","2020",22.79,,,"T9:133_T10:138_T12:1516_T30:207","S3:20_S8:2566_S6:48"
"SWE","DA:3477","EAR_EHRA_SEX_CUR_NB","SEX_T","CUR_TYPE_LCU","2019",205.2,,,"T9:133_T10:138_T12:1516_T30:207","S3:20_S8:2566_S6:48"
"SWE","DA:3477","EAR_EHRA_SEX_CUR_NB","SEX_T","CUR_TYPE_PPP","2019",22.105,,,"T9:133_T10:138_T12:1516_T30:207","S3:20_S8:2566_S6:48"
"SWE","DA:3477","EAR_EHRA_SEX_CUR_NB","SEX_T","CUR_TYPE_USD","2019",21.695,,,"T9:133_T10:138_T12:1516_T30:207","S3:20_S8:2566_S6:48"
"SWE","DA:3477","EAR_EHRA_SEX_CUR_NB","SEX_T","CUR_TYPE_LCU","2018",201.2,,,"T9:133_T10:138_T12:1516_T30:207","S3:20_S8:2566_S6:48"
"SWE","DA:3477","EAR_EHRA_SEX_CUR_NB","SEX_T","CUR_TYPE_PPP","2018",21.245,,,"T9:133_T10:138_T12:1516_T30:207","S3:20_S8:2566_S6:48"
"SWE","DA:3477","EAR_EHRA_SEX_CUR_NB","SEX_T","CUR_TYPE_USD","2018",23.146,,,"T9:133_T10:138_T12:1516_T30:207","S3:20_S8:2566_S6:48"
"SWE","DA:3477","EAR_EHRA_SEX_CUR_NB","SEX_T","CUR_TYPE_LCU","2017",195.9,,,"T9:133_T10:138_T12:1516_T30:207","S3:20_S8:2566_S6:48"
"SWE","DA:3477","EAR_EHRA_SEX_CUR_NB","SEX_T","CUR_TYPE_PPP","2017",20.656,,,"T9:133_T10:138_T12:1516_T30:207","S3:20_S8:2566_S6:48"
"SWE","DA:3477","EAR_EHRA_SEX_CUR_NB","SEX_T","CUR_TYPE_USD","2017",22.915,,,"T9:133_T10:138_T12:1516_T30:207","S3:20_S8:2566_S6:48"
"SWE","DA:3477","EAR_EHRA_SEX_CUR_NB","SEX_T","CUR_TYPE_LCU","2016",190.7,,,"T9:133_T10:138_T12:1516_T30:207","S3:20_S8:2566_S6:48"
"SWE","DA:3477","EAR_EHRA_SEX_CUR_NB","SEX_T","CUR_TYPE_PPP","2016",20.452,,,"T9:133_T10:138_T12:1516_T30:207","S3:20_S8:2566_S6:48"
"SWE","DA:3477","EAR_EHRA_SEX_CUR_NB","SEX_T","CUR_TYPE_USD","2016",22.273,,,"T9:133_T10:138_T12:1516_T30:207","S3:20_S8:2566_S6:48"
"SWE","DA:3477","EAR_EHRA_SEX_CUR_NB","SEX_T","CUR_TYPE_LCU","2015",186,,,"T9:133_T10:138_T12:1516_T30:207","S3:20_S8:2566_S6:48"
"SWE","DA:3477","EAR_EHRA_SEX_CUR_NB","SEX_T","CUR_TYPE_PPP","2015",19.997,,,"T9:133_T10:138_T12:1516_T30:207","S3:20_S8:2566_S6:48"
"SWE","DA:3477","EAR_EHRA_SEX_CUR_NB","SEX_T","CUR_TYPE_USD","2015",22.051,,,"T9:133_T10:138_T12:1516_T30:207","S3:20_S8:2566_S6:48"
"SWE","DA:3477","EAR_EHRA_SEX_CUR_NB","SEX_T","CUR_TYPE_LCU","2014",20.64,,,"T30:395","R1:2383_S3:20_S8:2566_S6:48_T2:86"
"SWE","DA:3477","EAR_EHRA_SEX_CUR_NB","SEX_T","CUR_TYPE_PPP","2014",20.622,,,"T30:395","R1:2383_S3:20_S8:2566_S6:48_T2:86"
"SWE","DA:3477","EAR_EHRA_SEX_CUR_NB","SEX_T","CUR_TYPE_USD","2014",27.42,,,"T30:395","R1:2383_S3:20_S8:2566_S6:48_T2:86"
"SWE","DA:3477","EAR_EHRA_SEX_CUR_NB","SEX_T","CUR_TYPE_LCU","2010",17.77,,,"T30:395","R1:2383_S3:20_S8:2566_S6:48_T2:86"
"SWE","DA:3477","EAR_EHRA_SEX_CUR_NB","SEX_T","CUR_TYPE_PPP","2010",18.552,,,"T30:395","R1:2383_S3:20_S8:2566_S6:48_T2:86"
"SWE","DA:3477","EAR_EHRA_SEX_CUR_NB","SEX_T","CUR_TYPE_USD","2010",23.558,,,"T30:395","R1:2383_S3:20_S8:2566_S6:48_T2:86"
"SWZ","BA:1672","EAR_EHRA_SEX_CUR_NB","SEX_T","CUR_TYPE_LCU","2023",53.209,,,"T30:49","R1:3513"
"SWZ","BA:1672","EAR_EHRA_SEX_CUR_NB","SEX_T","CUR_TYPE_USD","2023",2.883,,,"T30:49","R1:3513"
"SWZ","BA:1672","EAR_EHRA_SEX_CUR_NB","SEX_T","CUR_TYPE_LCU","2021",51.4,,,"T30:49","R1:3513"
"SWZ","BA:1672","EAR_EHRA_SEX_CUR_NB","SEX_T","CUR_TYPE_PPP","2021",8.305,,,"T30:49","R1:3513"
"SWZ","BA:1672","EAR_EHRA_SEX_CUR_NB","SEX_T","CUR_TYPE_USD","2021",3.477,,,"T30:49","R1:3513"
"SWZ","BA:1672","EAR_EHRA_SEX_CUR_NB","SEX_T","CUR_TYPE_LCU","2016",25.471,,,"T30:49","R1:3513"
"SWZ","BA:1672","EAR_EHRA_SEX_CUR_NB","SEX_T","CUR_TYPE_PPP","2016",4.42,,,"T30:49","R1:3513"
"SWZ","BA:1672","EAR_EHRA_SEX_CUR_NB","SEX_T","CUR_TYPE_USD","2016",1.732,,,"T30:49","R1:3513"
"THA","BA:741","EAR_EHRA_SEX_CUR_NB","SEX_T","CUR_TYPE_LCU","2025",94.094,,,"T30:151","R1:3513"
"THA","BA:741","EAR_EHRA_SEX_CUR_NB","SEX_T","CUR_TYPE_PPP","2025",8.872,,,"T30:151","R1:3513"
"THA","BA:741","EAR_EHRA_SEX_CUR_NB","SEX_T","CUR_TYPE_USD","2025",2.861,,,"T30:151","R1:3513"
"THA","BA:741","EAR_EHRA_SEX_CUR_NB","SEX_T","CUR_TYPE_LCU","2024",91.422,,,"T30:151","R1:3513"
"THA","BA:741","EAR_EHRA_SEX_CUR_NB","SEX_T","CUR_TYPE_PPP","2024",8.382,,,"T30:151","R1:3513"
"THA","BA:741","EAR_EHRA_SEX_CUR_NB","SEX_T","CUR_TYPE_USD","2024",2.59,,,"T30:151","R1:3513"
"THA","BA:741","EAR_EHRA_SEX_CUR_NB","SEX_T","CUR_TYPE_LCU","2023",93.26,,,"T30:151","R1:3513"
"THA","BA:741","EAR_EHRA_SEX_CUR_NB","SEX_T","CUR_TYPE_PPP","2023",8.339,,,"T30:151","R1:3513"
"THA","BA:741","EAR_EHRA_SEX_CUR_NB","SEX_T","CUR_TYPE_USD","2023",2.68,,,"T30:151","R1:3513"
"THA","BA:741","EAR_EHRA_SEX_CUR_NB","SEX_T","CUR_TYPE_LCU","2022",91.703,,,"T30:151","R1:3513"
"THA","BA:741","EAR_EHRA_SEX_CUR_NB","SEX_T","CUR_TYPE_PPP","2022",7.972,,,"T30:151","R1:3513"
"THA","BA:741","EAR_EHRA_SEX_CUR_NB","SEX_T","CUR_TYPE_USD","2022",2.615,,,"T30:151","R1:3513"
"THA","BA:741","EAR_EHRA_SEX_CUR_NB","SEX_T","CUR_TYPE_LCU","2021",88.992,,,"T30:151","R1:3513"
"THA","BA:741","EAR_EHRA_SEX_CUR_NB","SEX_T","CUR_TYPE_PPP","2021",7.598,,,"T30:151","R1:3513"
"THA","BA:741","EAR_EHRA_SEX_CUR_NB","SEX_T","CUR_TYPE_USD","2021",2.783,,,"T30:151","R1:3513"
"THA","BA:741","EAR_EHRA_SEX_CUR_NB","SEX_T","CUR_TYPE_LCU","2020",92.342,,,"T30:151","R1:3513"
"THA","BA:741","EAR_EHRA_SEX_CUR_NB","SEX_T","CUR_TYPE_PPP","2020",7.704,,,"T30:151","R1:3513"
"THA","BA:741","EAR_EHRA_SEX_CUR_NB","SEX_T","CUR_TYPE_USD","2020",2.951,,,"T30:151","R1:3513"
"THA","BA:741","EAR_EHRA_SEX_CUR_NB","SEX_T","CUR_TYPE_LCU","2019",84.858,,,"T30:151","R1:3513"
"THA","BA:741","EAR_EHRA_SEX_CUR_NB","SEX_T","CUR_TYPE_PPP","2019",6.934,,,"T30:151","R1:3513"
"THA","BA:741","EAR_EHRA_SEX_CUR_NB","SEX_T","CUR_TYPE_USD","2019",2.733,,,"T30:151","R1:3513"
"THA","BA:741","EAR_EHRA_SEX_CUR_NB","SEX_T","CUR_TYPE_LCU","2018",82.521,,,"T30:151","R1:3513"
"THA","BA:741","EAR_EHRA_SEX_CUR_NB","SEX_T","CUR_TYPE_PPP","2018",6.66,,,"T30:151","R1:3513"
"THA","BA:741","EAR_EHRA_SEX_CUR_NB","SEX_T","CUR_TYPE_USD","2018",2.554,,,"T30:151","R1:3513"
"THA","BA:741","EAR_EHRA_SEX_CUR_NB","SEX_T","CUR_TYPE_LCU","2017",82.068,,,"T30:151","R1:3513"
"THA","BA:741","EAR_EHRA_SEX_CUR_NB","SEX_T","CUR_TYPE_PPP","2017",6.54,,,"T30:151","R1:3513"
"THA","BA:741","EAR_EHRA_SEX_CUR_NB","SEX_T","CUR_TYPE_USD","2017",2.418,,,"T30:151","R1:3513"
"THA","BA:741","EAR_EHRA_SEX_CUR_NB","SEX_T","CUR_TYPE_LCU","2016",83.343,,,"T30:151","R1:3513"
"THA","BA:741","EAR_EHRA_SEX_CUR_NB","SEX_T","CUR_TYPE_PPP","2016",6.687,,,"T30:151","R1:3513"
"THA","BA:741","EAR_EHRA_SEX_CUR_NB","SEX_T","CUR_TYPE_USD","2016",2.361,,,"T30:151","R1:3513"
"THA","BA:741","EAR_EHRA_SEX_CUR_NB","SEX_T","CUR_TYPE_LCU","2015",61.994,,,"T30:151","R1:3513"
"THA","BA:741","EAR_EHRA_SEX_CUR_NB","SEX_T","CUR_TYPE_PPP","2015",4.96,,,"T30:151","R1:3513"
"THA","BA:741","EAR_EHRA_SEX_CUR_NB","SEX_T","CUR_TYPE_USD","2015",1.81,,,"T30:151","R1:3513"
"THA","BA:741","EAR_EHRA_SEX_CUR_NB","SEX_T","CUR_TYPE_LCU","2014",79.772,,,"T30:151","R1:3513"
"THA","BA:741","EAR_EHRA_SEX_CUR_NB","SEX_T","CUR_TYPE_PPP","2014",6.318,,,"T30:151","R1:3513"
"THA","BA:741","EAR_EHRA_SEX_CUR_NB","SEX_T","CUR_TYPE_USD","2014",2.456,,,"T30:151","R1:3513"
"TJK","BB:2229","EAR_EHRA_SEX_CUR_NB","SEX_T","CUR_TYPE_LCU","2009",2.328,,,"T30:150","R1:3513"
"TJK","BB:2229","EAR_EHRA_SEX_CUR_NB","SEX_T","CUR_TYPE_PPP","2009",1.487,,,"T30:150","R1:3513"
"TJK","BB:2229","EAR_EHRA_SEX_CUR_NB","SEX_T","CUR_TYPE_USD","2009",0.562,,,"T30:150","R1:3513"
"TJK","BB:2229","EAR_EHRA_SEX_CUR_NB","SEX_T","CUR_TYPE_LCU","2007",1.516,,,"T30:150","R1:3513"
"TJK","BB:2229","EAR_EHRA_SEX_CUR_NB","SEX_T","CUR_TYPE_PPP","2007",1.2,,,"T30:150","R1:3513"
"TJK","BB:2229","EAR_EHRA_SEX_CUR_NB","SEX_T","CUR_TYPE_USD","2007",0.44,,,"T30:150","R1:3513"
"TJK","BB:2229","EAR_EHRA_SEX_CUR_NB","SEX_T","CUR_TYPE_LCU","2003",0.309,,,"T30:150","R1:3513"
"TJK","BB:2229","EAR_EHRA_SEX_CUR_NB","SEX_T","CUR_TYPE_PPP","2003",0.31,,,"T30:150","R1:3513"
"TJK","BB:2229","EAR_EHRA_SEX_CUR_NB","SEX_T","CUR_TYPE_USD","2003",0.101,,,"T30:150","R1:3513"
"TKL","BB:16122","EAR_EHRA_SEX_CUR_NB","SEX_T","CUR_TYPE_LCU","2016",4.733,,,"T30:230","R1:3513"
"TLS","BA:3050","EAR_EHRA_SEX_CUR_NB","SEX_T","CUR_TYPE_LCU","2021",2.563,,,"T30:152","R1:3513"
"TLS","BA:3050","EAR_EHRA_SEX_CUR_NB","SEX_T","CUR_TYPE_PPP","2021",5.754,,,"T30:152","R1:3513"
"TLS","BA:3050","EAR_EHRA_SEX_CUR_NB","SEX_T","CUR_TYPE_USD","2021",2.563,,,"T30:152","R1:3513"
"TLS","BA:3050","EAR_EHRA_SEX_CUR_NB","SEX_T","CUR_TYPE_LCU","2016",3.089,,,"T30:152","R1:3513"
"TLS","BA:3050","EAR_EHRA_SEX_CUR_NB","SEX_T","CUR_TYPE_PPP","2016",7.375,,,"T30:152","R1:3513"
"TLS","BA:3050","EAR_EHRA_SEX_CUR_NB","SEX_T","CUR_TYPE_USD","2016",3.089,,,"T30:152","R1:3513"
"TLS","BA:3050","EAR_EHRA_SEX_CUR_NB","SEX_T","CUR_TYPE_LCU","2013",2.461,"B",,"T30:152_I11:264","R1:3513"
"TLS","BA:3050","EAR_EHRA_SEX_CUR_NB","SEX_T","CUR_TYPE_PPP","2013",4.668,"B",,"T30:152_I11:264","R1:3513"
"TLS","BA:3050","EAR_EHRA_SEX_CUR_NB","SEX_T","CUR_TYPE_USD","2013",2.461,"B",,"T30:152_I11:264","R1:3513"
"TLS","BA:3050","EAR_EHRA_SEX_CUR_NB","SEX_T","CUR_TYPE_LCU","2010",0.994,"B",,"T30:152_I11:264","R1:3513"
"TLS","BA:3050","EAR_EHRA_SEX_CUR_NB","SEX_T","CUR_TYPE_PPP","2010",2.178,"B",,"T30:152_I11:264","R1:3513"
"TLS","BA:3050","EAR_EHRA_SEX_CUR_NB","SEX_T","CUR_TYPE_USD","2010",0.994,"B",,"T30:152_I11:264","R1:3513"
"TLS","BB:7029","EAR_EHRA_SEX_CUR_NB","SEX_T","CUR_TYPE_LCU","2007",0.995,,,"T30:152","R1:3513"
"TLS","BB:7029","EAR_EHRA_SEX_CUR_NB","SEX_T","CUR_TYPE_PPP","2007",2.431,,,"T30:152","R1:3513"
"TLS","BB:7029","EAR_EHRA_SEX_CUR_NB","SEX_T","CUR_TYPE_USD","2007",0.995,,,"T30:152","R1:3513"
"TLS","BB:7029","EAR_EHRA_SEX_CUR_NB","SEX_T","CUR_TYPE_LCU","2001",11614.574,,,"T30:349","R1:3513"
"TON","BA:1712","EAR_EHRA_SEX_CUR_NB","SEX_T","CUR_TYPE_LCU","2023",11.699,,,"T30:231","R1:3513"
"TON","BA:1712","EAR_EHRA_SEX_CUR_NB","SEX_T","CUR_TYPE_PPP","2023",6.423,,,"T30:231","R1:3513"
"TON","BA:1712","EAR_EHRA_SEX_CUR_NB","SEX_T","CUR_TYPE_USD","2023",4.949,,,"T30:231","R1:3513"
"TON","BB:16119","EAR_EHRA_SEX_CUR_NB","SEX_T","CUR_TYPE_LCU","2021",10.75,,,"T30:231","R1:3513"
"TON","BB:16119","EAR_EHRA_SEX_CUR_NB","SEX_T","CUR_TYPE_PPP","2021",6.195,,,"T30:231","R1:3513"
"TON","BB:16119","EAR_EHRA_SEX_CUR_NB","SEX_T","CUR_TYPE_USD","2021",4.746,,,"T30:231","R1:3513"
"TON","BA:1712","EAR_EHRA_SEX_CUR_NB","SEX_T","CUR_TYPE_LCU","2018",13.83,"B",,"T30:231_I11:264","R1:3513"
"TON","BA:1712","EAR_EHRA_SEX_CUR_NB","SEX_T","CUR_TYPE_PPP","2018",7.867,"B",,"T30:231_I11:264","R1:3513"
"TON","BA:1712","EAR_EHRA_SEX_CUR_NB","SEX_T","CUR_TYPE_USD","2018",6.184,"B",,"T30:231_I11:264","R1:3513"
"TUN","BA:743","EAR_EHRA_SEX_CUR_NB","SEX_T","CUR_TYPE_LCU","2019",5,,,"T30:55","R1:3513_S3:9"
"TUN","BA:743","EAR_EHRA_SEX_CUR_NB","SEX_T","CUR_TYPE_PPP","2019",6.096,,,"T30:55","R1:3513_S3:9"
"TUN","BA:743","EAR_EHRA_SEX_CUR_NB","SEX_T","CUR_TYPE_USD","2019",1.704,,,"T30:55","R1:3513_S3:9"
"TUR","BA:622","EAR_EHRA_SEX_CUR_NB","SEX_T","CUR_TYPE_LCU","2025",240.926,,,"T30:208","R1:3513"
"TUR","BA:622","EAR_EHRA_SEX_CUR_NB","SEX_T","CUR_TYPE_PPP","2025",13.578,,,"T30:208","R1:3513"
"TUR","BA:622","EAR_EHRA_SEX_CUR_NB","SEX_T","CUR_TYPE_USD","2025",6.106,,,"T30:208","R1:3513"
"TUR","BA:622","EAR_EHRA_SEX_CUR_NB","SEX_T","CUR_TYPE_LCU","2024",169.172,,,"T30:208","R1:3513"
"TUR","BA:622","EAR_EHRA_SEX_CUR_NB","SEX_T","CUR_TYPE_PPP","2024",13.478,,,"T30:208","R1:3513"
"TUR","BA:622","EAR_EHRA_SEX_CUR_NB","SEX_T","CUR_TYPE_USD","2024",5.157,,,"T30:208","R1:3513"
"TUR","BA:622","EAR_EHRA_SEX_CUR_NB","SEX_T","CUR_TYPE_LCU","2023",89.001,,,"T30:208","R1:3513"
"TUR","BA:622","EAR_EHRA_SEX_CUR_NB","SEX_T","CUR_TYPE_PPP","2023",11.564,,,"T30:208","R1:3513"
"TUR","BA:622","EAR_EHRA_SEX_CUR_NB","SEX_T","CUR_TYPE_USD","2023",3.749,,,"T30:208","R1:3513"
"TUR","BA:622","EAR_EHRA_SEX_CUR_NB","SEX_T","CUR_TYPE_LCU","2022",41.469,,,"T30:208","R1:3513"
"TUR","BA:622","EAR_EHRA_SEX_CUR_NB","SEX_T","CUR_TYPE_PPP","2022",8.527,,,"T30:208","R1:3513"
"TUR","BA:622","EAR_EHRA_SEX_CUR_NB","SEX_T","CUR_TYPE_USD","2022",2.506,,,"T30:208","R1:3513"
"TUR","BA:622","EAR_EHRA_SEX_CUR_NB","SEX_T","CUR_TYPE_LCU","2021",28.133,,,"T30:208","R1:3513"
"TUR","BA:622","EAR_EHRA_SEX_CUR_NB","SEX_T","CUR_TYPE_PPP","2021",9.145,,,"T30:208","R1:3513"
"TUR","BA:622","EAR_EHRA_SEX_CUR_NB","SEX_T","CUR_TYPE_USD","2021",3.179,,,"T30:208","R1:3513"
"TUR","BA:622","EAR_EHRA_SEX_CUR_NB","SEX_T","CUR_TYPE_LCU","2020",22.009,,,"T30:208","R1:3513"
"TUR","BA:622","EAR_EHRA_SEX_CUR_NB","SEX_T","CUR_TYPE_PPP","2020",8.679,,,"T30:208","R1:3513"
"TUR","BA:622","EAR_EHRA_SEX_CUR_NB","SEX_T","CUR_TYPE_USD","2020",3.14,,,"T30:208","R1:3513"
"TUR","BA:622","EAR_EHRA_SEX_CUR_NB","SEX_T","CUR_TYPE_LCU","2019",16.298,,,"T30:208","R1:3513"
"TUR","BA:622","EAR_EHRA_SEX_CUR_NB","SEX_T","CUR_TYPE_PPP","2019",7.614,,,"T30:208","R1:3513"
"TUR","BA:622","EAR_EHRA_SEX_CUR_NB","SEX_T","CUR_TYPE_USD","2019",2.872,,,"T30:208","R1:3513"
"TUR","BA:622","EAR_EHRA_SEX_CUR_NB","SEX_T","CUR_TYPE_LCU","2018",13.17,,,"T30:208","R1:3513"
"TUR","BA:622","EAR_EHRA_SEX_CUR_NB","SEX_T","CUR_TYPE_PPP","2018",6.819,,,"T30:208","R1:3513"
"TUR","BA:622","EAR_EHRA_SEX_CUR_NB","SEX_T","CUR_TYPE_USD","2018",2.728,,,"T30:208","R1:3513"
"TUR","BA:622","EAR_EHRA_SEX_CUR_NB","SEX_T","CUR_TYPE_LCU","2017",11.365,,,"T30:208","R1:3513"
"TUR","BA:622","EAR_EHRA_SEX_CUR_NB","SEX_T","CUR_TYPE_PPP","2017",6.655,,,"T30:208","R1:3513"
"TUR","BA:622","EAR_EHRA_SEX_CUR_NB","SEX_T","CUR_TYPE_USD","2017",3.115,,,"T30:208","R1:3513"
"TUR","BA:622","EAR_EHRA_SEX_CUR_NB","SEX_T","CUR_TYPE_LCU","2016",10.478,,,"T30:208","R1:3513"
"TUR","BA:622","EAR_EHRA_SEX_CUR_NB","SEX_T","CUR_TYPE_PPP","2016",6.738,,,"T30:208","R1:3513"
"TUR","BA:622","EAR_EHRA_SEX_CUR_NB","SEX_T","CUR_TYPE_USD","2016",3.469,,,"T30:208","R1:3513"
"TUR","BA:622","EAR_EHRA_SEX_CUR_NB","SEX_T","CUR_TYPE_LCU","2015",8.97,,,"T30:208","R1:3513"
"TUR","BA:622","EAR_EHRA_SEX_CUR_NB","SEX_T","CUR_TYPE_PPP","2015",6.205,,,"T30:208","R1:3513"
"TUR","BA:622","EAR_EHRA_SEX_CUR_NB","SEX_T","CUR_TYPE_USD","2015",3.298,,,"T30:208","R1:3513"
"TUR","BA:622","EAR_EHRA_SEX_CUR_NB","SEX_T","CUR_TYPE_LCU","2014",8.219,,,"T30:208","R1:3513"
"TUR","BA:622","EAR_EHRA_SEX_CUR_NB","SEX_T","CUR_TYPE_PPP","2014",6.002,,,"T30:208","R1:3513"
"TUR","BA:622","EAR_EHRA_SEX_CUR_NB","SEX_T","CUR_TYPE_USD","2014",3.755,,,"T30:208","R1:3513"
"TUR","BA:622","EAR_EHRA_SEX_CUR_NB","SEX_T","CUR_TYPE_LCU","2013",7.499,,,"T30:208","R1:3513"
"TUR","BA:622","EAR_EHRA_SEX_CUR_NB","SEX_T","CUR_TYPE_PPP","2013",5.78,,,"T30:208","R1:3513"
"TUR","BA:622","EAR_EHRA_SEX_CUR_NB","SEX_T","CUR_TYPE_USD","2013",3.939,,,"T30:208","R1:3513"
"TUR","BA:622","EAR_EHRA_SEX_CUR_NB","SEX_T","CUR_TYPE_LCU","2012",6.527,,,"T30:208","R1:3513"
"TUR","BA:622","EAR_EHRA_SEX_CUR_NB","SEX_T","CUR_TYPE_PPP","2012",5.304,,,"T30:208","R1:3513"
"TUR","BA:622","EAR_EHRA_SEX_CUR_NB","SEX_T","CUR_TYPE_USD","2012",3.634,,,"T30:208","R1:3513"
"TUR","BA:622","EAR_EHRA_SEX_CUR_NB","SEX_T","CUR_TYPE_LCU","2011",6.251,,,"T30:208","R1:3513"
"TUR","BA:622","EAR_EHRA_SEX_CUR_NB","SEX_T","CUR_TYPE_PPP","2011",5.444,,,"T30:208","R1:3513"
"TUR","BA:622","EAR_EHRA_SEX_CUR_NB","SEX_T","CUR_TYPE_USD","2011",3.732,,,"T30:208","R1:3513"
"TUR","BA:622","EAR_EHRA_SEX_CUR_NB","SEX_T","CUR_TYPE_LCU","2010",5.521,,,"T30:208","R1:3513"
"TUR","BA:622","EAR_EHRA_SEX_CUR_NB","SEX_T","CUR_TYPE_PPP","2010",4.954,,,"T30:208","R1:3513"
"TUR","BA:622","EAR_EHRA_SEX_CUR_NB","SEX_T","CUR_TYPE_USD","2010",3.674,,,"T30:208","R1:3513"
"TUR","BA:622","EAR_EHRA_SEX_CUR_NB","SEX_T","CUR_TYPE_LCU","2009",4.794,,,"T30:208","R1:3513"
"TUR","BA:622","EAR_EHRA_SEX_CUR_NB","SEX_T","CUR_TYPE_PPP","2009",4.415,,,"T30:208","R1:3513"
"TUR","BA:622","EAR_EHRA_SEX_CUR_NB","SEX_T","CUR_TYPE_USD","2009",3.093,,,"T30:208","R1:3513"
"TUR","BA:622","EAR_EHRA_SEX_CUR_NB","SEX_T","CUR_TYPE_LCU","2008",4.3,,,"T30:351","R1:3513"
"TUR","BA:622","EAR_EHRA_SEX_CUR_NB","SEX_T","CUR_TYPE_LCU","2007",3.985,,,"T30:351","R1:3513"
"TUR","BA:622","EAR_EHRA_SEX_CUR_NB","SEX_T","CUR_TYPE_LCU","2006",3.303,,,"T30:351","R1:3513"
"TUR","BA:622","EAR_EHRA_SEX_CUR_NB","SEX_T","CUR_TYPE_LCU","2005",2.922,,,"T30:351","R1:3513"
"TZA","BA:1743","EAR_EHRA_SEX_CUR_NB","SEX_T","CUR_TYPE_LCU","2025",2915.749,,,"T30:50","R1:3513"
"TZA","BA:1743","EAR_EHRA_SEX_CUR_NB","SEX_T","CUR_TYPE_PPP","2025",4.408,,,"T30:50","R1:3513"
"TZA","BA:1743","EAR_EHRA_SEX_CUR_NB","SEX_T","CUR_TYPE_LCU","2024",2795.839,"B",,"T30:50_I11:264","R1:3513"
"TZA","BA:1743","EAR_EHRA_SEX_CUR_NB","SEX_T","CUR_TYPE_PPP","2024",4.252,"B",,"T30:50_I11:264","R1:3513"
"TZA","BA:1743","EAR_EHRA_SEX_CUR_NB","SEX_T","CUR_TYPE_USD","2024",1.076,"B",,"T30:50_I11:264","R1:3513"
"TZA","BA:1743","EAR_EHRA_SEX_CUR_NB","SEX_T","CUR_TYPE_LCU","2020",2256.61,"B",,"T30:50_I11:264","R1:3513"
"TZA","BA:1743","EAR_EHRA_SEX_CUR_NB","SEX_T","CUR_TYPE_PPP","2020",3.248,"B",,"T30:50_I11:264","R1:3513"
"TZA","BA:1743","EAR_EHRA_SEX_CUR_NB","SEX_T","CUR_TYPE_USD","2020",0.984,"B",,"T30:50_I11:264","R1:3513"
"TZA","BB:2542","EAR_EHRA_SEX_CUR_NB","SEX_T","CUR_TYPE_LCU","2014",3246.742,,,"T30:50","R1:3513"
"TZA","BB:2542","EAR_EHRA_SEX_CUR_NB","SEX_T","CUR_TYPE_PPP","2014",4.524,,,"T30:50","R1:3513"
"TZA","BB:2542","EAR_EHRA_SEX_CUR_NB","SEX_T","CUR_TYPE_USD","2014",1.964,,,"T30:50","R1:3513"
"TZA","BB:2542","EAR_EHRA_SEX_CUR_NB","SEX_T","CUR_TYPE_LCU","2012",2542.391,,,"T30:50","R1:3513"
"TZA","BB:2542","EAR_EHRA_SEX_CUR_NB","SEX_T","CUR_TYPE_PPP","2012",3.974,,,"T30:50","R1:3513"
"TZA","BB:2542","EAR_EHRA_SEX_CUR_NB","SEX_T","CUR_TYPE_USD","2012",1.618,,,"T30:50","R1:3513"
"TZA","BB:2542","EAR_EHRA_SEX_CUR_NB","SEX_T","CUR_TYPE_LCU","2010",2504.092,,,"T30:50","R1:3513"
"TZA","BB:2542","EAR_EHRA_SEX_CUR_NB","SEX_T","CUR_TYPE_PPP","2010",4.646,,,"T30:50","R1:3513"
"TZA","BB:2542","EAR_EHRA_SEX_CUR_NB","SEX_T","CUR_TYPE_USD","2010",1.794,,,"T30:50","R1:3513"
"TZA","BA:1743","EAR_EHRA_SEX_CUR_NB","SEX_T","CUR_TYPE_LCU","2006",541.659,"B",,"T30:50_I11:264","R1:3513"
"TZA","BA:1743","EAR_EHRA_SEX_CUR_NB","SEX_T","CUR_TYPE_PPP","2006",1.306,"B",,"T30:50_I11:264","R1:3513"
"TZA","BA:1743","EAR_EHRA_SEX_CUR_NB","SEX_T","CUR_TYPE_USD","2006",0.433,"B",,"T30:50_I11:264","R1:3513"
"TZA","BA:1743","EAR_EHRA_SEX_CUR_NB","SEX_T","CUR_TYPE_LCU","2001",265.64,"B",,"T30:50_I11:264","R1:3513"
"TZA","BA:1743","EAR_EHRA_SEX_CUR_NB","SEX_T","CUR_TYPE_PPP","2001",0.736,"B",,"T30:50_I11:264","R1:3513"
"TZA","BA:1743","EAR_EHRA_SEX_CUR_NB","SEX_T","CUR_TYPE_USD","2001",0.303,"B",,"T30:50_I11:264","R1:3513"
"UGA","BA:13047","EAR_EHRA_SEX_CUR_NB","SEX_T","CUR_TYPE_LCU","2021",3511.786,,,"T30:56","R1:3513"
"UGA","BA:13047","EAR_EHRA_SEX_CUR_NB","SEX_T","CUR_TYPE_PPP","2021",2.67,,,"T30:56","R1:3513"
"UGA","BA:13047","EAR_EHRA_SEX_CUR_NB","SEX_T","CUR_TYPE_USD","2021",0.979,,,"T30:56","R1:3513"
"UGA","BB:268","EAR_EHRA_SEX_CUR_NB","SEX_T","CUR_TYPE_LCU","2019",3010.696,,,"T30:56","R1:3513"
"UGA","BB:268","EAR_EHRA_SEX_CUR_NB","SEX_T","CUR_TYPE_PPP","2019",2.353,,,"T30:56","R1:3513"
"UGA","BB:268","EAR_EHRA_SEX_CUR_NB","SEX_T","CUR_TYPE_USD","2019",0.813,,,"T30:56","R1:3513"
"UGA","BA:13047","EAR_EHRA_SEX_CUR_NB","SEX_T","CUR_TYPE_LCU","2017",2219.065,"B",,"T30:56_I11:264","R1:3513"
"UGA","BA:13047","EAR_EHRA_SEX_CUR_NB","SEX_T","CUR_TYPE_PPP","2017",1.82,"B",,"T30:56_I11:264","R1:3513"
"UGA","BA:13047","EAR_EHRA_SEX_CUR_NB","SEX_T","CUR_TYPE_USD","2017",0.615,"B",,"T30:56_I11:264","R1:3513"
"UGA","BB:268","EAR_EHRA_SEX_CUR_NB","SEX_T","CUR_TYPE_LCU","2014",6345.757,,,"T30:56","R1:3513"
"UGA","BB:268","EAR_EHRA_SEX_CUR_NB","SEX_T","CUR_TYPE_PPP","2014",5.874,,,"T30:56","R1:3513"
"UGA","BB:268","EAR_EHRA_SEX_CUR_NB","SEX_T","CUR_TYPE_USD","2014",2.441,,,"T30:56","R1:3513"
"UGA","BA:13047","EAR_EHRA_SEX_CUR_NB","SEX_T","CUR_TYPE_LCU","2012",1652.982,"B",,"T30:56_I11:264","R1:3513"
"UGA","BA:13047","EAR_EHRA_SEX_CUR_NB","SEX_T","CUR_TYPE_PPP","2012",1.625,"B",,"T30:56_I11:264","R1:3513"
"UGA","BA:13047","EAR_EHRA_SEX_CUR_NB","SEX_T","CUR_TYPE_USD","2012",0.66,"B",,"T30:56_I11:264","R1:3513"
"UGA","BB:268","EAR_EHRA_SEX_CUR_NB","SEX_T","CUR_TYPE_LCU","2011",4589.81,,,"T30:56","R1:3513"
"UGA","BB:268","EAR_EHRA_SEX_CUR_NB","SEX_T","CUR_TYPE_PPP","2011",4.861,,,"T30:56","R1:3513"
"UGA","BB:268","EAR_EHRA_SEX_CUR_NB","SEX_T","CUR_TYPE_USD","2011",1.819,,,"T30:56","R1:3513"
"UGA","BB:268","EAR_EHRA_SEX_CUR_NB","SEX_T","CUR_TYPE_LCU","2010",4531.974,,,"T30:56","R1:3513"
"UGA","BB:268","EAR_EHRA_SEX_CUR_NB","SEX_T","CUR_TYPE_PPP","2010",5.423,,,"T30:56","R1:3513"
"UGA","BB:268","EAR_EHRA_SEX_CUR_NB","SEX_T","CUR_TYPE_USD","2010",2.081,,,"T30:56","R1:3513"
"UKR","DA:7342","EAR_EHRA_SEX_CUR_NB","SEX_T","CUR_TYPE_LCU","2016",33.28,,,"T9:133_T10:138_T11:142_T12:145_T30:209","S4:34"
"UKR","DA:7342","EAR_EHRA_SEX_CUR_NB","SEX_T","CUR_TYPE_PPP","2016",5.356,,,"T9:133_T10:138_T11:142_T12:145_T30:209","S4:34"
"UKR","DA:7342","EAR_EHRA_SEX_CUR_NB","SEX_T","CUR_TYPE_USD","2016",1.302,,,"T9:133_T10:138_T11:142_T12:145_T30:209","S4:34"
"UKR","DA:7342","EAR_EHRA_SEX_CUR_NB","SEX_T","CUR_TYPE_LCU","2012",19.74,,,"T9:133_T10:138_T11:142_T12:145_T30:209","S4:34"
"UKR","DA:7342","EAR_EHRA_SEX_CUR_NB","SEX_T","CUR_TYPE_PPP","2012",6.046,,,"T9:133_T10:138_T11:142_T12:145_T30:209","S4:34"
"UKR","DA:7342","EAR_EHRA_SEX_CUR_NB","SEX_T","CUR_TYPE_USD","2012",2.47,,,"T9:133_T10:138_T11:142_T12:145_T30:209","S4:34"
"URY","BA:16753","EAR_EHRA_SEX_CUR_NB","SEX_T","CUR_TYPE_LCU","2024",308.072,,,"T30:106","R1:3513"
"URY","BA:16753","EAR_EHRA_SEX_CUR_NB","SEX_T","CUR_TYPE_PPP","2024",10.515,,,"T30:106","R1:3513"
"URY","BA:16753","EAR_EHRA_SEX_CUR_NB","SEX_T","CUR_TYPE_USD","2024",7.661,,,"T30:106","R1:3513"
"URY","BA:16753","EAR_EHRA_SEX_CUR_NB","SEX_T","CUR_TYPE_LCU","2023",285.926,,,"T30:106","R1:3513"
"URY","BA:16753","EAR_EHRA_SEX_CUR_NB","SEX_T","CUR_TYPE_PPP","2023",9.939,,,"T30:106","R1:3513"
"URY","BA:16753","EAR_EHRA_SEX_CUR_NB","SEX_T","CUR_TYPE_USD","2023",7.365,,,"T30:106","R1:3513"
"URY","BA:16753","EAR_EHRA_SEX_CUR_NB","SEX_T","CUR_TYPE_LCU","2022",257.009,,,"T30:106","R1:3513"
"URY","BA:16753","EAR_EHRA_SEX_CUR_NB","SEX_T","CUR_TYPE_PPP","2022",9.084,,,"T30:106","R1:3513"
"URY","BA:16753","EAR_EHRA_SEX_CUR_NB","SEX_T","CUR_TYPE_USD","2022",6.242,,,"T30:106","R1:3513"
"URY","BA:348","EAR_EHRA_SEX_CUR_NB","SEX_T","CUR_TYPE_LCU","2020",251.854,"B",,"T30:106_I11:264","R1:3513"
"URY","BA:348","EAR_EHRA_SEX_CUR_NB","SEX_T","CUR_TYPE_PPP","2020",9.071,"B",,"T30:106_I11:264","R1:3513"
"URY","BA:348","EAR_EHRA_SEX_CUR_NB","SEX_T","CUR_TYPE_USD","2020",5.995,"B",,"T30:106_I11:264","R1:3513"
"USA","BA:453","EAR_EHRA_SEX_CUR_NB","SEX_T","CUR_TYPE_LCU","2025",43.487,"B",,"T30:105_I11:264","R1:3513_R1:2803_T2:85"
"USA","BA:453","EAR_EHRA_SEX_CUR_NB","SEX_T","CUR_TYPE_PPP","2025",43.487,"B",,"T30:105_I11:264","R1:3513_R1:2803_T2:85"
"USA","BA:453","EAR_EHRA_SEX_CUR_NB","SEX_T","CUR_TYPE_USD","2025",43.487,"B",,"T30:105_I11:264","R1:3513_R1:2803_T2:85"
"USA","BA:453","EAR_EHRA_SEX_CUR_NB","SEX_T","CUR_TYPE_LCU","2024",41.475,,,"T30:105","R1:3513_T2:85"
"USA","BA:453","EAR_EHRA_SEX_CUR_NB","SEX_T","CUR_TYPE_PPP","2024",41.475,,,"T30:105","R1:3513_T2:85"
"USA","BA:453","EAR_EHRA_SEX_CUR_NB","SEX_T","CUR_TYPE_USD","2024",41.475,,,"T30:105","R1:3513_T2:85"
"USA","BA:453","EAR_EHRA_SEX_CUR_NB","SEX_T","CUR_TYPE_LCU","2023",37.448,,,"T30:105","R1:3513_T2:85"
"USA","BA:453","EAR_EHRA_SEX_CUR_NB","SEX_T","CUR_TYPE_PPP","2023",37.448,,,"T30:105","R1:3513_T2:85"
"USA","BA:453","EAR_EHRA_SEX_CUR_NB","SEX_T","CUR_TYPE_USD","2023",37.448,,,"T30:105","R1:3513_T2:85"
"USA","BA:453","EAR_EHRA_SEX_CUR_NB","SEX_T","CUR_TYPE_LCU","2022",34.915,,,"T30:105","R1:3513_T2:85"
"USA","BA:453","EAR_EHRA_SEX_CUR_NB","SEX_T","CUR_TYPE_PPP","2022",34.915,,,"T30:105","R1:3513_T2:85"
"USA","BA:453","EAR_EHRA_SEX_CUR_NB","SEX_T","CUR_TYPE_USD","2022",34.915,,,"T30:105","R1:3513_T2:85"
"USA","BA:453","EAR_EHRA_SEX_CUR_NB","SEX_T","CUR_TYPE_LCU","2021",32.214,,,"T30:105","R1:3513_T2:85"
"USA","BA:453","EAR_EHRA_SEX_CUR_NB","SEX_T","CUR_TYPE_PPP","2021",32.214,,,"T30:105","R1:3513_T2:85"
"USA","BA:453","EAR_EHRA_SEX_CUR_NB","SEX_T","CUR_TYPE_USD","2021",32.214,,,"T30:105","R1:3513_T2:85"
"USA","BA:453","EAR_EHRA_SEX_CUR_NB","SEX_T","CUR_TYPE_LCU","2020",32.3,"B",,"T30:105_I11:264","R1:3513_T2:85"
"USA","BA:453","EAR_EHRA_SEX_CUR_NB","SEX_T","CUR_TYPE_PPP","2020",32.3,"B",,"T30:105_I11:264","R1:3513_T2:85"
"USA","BA:453","EAR_EHRA_SEX_CUR_NB","SEX_T","CUR_TYPE_USD","2020",32.3,"B",,"T30:105_I11:264","R1:3513_T2:85"
"USA","BA:453","EAR_EHRA_SEX_CUR_NB","SEX_T","CUR_TYPE_LCU","2019",28.721,,,"T30:105","R1:3513_T2:85"
"USA","BA:453","EAR_EHRA_SEX_CUR_NB","SEX_T","CUR_TYPE_PPP","2019",28.721,,,"T30:105","R1:3513_T2:85"
"USA","BA:453","EAR_EHRA_SEX_CUR_NB","SEX_T","CUR_TYPE_USD","2019",28.721,,,"T30:105","R1:3513_T2:85"
"USA","BA:453","EAR_EHRA_SEX_CUR_NB","SEX_T","CUR_TYPE_LCU","2018",27.734,,,"T30:105","R1:3513_T2:85"
"USA","BA:453","EAR_EHRA_SEX_CUR_NB","SEX_T","CUR_TYPE_PPP","2018",27.734,,,"T30:105","R1:3513_T2:85"
"USA","BA:453","EAR_EHRA_SEX_CUR_NB","SEX_T","CUR_TYPE_USD","2018",27.734,,,"T30:105","R1:3513_T2:85"
"USA","BA:453","EAR_EHRA_SEX_CUR_NB","SEX_T","CUR_TYPE_LCU","2017",27.211,,,"T30:105","R1:3513_T2:85"
"USA","BA:453","EAR_EHRA_SEX_CUR_NB","SEX_T","CUR_TYPE_PPP","2017",27.211,,,"T30:105","R1:3513_T2:85"
"USA","BA:453","EAR_EHRA_SEX_CUR_NB","SEX_T","CUR_TYPE_USD","2017",27.211,,,"T30:105","R1:3513_T2:85"
"USA","BA:453","EAR_EHRA_SEX_CUR_NB","SEX_T","CUR_TYPE_LCU","2016",25.856,,,"T30:105","R1:3513_T2:85"
"USA","BA:453","EAR_EHRA_SEX_CUR_NB","SEX_T","CUR_TYPE_PPP","2016",25.856,,,"T30:105","R1:3513_T2:85"
"USA","BA:453","EAR_EHRA_SEX_CUR_NB","SEX_T","CUR_TYPE_USD","2016",25.856,,,"T30:105","R1:3513_T2:85"
"USA","BA:453","EAR_EHRA_SEX_CUR_NB","SEX_T","CUR_TYPE_LCU","2015",25.304,,,"T30:105","R1:3513_T2:85"
"USA","BA:453","EAR_EHRA_SEX_CUR_NB","SEX_T","CUR_TYPE_PPP","2015",25.304,,,"T30:105","R1:3513_T2:85"
"USA","BA:453","EAR_EHRA_SEX_CUR_NB","SEX_T","CUR_TYPE_USD","2015",25.304,,,"T30:105","R1:3513_T2:85"
"USA","BA:453","EAR_EHRA_SEX_CUR_NB","SEX_T","CUR_TYPE_LCU","2014",24.762,,,"T30:105","R1:3513_T2:85"
"USA","BA:453","EAR_EHRA_SEX_CUR_NB","SEX_T","CUR_TYPE_PPP","2014",24.762,,,"T30:105","R1:3513_T2:85"
"USA","BA:453","EAR_EHRA_SEX_CUR_NB","SEX_T","CUR_TYPE_USD","2014",24.762,,,"T30:105","R1:3513_T2:85"
"USA","BA:453","EAR_EHRA_SEX_CUR_NB","SEX_T","CUR_TYPE_LCU","2013",24.475,,,"T30:105","R1:3513_T2:85"
"USA","BA:453","EAR_EHRA_SEX_CUR_NB","SEX_T","CUR_TYPE_PPP","2013",24.475,,,"T30:105","R1:3513_T2:85"
"USA","BA:453","EAR_EHRA_SEX_CUR_NB","SEX_T","CUR_TYPE_USD","2013",24.475,,,"T30:105","R1:3513_T2:85"
"USA","BA:453","EAR_EHRA_SEX_CUR_NB","SEX_T","CUR_TYPE_LCU","2012",24.009,,,"T30:105","R1:3513_T2:85"
"USA","BA:453","EAR_EHRA_SEX_CUR_NB","SEX_T","CUR_TYPE_PPP","2012",24.009,,,"T30:105","R1:3513_T2:85"
"USA","BA:453","EAR_EHRA_SEX_CUR_NB","SEX_T","CUR_TYPE_USD","2012",24.009,,,"T30:105","R1:3513_T2:85"
"USA","BA:453","EAR_EHRA_SEX_CUR_NB","SEX_T","CUR_TYPE_LCU","2011",23.604,,,"T30:105","R1:3513_T2:85"
"USA","BA:453","EAR_EHRA_SEX_CUR_NB","SEX_T","CUR_TYPE_PPP","2011",23.604,,,"T30:105","R1:3513_T2:85"
"USA","BA:453","EAR_EHRA_SEX_CUR_NB","SEX_T","CUR_TYPE_USD","2011",23.604,,,"T30:105","R1:3513_T2:85"
"USA","BA:453","EAR_EHRA_SEX_CUR_NB","SEX_T","CUR_TYPE_LCU","2010",24.189,,,"T30:105","R1:3513_T2:85"
"USA","BA:453","EAR_EHRA_SEX_CUR_NB","SEX_T","CUR_TYPE_PPP","2010",24.189,,,"T30:105","R1:3513_T2:85"
"USA","BA:453","EAR_EHRA_SEX_CUR_NB","SEX_T","CUR_TYPE_USD","2010",24.189,,,"T30:105","R1:3513_T2:85"
"USA","BA:453","EAR_EHRA_SEX_CUR_NB","SEX_T","CUR_TYPE_LCU","2009",24.105,,,"T30:105","R1:3513_T2:85"
"USA","BA:453","EAR_EHRA_SEX_CUR_NB","SEX_T","CUR_TYPE_PPP","2009",24.105,,,"T30:105","R1:3513_T2:85"
"USA","BA:453","EAR_EHRA_SEX_CUR_NB","SEX_T","CUR_TYPE_USD","2009",24.105,,,"T30:105","R1:3513_T2:85"
"USA","BA:453","EAR_EHRA_SEX_CUR_NB","SEX_T","CUR_TYPE_LCU","2008",22.949,,,"T30:105","R1:3513_T2:85"
"USA","BA:453","EAR_EHRA_SEX_CUR_NB","SEX_T","CUR_TYPE_PPP","2008",22.949,,,"T30:105","R1:3513_T2:85"
"USA","BA:453","EAR_EHRA_SEX_CUR_NB","SEX_T","CUR_TYPE_USD","2008",22.949,,,"T30:105","R1:3513_T2:85"
"USA","BA:453","EAR_EHRA_SEX_CUR_NB","SEX_T","CUR_TYPE_LCU","2007",22,,,"T30:105","R1:3513_T2:85"
"USA","BA:453","EAR_EHRA_SEX_CUR_NB","SEX_T","CUR_TYPE_PPP","2007",22,,,"T30:105","R1:3513_T2:85"
"USA","BA:453","EAR_EHRA_SEX_CUR_NB","SEX_T","CUR_TYPE_USD","2007",22,,,"T30:105","R1:3513_T2:85"
"USA","BA:453","EAR_EHRA_SEX_CUR_NB","SEX_T","CUR_TYPE_LCU","2006",21.65,,,"T30:105","R1:3513_T2:85"
"USA","BA:453","EAR_EHRA_SEX_CUR_NB","SEX_T","CUR_TYPE_PPP","2006",21.65,,,"T30:105","R1:3513_T2:85"
"USA","BA:453","EAR_EHRA_SEX_CUR_NB","SEX_T","CUR_TYPE_USD","2006",21.65,,,"T30:105","R1:3513_T2:85"
"USA","BA:453","EAR_EHRA_SEX_CUR_NB","SEX_T","CUR_TYPE_LCU","2005",20.861,,,"T30:105","R1:3513_T2:85"
"USA","BA:453","EAR_EHRA_SEX_CUR_NB","SEX_T","CUR_TYPE_PPP","2005",20.861,,,"T30:105","R1:3513_T2:85"
"USA","BA:453","EAR_EHRA_SEX_CUR_NB","SEX_T","CUR_TYPE_USD","2005",20.861,,,"T30:105","R1:3513_T2:85"
"USA","BA:453","EAR_EHRA_SEX_CUR_NB","SEX_T","CUR_TYPE_LCU","2004",20.43,,,"T30:105","R1:3513_T2:85"
"USA","BA:453","EAR_EHRA_SEX_CUR_NB","SEX_T","CUR_TYPE_PPP","2004",20.43,,,"T30:105","R1:3513_T2:85"
"USA","BA:453","EAR_EHRA_SEX_CUR_NB","SEX_T","CUR_TYPE_USD","2004",20.43,,,"T30:105","R1:3513_T2:85"
"USA","BA:453","EAR_EHRA_SEX_CUR_NB","SEX_T","CUR_TYPE_LCU","2003",19.529,,,"T30:105","R1:3513_T2:85"
"USA","BA:453","EAR_EHRA_SEX_CUR_NB","SEX_T","CUR_TYPE_PPP","2003",19.529,,,"T30:105","R1:3513_T2:85"
"USA","BA:453","EAR_EHRA_SEX_CUR_NB","SEX_T","CUR_TYPE_USD","2003",19.529,,,"T30:105","R1:3513_T2:85"
"USA","BA:453","EAR_EHRA_SEX_CUR_NB","SEX_T","CUR_TYPE_LCU","2002",19.378,,,"T30:105","R1:3513_T2:85"
"USA","BA:453","EAR_EHRA_SEX_CUR_NB","SEX_T","CUR_TYPE_PPP","2002",19.378,,,"T30:105","R1:3513_T2:85"
"USA","BA:453","EAR_EHRA_SEX_CUR_NB","SEX_T","CUR_TYPE_USD","2002",19.378,,,"T30:105","R1:3513_T2:85"
"USA","BA:453","EAR_EHRA_SEX_CUR_NB","SEX_T","CUR_TYPE_LCU","2001",18.951,,,"T30:105","R1:3513_T2:85"
"USA","BA:453","EAR_EHRA_SEX_CUR_NB","SEX_T","CUR_TYPE_PPP","2001",18.951,,,"T30:105","R1:3513_T2:85"
"USA","BA:453","EAR_EHRA_SEX_CUR_NB","SEX_T","CUR_TYPE_USD","2001",18.951,,,"T30:105","R1:3513_T2:85"
"USA","BA:453","EAR_EHRA_SEX_CUR_NB","SEX_T","CUR_TYPE_LCU","2000",17.484,,,"T30:105","R1:3513_T2:85"
"USA","BA:453","EAR_EHRA_SEX_CUR_NB","SEX_T","CUR_TYPE_PPP","2000",17.484,,,"T30:105","R1:3513_T2:85"
"USA","BA:453","EAR_EHRA_SEX_CUR_NB","SEX_T","CUR_TYPE_USD","2000",17.484,,,"T30:105","R1:3513_T2:85"
"UZB","EA:1769","EAR_EHRA_SEX_CUR_NB","SEX_T","CUR_TYPE_LCU","2022",29073,,,"T9:133_T10:138_T12:146_T30:155",
"UZB","EA:1769","EAR_EHRA_SEX_CUR_NB","SEX_T","CUR_TYPE_PPP","2022",9.693,,,"T9:133_T10:138_T12:146_T30:155",
"UZB","EA:1769","EAR_EHRA_SEX_CUR_NB","SEX_T","CUR_TYPE_USD","2022",2.631,,,"T9:133_T10:138_T12:146_T30:155",
"UZB","EA:1769","EAR_EHRA_SEX_CUR_NB","SEX_T","CUR_TYPE_LCU","2021",15966.5,,,"T9:133_T10:138_T12:146_T30:155",
"UZB","EA:1769","EAR_EHRA_SEX_CUR_NB","SEX_T","CUR_TYPE_PPP","2021",5.493,,,"T9:133_T10:138_T12:146_T30:155",
"UZB","EA:1769","EAR_EHRA_SEX_CUR_NB","SEX_T","CUR_TYPE_USD","2021",1.505,,,"T9:133_T10:138_T12:146_T30:155",
"VEN","BA:382","EAR_EHRA_SEX_CUR_NB","SEX_T","CUR_TYPE_LCU","2020",102.838,,,"I20:4077_T9:133_T10:138_T11:142_T12:145_T30:382","S3:7_S4:34_S5:42"
"VEN","BA:382","EAR_EHRA_SEX_CUR_NB","SEX_T","CUR_TYPE_LCU","2017",1660.092,,,"T30:107","R1:3513"
"VEN","BA:382","EAR_EHRA_SEX_CUR_NB","SEX_T","CUR_TYPE_LCU","2016",134.687,,,"T30:107","R1:3513"
"VEN","BA:382","EAR_EHRA_SEX_CUR_NB","SEX_T","CUR_TYPE_LCU","2012",16.037,,,"T30:107","R1:3513"
"VEN","BA:382","EAR_EHRA_SEX_CUR_NB","SEX_T","CUR_TYPE_LCU","2011",12.595,,,"T30:107","R1:3513"
"VEN","BA:382","EAR_EHRA_SEX_CUR_NB","SEX_T","CUR_TYPE_LCU","2010",10.104,,,"T30:107","R1:3513"
"VEN","BA:382","EAR_EHRA_SEX_CUR_NB","SEX_T","CUR_TYPE_LCU","2009",8.19,,,"T30:107","R1:3513"
"VEN","BA:382","EAR_EHRA_SEX_CUR_NB","SEX_T","CUR_TYPE_LCU","2008",6.473,,,"T30:107","R1:3513"
"VEN","BA:382","EAR_EHRA_SEX_CUR_NB","SEX_T","CUR_TYPE_LCU","2007",4865.974,,,"T30:358","R1:3513"
"VEN","BA:382","EAR_EHRA_SEX_CUR_NB","SEX_T","CUR_TYPE_LCU","2006",3699.164,,,"T30:358","R1:3513"
"VEN","BA:382","EAR_EHRA_SEX_CUR_NB","SEX_T","CUR_TYPE_LCU","2005",2845.065,"B",,"T30:358_I11:264","R1:3513"
"VNM","BA:1788","EAR_EHRA_SEX_CUR_NB","SEX_T","CUR_TYPE_LCU","2024",44856.216,,,"T30:156","R1:3513"
"VNM","BA:1788","EAR_EHRA_SEX_CUR_NB","SEX_T","CUR_TYPE_PPP","2024",6.264,,,"T30:156","R1:3513"
"VNM","BA:1788","EAR_EHRA_SEX_CUR_NB","SEX_T","CUR_TYPE_USD","2024",1.856,,,"T30:156","R1:3513"
"VNM","BA:1788","EAR_EHRA_SEX_CUR_NB","SEX_T","CUR_TYPE_LCU","2023",41828.659,,,"T30:156","R1:3513"
"VNM","BA:1788","EAR_EHRA_SEX_CUR_NB","SEX_T","CUR_TYPE_PPP","2023",5.88,,,"T30:156","R1:3513"
"VNM","BA:1788","EAR_EHRA_SEX_CUR_NB","SEX_T","CUR_TYPE_USD","2023",1.758,,,"T30:156","R1:3513"
"VNM","BA:1788","EAR_EHRA_SEX_CUR_NB","SEX_T","CUR_TYPE_LCU","2022",39942.02,,,"T30:156","R1:3513"
"VNM","BA:1788","EAR_EHRA_SEX_CUR_NB","SEX_T","CUR_TYPE_PPP","2022",5.568,,,"T30:156","R1:3513"
"VNM","BA:1788","EAR_EHRA_SEX_CUR_NB","SEX_T","CUR_TYPE_USD","2022",1.716,,,"T30:156","R1:3513"
"VNM","BA:1788","EAR_EHRA_SEX_CUR_NB","SEX_T","CUR_TYPE_LCU","2021",36697.996,,,"T30:156","R1:3513"
"VNM","BA:1788","EAR_EHRA_SEX_CUR_NB","SEX_T","CUR_TYPE_PPP","2021",4.886,,,"T30:156","R1:3513"
"VNM","BA:1788","EAR_EHRA_SEX_CUR_NB","SEX_T","CUR_TYPE_USD","2021",1.585,,,"T30:156","R1:3513"
"VNM","BA:1788","EAR_EHRA_SEX_CUR_NB","SEX_T","CUR_TYPE_LCU","2020",39196.151,,,"T30:156","R1:3513"
"VNM","BA:1788","EAR_EHRA_SEX_CUR_NB","SEX_T","CUR_TYPE_PPP","2020",5.139,,,"T30:156","R1:3513"
"VNM","BA:1788","EAR_EHRA_SEX_CUR_NB","SEX_T","CUR_TYPE_USD","2020",1.689,,,"T30:156","R1:3513"
"VNM","BA:1788","EAR_EHRA_SEX_CUR_NB","SEX_T","CUR_TYPE_LCU","2019",37010.179,,,"I20:4077_T30:156","R1:3513"
"VNM","BA:1788","EAR_EHRA_SEX_CUR_NB","SEX_T","CUR_TYPE_PPP","2019",4.885,,,"I20:4077_T30:156","R1:3513"
"VNM","BA:1788","EAR_EHRA_SEX_CUR_NB","SEX_T","CUR_TYPE_USD","2019",1.606,,,"I20:4077_T30:156","R1:3513"
"VNM","BA:1788","EAR_EHRA_SEX_CUR_NB","SEX_T","CUR_TYPE_LCU","2018",30136.16,,,"T30:156","R1:3513"
"VNM","BA:1788","EAR_EHRA_SEX_CUR_NB","SEX_T","CUR_TYPE_PPP","2018",3.975,,,"T30:156","R1:3513"
"VNM","BA:1788","EAR_EHRA_SEX_CUR_NB","SEX_T","CUR_TYPE_USD","2018",1.333,,,"T30:156","R1:3513"
"VNM","BA:1788","EAR_EHRA_SEX_CUR_NB","SEX_T","CUR_TYPE_LCU","2017",30030.126,,,"T30:156","R1:3513"
"VNM","BA:1788","EAR_EHRA_SEX_CUR_NB","SEX_T","CUR_TYPE_PPP","2017",4.012,,,"T30:156","R1:3513"
"VNM","BA:1788","EAR_EHRA_SEX_CUR_NB","SEX_T","CUR_TYPE_USD","2017",1.342,,,"T30:156","R1:3513"
"VNM","BA:1788","EAR_EHRA_SEX_CUR_NB","SEX_T","CUR_TYPE_LCU","2016",28388.888,,,"T30:156","R1:3513"
"VNM","BA:1788","EAR_EHRA_SEX_CUR_NB","SEX_T","CUR_TYPE_PPP","2016",3.811,,,"T30:156","R1:3513"
"VNM","BA:1788","EAR_EHRA_SEX_CUR_NB","SEX_T","CUR_TYPE_USD","2016",1.294,,,"T30:156","R1:3513"
"VNM","BA:1788","EAR_EHRA_SEX_CUR_NB","SEX_T","CUR_TYPE_LCU","2015",27654.035,,,"T30:156","R1:3513"
"VNM","BA:1788","EAR_EHRA_SEX_CUR_NB","SEX_T","CUR_TYPE_PPP","2015",3.652,,,"T30:156","R1:3513"
"VNM","BA:1788","EAR_EHRA_SEX_CUR_NB","SEX_T","CUR_TYPE_USD","2015",1.274,,,"T30:156","R1:3513"
"VNM","BA:1788","EAR_EHRA_SEX_CUR_NB","SEX_T","CUR_TYPE_LCU","2014",25157.683,,,"T30:156","R1:3513"
"VNM","BA:1788","EAR_EHRA_SEX_CUR_NB","SEX_T","CUR_TYPE_PPP","2014",3.207,,,"T30:156","R1:3513"
"VNM","BA:1788","EAR_EHRA_SEX_CUR_NB","SEX_T","CUR_TYPE_USD","2014",1.19,,,"T30:156","R1:3513"
"VNM","BA:1788","EAR_EHRA_SEX_CUR_NB","SEX_T","CUR_TYPE_LCU","2013",21643.948,,,"T30:156","R1:3513"
"VNM","BA:1788","EAR_EHRA_SEX_CUR_NB","SEX_T","CUR_TYPE_PPP","2013",2.76,,,"T30:156","R1:3513"
"VNM","BA:1788","EAR_EHRA_SEX_CUR_NB","SEX_T","CUR_TYPE_USD","2013",1.034,,,"T30:156","R1:3513"
"VNM","BA:1788","EAR_EHRA_SEX_CUR_NB","SEX_T","CUR_TYPE_LCU","2012",19601.148,,,"T30:156","R1:3513"
"VNM","BA:1788","EAR_EHRA_SEX_CUR_NB","SEX_T","CUR_TYPE_PPP","2012",2.608,,,"T30:156","R1:3513"
"VNM","BA:1788","EAR_EHRA_SEX_CUR_NB","SEX_T","CUR_TYPE_USD","2012",0.941,,,"T30:156","R1:3513"
"VNM","BA:1788","EAR_EHRA_SEX_CUR_NB","SEX_T","CUR_TYPE_LCU","2011",15539.098,,,"T30:156","R1:3513"
"VNM","BA:1788","EAR_EHRA_SEX_CUR_NB","SEX_T","CUR_TYPE_PPP","2011",2.064,,,"T30:156","R1:3513"
"VNM","BA:1788","EAR_EHRA_SEX_CUR_NB","SEX_T","CUR_TYPE_USD","2011",0.758,,,"T30:156","R1:3513"
"VNM","BA:1788","EAR_EHRA_SEX_CUR_NB","SEX_T","CUR_TYPE_LCU","2009",11465.797,,,"T30:156","R1:3513"
"VNM","BA:1788","EAR_EHRA_SEX_CUR_NB","SEX_T","CUR_TYPE_PPP","2009",1.883,,,"T30:156","R1:3513"
"VNM","BA:1788","EAR_EHRA_SEX_CUR_NB","SEX_T","CUR_TYPE_USD","2009",0.672,,,"T30:156","R1:3513"
"VNM","BA:1788","EAR_EHRA_SEX_CUR_NB","SEX_T","CUR_TYPE_LCU","2007",7256.128,"B",,"T30:156_I11:264","R1:3513"
"VNM","BA:1788","EAR_EHRA_SEX_CUR_NB","SEX_T","CUR_TYPE_PPP","2007",1.513,"B",,"T30:156_I11:264","R1:3513"
"VNM","BA:1788","EAR_EHRA_SEX_CUR_NB","SEX_T","CUR_TYPE_USD","2007",0.45,"B",,"T30:156_I11:264","R1:3513"
"VUT","BB:15632","EAR_EHRA_SEX_CUR_NB","SEX_T","CUR_TYPE_LCU","2010",407.853,,,"T30:233","R1:3513"
"VUT","BB:15632","EAR_EHRA_SEX_CUR_NB","SEX_T","CUR_TYPE_PPP","2010",3.443,,,"T30:233","R1:3513"
"VUT","BB:15632","EAR_EHRA_SEX_CUR_NB","SEX_T","CUR_TYPE_USD","2010",4.209,,,"T30:233","R1:3513"
"WLF","BB:16123","EAR_EHRA_SEX_CUR_NB","SEX_T","CUR_TYPE_LCU","2019",1676.328,,,"T30:216","R1:3513"
"WSM","BA:1794","EAR_EHRA_SEX_CUR_NB","SEX_T","CUR_TYPE_LCU","2022",11.491,"B",,"T30:228_I11:264","R1:3513"
"WSM","BA:1794","EAR_EHRA_SEX_CUR_NB","SEX_T","CUR_TYPE_PPP","2022",6.252,"B",,"T30:228_I11:264","R1:3513"
"WSM","BA:1794","EAR_EHRA_SEX_CUR_NB","SEX_T","CUR_TYPE_USD","2022",4.273,"B",,"T30:228_I11:264","R1:3513"
"WSM","BA:1794","EAR_EHRA_SEX_CUR_NB","SEX_T","CUR_TYPE_LCU","2017",8.153,"B",,"T30:228_I11:264","R1:3513"
"WSM","BA:1794","EAR_EHRA_SEX_CUR_NB","SEX_T","CUR_TYPE_PPP","2017",4.404,"B",,"T30:228_I11:264","R1:3513"
"WSM","BA:1794","EAR_EHRA_SEX_CUR_NB","SEX_T","CUR_TYPE_USD","2017",3.192,"B",,"T30:228_I11:264","R1:3513"
"WSM","BA:1794","EAR_EHRA_SEX_CUR_NB","SEX_T","CUR_TYPE_LCU","2012",8.074,"B",,"T30:228_I11:264","R1:3513"
"WSM","BA:1794","EAR_EHRA_SEX_CUR_NB","SEX_T","CUR_TYPE_PPP","2012",4.25,"B",,"T30:228_I11:264","R1:3513"
"WSM","BA:1794","EAR_EHRA_SEX_CUR_NB","SEX_T","CUR_TYPE_USD","2012",3.522,"B",,"T30:228_I11:264","R1:3513"
"YEM","BA:13360","EAR_EHRA_SEX_CUR_NB","SEX_T","CUR_TYPE_LCU","2014",401.696,"B",,"T30:158_I11:264","R1:3513"
"YEM","BA:13360","EAR_EHRA_SEX_CUR_NB","SEX_T","CUR_TYPE_USD","2014",1.869,"B",,"T30:158_I11:264","R1:3513"
"ZAF","BA:595","EAR_EHRA_SEX_CUR_NB","SEX_T","CUR_TYPE_LCU","2019",20,,,"I20:3359_T9:131_T10:138_T11:142_T12:145_T30:46",
"ZAF","BA:595","EAR_EHRA_SEX_CUR_NB","SEX_T","CUR_TYPE_PPP","2019",2.762,,,"I20:3359_T9:131_T10:138_T11:142_T12:145_T30:46",
"ZAF","BA:595","EAR_EHRA_SEX_CUR_NB","SEX_T","CUR_TYPE_USD","2019",1.384,,,"I20:3359_T9:131_T10:138_T11:142_T12:145_T30:46",
"ZAF","BA:595","EAR_EHRA_SEX_CUR_NB","SEX_T","CUR_TYPE_LCU","2018",19,,,"I20:3359_T9:131_T10:138_T11:142_T12:145_T30:46",
"ZAF","BA:595","EAR_EHRA_SEX_CUR_NB","SEX_T","CUR_TYPE_PPP","2018",2.71,,,"I20:3359_T9:131_T10:138_T11:142_T12:145_T30:46",
"ZAF","BA:595","EAR_EHRA_SEX_CUR_NB","SEX_T","CUR_TYPE_USD","2018",1.436,,,"I20:3359_T9:131_T10:138_T11:142_T12:145_T30:46",
"ZAF","BA:595","EAR_EHRA_SEX_CUR_NB","SEX_T","CUR_TYPE_LCU","2017",0.102,,,"T8:128_T9:133_T10:138_T11:142_T12:145_T30:46","S5:38"
"ZAF","BA:595","EAR_EHRA_SEX_CUR_NB","SEX_T","CUR_TYPE_PPP","2017",0.015,,,"T8:128_T9:133_T10:138_T11:142_T12:145_T30:46","S5:38"
"ZAF","BA:595","EAR_EHRA_SEX_CUR_NB","SEX_T","CUR_TYPE_USD","2017",0.008,,,"T8:128_T9:133_T10:138_T11:142_T12:145_T30:46","S5:38"
"ZAF","BA:595","EAR_EHRA_SEX_CUR_NB","SEX_T","CUR_TYPE_LCU","2016",0.095,,,"T8:128_T9:133_T10:138_T11:142_T12:145_T30:46","S5:38"
"ZAF","BA:595","EAR_EHRA_SEX_CUR_NB","SEX_T","CUR_TYPE_PPP","2016",0.015,,,"T8:128_T9:133_T10:138_T11:142_T12:145_T30:46","S5:38"
"ZAF","BA:595","EAR_EHRA_SEX_CUR_NB","SEX_T","CUR_TYPE_USD","2016",0.006,,,"T8:128_T9:133_T10:138_T11:142_T12:145_T30:46","S5:38"
"ZAF","BA:595","EAR_EHRA_SEX_CUR_NB","SEX_T","CUR_TYPE_LCU","2015",50.08,,,"T30:46","R1:3513"
"ZAF","BA:595","EAR_EHRA_SEX_CUR_NB","SEX_T","CUR_TYPE_PPP","2015",8.259,,,"T30:46","R1:3513"
"ZAF","BA:595","EAR_EHRA_SEX_CUR_NB","SEX_T","CUR_TYPE_USD","2015",3.925,,,"T30:46","R1:3513"
"ZAF","BA:595","EAR_EHRA_SEX_CUR_NB","SEX_T","CUR_TYPE_LCU","2014",44.385,,,"T30:46","R1:3513"
"ZAF","BA:595","EAR_EHRA_SEX_CUR_NB","SEX_T","CUR_TYPE_PPP","2014",7.631,,,"T30:46","R1:3513"
"ZAF","BA:595","EAR_EHRA_SEX_CUR_NB","SEX_T","CUR_TYPE_USD","2014",4.09,,,"T30:46","R1:3513"
"ZAF","BA:595","EAR_EHRA_SEX_CUR_NB","SEX_T","CUR_TYPE_LCU","2013",47.569,,,"T30:46","R1:3513"
"ZAF","BA:595","EAR_EHRA_SEX_CUR_NB","SEX_T","CUR_TYPE_PPP","2013",8.673,,,"T30:46","R1:3513"
"ZAF","BA:595","EAR_EHRA_SEX_CUR_NB","SEX_T","CUR_TYPE_USD","2013",4.927,,,"T30:46","R1:3513"
"ZAF","BA:595","EAR_EHRA_SEX_CUR_NB","SEX_T","CUR_TYPE_LCU","2012",38.795,,,"T30:46","R1:3513"
"ZAF","BA:595","EAR_EHRA_SEX_CUR_NB","SEX_T","CUR_TYPE_PPP","2012",7.553,,,"T30:46","R1:3513"
"ZAF","BA:595","EAR_EHRA_SEX_CUR_NB","SEX_T","CUR_TYPE_USD","2012",4.725,,,"T30:46","R1:3513"
"ZAF","BA:595","EAR_EHRA_SEX_CUR_NB","SEX_T","CUR_TYPE_LCU","2011",34.346,,,"T30:46","R1:3513"
"ZAF","BA:595","EAR_EHRA_SEX_CUR_NB","SEX_T","CUR_TYPE_PPP","2011",6.827,,,"T30:46","R1:3513"
"ZAF","BA:595","EAR_EHRA_SEX_CUR_NB","SEX_T","CUR_TYPE_USD","2011",4.73,,,"T30:46","R1:3513"
"ZAF","BA:595","EAR_EHRA_SEX_CUR_NB","SEX_T","CUR_TYPE_LCU","2010",32.16,,,"T30:46","R1:3513"
"ZAF","BA:595","EAR_EHRA_SEX_CUR_NB","SEX_T","CUR_TYPE_PPP","2010",6.506,,,"T30:46","R1:3513"
"ZAF","BA:595","EAR_EHRA_SEX_CUR_NB","SEX_T","CUR_TYPE_USD","2010",4.393,,,"T30:46","R1:3513"
"ZAF","BA:595","EAR_EHRA_SEX_CUR_NB","SEX_T","CUR_TYPE_LCU","2007",20.56,,,"T30:46","R1:3513"
"ZAF","BA:595","EAR_EHRA_SEX_CUR_NB","SEX_T","CUR_TYPE_PPP","2007",4.851,,,"T30:46","R1:3513"
"ZAF","BA:595","EAR_EHRA_SEX_CUR_NB","SEX_T","CUR_TYPE_USD","2007",2.918,,,"T30:46","R1:3513"
"ZAF","BA:595","EAR_EHRA_SEX_CUR_NB","SEX_T","CUR_TYPE_LCU","2006",18.194,,,"T30:46","R1:3513"
"ZAF","BA:595","EAR_EHRA_SEX_CUR_NB","SEX_T","CUR_TYPE_PPP","2006",4.432,,,"T30:46","R1:3513"
"ZAF","BA:595","EAR_EHRA_SEX_CUR_NB","SEX_T","CUR_TYPE_USD","2006",2.687,,,"T30:46","R1:3513"
"ZAF","BA:595","EAR_EHRA_SEX_CUR_NB","SEX_T","CUR_TYPE_LCU","2005",15.865,,,"T30:46","R1:3513"
"ZAF","BA:595","EAR_EHRA_SEX_CUR_NB","SEX_T","CUR_TYPE_PPP","2005",3.865,,,"T30:46","R1:3513"
"ZAF","BA:595","EAR_EHRA_SEX_CUR_NB","SEX_T","CUR_TYPE_USD","2005",2.495,,,"T30:46","R1:3513"
"ZAF","BA:595","EAR_EHRA_SEX_CUR_NB","SEX_T","CUR_TYPE_LCU","2004",14.363,,,"T30:46","R1:3513"
"ZAF","BA:595","EAR_EHRA_SEX_CUR_NB","SEX_T","CUR_TYPE_PPP","2004",3.454,,,"T30:46","R1:3513"
"ZAF","BA:595","EAR_EHRA_SEX_CUR_NB","SEX_T","CUR_TYPE_USD","2004",2.223,,,"T30:46","R1:3513"
"ZAF","BA:595","EAR_EHRA_SEX_CUR_NB","SEX_T","CUR_TYPE_LCU","2003",13.825,,,"T30:46","R1:3513"
"ZAF","BA:595","EAR_EHRA_SEX_CUR_NB","SEX_T","CUR_TYPE_PPP","2003",3.216,,,"T30:46","R1:3513"
"ZAF","BA:595","EAR_EHRA_SEX_CUR_NB","SEX_T","CUR_TYPE_USD","2003",1.827,,,"T30:46","R1:3513"
"ZAF","BA:595","EAR_EHRA_SEX_CUR_NB","SEX_T","CUR_TYPE_LCU","2002",13.008,,,"T30:46","R1:3513"
"ZAF","BA:595","EAR_EHRA_SEX_CUR_NB","SEX_T","CUR_TYPE_PPP","2002",3.127,,,"T30:46","R1:3513"
"ZAF","BA:595","EAR_EHRA_SEX_CUR_NB","SEX_T","CUR_TYPE_USD","2002",1.234,,,"T30:46","R1:3513"
"ZAF","BA:595","EAR_EHRA_SEX_CUR_NB","SEX_T","CUR_TYPE_LCU","2001",13.214,,,"T30:46","R1:3513"
"ZAF","BA:595","EAR_EHRA_SEX_CUR_NB","SEX_T","CUR_TYPE_PPP","2001",3.424,,,"T30:46","R1:3513"
"ZAF","BA:595","EAR_EHRA_SEX_CUR_NB","SEX_T","CUR_TYPE_USD","2001",1.535,,,"T30:46","R1:3513"
"ZAF","BA:595","EAR_EHRA_SEX_CUR_NB","SEX_T","CUR_TYPE_LCU","2000",13.171,"B",,"T30:46_I11:264","R1:3513"
"ZAF","BA:595","EAR_EHRA_SEX_CUR_NB","SEX_T","CUR_TYPE_PPP","2000",3.508,"B",,"T30:46_I11:264","R1:3513"
"ZAF","BA:595","EAR_EHRA_SEX_CUR_NB","SEX_T","CUR_TYPE_USD","2000",1.898,"B",,"T30:46_I11:264","R1:3513"
"ZMB","BA:2212","EAR_EHRA_SEX_CUR_NB","SEX_T","CUR_TYPE_LCU","2024",24.988,,,"T30:379","R1:3513"
"ZMB","BA:2212","EAR_EHRA_SEX_CUR_NB","SEX_T","CUR_TYPE_PPP","2024",3.302,,,"T30:379","R1:3513"
"ZMB","BA:2212","EAR_EHRA_SEX_CUR_NB","SEX_T","CUR_TYPE_USD","2024",0.955,,,"T30:379","R1:3513"
"ZMB","BA:2212","EAR_EHRA_SEX_CUR_NB","SEX_T","CUR_TYPE_LCU","2023",18.536,,,"T30:379","R1:3513"
"ZMB","BA:2212","EAR_EHRA_SEX_CUR_NB","SEX_T","CUR_TYPE_PPP","2023",2.736,,,"T30:379","R1:3513"
"ZMB","BA:2212","EAR_EHRA_SEX_CUR_NB","SEX_T","CUR_TYPE_USD","2023",0.917,,,"T30:379","R1:3513"
"ZMB","BA:2212","EAR_EHRA_SEX_CUR_NB","SEX_T","CUR_TYPE_LCU","2022",20.666,,,"T30:379","R1:3513"
"ZMB","BA:2212","EAR_EHRA_SEX_CUR_NB","SEX_T","CUR_TYPE_PPP","2022",3.249,,,"T30:379","R1:3513"
"ZMB","BA:2212","EAR_EHRA_SEX_CUR_NB","SEX_T","CUR_TYPE_USD","2022",1.22,,,"T30:379","R1:3513"
"ZMB","BA:2212","EAR_EHRA_SEX_CUR_NB","SEX_T","CUR_TYPE_LCU","2021",18.873,,,"T30:379","R1:3513"
"ZMB","BA:2212","EAR_EHRA_SEX_CUR_NB","SEX_T","CUR_TYPE_PPP","2021",3.049,,,"T30:379","R1:3513"
"ZMB","BA:2212","EAR_EHRA_SEX_CUR_NB","SEX_T","CUR_TYPE_USD","2021",0.943,,,"T30:379","R1:3513"
"ZMB","BA:2212","EAR_EHRA_SEX_CUR_NB","SEX_T","CUR_TYPE_LCU","2020",18.158,,,"T30:379","R1:3513"
"ZMB","BA:2212","EAR_EHRA_SEX_CUR_NB","SEX_T","CUR_TYPE_PPP","2020",3.39,,,"T30:379","R1:3513"
"ZMB","BA:2212","EAR_EHRA_SEX_CUR_NB","SEX_T","CUR_TYPE_USD","2020",0.99,,,"T30:379","R1:3513"
"ZMB","BA:2212","EAR_EHRA_SEX_CUR_NB","SEX_T","CUR_TYPE_LCU","2019",17.544,,,"T30:379","R1:3513"
"ZMB","BA:2212","EAR_EHRA_SEX_CUR_NB","SEX_T","CUR_TYPE_PPP","2019",3.694,,,"T30:379","R1:3513"
"ZMB","BA:2212","EAR_EHRA_SEX_CUR_NB","SEX_T","CUR_TYPE_USD","2019",1.361,,,"T30:379","R1:3513"
"ZMB","BA:2212","EAR_EHRA_SEX_CUR_NB","SEX_T","CUR_TYPE_LCU","2018",17.265,"B",,"T30:379_I11:264","R1:3513"
"ZMB","BA:2212","EAR_EHRA_SEX_CUR_NB","SEX_T","CUR_TYPE_PPP","2018",3.886,"B",,"T30:379_I11:264","R1:3513"
"ZMB","BA:2212","EAR_EHRA_SEX_CUR_NB","SEX_T","CUR_TYPE_USD","2018",1.651,"B",,"T30:379_I11:264","R1:3513"
"ZMB","BA:2212","EAR_EHRA_SEX_CUR_NB","SEX_T","CUR_TYPE_LCU","2017",31.859,"B",,"T30:379_I11:264","R1:3513"
"ZMB","BA:2212","EAR_EHRA_SEX_CUR_NB","SEX_T","CUR_TYPE_PPP","2017",7.535,"B",,"T30:379_I11:264","R1:3513"
"ZMB","BA:2212","EAR_EHRA_SEX_CUR_NB","SEX_T","CUR_TYPE_USD","2017",3.347,"B",,"T30:379_I11:264","R1:3513"
"ZWE","BA:1823","EAR_EHRA_SEX_CUR_NB","SEX_T","CUR_TYPE_LCU","2014",2.143,,,"T30:58","R1:3513"
