"ref_area","source","indicator","sex","classif1","time","obs_value","obs_status","note_indicator","note_source"
"AFG","BA:15715","EAR_EHRM_SEX_CUR_NB","SEX_T","CUR_TYPE_LCU","2020",51.282,"B","T30:110_I11:264","R1:3513"
"AFG","BA:15715","EAR_EHRM_SEX_CUR_NB","SEX_T","CUR_TYPE_PPP","2020",3.248,"B","T30:110_I11:264","R1:3513"
"AFG","BA:15715","EAR_EHRM_SEX_CUR_NB","SEX_T","CUR_TYPE_USD","2020",0.668,"B","T30:110_I11:264","R1:3513"
"AFG","BB:6361","EAR_EHRM_SEX_CUR_NB","SEX_T","CUR_TYPE_LCU","2014",38.462,,"T30:110","R1:3513"
"AFG","BB:6361","EAR_EHRM_SEX_CUR_NB","SEX_T","CUR_TYPE_PPP","2014",2.25,,"T30:110","R1:3513"
"AFG","BB:6361","EAR_EHRM_SEX_CUR_NB","SEX_T","CUR_TYPE_USD","2014",0.672,,"T30:110","R1:3513"
"AGO","BA:13951","EAR_EHRM_SEX_CUR_NB","SEX_T","CUR_TYPE_LCU","2024",288.462,,"T30:2","R1:3513"
"AGO","BA:13951","EAR_EHRM_SEX_CUR_NB","SEX_T","CUR_TYPE_PPP","2024",0.927,,"T30:2","R1:3513"
"AGO","BA:13951","EAR_EHRM_SEX_CUR_NB","SEX_T","CUR_TYPE_USD","2024",0.332,,"T30:2","R1:3513"
"AGO","BA:13951","EAR_EHRM_SEX_CUR_NB","SEX_T","CUR_TYPE_LCU","2023",329.67,,"T30:2","R1:3513"
"AGO","BA:13951","EAR_EHRM_SEX_CUR_NB","SEX_T","CUR_TYPE_PPP","2023",1.32,,"T30:2","R1:3513"
"AGO","BA:13951","EAR_EHRM_SEX_CUR_NB","SEX_T","CUR_TYPE_USD","2023",0.481,,"T30:2","R1:3513"
"AGO","BA:13951","EAR_EHRM_SEX_CUR_NB","SEX_T","CUR_TYPE_LCU","2022",277.778,,"T30:2","R1:3513"
"AGO","BA:13951","EAR_EHRM_SEX_CUR_NB","SEX_T","CUR_TYPE_PPP","2022",1.214,,"T30:2","R1:3513"
"AGO","BA:13951","EAR_EHRM_SEX_CUR_NB","SEX_T","CUR_TYPE_USD","2022",0.603,,"T30:2","R1:3513"
"AGO","BA:13951","EAR_EHRM_SEX_CUR_NB","SEX_T","CUR_TYPE_LCU","2021",256.41,,"T30:2","R1:3513"
"AGO","BA:13951","EAR_EHRM_SEX_CUR_NB","SEX_T","CUR_TYPE_PPP","2021",1.259,,"T30:2","R1:3513"
"AGO","BA:13951","EAR_EHRM_SEX_CUR_NB","SEX_T","CUR_TYPE_USD","2021",0.406,,"T30:2","R1:3513"
"AGO","BA:13951","EAR_EHRM_SEX_CUR_NB","SEX_T","CUR_TYPE_LCU","2020",256.41,,"T30:2","R1:3513"
"AGO","BA:13951","EAR_EHRM_SEX_CUR_NB","SEX_T","CUR_TYPE_PPP","2020",1.498,,"T30:2","R1:3513"
"AGO","BA:13951","EAR_EHRM_SEX_CUR_NB","SEX_T","CUR_TYPE_USD","2020",0.443,,"T30:2","R1:3513"
"AGO","BA:13951","EAR_EHRM_SEX_CUR_NB","SEX_T","CUR_TYPE_LCU","2019",230.769,"B","T30:2_I11:264","R1:3513"
"AGO","BA:13951","EAR_EHRM_SEX_CUR_NB","SEX_T","CUR_TYPE_PPP","2019",1.587,"B","T30:2_I11:264","R1:3513"
"AGO","BA:13951","EAR_EHRM_SEX_CUR_NB","SEX_T","CUR_TYPE_USD","2019",0.632,"B","T30:2_I11:264","R1:3513"
"ARG","BA:150","EAR_EHRM_SEX_CUR_NB","SEX_T","CUR_TYPE_LCU","2025",5192.308,,"T30:61","R1:3513_S4:33"
"ARG","BA:150","EAR_EHRM_SEX_CUR_NB","SEX_T","CUR_TYPE_PPP","2025",7.852,,"T30:61","R1:3513_S4:33"
"ARG","BA:150","EAR_EHRM_SEX_CUR_NB","SEX_T","CUR_TYPE_USD","2025",4.184,,"T30:61","R1:3513_S4:33"
"ARG","BA:150","EAR_EHRM_SEX_CUR_NB","SEX_T","CUR_TYPE_LCU","2024",2937.063,,"T30:61","R1:3513_S4:33"
"ARG","BA:150","EAR_EHRM_SEX_CUR_NB","SEX_T","CUR_TYPE_PPP","2024",6.142,,"T30:61","R1:3513_S4:33"
"ARG","BA:150","EAR_EHRM_SEX_CUR_NB","SEX_T","CUR_TYPE_USD","2024",3.211,,"T30:61","R1:3513_S4:33"
"ARG","BA:150","EAR_EHRM_SEX_CUR_NB","SEX_T","CUR_TYPE_LCU","2023",944.056,,"T30:61","R1:3513_S4:33"
"ARG","BA:150","EAR_EHRM_SEX_CUR_NB","SEX_T","CUR_TYPE_PPP","2023",6.134,,"T30:61","R1:3513_S4:33"
"ARG","BA:150","EAR_EHRM_SEX_CUR_NB","SEX_T","CUR_TYPE_USD","2023",3.187,,"T30:61","R1:3513_S4:33"
"ARG","BA:150","EAR_EHRM_SEX_CUR_NB","SEX_T","CUR_TYPE_LCU","2022",432.692,,"T30:61","R1:3513_S4:33"
"ARG","BA:150","EAR_EHRM_SEX_CUR_NB","SEX_T","CUR_TYPE_PPP","2022",6.305,,"T30:61","R1:3513_S4:33"
"ARG","BA:150","EAR_EHRM_SEX_CUR_NB","SEX_T","CUR_TYPE_USD","2022",3.313,,"T30:61","R1:3513_S4:33"
"ARG","BA:150","EAR_EHRM_SEX_CUR_NB","SEX_T","CUR_TYPE_LCU","2021",276.923,,"T30:61","R1:3513_S4:33"
"ARG","BA:150","EAR_EHRM_SEX_CUR_NB","SEX_T","CUR_TYPE_PPP","2021",6.442,,"T30:61","R1:3513_S4:33"
"ARG","BA:150","EAR_EHRM_SEX_CUR_NB","SEX_T","CUR_TYPE_USD","2021",2.915,,"T30:61","R1:3513_S4:33"
"ARG","BA:150","EAR_EHRM_SEX_CUR_NB","SEX_T","CUR_TYPE_LCU","2020",199.453,,"T30:61","R1:3513_S4:33"
"ARG","BA:150","EAR_EHRM_SEX_CUR_NB","SEX_T","CUR_TYPE_PPP","2020",6.649,,"T30:61","R1:3513_S4:33"
"ARG","BA:150","EAR_EHRM_SEX_CUR_NB","SEX_T","CUR_TYPE_USD","2020",2.828,,"T30:61","R1:3513_S4:33"
"ARG","BA:150","EAR_EHRM_SEX_CUR_NB","SEX_T","CUR_TYPE_LCU","2019",138.462,,"T30:61","R1:3513_S4:33"
"ARG","BA:150","EAR_EHRM_SEX_CUR_NB","SEX_T","CUR_TYPE_PPP","2019",6.248,,"T30:61","R1:3513_S4:33"
"ARG","BA:150","EAR_EHRM_SEX_CUR_NB","SEX_T","CUR_TYPE_USD","2019",2.876,,"T30:61","R1:3513_S4:33"
"ARG","BA:150","EAR_EHRM_SEX_CUR_NB","SEX_T","CUR_TYPE_LCU","2018",96.154,,"T30:61","R1:3513_S4:33"
"ARG","BA:150","EAR_EHRM_SEX_CUR_NB","SEX_T","CUR_TYPE_PPP","2018",6.576,,"T30:61","R1:3513_S4:33"
"ARG","BA:150","EAR_EHRM_SEX_CUR_NB","SEX_T","CUR_TYPE_USD","2018",3.422,,"T30:61","R1:3513_S4:33"
"ARG","BA:150","EAR_EHRM_SEX_CUR_NB","SEX_T","CUR_TYPE_LCU","2017",76.923,,"T30:61","R1:3513_S4:33"
"ARG","BA:150","EAR_EHRM_SEX_CUR_NB","SEX_T","CUR_TYPE_PPP","2017",6.941,,"T30:61","R1:3513_S4:33"
"ARG","BA:150","EAR_EHRM_SEX_CUR_NB","SEX_T","CUR_TYPE_USD","2017",4.644,,"T30:61","R1:3513_S4:33"
"ARG","BA:150","EAR_EHRM_SEX_CUR_NB","SEX_T","CUR_TYPE_LCU","2014",33.654,,"T30:61_I13:3888","R1:3513_S4:33"
"ARG","BA:150","EAR_EHRM_SEX_CUR_NB","SEX_T","CUR_TYPE_PPP","2014",5.226,,"T30:61_I13:3888","R1:3513_S4:33"
"ARG","BA:150","EAR_EHRM_SEX_CUR_NB","SEX_T","CUR_TYPE_USD","2014",4.168,,"T30:61_I13:3888","R1:3513_S4:33"
"ARG","BA:150","EAR_EHRM_SEX_CUR_NB","SEX_T","CUR_TYPE_LCU","2013",25.481,,"T30:61_I13:3888","R1:3513_S4:33"
"ARG","BA:150","EAR_EHRM_SEX_CUR_NB","SEX_T","CUR_TYPE_PPP","2013",5.539,,"T30:61_I13:3888","R1:3513_S4:33"
"ARG","BA:150","EAR_EHRM_SEX_CUR_NB","SEX_T","CUR_TYPE_USD","2013",4.667,,"T30:61_I13:3888","R1:3513_S4:33"
"ARG","BA:150","EAR_EHRM_SEX_CUR_NB","SEX_T","CUR_TYPE_LCU","2012",19.832,,"T30:61_I13:3888","R1:3513_S4:33"
"ARG","BA:150","EAR_EHRM_SEX_CUR_NB","SEX_T","CUR_TYPE_PPP","2012",5.39,,"T30:61_I13:3888","R1:3513_S4:33"
"ARG","BA:150","EAR_EHRM_SEX_CUR_NB","SEX_T","CUR_TYPE_USD","2012",4.371,,"T30:61_I13:3888","R1:3513_S4:33"
"ARG","BA:150","EAR_EHRM_SEX_CUR_NB","SEX_T","CUR_TYPE_LCU","2011",15.385,,"T30:61_I13:3888","R1:3513_S4:33"
"ARG","BA:150","EAR_EHRM_SEX_CUR_NB","SEX_T","CUR_TYPE_PPP","2011",4.867,,"T30:61_I13:3888","R1:3513_S4:33"
"ARG","BA:150","EAR_EHRM_SEX_CUR_NB","SEX_T","CUR_TYPE_USD","2011",3.743,,"T30:61_I13:3888","R1:3513_S4:33"
"ARG","BA:150","EAR_EHRM_SEX_CUR_NB","SEX_T","CUR_TYPE_LCU","2010",11.539,,"T30:61_I13:3888","R1:3513_S4:33"
"ARG","BA:150","EAR_EHRM_SEX_CUR_NB","SEX_T","CUR_TYPE_USD","2010",2.961,,"T30:61_I13:3888","R1:3513_S4:33"
"ARG","BA:150","EAR_EHRM_SEX_CUR_NB","SEX_T","CUR_TYPE_LCU","2009",9.441,,"T30:61_I13:3888","R1:3513_S4:33"
"ARG","BA:150","EAR_EHRM_SEX_CUR_NB","SEX_T","CUR_TYPE_USD","2009",2.545,,"T30:61_I13:3888","R1:3513_S4:33"
"ARG","BA:150","EAR_EHRM_SEX_CUR_NB","SEX_T","CUR_TYPE_LCU","2008",7.692,,"T30:61_I13:3888","R1:3513_S4:33"
"ARG","BA:150","EAR_EHRM_SEX_CUR_NB","SEX_T","CUR_TYPE_USD","2008",2.446,,"T30:61_I13:3888","R1:3513_S4:33"
"ARG","BA:150","EAR_EHRM_SEX_CUR_NB","SEX_T","CUR_TYPE_LCU","2006",4.615,,"T30:61","R1:3513_S4:33"
"ARG","BA:150","EAR_EHRM_SEX_CUR_NB","SEX_T","CUR_TYPE_USD","2006",1.511,,"T30:61","R1:3513_S4:33"
"ARG","BA:150","EAR_EHRM_SEX_CUR_NB","SEX_T","CUR_TYPE_LCU","2005",3.846,,"T30:61","R1:3513_S4:33"
"ARG","BA:150","EAR_EHRM_SEX_CUR_NB","SEX_T","CUR_TYPE_USD","2005",1.325,,"T30:61","R1:3513_S4:33"
"ARG","BA:150","EAR_EHRM_SEX_CUR_NB","SEX_T","CUR_TYPE_LCU","2004",3.147,"B","T30:61_I11:264","R1:3513_S4:33"
"ARG","BA:150","EAR_EHRM_SEX_CUR_NB","SEX_T","CUR_TYPE_USD","2004",1.076,"B","T30:61_I11:264","R1:3513_S4:33"
"ARM","BA:867","EAR_EHRM_SEX_CUR_NB","SEX_T","CUR_TYPE_LCU","2017",475.964,,"T30:111","R1:3513_T3:240"
"ARM","BA:867","EAR_EHRM_SEX_CUR_NB","SEX_T","CUR_TYPE_PPP","2017",2.859,,"T30:111","R1:3513_T3:240"
"ARM","BA:867","EAR_EHRM_SEX_CUR_NB","SEX_T","CUR_TYPE_USD","2017",0.986,,"T30:111","R1:3513_T3:240"
"ARM","BA:867","EAR_EHRM_SEX_CUR_NB","SEX_T","CUR_TYPE_LCU","2016",475.964,,"T30:111","R1:3513_T3:240"
"ARM","BA:867","EAR_EHRM_SEX_CUR_NB","SEX_T","CUR_TYPE_PPP","2016",2.751,,"T30:111","R1:3513_T3:240"
"ARM","BA:867","EAR_EHRM_SEX_CUR_NB","SEX_T","CUR_TYPE_USD","2016",0.991,,"T30:111","R1:3513_T3:240"
"ARM","BA:867","EAR_EHRM_SEX_CUR_NB","SEX_T","CUR_TYPE_LCU","2015",461.538,,"T30:111","R1:3513_T3:240"
"ARM","BA:867","EAR_EHRM_SEX_CUR_NB","SEX_T","CUR_TYPE_PPP","2015",2.492,,"T30:111","R1:3513_T3:240"
"ARM","BA:867","EAR_EHRM_SEX_CUR_NB","SEX_T","CUR_TYPE_USD","2015",0.966,,"T30:111","R1:3513_T3:240"
"ARM","BA:867","EAR_EHRM_SEX_CUR_NB","SEX_T","CUR_TYPE_LCU","2014",432.692,"B","T30:111_I11:264","R1:3513_T3:240"
"ARM","BA:867","EAR_EHRM_SEX_CUR_NB","SEX_T","CUR_TYPE_PPP","2014",2.357,"B","T30:111_I11:264","R1:3513_T3:240"
"ARM","BA:867","EAR_EHRM_SEX_CUR_NB","SEX_T","CUR_TYPE_USD","2014",1.04,"B","T30:111_I11:264","R1:3513_T3:240"
"ARM","BB:173","EAR_EHRM_SEX_CUR_NB","SEX_T","CUR_TYPE_LCU","2013",403.846,,"T30:111","R1:3513_T3:240"
"ARM","BB:173","EAR_EHRM_SEX_CUR_NB","SEX_T","CUR_TYPE_PPP","2013",2.259,,"T30:111","R1:3513_T3:240"
"ARM","BB:173","EAR_EHRM_SEX_CUR_NB","SEX_T","CUR_TYPE_USD","2013",0.986,,"T30:111","R1:3513_T3:240"
"ARM","BB:173","EAR_EHRM_SEX_CUR_NB","SEX_T","CUR_TYPE_LCU","2012",384.615,,"T30:111","R1:3513_T3:240"
"ARM","BB:173","EAR_EHRM_SEX_CUR_NB","SEX_T","CUR_TYPE_PPP","2012",2.433,,"T30:111","R1:3513_T3:240"
"ARM","BB:173","EAR_EHRM_SEX_CUR_NB","SEX_T","CUR_TYPE_USD","2012",0.957,,"T30:111","R1:3513_T3:240"
"ARM","BB:173","EAR_EHRM_SEX_CUR_NB","SEX_T","CUR_TYPE_LCU","2011",380.769,,"T30:111","R1:3513_T3:240"
"ARM","BB:173","EAR_EHRM_SEX_CUR_NB","SEX_T","CUR_TYPE_PPP","2011",2.299,,"T30:111","R1:3513_T3:240"
"ARM","BB:173","EAR_EHRM_SEX_CUR_NB","SEX_T","CUR_TYPE_USD","2011",1.022,,"T30:111","R1:3513_T3:240"
"ARM","BB:173","EAR_EHRM_SEX_CUR_NB","SEX_T","CUR_TYPE_LCU","2010",346.154,,"T30:111","R1:3513_T3:240"
"ARM","BB:173","EAR_EHRM_SEX_CUR_NB","SEX_T","CUR_TYPE_PPP","2010",2.181,,"T30:111","R1:3513_T3:240"
"ARM","BB:173","EAR_EHRM_SEX_CUR_NB","SEX_T","CUR_TYPE_USD","2010",0.926,,"T30:111","R1:3513_T3:240"
"ARM","BB:173","EAR_EHRM_SEX_CUR_NB","SEX_T","CUR_TYPE_LCU","2007",259.615,"B","T30:111_I11:264","R1:3513_T3:240"
"ARM","BB:173","EAR_EHRM_SEX_CUR_NB","SEX_T","CUR_TYPE_PPP","2007",1.896,"B","T30:111_I11:264","R1:3513_T3:240"
"ARM","BB:173","EAR_EHRM_SEX_CUR_NB","SEX_T","CUR_TYPE_USD","2007",0.759,"B","T30:111_I11:264","R1:3513_T3:240"
"ATG","BA:16714","EAR_EHRM_SEX_CUR_NB","SEX_T","CUR_TYPE_LCU","2023",16.484,,"T30:60","R1:3513"
"ATG","BA:16714","EAR_EHRM_SEX_CUR_NB","SEX_T","CUR_TYPE_PPP","2023",7.659,,"T30:60","R1:3513"
"ATG","BA:16714","EAR_EHRM_SEX_CUR_NB","SEX_T","CUR_TYPE_USD","2023",6.105,,"T30:60","R1:3513"
"ATG","BA:16714","EAR_EHRM_SEX_CUR_NB","SEX_T","CUR_TYPE_LCU","2018",12.82,,"T30:60","R1:3513"
"ATG","BA:16714","EAR_EHRM_SEX_CUR_NB","SEX_T","CUR_TYPE_PPP","2018",5.412,,"T30:60","R1:3513"
"ATG","BA:16714","EAR_EHRM_SEX_CUR_NB","SEX_T","CUR_TYPE_USD","2018",4.748,,"T30:60","R1:3513"
"BDI","BB:7040","EAR_EHRM_SEX_CUR_NB","SEX_T","CUR_TYPE_LCU","2014",156.986,,"T30:6","R1:3513"
"BDI","BB:7040","EAR_EHRM_SEX_CUR_NB","SEX_T","CUR_TYPE_PPP","2014",0.281,,"T30:6","R1:3513"
"BDI","BB:7040","EAR_EHRM_SEX_CUR_NB","SEX_T","CUR_TYPE_USD","2014",0.102,,"T30:6","R1:3513"
"BEN","BB:426","EAR_EHRM_SEX_CUR_NB","SEX_T","CUR_TYPE_LCU","2011",288.462,,"T30:3","R1:3513"
"BEN","BB:426","EAR_EHRM_SEX_CUR_NB","SEX_T","CUR_TYPE_PPP","2011",1.28,,"T30:3","R1:3513"
"BEN","BB:426","EAR_EHRM_SEX_CUR_NB","SEX_T","CUR_TYPE_USD","2011",0.612,,"T30:3","R1:3513"
"BFA","BA:904","EAR_EHRM_SEX_CUR_NB","SEX_T","CUR_TYPE_LCU","2025",247.253,,"T30:5","R1:3513"
"BFA","BA:904","EAR_EHRM_SEX_CUR_NB","SEX_T","CUR_TYPE_PPP","2025",1.28,,"T30:5","R1:3513"
"BFA","BA:904","EAR_EHRM_SEX_CUR_NB","SEX_T","CUR_TYPE_USD","2025",0.425,,"T30:5","R1:3513"
"BFA","BA:904","EAR_EHRM_SEX_CUR_NB","SEX_T","CUR_TYPE_LCU","2024",288.765,,"T30:5","R1:3513"
"BFA","BA:904","EAR_EHRM_SEX_CUR_NB","SEX_T","CUR_TYPE_PPP","2024",1.448,,"T30:5","R1:3513"
"BFA","BA:904","EAR_EHRM_SEX_CUR_NB","SEX_T","CUR_TYPE_USD","2024",0.476,,"T30:5","R1:3513"
"BGD","BA:673","EAR_EHRM_SEX_CUR_NB","SEX_T","CUR_TYPE_LCU","2024",61.538,,"T30:114","R1:3513"
"BGD","BA:673","EAR_EHRM_SEX_CUR_NB","SEX_T","CUR_TYPE_PPP","2024",1.865,,"T30:114","R1:3513"
"BGD","BA:673","EAR_EHRM_SEX_CUR_NB","SEX_T","CUR_TYPE_USD","2024",0.532,,"T30:114","R1:3513"
"BGD","BA:673","EAR_EHRM_SEX_CUR_NB","SEX_T","CUR_TYPE_LCU","2023",51.282,,"T30:114","R1:3513"
"BGD","BA:673","EAR_EHRM_SEX_CUR_NB","SEX_T","CUR_TYPE_PPP","2023",1.668,,"T30:114","R1:3513"
"BGD","BA:673","EAR_EHRM_SEX_CUR_NB","SEX_T","CUR_TYPE_USD","2023",0.482,,"T30:114","R1:3513"
"BGD","BA:673","EAR_EHRM_SEX_CUR_NB","SEX_T","CUR_TYPE_LCU","2022",50.481,,"T30:114","R1:3513"
"BGD","BA:673","EAR_EHRM_SEX_CUR_NB","SEX_T","CUR_TYPE_PPP","2022",1.733,,"T30:114","R1:3513"
"BGD","BA:673","EAR_EHRM_SEX_CUR_NB","SEX_T","CUR_TYPE_USD","2022",0.55,,"T30:114","R1:3513"
"BGD","BA:673","EAR_EHRM_SEX_CUR_NB","SEX_T","CUR_TYPE_LCU","2017",41.538,,"T30:114","R1:3513"
"BGD","BA:673","EAR_EHRM_SEX_CUR_NB","SEX_T","CUR_TYPE_PPP","2017",1.432,,"T30:114","R1:3513"
"BGD","BA:673","EAR_EHRM_SEX_CUR_NB","SEX_T","CUR_TYPE_USD","2017",0.516,,"T30:114","R1:3513"
"BGD","BA:673","EAR_EHRM_SEX_CUR_NB","SEX_T","CUR_TYPE_LCU","2013",49.451,"B","T30:114_I11:264","R1:3513"
"BGD","BA:673","EAR_EHRM_SEX_CUR_NB","SEX_T","CUR_TYPE_PPP","2013",1.922,"B","T30:114_I11:264","R1:3513"
"BGD","BA:673","EAR_EHRM_SEX_CUR_NB","SEX_T","CUR_TYPE_USD","2013",0.633,"B","T30:114_I11:264","R1:3513"
"BHS","BA:17","EAR_EHRM_SEX_CUR_NB","SEX_T","CUR_TYPE_LCU","2023",9.615,,"T30:63","R1:3513"
"BHS","BA:17","EAR_EHRM_SEX_CUR_NB","SEX_T","CUR_TYPE_PPP","2023",8.473,,"T30:63","R1:3513"
"BHS","BA:17","EAR_EHRM_SEX_CUR_NB","SEX_T","CUR_TYPE_USD","2023",9.615,,"T30:63","R1:3513"
"BHS","BA:17","EAR_EHRM_SEX_CUR_NB","SEX_T","CUR_TYPE_LCU","2019",12,,"T30:63","R1:3513"
"BHS","BA:17","EAR_EHRM_SEX_CUR_NB","SEX_T","CUR_TYPE_PPP","2019",10.213,,"T30:63","R1:3513"
"BHS","BA:17","EAR_EHRM_SEX_CUR_NB","SEX_T","CUR_TYPE_USD","2019",12,,"T30:63","R1:3513"
"BIH","BA:493","EAR_EHRM_SEX_CUR_NB","SEX_T","CUR_TYPE_LCU","2025",11.539,,"T30:164","R1:3513"
"BIH","BA:493","EAR_EHRM_SEX_CUR_NB","SEX_T","CUR_TYPE_PPP","2025",15.004,,"T30:164","R1:3513"
"BIH","BA:493","EAR_EHRM_SEX_CUR_NB","SEX_T","CUR_TYPE_USD","2025",6.647,,"T30:164","R1:3513"
"BIH","BA:493","EAR_EHRM_SEX_CUR_NB","SEX_T","CUR_TYPE_LCU","2024",10,,"T30:164","R1:3513"
"BIH","BA:493","EAR_EHRM_SEX_CUR_NB","SEX_T","CUR_TYPE_PPP","2024",13.58,,"T30:164","R1:3513"
"BIH","BA:493","EAR_EHRM_SEX_CUR_NB","SEX_T","CUR_TYPE_USD","2024",5.532,,"T30:164","R1:3513"
"BIH","BA:493","EAR_EHRM_SEX_CUR_NB","SEX_T","CUR_TYPE_LCU","2023",6.923,"B","T30:164_I11:264","R1:3513"
"BIH","BA:493","EAR_EHRM_SEX_CUR_NB","SEX_T","CUR_TYPE_PPP","2023",9.4,"B","T30:164_I11:264","R1:3513"
"BIH","BA:493","EAR_EHRM_SEX_CUR_NB","SEX_T","CUR_TYPE_USD","2023",3.827,"B","T30:164_I11:264","R1:3513"
"BIH","BA:493","EAR_EHRM_SEX_CUR_NB","SEX_T","CUR_TYPE_LCU","2022",6.923,"B","T30:164_I11:264","R1:3513"
"BIH","BA:493","EAR_EHRM_SEX_CUR_NB","SEX_T","CUR_TYPE_PPP","2022",9.14,"B","T30:164_I11:264","R1:3513"
"BIH","BA:493","EAR_EHRM_SEX_CUR_NB","SEX_T","CUR_TYPE_USD","2022",3.723,"B","T30:164_I11:264","R1:3513"
"BIH","BA:493","EAR_EHRM_SEX_CUR_NB","SEX_T","CUR_TYPE_LCU","2021",6.923,"B","T30:164_I11:264","R1:3513"
"BIH","BA:493","EAR_EHRM_SEX_CUR_NB","SEX_T","CUR_TYPE_PPP","2021",9.084,"B","T30:164_I11:264","R1:3513"
"BIH","BA:493","EAR_EHRM_SEX_CUR_NB","SEX_T","CUR_TYPE_USD","2021",4.187,"B","T30:164_I11:264","R1:3513"
"BIH","BA:493","EAR_EHRM_SEX_CUR_NB","SEX_T","CUR_TYPE_LCU","2020",6.923,"B","I20:4077_T30:164_I11:264","R1:3513"
"BIH","BA:493","EAR_EHRM_SEX_CUR_NB","SEX_T","CUR_TYPE_PPP","2020",8.983,"B","I20:4077_T30:164_I11:264","R1:3513"
"BIH","BA:493","EAR_EHRM_SEX_CUR_NB","SEX_T","CUR_TYPE_USD","2020",4.032,"B","I20:4077_T30:164_I11:264","R1:3513"
"BIH","BA:493","EAR_EHRM_SEX_CUR_NB","SEX_T","CUR_TYPE_LCU","2016",3.462,,"T30:164","R1:3513"
"BIH","BA:493","EAR_EHRM_SEX_CUR_NB","SEX_T","CUR_TYPE_PPP","2016",4.407,,"T30:164","R1:3513"
"BIH","BA:493","EAR_EHRM_SEX_CUR_NB","SEX_T","CUR_TYPE_USD","2016",1.958,,"T30:164","R1:3513"
"BIH","BA:493","EAR_EHRM_SEX_CUR_NB","SEX_T","CUR_TYPE_LCU","2015",3.462,,"T30:164","R1:3513"
"BIH","BA:493","EAR_EHRM_SEX_CUR_NB","SEX_T","CUR_TYPE_PPP","2015",4.227,,"T30:164","R1:3513"
"BIH","BA:493","EAR_EHRM_SEX_CUR_NB","SEX_T","CUR_TYPE_USD","2015",1.963,,"T30:164","R1:3513"
"BIH","BA:493","EAR_EHRM_SEX_CUR_NB","SEX_T","CUR_TYPE_LCU","2014",3.462,,"T30:164","R1:3513"
"BIH","BA:493","EAR_EHRM_SEX_CUR_NB","SEX_T","CUR_TYPE_PPP","2014",4.2,,"T30:164","R1:3513"
"BIH","BA:493","EAR_EHRM_SEX_CUR_NB","SEX_T","CUR_TYPE_USD","2014",2.348,,"T30:164","R1:3513"
"BIH","BA:493","EAR_EHRM_SEX_CUR_NB","SEX_T","CUR_TYPE_LCU","2013",3.462,,"T30:164","R1:3513"
"BIH","BA:493","EAR_EHRM_SEX_CUR_NB","SEX_T","CUR_TYPE_PPP","2013",4.178,,"T30:164","R1:3513"
"BIH","BA:493","EAR_EHRM_SEX_CUR_NB","SEX_T","CUR_TYPE_USD","2013",2.35,,"T30:164","R1:3513"
"BIH","BA:493","EAR_EHRM_SEX_CUR_NB","SEX_T","CUR_TYPE_LCU","2012",3.462,,"T30:164","R1:3513"
"BIH","BA:493","EAR_EHRM_SEX_CUR_NB","SEX_T","CUR_TYPE_PPP","2012",4.06,,"T30:164","R1:3513"
"BIH","BA:493","EAR_EHRM_SEX_CUR_NB","SEX_T","CUR_TYPE_USD","2012",2.274,,"T30:164","R1:3513"
"BIH","BA:493","EAR_EHRM_SEX_CUR_NB","SEX_T","CUR_TYPE_LCU","2011",3.462,,"T30:164","R1:3513"
"BIH","BA:493","EAR_EHRM_SEX_CUR_NB","SEX_T","CUR_TYPE_PPP","2011",4.001,,"T30:164","R1:3513"
"BIH","BA:493","EAR_EHRM_SEX_CUR_NB","SEX_T","CUR_TYPE_USD","2011",2.46,,"T30:164","R1:3513"
"BIH","BA:493","EAR_EHRM_SEX_CUR_NB","SEX_T","CUR_TYPE_LCU","2010",3.462,,"T30:164","R1:3513"
"BIH","BA:493","EAR_EHRM_SEX_CUR_NB","SEX_T","CUR_TYPE_PPP","2010",3.928,,"T30:164","R1:3513"
"BIH","BA:493","EAR_EHRM_SEX_CUR_NB","SEX_T","CUR_TYPE_USD","2010",2.344,,"T30:164","R1:3513"
"BIH","BA:493","EAR_EHRM_SEX_CUR_NB","SEX_T","CUR_TYPE_LCU","2009",3.297,,"T30:164","R1:3513"
"BIH","BA:493","EAR_EHRM_SEX_CUR_NB","SEX_T","CUR_TYPE_PPP","2009",3.672,,"T30:164","R1:3513"
"BIH","BA:493","EAR_EHRM_SEX_CUR_NB","SEX_T","CUR_TYPE_USD","2009",2.342,,"T30:164","R1:3513"
"BIH","BA:493","EAR_EHRM_SEX_CUR_NB","SEX_T","CUR_TYPE_LCU","2008",2.885,,"T30:164","R1:3513"
"BIH","BA:493","EAR_EHRM_SEX_CUR_NB","SEX_T","CUR_TYPE_PPP","2008",3.133,,"T30:164","R1:3513"
"BIH","BA:493","EAR_EHRM_SEX_CUR_NB","SEX_T","CUR_TYPE_USD","2008",2.16,,"T30:164","R1:3513"
"BIH","BA:493","EAR_EHRM_SEX_CUR_NB","SEX_T","CUR_TYPE_LCU","2007",2.596,,"T30:164","R1:3513"
"BIH","BA:493","EAR_EHRM_SEX_CUR_NB","SEX_T","CUR_TYPE_PPP","2007",2.893,,"T30:164","R1:3513"
"BIH","BA:493","EAR_EHRM_SEX_CUR_NB","SEX_T","CUR_TYPE_USD","2007",1.817,,"T30:164","R1:3513"
"BIH","BA:493","EAR_EHRM_SEX_CUR_NB","SEX_T","CUR_TYPE_LCU","2006",2.164,"B","T30:164_I11:264","R1:3513"
"BIH","BA:493","EAR_EHRM_SEX_CUR_NB","SEX_T","CUR_TYPE_PPP","2006",2.432,"B","T30:164_I11:264","R1:3513"
"BIH","BA:493","EAR_EHRM_SEX_CUR_NB","SEX_T","CUR_TYPE_USD","2006",1.388,"B","T30:164_I11:264","R1:3513"
"BIH","BB:15892","EAR_EHRM_SEX_CUR_NB","SEX_T","CUR_TYPE_LCU","2001",1.731,,"T30:164","R1:3513"
"BIH","BB:15892","EAR_EHRM_SEX_CUR_NB","SEX_T","CUR_TYPE_USD","2001",0.792,,"T30:164","R1:3513"
"BLZ","BA:934","EAR_EHRM_SEX_CUR_NB","SEX_T","CUR_TYPE_LCU","2019",5.931,,"T30:65","R1:3513"
"BLZ","BA:934","EAR_EHRM_SEX_CUR_NB","SEX_T","CUR_TYPE_PPP","2019",4.645,,"T30:65","R1:3513"
"BLZ","BA:934","EAR_EHRM_SEX_CUR_NB","SEX_T","CUR_TYPE_USD","2019",2.966,,"T30:65","R1:3513"
"BLZ","BA:934","EAR_EHRM_SEX_CUR_NB","SEX_T","CUR_TYPE_LCU","2018",5.625,,"T30:65","R1:3513"
"BLZ","BA:934","EAR_EHRM_SEX_CUR_NB","SEX_T","CUR_TYPE_PPP","2018",4.114,,"T30:65","R1:3513"
"BLZ","BA:934","EAR_EHRM_SEX_CUR_NB","SEX_T","CUR_TYPE_USD","2018",2.812,,"T30:65","R1:3513"
"BOL","BA:74","EAR_EHRM_SEX_CUR_NB","SEX_T","CUR_TYPE_LCU","2025",15.21,,"T30:67","R1:3513"
"BOL","BA:74","EAR_EHRM_SEX_CUR_NB","SEX_T","CUR_TYPE_PPP","2025",5.635,,"T30:67","R1:3513"
"BOL","BA:74","EAR_EHRM_SEX_CUR_NB","SEX_T","CUR_TYPE_USD","2025",2.201,,"T30:67","R1:3513"
"BOL","BA:74","EAR_EHRM_SEX_CUR_NB","SEX_T","CUR_TYPE_LCU","2024",14.988,,"T30:67","R1:3513"
"BOL","BA:74","EAR_EHRM_SEX_CUR_NB","SEX_T","CUR_TYPE_PPP","2024",6.462,,"T30:67","R1:3513"
"BOL","BA:74","EAR_EHRM_SEX_CUR_NB","SEX_T","CUR_TYPE_USD","2024",2.169,,"T30:67","R1:3513"
"BOL","BA:74","EAR_EHRM_SEX_CUR_NB","SEX_T","CUR_TYPE_LCU","2023",14.904,,"T30:67","R1:3513"
"BOL","BA:74","EAR_EHRM_SEX_CUR_NB","SEX_T","CUR_TYPE_PPP","2023",6.56,,"T30:67","R1:3513"
"BOL","BA:74","EAR_EHRM_SEX_CUR_NB","SEX_T","CUR_TYPE_USD","2023",2.157,,"T30:67","R1:3513"
"BOL","BA:74","EAR_EHRM_SEX_CUR_NB","SEX_T","CUR_TYPE_LCU","2022",14.423,,"T30:67","R1:3513"
"BOL","BA:74","EAR_EHRM_SEX_CUR_NB","SEX_T","CUR_TYPE_PPP","2022",6.255,,"T30:67","R1:3513"
"BOL","BA:74","EAR_EHRM_SEX_CUR_NB","SEX_T","CUR_TYPE_USD","2022",2.087,,"T30:67","R1:3513"
"BOL","BA:74","EAR_EHRM_SEX_CUR_NB","SEX_T","CUR_TYPE_LCU","2021",14.423,"B","T30:67_I11:264","R1:3513"
"BOL","BA:74","EAR_EHRM_SEX_CUR_NB","SEX_T","CUR_TYPE_PPP","2021",5.892,"B","T30:67_I11:264","R1:3513"
"BOL","BA:74","EAR_EHRM_SEX_CUR_NB","SEX_T","CUR_TYPE_USD","2021",2.087,"B","T30:67_I11:264","R1:3513"
"BOL","BB:15890","EAR_EHRM_SEX_CUR_NB","SEX_T","CUR_TYPE_LCU","2004",3.462,"B","T30:67_I11:264","R1:3513"
"BOL","BB:15890","EAR_EHRM_SEX_CUR_NB","SEX_T","CUR_TYPE_PPP","2004",1.594,"B","T30:67_I11:264","R1:3513"
"BOL","BB:15890","EAR_EHRM_SEX_CUR_NB","SEX_T","CUR_TYPE_USD","2004",0.436,"B","T30:67_I11:264","R1:3513"
"BOL","BX:15722","EAR_EHRM_SEX_CUR_NB","SEX_T","CUR_TYPE_LCU","2002",3.97,,"T30:67","R1:3513"
"BOL","BX:15722","EAR_EHRM_SEX_CUR_NB","SEX_T","CUR_TYPE_PPP","2002",1.879,,"T30:67","R1:3513"
"BOL","BX:15722","EAR_EHRM_SEX_CUR_NB","SEX_T","CUR_TYPE_USD","2002",0.554,,"T30:67","R1:3513"
"BOL","BX:15722","EAR_EHRM_SEX_CUR_NB","SEX_T","CUR_TYPE_LCU","2001",4.063,,"T30:67","R1:3513"
"BOL","BX:15722","EAR_EHRM_SEX_CUR_NB","SEX_T","CUR_TYPE_PPP","2001",1.911,,"T30:67","R1:3513"
"BOL","BX:15722","EAR_EHRM_SEX_CUR_NB","SEX_T","CUR_TYPE_USD","2001",0.615,,"T30:67","R1:3513"
"BOL","BX:15722","EAR_EHRM_SEX_CUR_NB","SEX_T","CUR_TYPE_LCU","2000",4.039,,"T30:67","R1:3513"
"BOL","BX:15722","EAR_EHRM_SEX_CUR_NB","SEX_T","CUR_TYPE_PPP","2000",1.876,,"T30:67","R1:3513"
"BOL","BX:15722","EAR_EHRM_SEX_CUR_NB","SEX_T","CUR_TYPE_USD","2000",0.653,,"T30:67","R1:3513"
"BRA","BX:6355","EAR_EHRM_SEX_CUR_NB","SEX_T","CUR_TYPE_LCU","2025",13.112,,"T30:68","R1:3513"
"BRA","BX:6355","EAR_EHRM_SEX_CUR_NB","SEX_T","CUR_TYPE_PPP","2025",5.079,,"T30:68","R1:3513"
"BRA","BX:6355","EAR_EHRM_SEX_CUR_NB","SEX_T","CUR_TYPE_USD","2025",2.347,,"T30:68","R1:3513"
"BRA","BX:6355","EAR_EHRM_SEX_CUR_NB","SEX_T","CUR_TYPE_LCU","2024",11.539,,"T30:68","R1:3513"
"BRA","BX:6355","EAR_EHRM_SEX_CUR_NB","SEX_T","CUR_TYPE_PPP","2024",4.571,,"T30:68","R1:3513"
"BRA","BX:6355","EAR_EHRM_SEX_CUR_NB","SEX_T","CUR_TYPE_USD","2024",2.141,,"T30:68","R1:3513"
"BRA","BX:6355","EAR_EHRM_SEX_CUR_NB","SEX_T","CUR_TYPE_LCU","2023",10.961,,"T30:68","R1:3513"
"BRA","BX:6355","EAR_EHRM_SEX_CUR_NB","SEX_T","CUR_TYPE_PPP","2023",4.402,,"T30:68","R1:3513"
"BRA","BX:6355","EAR_EHRM_SEX_CUR_NB","SEX_T","CUR_TYPE_USD","2023",2.195,,"T30:68","R1:3513"
"BRA","BX:6355","EAR_EHRM_SEX_CUR_NB","SEX_T","CUR_TYPE_LCU","2022",9.965,,"T30:68","R1:3513"
"BRA","BX:6355","EAR_EHRM_SEX_CUR_NB","SEX_T","CUR_TYPE_PPP","2022",4.02,,"T30:68","R1:3513"
"BRA","BX:6355","EAR_EHRM_SEX_CUR_NB","SEX_T","CUR_TYPE_USD","2022",1.93,,"T30:68","R1:3513"
"BRA","BX:6355","EAR_EHRM_SEX_CUR_NB","SEX_T","CUR_TYPE_LCU","2021",9.231,,"T30:68","R1:3513"
"BRA","BX:6355","EAR_EHRM_SEX_CUR_NB","SEX_T","CUR_TYPE_PPP","2021",3.768,,"T30:68","R1:3513"
"BRA","BX:6355","EAR_EHRM_SEX_CUR_NB","SEX_T","CUR_TYPE_USD","2021",1.711,,"T30:68","R1:3513"
"BRA","BX:6355","EAR_EHRM_SEX_CUR_NB","SEX_T","CUR_TYPE_LCU","2020",9.231,,"T30:68","R1:3513"
"BRA","BX:6355","EAR_EHRM_SEX_CUR_NB","SEX_T","CUR_TYPE_PPP","2020",3.938,,"T30:68","R1:3513"
"BRA","BX:6355","EAR_EHRM_SEX_CUR_NB","SEX_T","CUR_TYPE_USD","2020",1.791,,"T30:68","R1:3513"
"BRA","BX:6355","EAR_EHRM_SEX_CUR_NB","SEX_T","CUR_TYPE_LCU","2019",8.654,,"T30:68","R1:3513"
"BRA","BX:6355","EAR_EHRM_SEX_CUR_NB","SEX_T","CUR_TYPE_PPP","2019",3.699,,"T30:68","R1:3513"
"BRA","BX:6355","EAR_EHRM_SEX_CUR_NB","SEX_T","CUR_TYPE_USD","2019",2.194,,"T30:68","R1:3513"
"BRA","BX:6355","EAR_EHRM_SEX_CUR_NB","SEX_T","CUR_TYPE_LCU","2018",8.333,,"T30:68","R1:3513"
"BRA","BX:6355","EAR_EHRM_SEX_CUR_NB","SEX_T","CUR_TYPE_PPP","2018",3.554,,"T30:68","R1:3513"
"BRA","BX:6355","EAR_EHRM_SEX_CUR_NB","SEX_T","CUR_TYPE_USD","2018",2.281,,"T30:68","R1:3513"
"BRA","BX:6355","EAR_EHRM_SEX_CUR_NB","SEX_T","CUR_TYPE_LCU","2017",7.867,,"T30:68","R1:3513"
"BRA","BX:6355","EAR_EHRM_SEX_CUR_NB","SEX_T","CUR_TYPE_PPP","2017",3.306,,"T30:68","R1:3513"
"BRA","BX:6355","EAR_EHRM_SEX_CUR_NB","SEX_T","CUR_TYPE_USD","2017",2.465,,"T30:68","R1:3513"
"BRA","BX:6355","EAR_EHRM_SEX_CUR_NB","SEX_T","CUR_TYPE_LCU","2016",7.5,,"T30:68","R1:3513"
"BRA","BX:6355","EAR_EHRM_SEX_CUR_NB","SEX_T","CUR_TYPE_PPP","2016",3.274,,"T30:68","R1:3513"
"BRA","BX:6355","EAR_EHRM_SEX_CUR_NB","SEX_T","CUR_TYPE_USD","2016",2.148,,"T30:68","R1:3513"
"BRA","BX:6355","EAR_EHRM_SEX_CUR_NB","SEX_T","CUR_TYPE_LCU","2015",6.844,,"T30:68","R1:3513"
"BRA","BX:6355","EAR_EHRM_SEX_CUR_NB","SEX_T","CUR_TYPE_PPP","2015",3.238,,"T30:68","R1:3513"
"BRA","BX:6355","EAR_EHRM_SEX_CUR_NB","SEX_T","CUR_TYPE_USD","2015",2.057,,"T30:68","R1:3513"
"BRA","BX:6355","EAR_EHRM_SEX_CUR_NB","SEX_T","CUR_TYPE_LCU","2014",6.239,,"T30:68","R1:3513"
"BRA","BX:6355","EAR_EHRM_SEX_CUR_NB","SEX_T","CUR_TYPE_PPP","2014",3.246,,"T30:68","R1:3513"
"BRA","BX:6355","EAR_EHRM_SEX_CUR_NB","SEX_T","CUR_TYPE_USD","2014",2.652,,"T30:68","R1:3513"
"BRA","BX:6355","EAR_EHRM_SEX_CUR_NB","SEX_T","CUR_TYPE_LCU","2013",5.769,,"T30:68","R1:3513"
"BRA","BX:6355","EAR_EHRM_SEX_CUR_NB","SEX_T","CUR_TYPE_PPP","2013",3.196,,"T30:68","R1:3513"
"BRA","BX:6355","EAR_EHRM_SEX_CUR_NB","SEX_T","CUR_TYPE_USD","2013",2.676,,"T30:68","R1:3513"
"BRA","BX:6355","EAR_EHRM_SEX_CUR_NB","SEX_T","CUR_TYPE_LCU","2012",5.192,"B","T30:68_I11:264","R1:3513"
"BRA","BX:6355","EAR_EHRM_SEX_CUR_NB","SEX_T","CUR_TYPE_PPP","2012",3.111,"B","T30:68_I11:264","R1:3513"
"BRA","BX:6355","EAR_EHRM_SEX_CUR_NB","SEX_T","CUR_TYPE_USD","2012",2.659,"B","T30:68_I11:264","R1:3513"
"BRN","BA:8230","EAR_EHRM_SEX_CUR_NB","SEX_T","CUR_TYPE_LCU","2014",5.914,"B","T30:116_I11:264","R1:3513"
"BRN","BA:8230","EAR_EHRM_SEX_CUR_NB","SEX_T","CUR_TYPE_PPP","2014",7.807,"B","T30:116_I11:264","R1:3513"
"BRN","BA:8230","EAR_EHRM_SEX_CUR_NB","SEX_T","CUR_TYPE_USD","2014",4.667,"B","T30:116_I11:264","R1:3513"
"BTN","BA:625","EAR_EHRM_SEX_CUR_NB","SEX_T","CUR_TYPE_LCU","2022",86.538,,"T30:115","R1:3513"
"BTN","BA:625","EAR_EHRM_SEX_CUR_NB","SEX_T","CUR_TYPE_PPP","2022",4.142,,"T30:115","R1:3513"
"BTN","BA:625","EAR_EHRM_SEX_CUR_NB","SEX_T","CUR_TYPE_USD","2022",1.101,,"T30:115","R1:3513"
"BTN","BA:625","EAR_EHRM_SEX_CUR_NB","SEX_T","CUR_TYPE_LCU","2021",85.482,,"T30:115","R1:3513"
"BTN","BA:625","EAR_EHRM_SEX_CUR_NB","SEX_T","CUR_TYPE_PPP","2021",4.002,,"T30:115","R1:3513"
"BTN","BA:625","EAR_EHRM_SEX_CUR_NB","SEX_T","CUR_TYPE_USD","2021",1.156,,"T30:115","R1:3513"
"BTN","BA:625","EAR_EHRM_SEX_CUR_NB","SEX_T","CUR_TYPE_LCU","2020",83.333,,"T30:115","R1:3513"
"BTN","BA:625","EAR_EHRM_SEX_CUR_NB","SEX_T","CUR_TYPE_PPP","2020",4.021,,"T30:115","R1:3513"
"BTN","BA:625","EAR_EHRM_SEX_CUR_NB","SEX_T","CUR_TYPE_USD","2020",1.125,,"T30:115","R1:3513"
"BTN","BA:625","EAR_EHRM_SEX_CUR_NB","SEX_T","CUR_TYPE_LCU","2019",76.923,,"T30:115","R1:3513"
"BTN","BA:625","EAR_EHRM_SEX_CUR_NB","SEX_T","CUR_TYPE_PPP","2019",3.765,,"T30:115","R1:3513"
"BTN","BA:625","EAR_EHRM_SEX_CUR_NB","SEX_T","CUR_TYPE_USD","2019",1.092,,"T30:115","R1:3513"
"BTN","BA:625","EAR_EHRM_SEX_CUR_NB","SEX_T","CUR_TYPE_LCU","2018",62.937,,"T30:115","R1:3513"
"BTN","BA:625","EAR_EHRM_SEX_CUR_NB","SEX_T","CUR_TYPE_PPP","2018",3.105,,"T30:115","R1:3513"
"BTN","BA:625","EAR_EHRM_SEX_CUR_NB","SEX_T","CUR_TYPE_USD","2018",0.92,,"T30:115","R1:3513"
"BWA","BX:15710","EAR_EHRM_SEX_CUR_NB","SEX_T","CUR_TYPE_LCU","2024",12.019,,"T30:4","R1:3513"
"BWA","BX:15710","EAR_EHRM_SEX_CUR_NB","SEX_T","CUR_TYPE_PPP","2024",2.262,,"T30:4","R1:3513"
"BWA","BX:15710","EAR_EHRM_SEX_CUR_NB","SEX_T","CUR_TYPE_USD","2024",0.886,,"T30:4","R1:3513"
"BWA","BX:15710","EAR_EHRM_SEX_CUR_NB","SEX_T","CUR_TYPE_LCU","2023",11.539,,"T30:4","R1:3513"
"BWA","BX:15710","EAR_EHRM_SEX_CUR_NB","SEX_T","CUR_TYPE_PPP","2023",2.169,,"T30:4","R1:3513"
"BWA","BX:15710","EAR_EHRM_SEX_CUR_NB","SEX_T","CUR_TYPE_USD","2023",0.849,,"T30:4","R1:3513"
"BWA","BX:15710","EAR_EHRM_SEX_CUR_NB","SEX_T","CUR_TYPE_LCU","2022",11.539,,"T30:4","R1:3513"
"BWA","BX:15710","EAR_EHRM_SEX_CUR_NB","SEX_T","CUR_TYPE_PPP","2022",2.189,,"T30:4","R1:3513"
"BWA","BX:15710","EAR_EHRM_SEX_CUR_NB","SEX_T","CUR_TYPE_USD","2022",0.933,,"T30:4","R1:3513"
"BWA","BX:15710","EAR_EHRM_SEX_CUR_NB","SEX_T","CUR_TYPE_LCU","2021",11.907,,"T30:4","R1:3513"
"BWA","BX:15710","EAR_EHRM_SEX_CUR_NB","SEX_T","CUR_TYPE_PPP","2021",2.336,,"T30:4","R1:3513"
"BWA","BX:15710","EAR_EHRM_SEX_CUR_NB","SEX_T","CUR_TYPE_USD","2021",1.074,,"T30:4","R1:3513"
"BWA","BX:15710","EAR_EHRM_SEX_CUR_NB","SEX_T","CUR_TYPE_LCU","2020",10,,"T30:4","R1:3513"
"BWA","BX:15710","EAR_EHRM_SEX_CUR_NB","SEX_T","CUR_TYPE_PPP","2020",1.98,,"T30:4","R1:3513"
"BWA","BX:15710","EAR_EHRM_SEX_CUR_NB","SEX_T","CUR_TYPE_USD","2020",0.873,,"T30:4","R1:3513"
"BWA","BX:15710","EAR_EHRM_SEX_CUR_NB","SEX_T","CUR_TYPE_LCU","2019",9.615,"B","T30:4_I11:264","R1:3513"
"BWA","BX:15710","EAR_EHRM_SEX_CUR_NB","SEX_T","CUR_TYPE_PPP","2019",1.867,"B","T30:4_I11:264","R1:3513"
"BWA","BX:15710","EAR_EHRM_SEX_CUR_NB","SEX_T","CUR_TYPE_USD","2019",0.894,"B","T30:4_I11:264","R1:3513"
"CAN","BA:147","EAR_EHRM_SEX_CUR_NB","SEX_T","CUR_TYPE_LCU","2025",32,,"T30:69","R1:3513"
"CAN","BA:147","EAR_EHRM_SEX_CUR_NB","SEX_T","CUR_TYPE_PPP","2025",25.387,,"T30:69","R1:3513"
"CAN","BA:147","EAR_EHRM_SEX_CUR_NB","SEX_T","CUR_TYPE_USD","2025",22.888,,"T30:69","R1:3513"
"CAN","BA:147","EAR_EHRM_SEX_CUR_NB","SEX_T","CUR_TYPE_LCU","2024",30.374,,"T30:69","R1:3513"
"CAN","BA:147","EAR_EHRM_SEX_CUR_NB","SEX_T","CUR_TYPE_PPP","2024",24.478,,"T30:69","R1:3513"
"CAN","BA:147","EAR_EHRM_SEX_CUR_NB","SEX_T","CUR_TYPE_USD","2024",22.182,,"T30:69","R1:3513"
"CAN","BA:147","EAR_EHRM_SEX_CUR_NB","SEX_T","CUR_TYPE_LCU","2023",29.333,,"T30:69","R1:3513"
"CAN","BA:147","EAR_EHRM_SEX_CUR_NB","SEX_T","CUR_TYPE_PPP","2023",23.903,,"T30:69","R1:3513"
"CAN","BA:147","EAR_EHRM_SEX_CUR_NB","SEX_T","CUR_TYPE_USD","2023",21.73,,"T30:69","R1:3513"
"CAN","BA:147","EAR_EHRM_SEX_CUR_NB","SEX_T","CUR_TYPE_LCU","2022",28,,"T30:69","R1:3513"
"CAN","BA:147","EAR_EHRM_SEX_CUR_NB","SEX_T","CUR_TYPE_PPP","2022",22.777,,"T30:69","R1:3513"
"CAN","BA:147","EAR_EHRM_SEX_CUR_NB","SEX_T","CUR_TYPE_USD","2022",21.513,,"T30:69","R1:3513"
"CAN","BA:147","EAR_EHRM_SEX_CUR_NB","SEX_T","CUR_TYPE_LCU","2021",26.92,,"T30:69","R1:3513"
"CAN","BA:147","EAR_EHRM_SEX_CUR_NB","SEX_T","CUR_TYPE_PPP","2021",21.642,,"T30:69","R1:3513"
"CAN","BA:147","EAR_EHRM_SEX_CUR_NB","SEX_T","CUR_TYPE_USD","2021",21.469,,"T30:69","R1:3513"
"CAN","BA:147","EAR_EHRM_SEX_CUR_NB","SEX_T","CUR_TYPE_LCU","2020",26.9,,"T30:69","R1:3513"
"CAN","BA:147","EAR_EHRM_SEX_CUR_NB","SEX_T","CUR_TYPE_PPP","2020",20.911,,"T30:69","R1:3513"
"CAN","BA:147","EAR_EHRM_SEX_CUR_NB","SEX_T","CUR_TYPE_USD","2020",20.057,,"T30:69","R1:3513"
"CAN","BA:147","EAR_EHRM_SEX_CUR_NB","SEX_T","CUR_TYPE_LCU","2019",25,,"T30:69","R1:3513"
"CAN","BA:147","EAR_EHRM_SEX_CUR_NB","SEX_T","CUR_TYPE_PPP","2019",19.081,,"T30:69","R1:3513"
"CAN","BA:147","EAR_EHRM_SEX_CUR_NB","SEX_T","CUR_TYPE_USD","2019",18.842,,"T30:69","R1:3513"
"CAN","BA:147","EAR_EHRM_SEX_CUR_NB","SEX_T","CUR_TYPE_LCU","2018",23.914,,"T30:69","R1:3513"
"CAN","BA:147","EAR_EHRM_SEX_CUR_NB","SEX_T","CUR_TYPE_PPP","2018",18.58,,"T30:69","R1:3513"
"CAN","BA:147","EAR_EHRM_SEX_CUR_NB","SEX_T","CUR_TYPE_USD","2018",18.454,,"T30:69","R1:3513"
"CAN","BA:147","EAR_EHRM_SEX_CUR_NB","SEX_T","CUR_TYPE_LCU","2017",23.336,,"T30:69","R1:3513"
"CAN","BA:147","EAR_EHRM_SEX_CUR_NB","SEX_T","CUR_TYPE_PPP","2017",17.972,,"T30:69","R1:3513"
"CAN","BA:147","EAR_EHRM_SEX_CUR_NB","SEX_T","CUR_TYPE_USD","2017",17.98,,"T30:69","R1:3513"
"CAN","BA:147","EAR_EHRM_SEX_CUR_NB","SEX_T","CUR_TYPE_LCU","2016",23,,"T30:69","R1:3513"
"CAN","BA:147","EAR_EHRM_SEX_CUR_NB","SEX_T","CUR_TYPE_PPP","2016",17.682,,"T30:69","R1:3513"
"CAN","BA:147","EAR_EHRM_SEX_CUR_NB","SEX_T","CUR_TYPE_USD","2016",17.35,,"T30:69","R1:3513"
"CAN","BA:147","EAR_EHRM_SEX_CUR_NB","SEX_T","CUR_TYPE_LCU","2015",22.5,,"T30:69","R1:3513"
"CAN","BA:147","EAR_EHRM_SEX_CUR_NB","SEX_T","CUR_TYPE_PPP","2015",16.788,,"T30:69","R1:3513"
"CAN","BA:147","EAR_EHRM_SEX_CUR_NB","SEX_T","CUR_TYPE_USD","2015",17.595,,"T30:69","R1:3513"
"CAN","BA:147","EAR_EHRM_SEX_CUR_NB","SEX_T","CUR_TYPE_LCU","2014",22,,"T30:69","R1:3513"
"CAN","BA:147","EAR_EHRM_SEX_CUR_NB","SEX_T","CUR_TYPE_PPP","2014",16.778,,"T30:69","R1:3513"
"CAN","BA:147","EAR_EHRM_SEX_CUR_NB","SEX_T","CUR_TYPE_USD","2014",19.914,,"T30:69","R1:3513"
"CAN","BA:147","EAR_EHRM_SEX_CUR_NB","SEX_T","CUR_TYPE_LCU","2013",21.429,,"T30:69","R1:3513"
"CAN","BA:147","EAR_EHRM_SEX_CUR_NB","SEX_T","CUR_TYPE_PPP","2013",16.445,,"T30:69","R1:3513"
"CAN","BA:147","EAR_EHRM_SEX_CUR_NB","SEX_T","CUR_TYPE_USD","2013",20.802,,"T30:69","R1:3513"
"CAN","BA:147","EAR_EHRM_SEX_CUR_NB","SEX_T","CUR_TYPE_LCU","2012",20.921,,"T30:69","R1:3513"
"CAN","BA:147","EAR_EHRM_SEX_CUR_NB","SEX_T","CUR_TYPE_PPP","2012",16.291,,"T30:69","R1:3513"
"CAN","BA:147","EAR_EHRM_SEX_CUR_NB","SEX_T","CUR_TYPE_USD","2012",20.934,,"T30:69","R1:3513"
"CAN","BA:147","EAR_EHRM_SEX_CUR_NB","SEX_T","CUR_TYPE_LCU","2011",20.408,,"T30:69","R1:3513"
"CAN","BA:147","EAR_EHRM_SEX_CUR_NB","SEX_T","CUR_TYPE_PPP","2011",15.887,,"T30:69","R1:3513"
"CAN","BA:147","EAR_EHRM_SEX_CUR_NB","SEX_T","CUR_TYPE_USD","2011",20.629,,"T30:69","R1:3513"
"CAN","BA:147","EAR_EHRM_SEX_CUR_NB","SEX_T","CUR_TYPE_LCU","2010",20.084,,"T30:69","R1:3513"
"CAN","BA:147","EAR_EHRM_SEX_CUR_NB","SEX_T","CUR_TYPE_PPP","2010",15.499,,"T30:69","R1:3513"
"CAN","BA:147","EAR_EHRM_SEX_CUR_NB","SEX_T","CUR_TYPE_USD","2010",19.497,,"T30:69","R1:3513"
"CAN","BA:147","EAR_EHRM_SEX_CUR_NB","SEX_T","CUR_TYPE_LCU","2009",20,,"T30:69","R1:3513"
"CAN","BA:147","EAR_EHRM_SEX_CUR_NB","SEX_T","CUR_TYPE_PPP","2009",15.366,,"T30:69","R1:3513"
"CAN","BA:147","EAR_EHRM_SEX_CUR_NB","SEX_T","CUR_TYPE_USD","2009",17.52,,"T30:69","R1:3513"
"CAN","BA:147","EAR_EHRM_SEX_CUR_NB","SEX_T","CUR_TYPE_LCU","2008",19.048,,"T30:69","R1:3513"
"CAN","BA:147","EAR_EHRM_SEX_CUR_NB","SEX_T","CUR_TYPE_PPP","2008",14.631,,"T30:69","R1:3513"
"CAN","BA:147","EAR_EHRM_SEX_CUR_NB","SEX_T","CUR_TYPE_USD","2008",17.85,,"T30:69","R1:3513"
"CAN","BA:147","EAR_EHRM_SEX_CUR_NB","SEX_T","CUR_TYPE_LCU","2007",18.21,,"T30:69","R1:3513"
"CAN","BA:147","EAR_EHRM_SEX_CUR_NB","SEX_T","CUR_TYPE_PPP","2007",14.297,,"T30:69","R1:3513"
"CAN","BA:147","EAR_EHRM_SEX_CUR_NB","SEX_T","CUR_TYPE_USD","2007",16.955,,"T30:69","R1:3513"
"CAN","BA:147","EAR_EHRM_SEX_CUR_NB","SEX_T","CUR_TYPE_LCU","2006",17.79,,"T30:69","R1:3513"
"CAN","BA:147","EAR_EHRM_SEX_CUR_NB","SEX_T","CUR_TYPE_PPP","2006",13.827,,"T30:69","R1:3513"
"CAN","BA:147","EAR_EHRM_SEX_CUR_NB","SEX_T","CUR_TYPE_USD","2006",15.683,,"T30:69","R1:3513"
"CAN","BA:147","EAR_EHRM_SEX_CUR_NB","SEX_T","CUR_TYPE_LCU","2005",17,,"T30:69","R1:3513"
"CAN","BA:147","EAR_EHRM_SEX_CUR_NB","SEX_T","CUR_TYPE_PPP","2005",13.492,,"T30:69","R1:3513"
"CAN","BA:147","EAR_EHRM_SEX_CUR_NB","SEX_T","CUR_TYPE_USD","2005",14.033,,"T30:69","R1:3513"
"CAN","BA:147","EAR_EHRM_SEX_CUR_NB","SEX_T","CUR_TYPE_LCU","2004",16.599,,"T30:69","R1:3513"
"CAN","BA:147","EAR_EHRM_SEX_CUR_NB","SEX_T","CUR_TYPE_PPP","2004",13.043,,"T30:69","R1:3513"
"CAN","BA:147","EAR_EHRM_SEX_CUR_NB","SEX_T","CUR_TYPE_USD","2004",12.756,,"T30:69","R1:3513"
"CAN","BA:147","EAR_EHRM_SEX_CUR_NB","SEX_T","CUR_TYPE_LCU","2003",16.25,,"T30:69","R1:3513"
"CAN","BA:147","EAR_EHRM_SEX_CUR_NB","SEX_T","CUR_TYPE_PPP","2003",12.649,,"T30:69","R1:3513"
"CAN","BA:147","EAR_EHRM_SEX_CUR_NB","SEX_T","CUR_TYPE_USD","2003",11.599,,"T30:69","R1:3513"
"CAN","BA:147","EAR_EHRM_SEX_CUR_NB","SEX_T","CUR_TYPE_LCU","2002",15.73,,"T30:69","R1:3513"
"CAN","BA:147","EAR_EHRM_SEX_CUR_NB","SEX_T","CUR_TYPE_PPP","2002",12.222,,"T30:69","R1:3513"
"CAN","BA:147","EAR_EHRM_SEX_CUR_NB","SEX_T","CUR_TYPE_USD","2002",10.017,,"T30:69","R1:3513"
"CAN","BA:147","EAR_EHRM_SEX_CUR_NB","SEX_T","CUR_TYPE_LCU","2001",15.38,,"T30:69","R1:3513"
"CAN","BA:147","EAR_EHRM_SEX_CUR_NB","SEX_T","CUR_TYPE_PPP","2001",12.1,,"T30:69","R1:3513"
"CAN","BA:147","EAR_EHRM_SEX_CUR_NB","SEX_T","CUR_TYPE_USD","2001",9.93,,"T30:69","R1:3513"
"CAN","BA:147","EAR_EHRM_SEX_CUR_NB","SEX_T","CUR_TYPE_LCU","2000",14.9,,"T30:69","R1:3513"
"CAN","BA:147","EAR_EHRM_SEX_CUR_NB","SEX_T","CUR_TYPE_PPP","2000",11.732,,"T30:69","R1:3513"
"CAN","BA:147","EAR_EHRM_SEX_CUR_NB","SEX_T","CUR_TYPE_USD","2000",10.031,,"T30:69","R1:3513"
"CHE","BA:253","EAR_EHRM_SEX_CUR_NB","SEX_T","CUR_TYPE_LCU","2025",38.256,,"T30:206","R1:3513"
"CHE","BA:253","EAR_EHRM_SEX_CUR_NB","SEX_T","CUR_TYPE_PPP","2025",35.903,,"T30:206","R1:3513"
"CHE","BA:253","EAR_EHRM_SEX_CUR_NB","SEX_T","CUR_TYPE_USD","2025",46.016,,"T30:206","R1:3513"
"CHE","BA:253","EAR_EHRM_SEX_CUR_NB","SEX_T","CUR_TYPE_LCU","2024",37.764,,"T30:206","R1:3513"
"CHE","BA:253","EAR_EHRM_SEX_CUR_NB","SEX_T","CUR_TYPE_PPP","2024",34.107,,"T30:206","R1:3513"
"CHE","BA:253","EAR_EHRM_SEX_CUR_NB","SEX_T","CUR_TYPE_USD","2024",42.892,,"T30:206","R1:3513"
"CHE","BA:253","EAR_EHRM_SEX_CUR_NB","SEX_T","CUR_TYPE_LCU","2023",37.154,,"T30:206","R1:3513"
"CHE","BA:253","EAR_EHRM_SEX_CUR_NB","SEX_T","CUR_TYPE_PPP","2023",32.009,,"T30:206","R1:3513"
"CHE","BA:253","EAR_EHRM_SEX_CUR_NB","SEX_T","CUR_TYPE_USD","2023",41.351,,"T30:206","R1:3513"
"CHE","BA:253","EAR_EHRM_SEX_CUR_NB","SEX_T","CUR_TYPE_LCU","2022",36.058,,"T30:206","R1:3513"
"CHE","BA:253","EAR_EHRM_SEX_CUR_NB","SEX_T","CUR_TYPE_PPP","2022",30.782,,"T30:206","R1:3513"
"CHE","BA:253","EAR_EHRM_SEX_CUR_NB","SEX_T","CUR_TYPE_USD","2022",37.763,,"T30:206","R1:3513"
"CHE","BA:253","EAR_EHRM_SEX_CUR_NB","SEX_T","CUR_TYPE_LCU","2021",36.538,,"T30:206","R1:3513"
"CHE","BA:253","EAR_EHRM_SEX_CUR_NB","SEX_T","CUR_TYPE_PPP","2021",29.356,,"T30:206","R1:3513"
"CHE","BA:253","EAR_EHRM_SEX_CUR_NB","SEX_T","CUR_TYPE_USD","2021",39.983,,"T30:206","R1:3513"
"CHE","BA:253","EAR_EHRM_SEX_CUR_NB","SEX_T","CUR_TYPE_LCU","2020",36.49,,"T30:206","R1:3513"
"CHE","BA:253","EAR_EHRM_SEX_CUR_NB","SEX_T","CUR_TYPE_PPP","2020",28.319,,"T30:206","R1:3513"
"CHE","BA:253","EAR_EHRM_SEX_CUR_NB","SEX_T","CUR_TYPE_USD","2020",38.862,,"T30:206","R1:3513"
"CHE","BA:253","EAR_EHRM_SEX_CUR_NB","SEX_T","CUR_TYPE_LCU","2019",34.998,,"T30:206","R1:3513"
"CHE","BA:253","EAR_EHRM_SEX_CUR_NB","SEX_T","CUR_TYPE_PPP","2019",26.793,,"T30:206","R1:3513"
"CHE","BA:253","EAR_EHRM_SEX_CUR_NB","SEX_T","CUR_TYPE_USD","2019",35.22,,"T30:206","R1:3513"
"CHE","BA:253","EAR_EHRM_SEX_CUR_NB","SEX_T","CUR_TYPE_LCU","2018",34.476,,"T30:206","R1:3513"
"CHE","BA:253","EAR_EHRM_SEX_CUR_NB","SEX_T","CUR_TYPE_PPP","2018",25.45,,"T30:206","R1:3513"
"CHE","BA:253","EAR_EHRM_SEX_CUR_NB","SEX_T","CUR_TYPE_USD","2018",35.255,,"T30:206","R1:3513"
"CHE","BA:253","EAR_EHRM_SEX_CUR_NB","SEX_T","CUR_TYPE_LCU","2017",34.253,,"T30:206","R1:3513"
"CHE","BA:253","EAR_EHRM_SEX_CUR_NB","SEX_T","CUR_TYPE_PPP","2017",24.932,,"T30:206","R1:3513"
"CHE","BA:253","EAR_EHRM_SEX_CUR_NB","SEX_T","CUR_TYPE_USD","2017",34.786,,"T30:206","R1:3513"
"CHE","BA:253","EAR_EHRM_SEX_CUR_NB","SEX_T","CUR_TYPE_LCU","2016",33.923,,"T30:206","R1:3513"
"CHE","BA:253","EAR_EHRM_SEX_CUR_NB","SEX_T","CUR_TYPE_PPP","2016",24.549,,"T30:206","R1:3513"
"CHE","BA:253","EAR_EHRM_SEX_CUR_NB","SEX_T","CUR_TYPE_USD","2016",34.426,,"T30:206","R1:3513"
"CHE","BA:253","EAR_EHRM_SEX_CUR_NB","SEX_T","CUR_TYPE_LCU","2015",33.874,,"T30:206","R1:3513"
"CHE","BA:253","EAR_EHRM_SEX_CUR_NB","SEX_T","CUR_TYPE_PPP","2015",23.971,,"T30:206","R1:3513"
"CHE","BA:253","EAR_EHRM_SEX_CUR_NB","SEX_T","CUR_TYPE_USD","2015",35.199,,"T30:206","R1:3513"
"CHE","BA:253","EAR_EHRM_SEX_CUR_NB","SEX_T","CUR_TYPE_LCU","2014",33.923,,"T30:206","R1:3513"
"CHE","BA:253","EAR_EHRM_SEX_CUR_NB","SEX_T","CUR_TYPE_PPP","2014",23.677,,"T30:206","R1:3513"
"CHE","BA:253","EAR_EHRM_SEX_CUR_NB","SEX_T","CUR_TYPE_USD","2014",37.028,,"T30:206","R1:3513"
"CHE","BA:253","EAR_EHRM_SEX_CUR_NB","SEX_T","CUR_TYPE_LCU","2013",33.333,,"T30:206","R1:3513"
"CHE","BA:253","EAR_EHRM_SEX_CUR_NB","SEX_T","CUR_TYPE_PPP","2013",22.935,,"T30:206","R1:3513"
"CHE","BA:253","EAR_EHRM_SEX_CUR_NB","SEX_T","CUR_TYPE_USD","2013",35.962,,"T30:206","R1:3513"
"CHE","BA:253","EAR_EHRM_SEX_CUR_NB","SEX_T","CUR_TYPE_LCU","2012",33.046,,"T30:206","R1:3513"
"CHE","BA:253","EAR_EHRM_SEX_CUR_NB","SEX_T","CUR_TYPE_PPP","2012",21.939,,"T30:206","R1:3513"
"CHE","BA:253","EAR_EHRM_SEX_CUR_NB","SEX_T","CUR_TYPE_USD","2012",35.242,,"T30:206","R1:3513"
"CHE","BA:253","EAR_EHRM_SEX_CUR_NB","SEX_T","CUR_TYPE_LCU","2011",32.5,,"T30:206","R1:3513"
"CHE","BA:253","EAR_EHRM_SEX_CUR_NB","SEX_T","CUR_TYPE_PPP","2011",21.141,,"T30:206","R1:3513"
"CHE","BA:253","EAR_EHRM_SEX_CUR_NB","SEX_T","CUR_TYPE_USD","2011",36.597,,"T30:206","R1:3513"
"CHE","BA:253","EAR_EHRM_SEX_CUR_NB","SEX_T","CUR_TYPE_LCU","2010",32.449,,"T30:206","R1:3513"
"CHE","BA:253","EAR_EHRM_SEX_CUR_NB","SEX_T","CUR_TYPE_PPP","2010",20.508,,"T30:206","R1:3513"
"CHE","BA:253","EAR_EHRM_SEX_CUR_NB","SEX_T","CUR_TYPE_USD","2010",31.114,,"T30:206","R1:3513"
"CHE","BA:253","EAR_EHRM_SEX_CUR_NB","SEX_T","CUR_TYPE_LCU","2009",33.333,,"T30:206","R1:3513"
"CHE","BA:253","EAR_EHRM_SEX_CUR_NB","SEX_T","CUR_TYPE_PPP","2009",21.04,,"T30:206","R1:3513"
"CHE","BA:253","EAR_EHRM_SEX_CUR_NB","SEX_T","CUR_TYPE_USD","2009",30.633,,"T30:206","R1:3513"
"CHE","BA:253","EAR_EHRM_SEX_CUR_NB","SEX_T","CUR_TYPE_LCU","2008",32.316,,"T30:206","R1:3513"
"CHE","BA:253","EAR_EHRM_SEX_CUR_NB","SEX_T","CUR_TYPE_PPP","2008",20.016,,"T30:206","R1:3513"
"CHE","BA:253","EAR_EHRM_SEX_CUR_NB","SEX_T","CUR_TYPE_USD","2008",29.837,,"T30:206","R1:3513"
"CHE","BA:253","EAR_EHRM_SEX_CUR_NB","SEX_T","CUR_TYPE_LCU","2007",31.817,,"T30:206","R1:3513"
"CHE","BA:253","EAR_EHRM_SEX_CUR_NB","SEX_T","CUR_TYPE_PPP","2007",19.155,,"T30:206","R1:3513"
"CHE","BA:253","EAR_EHRM_SEX_CUR_NB","SEX_T","CUR_TYPE_USD","2007",26.506,,"T30:206","R1:3513"
"CHE","BA:253","EAR_EHRM_SEX_CUR_NB","SEX_T","CUR_TYPE_LCU","2006",31.154,,"T30:206","R1:3513"
"CHE","BA:253","EAR_EHRM_SEX_CUR_NB","SEX_T","CUR_TYPE_PPP","2006",18.022,,"T30:206","R1:3513"
"CHE","BA:253","EAR_EHRM_SEX_CUR_NB","SEX_T","CUR_TYPE_USD","2006",24.847,,"T30:206","R1:3513"
"CHE","BA:253","EAR_EHRM_SEX_CUR_NB","SEX_T","CUR_TYPE_LCU","2005",31.088,,"T30:206","R1:3513"
"CHE","BA:253","EAR_EHRM_SEX_CUR_NB","SEX_T","CUR_TYPE_PPP","2005",17.487,,"T30:206","R1:3513"
"CHE","BA:253","EAR_EHRM_SEX_CUR_NB","SEX_T","CUR_TYPE_USD","2005",24.967,,"T30:206","R1:3513"
"CHE","BA:253","EAR_EHRM_SEX_CUR_NB","SEX_T","CUR_TYPE_LCU","2004",30.769,,"T30:206","R1:3513"
"CHE","BA:253","EAR_EHRM_SEX_CUR_NB","SEX_T","CUR_TYPE_PPP","2004",17.245,,"T30:206","R1:3513"
"CHE","BA:253","EAR_EHRM_SEX_CUR_NB","SEX_T","CUR_TYPE_USD","2004",24.744,,"T30:206","R1:3513"
"CHE","BA:253","EAR_EHRM_SEX_CUR_NB","SEX_T","CUR_TYPE_LCU","2003",30.769,,"T30:206","R1:3513"
"CHE","BA:253","EAR_EHRM_SEX_CUR_NB","SEX_T","CUR_TYPE_PPP","2003",16.977,,"T30:206","R1:3513"
"CHE","BA:253","EAR_EHRM_SEX_CUR_NB","SEX_T","CUR_TYPE_USD","2003",22.849,,"T30:206","R1:3513"
"CHE","BA:253","EAR_EHRM_SEX_CUR_NB","SEX_T","CUR_TYPE_LCU","2002",30.286,,"T30:206","R1:3513"
"CHE","BA:253","EAR_EHRM_SEX_CUR_NB","SEX_T","CUR_TYPE_PPP","2002",16.727,,"T30:206","R1:3513"
"CHE","BA:253","EAR_EHRM_SEX_CUR_NB","SEX_T","CUR_TYPE_USD","2002",19.432,,"T30:206","R1:3513"
"CHE","BA:253","EAR_EHRM_SEX_CUR_NB","SEX_T","CUR_TYPE_LCU","2001",29.789,,"T30:206","R1:3513"
"CHE","BA:253","EAR_EHRM_SEX_CUR_NB","SEX_T","CUR_TYPE_PPP","2001",16.015,,"T30:206","R1:3513"
"CHE","BA:253","EAR_EHRM_SEX_CUR_NB","SEX_T","CUR_TYPE_USD","2001",17.651,,"T30:206","R1:3513"
"CHE","BA:253","EAR_EHRM_SEX_CUR_NB","SEX_T","CUR_TYPE_LCU","2000",28.887,,"T30:206","R1:3513"
"CHE","BA:253","EAR_EHRM_SEX_CUR_NB","SEX_T","CUR_TYPE_PPP","2000",15.299,,"T30:206","R1:3513"
"CHE","BA:253","EAR_EHRM_SEX_CUR_NB","SEX_T","CUR_TYPE_USD","2000",17.105,,"T30:206","R1:3513"
"CHL","BB:16207","EAR_EHRM_SEX_CUR_NB","SEX_T","CUR_TYPE_LCU","2024",3907.401,,"T30:74","R1:3513"
"CHL","BB:16207","EAR_EHRM_SEX_CUR_NB","SEX_T","CUR_TYPE_PPP","2024",8.405,,"T30:74","R1:3513"
"CHL","BB:16207","EAR_EHRM_SEX_CUR_NB","SEX_T","CUR_TYPE_USD","2024",4.141,,"T30:74","R1:3513"
"CHL","BB:16207","EAR_EHRM_SEX_CUR_NB","SEX_T","CUR_TYPE_LCU","2023",3589.744,,"T30:74","R1:3513"
"CHL","BB:16207","EAR_EHRM_SEX_CUR_NB","SEX_T","CUR_TYPE_PPP","2023",7.599,,"T30:74","R1:3513"
"CHL","BB:16207","EAR_EHRM_SEX_CUR_NB","SEX_T","CUR_TYPE_USD","2023",4.273,,"T30:74","R1:3513"
"CHL","BB:16207","EAR_EHRM_SEX_CUR_NB","SEX_T","CUR_TYPE_LCU","2022",3144.494,,"T30:74","R1:3513"
"CHL","BB:16207","EAR_EHRM_SEX_CUR_NB","SEX_T","CUR_TYPE_PPP","2022",6.408,,"T30:74","R1:3513"
"CHL","BB:16207","EAR_EHRM_SEX_CUR_NB","SEX_T","CUR_TYPE_USD","2022",3.601,,"T30:74","R1:3513"
"CHL","BB:16207","EAR_EHRM_SEX_CUR_NB","SEX_T","CUR_TYPE_LCU","2021",2857.791,,"T30:74","R1:3513"
"CHL","BB:16207","EAR_EHRM_SEX_CUR_NB","SEX_T","CUR_TYPE_PPP","2021",5.94,,"T30:74","R1:3513"
"CHL","BB:16207","EAR_EHRM_SEX_CUR_NB","SEX_T","CUR_TYPE_USD","2021",3.765,,"T30:74","R1:3513"
"CHL","BB:16207","EAR_EHRM_SEX_CUR_NB","SEX_T","CUR_TYPE_LCU","2020",2750.868,,"T30:74","R1:3513"
"CHL","BB:16207","EAR_EHRM_SEX_CUR_NB","SEX_T","CUR_TYPE_PPP","2020",5.911,,"T30:74","R1:3513"
"CHL","BB:16207","EAR_EHRM_SEX_CUR_NB","SEX_T","CUR_TYPE_USD","2020",3.47,,"T30:74","R1:3513"
"CHL","BB:16207","EAR_EHRM_SEX_CUR_NB","SEX_T","CUR_TYPE_LCU","2018",2360.14,,"T30:74","R1:3513"
"CHL","BB:16207","EAR_EHRM_SEX_CUR_NB","SEX_T","CUR_TYPE_PPP","2018",5.15,,"T30:74","R1:3513"
"CHL","BB:16207","EAR_EHRM_SEX_CUR_NB","SEX_T","CUR_TYPE_USD","2018",3.68,,"T30:74","R1:3513"
"CHL","BB:16207","EAR_EHRM_SEX_CUR_NB","SEX_T","CUR_TYPE_LCU","2017",2307.692,,"T30:74","R1:3513"
"CHL","BB:16207","EAR_EHRM_SEX_CUR_NB","SEX_T","CUR_TYPE_PPP","2017",4.982,,"T30:74","R1:3513"
"CHL","BB:16207","EAR_EHRM_SEX_CUR_NB","SEX_T","CUR_TYPE_USD","2017",3.557,,"T30:74","R1:3513"
"CHL","BB:16207","EAR_EHRM_SEX_CUR_NB","SEX_T","CUR_TYPE_LCU","2016",2157.441,,"T30:74","R1:3513"
"CHL","BB:16207","EAR_EHRM_SEX_CUR_NB","SEX_T","CUR_TYPE_PPP","2016",4.763,,"T30:74","R1:3513"
"CHL","BB:16207","EAR_EHRM_SEX_CUR_NB","SEX_T","CUR_TYPE_USD","2016",3.187,,"T30:74","R1:3513"
"CHL","BB:16207","EAR_EHRM_SEX_CUR_NB","SEX_T","CUR_TYPE_LCU","2015",2051.282,,"T30:74","R1:3513"
"CHL","BB:16207","EAR_EHRM_SEX_CUR_NB","SEX_T","CUR_TYPE_PPP","2015",4.586,,"T30:74","R1:3513"
"CHL","BB:16207","EAR_EHRM_SEX_CUR_NB","SEX_T","CUR_TYPE_USD","2015",3.136,,"T30:74","R1:3513"
"CHL","BB:16207","EAR_EHRM_SEX_CUR_NB","SEX_T","CUR_TYPE_LCU","2014",1922.716,,"T30:74","R1:3513"
"CHL","BB:16207","EAR_EHRM_SEX_CUR_NB","SEX_T","CUR_TYPE_PPP","2014",4.682,,"T30:74","R1:3513"
"CHL","BB:16207","EAR_EHRM_SEX_CUR_NB","SEX_T","CUR_TYPE_USD","2014",3.371,,"T30:74","R1:3513"
"CHL","BX:138","EAR_EHRM_SEX_CUR_NB","SEX_T","CUR_TYPE_LCU","2013",1558.118,,"T30:74","R1:3513"
"CHL","BX:138","EAR_EHRM_SEX_CUR_NB","SEX_T","CUR_TYPE_PPP","2013",3.994,,"T30:74","R1:3513"
"CHL","BX:138","EAR_EHRM_SEX_CUR_NB","SEX_T","CUR_TYPE_USD","2013",3.146,,"T30:74","R1:3513"
"CHL","BB:16207","EAR_EHRM_SEX_CUR_NB","SEX_T","CUR_TYPE_LCU","2012",1598.68,,"T30:74","R1:3513"
"CHL","BB:16207","EAR_EHRM_SEX_CUR_NB","SEX_T","CUR_TYPE_PPP","2012",4.083,,"T30:74","R1:3513"
"CHL","BB:16207","EAR_EHRM_SEX_CUR_NB","SEX_T","CUR_TYPE_USD","2012",3.286,,"T30:74","R1:3513"
"CHL","BX:138","EAR_EHRM_SEX_CUR_NB","SEX_T","CUR_TYPE_LCU","2011",1427.759,,"T30:74","R1:3513"
"CHL","BX:138","EAR_EHRM_SEX_CUR_NB","SEX_T","CUR_TYPE_PPP","2011",3.857,,"T30:74","R1:3513"
"CHL","BX:138","EAR_EHRM_SEX_CUR_NB","SEX_T","CUR_TYPE_USD","2011",2.952,,"T30:74","R1:3513"
"CHL","BB:16207","EAR_EHRM_SEX_CUR_NB","SEX_T","CUR_TYPE_LCU","2010",1283.306,,"T30:74","R1:3513"
"CHL","BB:16207","EAR_EHRM_SEX_CUR_NB","SEX_T","CUR_TYPE_PPP","2010",3.421,,"T30:74","R1:3513"
"CHL","BB:16207","EAR_EHRM_SEX_CUR_NB","SEX_T","CUR_TYPE_USD","2010",2.515,,"T30:74","R1:3513"
"CHL","BX:138","EAR_EHRM_SEX_CUR_NB","SEX_T","CUR_TYPE_LCU","2009",1317.5,,"T30:74","R1:3513"
"CHL","BX:138","EAR_EHRM_SEX_CUR_NB","SEX_T","CUR_TYPE_PPP","2009",3.565,,"T30:74","R1:3513"
"CHL","BX:138","EAR_EHRM_SEX_CUR_NB","SEX_T","CUR_TYPE_USD","2009",2.349,,"T30:74","R1:3513"
"CHL","BX:138","EAR_EHRM_SEX_CUR_NB","SEX_T","CUR_TYPE_LCU","2006",971.154,,"T30:74","R1:3513"
"CHL","BX:138","EAR_EHRM_SEX_CUR_NB","SEX_T","CUR_TYPE_PPP","2006",2.849,,"T30:74","R1:3513"
"CHL","BX:138","EAR_EHRM_SEX_CUR_NB","SEX_T","CUR_TYPE_USD","2006",1.831,,"T30:74","R1:3513"
"CHL","BX:138","EAR_EHRM_SEX_CUR_NB","SEX_T","CUR_TYPE_LCU","2000",692.308,,"T30:74","R1:3513"
"CHL","BX:138","EAR_EHRM_SEX_CUR_NB","SEX_T","CUR_TYPE_PPP","2000",1.89,,"T30:74","R1:3513"
"CHL","BX:138","EAR_EHRM_SEX_CUR_NB","SEX_T","CUR_TYPE_USD","2000",1.283,,"T30:74","R1:3513"
"CIV","BA:7345","EAR_EHRM_SEX_CUR_NB","SEX_T","CUR_TYPE_LCU","2019",538.462,,"T30:13","R1:3513"
"CIV","BA:7345","EAR_EHRM_SEX_CUR_NB","SEX_T","CUR_TYPE_PPP","2019",2.32,,"T30:13","R1:3513"
"CIV","BA:7345","EAR_EHRM_SEX_CUR_NB","SEX_T","CUR_TYPE_USD","2019",0.919,,"T30:13","R1:3513"
"CIV","BA:14098","EAR_EHRM_SEX_CUR_NB","SEX_T","CUR_TYPE_LCU","2017",320.09,,"T30:13","R1:3513"
"CIV","BA:14098","EAR_EHRM_SEX_CUR_NB","SEX_T","CUR_TYPE_PPP","2017",1.319,,"T30:13","R1:3513"
"CIV","BA:14098","EAR_EHRM_SEX_CUR_NB","SEX_T","CUR_TYPE_USD","2017",0.551,,"T30:13","R1:3513"
"CIV","BA:7345","EAR_EHRM_SEX_CUR_NB","SEX_T","CUR_TYPE_LCU","2013",274.725,,"T30:13","R1:3513"
"CIV","BA:7345","EAR_EHRM_SEX_CUR_NB","SEX_T","CUR_TYPE_PPP","2013",1.133,,"T30:13","R1:3513"
"CIV","BA:7345","EAR_EHRM_SEX_CUR_NB","SEX_T","CUR_TYPE_USD","2013",0.556,,"T30:13","R1:3513"
"CIV","BA:7345","EAR_EHRM_SEX_CUR_NB","SEX_T","CUR_TYPE_LCU","2012",192.308,"B","T30:13_I11:264","R1:3513"
"CIV","BA:7345","EAR_EHRM_SEX_CUR_NB","SEX_T","CUR_TYPE_PPP","2012",0.819,"B","T30:13_I11:264","R1:3513"
"CIV","BA:7345","EAR_EHRM_SEX_CUR_NB","SEX_T","CUR_TYPE_USD","2012",0.377,"B","T30:13_I11:264","R1:3513"
"COD","BX:16939","EAR_EHRM_SEX_CUR_NB","SEX_T","CUR_TYPE_LCU","2016",519.231,,"T30:12","R1:3513_S4:33"
"COD","BX:16939","EAR_EHRM_SEX_CUR_NB","SEX_T","CUR_TYPE_PPP","2016",1.058,,"T30:12","R1:3513_S4:33"
"COD","BX:16939","EAR_EHRM_SEX_CUR_NB","SEX_T","CUR_TYPE_USD","2016",0.514,,"T30:12","R1:3513_S4:33"
"COD","BA:3051","EAR_EHRM_SEX_CUR_NB","SEX_T","CUR_TYPE_LCU","2012",346.154,"B","T30:12_I11:264","R1:3513"
"COD","BA:3051","EAR_EHRM_SEX_CUR_NB","SEX_T","CUR_TYPE_PPP","2012",0.619,"B","T30:12_I11:264","R1:3513"
"COD","BA:3051","EAR_EHRM_SEX_CUR_NB","SEX_T","CUR_TYPE_USD","2012",0.376,"B","T30:12_I11:264","R1:3513"
"COD","BA:3051","EAR_EHRM_SEX_CUR_NB","SEX_T","CUR_TYPE_LCU","2005",32.051,"B","T30:12_I11:264","R1:3513"
"COD","BA:3051","EAR_EHRM_SEX_CUR_NB","SEX_T","CUR_TYPE_PPP","2005",0.1,"B","T30:12_I11:264","R1:3513"
"COD","BA:3051","EAR_EHRM_SEX_CUR_NB","SEX_T","CUR_TYPE_USD","2005",0.068,"B","T30:12_I11:264","R1:3513"
"COG","BA:2624","EAR_EHRM_SEX_CUR_NB","SEX_T","CUR_TYPE_LCU","2009",384.615,"B","T30:11_I11:264","R1:3513_S4:31"
"COG","BA:2624","EAR_EHRM_SEX_CUR_NB","SEX_T","CUR_TYPE_PPP","2009",1.234,"B","T30:11_I11:264","R1:3513_S4:31"
"COG","BA:2624","EAR_EHRM_SEX_CUR_NB","SEX_T","CUR_TYPE_USD","2009",0.818,"B","T30:11_I11:264","R1:3513_S4:31"
"COK","BA:15665","EAR_EHRM_SEX_CUR_NB","SEX_T","CUR_TYPE_LCU","2023",13.187,,"T30:213","R1:3513"
"COK","BA:15665","EAR_EHRM_SEX_CUR_NB","SEX_T","CUR_TYPE_LCU","2019",9.152,"B","T30:213_I11:264","R1:3513"
"COL","BA:358","EAR_EHRM_SEX_CUR_NB","SEX_T","CUR_TYPE_LCU","2025",7692.308,,"T30:71","R1:3513"
"COL","BA:358","EAR_EHRM_SEX_CUR_NB","SEX_T","CUR_TYPE_PPP","2025",4.618,,"T30:71","R1:3513"
"COL","BA:358","EAR_EHRM_SEX_CUR_NB","SEX_T","CUR_TYPE_USD","2025",1.898,,"T30:71","R1:3513"
"COL","BA:358","EAR_EHRM_SEX_CUR_NB","SEX_T","CUR_TYPE_LCU","2024",6813.187,,"T30:71","R1:3513"
"COL","BA:358","EAR_EHRM_SEX_CUR_NB","SEX_T","CUR_TYPE_PPP","2024",4.418,,"T30:71","R1:3513"
"COL","BA:358","EAR_EHRM_SEX_CUR_NB","SEX_T","CUR_TYPE_USD","2024",1.672,,"T30:71","R1:3513"
"COL","BA:358","EAR_EHRM_SEX_CUR_NB","SEX_T","CUR_TYPE_LCU","2023",6153.847,,"T30:71","R1:3513"
"COL","BA:358","EAR_EHRM_SEX_CUR_NB","SEX_T","CUR_TYPE_PPP","2023",4.048,,"T30:71","R1:3513"
"COL","BA:358","EAR_EHRM_SEX_CUR_NB","SEX_T","CUR_TYPE_USD","2023",1.423,,"T30:71","R1:3513"
"COL","BA:358","EAR_EHRM_SEX_CUR_NB","SEX_T","CUR_TYPE_LCU","2022",5288.462,"B","T30:71_I11:264","R1:3513"
"COL","BA:358","EAR_EHRM_SEX_CUR_NB","SEX_T","CUR_TYPE_PPP","2022",3.413,"B","T30:71_I11:264","R1:3513"
"COL","BA:358","EAR_EHRM_SEX_CUR_NB","SEX_T","CUR_TYPE_USD","2022",1.242,"B","T30:71_I11:264","R1:3513"
"COL","BA:358","EAR_EHRM_SEX_CUR_NB","SEX_T","CUR_TYPE_LCU","2021",4615.385,,"T30:71","R1:3513"
"COL","BA:358","EAR_EHRM_SEX_CUR_NB","SEX_T","CUR_TYPE_PPP","2021",2.984,,"T30:71","R1:3513"
"COL","BA:358","EAR_EHRM_SEX_CUR_NB","SEX_T","CUR_TYPE_USD","2021",1.233,,"T30:71","R1:3513"
"COL","BA:358","EAR_EHRM_SEX_CUR_NB","SEX_T","CUR_TYPE_LCU","2019",4507.166,,"T30:71","R1:3513"
"COL","BA:358","EAR_EHRM_SEX_CUR_NB","SEX_T","CUR_TYPE_PPP","2019",3.014,,"T30:71","R1:3513"
"COL","BA:358","EAR_EHRM_SEX_CUR_NB","SEX_T","CUR_TYPE_USD","2019",1.373,,"T30:71","R1:3513"
"COL","BA:358","EAR_EHRM_SEX_CUR_NB","SEX_T","CUR_TYPE_LCU","2018",4285.715,,"T30:71","R1:3513"
"COL","BA:358","EAR_EHRM_SEX_CUR_NB","SEX_T","CUR_TYPE_PPP","2018",2.927,,"T30:71","R1:3513"
"COL","BA:358","EAR_EHRM_SEX_CUR_NB","SEX_T","CUR_TYPE_USD","2018",1.45,,"T30:71","R1:3513"
"COL","BA:358","EAR_EHRM_SEX_CUR_NB","SEX_T","CUR_TYPE_LCU","2017",4086.539,,"T30:71","R1:3513"
"COL","BA:358","EAR_EHRM_SEX_CUR_NB","SEX_T","CUR_TYPE_PPP","2017",2.785,,"T30:71","R1:3513"
"COL","BA:358","EAR_EHRM_SEX_CUR_NB","SEX_T","CUR_TYPE_USD","2017",1.385,,"T30:71","R1:3513"
"COL","BA:358","EAR_EHRM_SEX_CUR_NB","SEX_T","CUR_TYPE_LCU","2016",3846.154,,"T30:71","R1:3513"
"COL","BA:358","EAR_EHRM_SEX_CUR_NB","SEX_T","CUR_TYPE_PPP","2016",2.741,,"T30:71","R1:3513"
"COL","BA:358","EAR_EHRM_SEX_CUR_NB","SEX_T","CUR_TYPE_USD","2016",1.259,,"T30:71","R1:3513"
"COL","BA:358","EAR_EHRM_SEX_CUR_NB","SEX_T","CUR_TYPE_LCU","2015",3632.479,,"T30:71","R1:3513"
"COL","BA:358","EAR_EHRM_SEX_CUR_NB","SEX_T","CUR_TYPE_PPP","2015",2.753,,"T30:71","R1:3513"
"COL","BA:358","EAR_EHRM_SEX_CUR_NB","SEX_T","CUR_TYPE_USD","2015",1.325,,"T30:71","R1:3513"
"COL","BA:358","EAR_EHRM_SEX_CUR_NB","SEX_T","CUR_TYPE_LCU","2014",3461.539,,"T30:71","R1:3513"
"COL","BA:358","EAR_EHRM_SEX_CUR_NB","SEX_T","CUR_TYPE_PPP","2014",2.75,,"T30:71","R1:3513"
"COL","BA:358","EAR_EHRM_SEX_CUR_NB","SEX_T","CUR_TYPE_USD","2014",1.73,,"T30:71","R1:3513"
"COL","BA:358","EAR_EHRM_SEX_CUR_NB","SEX_T","CUR_TYPE_LCU","2013",3269.423,,"T30:71","R1:3513"
"COL","BA:358","EAR_EHRM_SEX_CUR_NB","SEX_T","CUR_TYPE_PPP","2013",2.664,,"T30:71","R1:3513"
"COL","BA:358","EAR_EHRM_SEX_CUR_NB","SEX_T","CUR_TYPE_USD","2013",1.749,,"T30:71","R1:3513"
"COL","BA:358","EAR_EHRM_SEX_CUR_NB","SEX_T","CUR_TYPE_LCU","2012",3076.923,,"T30:71","R1:3513"
"COL","BA:358","EAR_EHRM_SEX_CUR_NB","SEX_T","CUR_TYPE_PPP","2012",2.58,,"T30:71","R1:3513"
"COL","BA:358","EAR_EHRM_SEX_CUR_NB","SEX_T","CUR_TYPE_USD","2012",1.711,,"T30:71","R1:3513"
"COL","BA:358","EAR_EHRM_SEX_CUR_NB","SEX_T","CUR_TYPE_LCU","2011",2884.616,,"T30:71","R1:3513"
"COL","BA:358","EAR_EHRM_SEX_CUR_NB","SEX_T","CUR_TYPE_PPP","2011",2.382,,"T30:71","R1:3513"
"COL","BA:358","EAR_EHRM_SEX_CUR_NB","SEX_T","CUR_TYPE_USD","2011",1.561,,"T30:71","R1:3513"
"COL","BA:358","EAR_EHRM_SEX_CUR_NB","SEX_T","CUR_TYPE_LCU","2010",2747.253,"B","T30:71_I11:264","R1:3513"
"COL","BA:358","EAR_EHRM_SEX_CUR_NB","SEX_T","CUR_TYPE_PPP","2010",2.274,"B","T30:71_I11:264","R1:3513"
"COL","BA:358","EAR_EHRM_SEX_CUR_NB","SEX_T","CUR_TYPE_USD","2010",1.447,"B","T30:71_I11:264","R1:3513"
"COL","BX:2226","EAR_EHRM_SEX_CUR_NB","SEX_T","CUR_TYPE_LCU","2005",1923.077,,"T30:71","R1:3513"
"COL","BX:2226","EAR_EHRM_SEX_CUR_NB","SEX_T","CUR_TYPE_PPP","2005",1.79,,"T30:71","R1:3513"
"COL","BX:2226","EAR_EHRM_SEX_CUR_NB","SEX_T","CUR_TYPE_USD","2005",0.829,,"T30:71","R1:3513"
"COL","BX:2226","EAR_EHRM_SEX_CUR_NB","SEX_T","CUR_TYPE_LCU","2004",1785.286,,"T30:71","R1:3513"
"COL","BX:2226","EAR_EHRM_SEX_CUR_NB","SEX_T","CUR_TYPE_PPP","2004",1.688,,"T30:71","R1:3513"
"COL","BX:2226","EAR_EHRM_SEX_CUR_NB","SEX_T","CUR_TYPE_USD","2004",0.679,,"T30:71","R1:3513"
"COL","BX:2226","EAR_EHRM_SEX_CUR_NB","SEX_T","CUR_TYPE_LCU","2003",1610.577,,"T30:71","R1:3513"
"COL","BX:2226","EAR_EHRM_SEX_CUR_NB","SEX_T","CUR_TYPE_PPP","2003",1.571,,"T30:71","R1:3513"
"COL","BX:2226","EAR_EHRM_SEX_CUR_NB","SEX_T","CUR_TYPE_USD","2003",0.56,,"T30:71","R1:3513"
"COL","BX:2226","EAR_EHRM_SEX_CUR_NB","SEX_T","CUR_TYPE_LCU","2002",1513.986,,"T30:71","R1:3513"
"COL","BX:2226","EAR_EHRM_SEX_CUR_NB","SEX_T","CUR_TYPE_PPP","2002",1.547,,"T30:71","R1:3513"
"COL","BX:2226","EAR_EHRM_SEX_CUR_NB","SEX_T","CUR_TYPE_USD","2002",0.605,,"T30:71","R1:3513"
"COM","BA:14125","EAR_EHRM_SEX_CUR_NB","SEX_T","CUR_TYPE_LCU","2021",384.615,,"T30:10","R1:3513"
"COM","BA:14125","EAR_EHRM_SEX_CUR_NB","SEX_T","CUR_TYPE_PPP","2021",1.687,,"T30:10","R1:3513"
"COM","BA:14125","EAR_EHRM_SEX_CUR_NB","SEX_T","CUR_TYPE_USD","2021",0.925,,"T30:10","R1:3513"
"COM","BA:14125","EAR_EHRM_SEX_CUR_NB","SEX_T","CUR_TYPE_LCU","2014",373.776,,"T30:10","R1:3513"
"COM","BA:14125","EAR_EHRM_SEX_CUR_NB","SEX_T","CUR_TYPE_PPP","2014",1.681,,"T30:10","R1:3513"
"COM","BA:14125","EAR_EHRM_SEX_CUR_NB","SEX_T","CUR_TYPE_USD","2014",1.009,,"T30:10","R1:3513"
"CRI","BA:12883","EAR_EHRM_SEX_CUR_NB","SEX_T","CUR_TYPE_LCU","2025",2250,,"T30:72","R1:3513"
"CRI","BA:12883","EAR_EHRM_SEX_CUR_NB","SEX_T","CUR_TYPE_PPP","2025",7.153,,"T30:72","R1:3513"
"CRI","BA:12883","EAR_EHRM_SEX_CUR_NB","SEX_T","CUR_TYPE_USD","2025",4.469,,"T30:72","R1:3513"
"CRI","BA:12883","EAR_EHRM_SEX_CUR_NB","SEX_T","CUR_TYPE_LCU","2024",2135.417,,"T30:72","R1:3513"
"CRI","BA:12883","EAR_EHRM_SEX_CUR_NB","SEX_T","CUR_TYPE_PPP","2024",6.51,,"T30:72","R1:3513"
"CRI","BA:12883","EAR_EHRM_SEX_CUR_NB","SEX_T","CUR_TYPE_USD","2024",4.146,,"T30:72","R1:3513"
"CRI","BA:12883","EAR_EHRM_SEX_CUR_NB","SEX_T","CUR_TYPE_LCU","2023",2067.308,,"T30:72","R1:3513"
"CRI","BA:12883","EAR_EHRM_SEX_CUR_NB","SEX_T","CUR_TYPE_PPP","2023",6.082,,"T30:72","R1:3513"
"CRI","BA:12883","EAR_EHRM_SEX_CUR_NB","SEX_T","CUR_TYPE_USD","2023",3.8,,"T30:72","R1:3513"
"CRI","BA:12883","EAR_EHRM_SEX_CUR_NB","SEX_T","CUR_TYPE_LCU","2022",1947.116,,"T30:72","R1:3513"
"CRI","BA:12883","EAR_EHRM_SEX_CUR_NB","SEX_T","CUR_TYPE_PPP","2022",5.236,,"T30:72","R1:3513"
"CRI","BA:12883","EAR_EHRM_SEX_CUR_NB","SEX_T","CUR_TYPE_USD","2022",3.009,,"T30:72","R1:3513"
"CRI","BA:12883","EAR_EHRM_SEX_CUR_NB","SEX_T","CUR_TYPE_LCU","2021",1906.25,,"T30:72","R1:3513"
"CRI","BA:12883","EAR_EHRM_SEX_CUR_NB","SEX_T","CUR_TYPE_PPP","2021",5.247,,"T30:72","R1:3513"
"CRI","BA:12883","EAR_EHRM_SEX_CUR_NB","SEX_T","CUR_TYPE_USD","2021",3.071,,"T30:72","R1:3513"
"CRI","BA:12883","EAR_EHRM_SEX_CUR_NB","SEX_T","CUR_TYPE_LCU","2020",2031.25,,"T30:72","R1:3513"
"CRI","BA:12883","EAR_EHRM_SEX_CUR_NB","SEX_T","CUR_TYPE_PPP","2020",5.487,,"T30:72","R1:3513"
"CRI","BA:12883","EAR_EHRM_SEX_CUR_NB","SEX_T","CUR_TYPE_USD","2020",3.473,,"T30:72","R1:3513"
"CRI","BA:12883","EAR_EHRM_SEX_CUR_NB","SEX_T","CUR_TYPE_LCU","2019",1919.071,,"T30:72","R1:3513"
"CRI","BA:12883","EAR_EHRM_SEX_CUR_NB","SEX_T","CUR_TYPE_PPP","2019",5.378,,"T30:72","R1:3513"
"CRI","BA:12883","EAR_EHRM_SEX_CUR_NB","SEX_T","CUR_TYPE_USD","2019",3.268,,"T30:72","R1:3513"
"CRI","BA:12883","EAR_EHRM_SEX_CUR_NB","SEX_T","CUR_TYPE_LCU","2018",1822.917,,"T30:72","R1:3513"
"CRI","BA:12883","EAR_EHRM_SEX_CUR_NB","SEX_T","CUR_TYPE_PPP","2018",5.016,,"T30:72","R1:3513"
"CRI","BA:12883","EAR_EHRM_SEX_CUR_NB","SEX_T","CUR_TYPE_USD","2018",3.16,,"T30:72","R1:3513"
"CRI","BA:12883","EAR_EHRM_SEX_CUR_NB","SEX_T","CUR_TYPE_LCU","2017",1822.917,,"T30:72","R1:3513"
"CRI","BA:12883","EAR_EHRM_SEX_CUR_NB","SEX_T","CUR_TYPE_PPP","2017",5.048,,"T30:72","R1:3513"
"CRI","BA:12883","EAR_EHRM_SEX_CUR_NB","SEX_T","CUR_TYPE_USD","2017",3.212,,"T30:72","R1:3513"
"CRI","BX:142","EAR_EHRM_SEX_CUR_NB","SEX_T","CUR_TYPE_LCU","2016",1717.474,,"T30:72","R1:3513"
"CRI","BX:142","EAR_EHRM_SEX_CUR_NB","SEX_T","CUR_TYPE_PPP","2016",4.741,,"T30:72","R1:3513"
"CRI","BX:142","EAR_EHRM_SEX_CUR_NB","SEX_T","CUR_TYPE_USD","2016",3.153,,"T30:72","R1:3513"
"CRI","BX:142","EAR_EHRM_SEX_CUR_NB","SEX_T","CUR_TYPE_LCU","2015",1688.338,,"T30:72","R1:3513"
"CRI","BX:142","EAR_EHRM_SEX_CUR_NB","SEX_T","CUR_TYPE_PPP","2015",4.585,,"T30:72","R1:3513"
"CRI","BX:142","EAR_EHRM_SEX_CUR_NB","SEX_T","CUR_TYPE_USD","2015",3.158,,"T30:72","R1:3513"
"CRI","BX:142","EAR_EHRM_SEX_CUR_NB","SEX_T","CUR_TYPE_LCU","2014",1682.692,,"T30:72","R1:3513"
"CRI","BX:142","EAR_EHRM_SEX_CUR_NB","SEX_T","CUR_TYPE_PPP","2014",4.524,,"T30:72","R1:3513"
"CRI","BX:142","EAR_EHRM_SEX_CUR_NB","SEX_T","CUR_TYPE_USD","2014",3.126,,"T30:72","R1:3513"
"CRI","BX:142","EAR_EHRM_SEX_CUR_NB","SEX_T","CUR_TYPE_LCU","2013",1622.186,,"T30:72","R1:3513"
"CRI","BX:142","EAR_EHRM_SEX_CUR_NB","SEX_T","CUR_TYPE_PPP","2013",4.475,,"T30:72","R1:3513"
"CRI","BX:142","EAR_EHRM_SEX_CUR_NB","SEX_T","CUR_TYPE_USD","2013",3.246,,"T30:72","R1:3513"
"CRI","BX:142","EAR_EHRM_SEX_CUR_NB","SEX_T","CUR_TYPE_LCU","2012",1497.891,,"T30:72","R1:3513"
"CRI","BX:142","EAR_EHRM_SEX_CUR_NB","SEX_T","CUR_TYPE_PPP","2012",4.357,,"T30:72","R1:3513"
"CRI","BX:142","EAR_EHRM_SEX_CUR_NB","SEX_T","CUR_TYPE_USD","2012",2.978,,"T30:72","R1:3513"
"CRI","BX:142","EAR_EHRM_SEX_CUR_NB","SEX_T","CUR_TYPE_LCU","2010",1266.831,,"T30:72","R1:3513"
"CRI","BX:142","EAR_EHRM_SEX_CUR_NB","SEX_T","CUR_TYPE_PPP","2010",3.686,,"T30:72","R1:3513"
"CRI","BX:142","EAR_EHRM_SEX_CUR_NB","SEX_T","CUR_TYPE_USD","2010",2.409,,"T30:72","R1:3513"
"DOM","BA:13413","EAR_EHRM_SEX_CUR_NB","SEX_T","CUR_TYPE_LCU","2025",133.809,,"T30:76","R1:3513"
"DOM","BA:13413","EAR_EHRM_SEX_CUR_NB","SEX_T","CUR_TYPE_PPP","2025",5.62,,"T30:76","R1:3513"
"DOM","BA:13413","EAR_EHRM_SEX_CUR_NB","SEX_T","CUR_TYPE_USD","2025",2.159,,"T30:76","R1:3513"
"DOM","BA:13413","EAR_EHRM_SEX_CUR_NB","SEX_T","CUR_TYPE_LCU","2024",122.596,,"T30:76","R1:3513"
"DOM","BA:13413","EAR_EHRM_SEX_CUR_NB","SEX_T","CUR_TYPE_PPP","2024",5.208,,"T30:76","R1:3513"
"DOM","BA:13413","EAR_EHRM_SEX_CUR_NB","SEX_T","CUR_TYPE_USD","2024",2.058,,"T30:76","R1:3513"
"DOM","BA:13413","EAR_EHRM_SEX_CUR_NB","SEX_T","CUR_TYPE_LCU","2023",112.5,,"T30:76","R1:3513"
"DOM","BA:13413","EAR_EHRM_SEX_CUR_NB","SEX_T","CUR_TYPE_PPP","2023",4.796,,"T30:76","R1:3513"
"DOM","BA:13413","EAR_EHRM_SEX_CUR_NB","SEX_T","CUR_TYPE_USD","2023",2.003,,"T30:76","R1:3513"
"DOM","BA:13413","EAR_EHRM_SEX_CUR_NB","SEX_T","CUR_TYPE_LCU","2022",98.077,,"T30:76","R1:3513"
"DOM","BA:13413","EAR_EHRM_SEX_CUR_NB","SEX_T","CUR_TYPE_PPP","2022",4.208,,"T30:76","R1:3513"
"DOM","BA:13413","EAR_EHRM_SEX_CUR_NB","SEX_T","CUR_TYPE_USD","2022",1.779,,"T30:76","R1:3513"
"DOM","BA:13413","EAR_EHRM_SEX_CUR_NB","SEX_T","CUR_TYPE_LCU","2021",87.413,,"T30:76","R1:3513"
"DOM","BA:13413","EAR_EHRM_SEX_CUR_NB","SEX_T","CUR_TYPE_PPP","2021",3.778,,"T30:76","R1:3513"
"DOM","BA:13413","EAR_EHRM_SEX_CUR_NB","SEX_T","CUR_TYPE_USD","2021",1.528,,"T30:76","R1:3513"
"DOM","BA:13413","EAR_EHRM_SEX_CUR_NB","SEX_T","CUR_TYPE_LCU","2020",83.333,"B","T30:76_I11:264","R1:3513"
"DOM","BA:13413","EAR_EHRM_SEX_CUR_NB","SEX_T","CUR_TYPE_PPP","2020",3.635,"B","T30:76_I11:264","R1:3513"
"DOM","BA:13413","EAR_EHRM_SEX_CUR_NB","SEX_T","CUR_TYPE_USD","2020",1.474,"B","T30:76_I11:264","R1:3513"
"DOM","BA:13413","EAR_EHRM_SEX_CUR_NB","SEX_T","CUR_TYPE_LCU","2019",69.231,,"T30:76","R1:3513"
"DOM","BA:13413","EAR_EHRM_SEX_CUR_NB","SEX_T","CUR_TYPE_PPP","2019",2.961,,"T30:76","R1:3513"
"DOM","BA:13413","EAR_EHRM_SEX_CUR_NB","SEX_T","CUR_TYPE_USD","2019",1.35,,"T30:76","R1:3513"
"DOM","BA:13413","EAR_EHRM_SEX_CUR_NB","SEX_T","CUR_TYPE_LCU","2018",63.462,,"T30:76","R1:3513"
"DOM","BA:13413","EAR_EHRM_SEX_CUR_NB","SEX_T","CUR_TYPE_PPP","2018",2.621,,"T30:76","R1:3513"
"DOM","BA:13413","EAR_EHRM_SEX_CUR_NB","SEX_T","CUR_TYPE_USD","2018",1.282,,"T30:76","R1:3513"
"DOM","BA:13413","EAR_EHRM_SEX_CUR_NB","SEX_T","CUR_TYPE_LCU","2017",57.692,,"T30:76","R1:3513"
"DOM","BA:13413","EAR_EHRM_SEX_CUR_NB","SEX_T","CUR_TYPE_PPP","2017",2.406,,"T30:76","R1:3513"
"DOM","BA:13413","EAR_EHRM_SEX_CUR_NB","SEX_T","CUR_TYPE_USD","2017",1.214,,"T30:76","R1:3513"
"DOM","BA:13413","EAR_EHRM_SEX_CUR_NB","SEX_T","CUR_TYPE_LCU","2016",56.133,,"T30:76","R1:3513"
"DOM","BA:13413","EAR_EHRM_SEX_CUR_NB","SEX_T","CUR_TYPE_PPP","2016",2.437,,"T30:76","R1:3513"
"DOM","BA:13413","EAR_EHRM_SEX_CUR_NB","SEX_T","CUR_TYPE_USD","2016",1.219,,"T30:76","R1:3513"
"DOM","BA:13413","EAR_EHRM_SEX_CUR_NB","SEX_T","CUR_TYPE_LCU","2015",51.282,"B","T30:76_I11:264","R1:3513"
"DOM","BA:13413","EAR_EHRM_SEX_CUR_NB","SEX_T","CUR_TYPE_PPP","2015",2.252,"B","T30:76_I11:264","R1:3513"
"DOM","BA:13413","EAR_EHRM_SEX_CUR_NB","SEX_T","CUR_TYPE_USD","2015",1.139,"B","T30:76_I11:264","R1:3513"
"ECU","BA:19","EAR_EHRM_SEX_CUR_NB","SEX_T","CUR_TYPE_LCU","2025",2.712,,"T30:77","R1:3513"
"ECU","BA:19","EAR_EHRM_SEX_CUR_NB","SEX_T","CUR_TYPE_PPP","2025",6.141,,"T30:77","R1:3513"
"ECU","BA:19","EAR_EHRM_SEX_CUR_NB","SEX_T","CUR_TYPE_USD","2025",2.712,,"T30:77","R1:3513"
"ECU","BA:19","EAR_EHRM_SEX_CUR_NB","SEX_T","CUR_TYPE_LCU","2024",2.654,,"T30:77","R1:3513"
"ECU","BA:19","EAR_EHRM_SEX_CUR_NB","SEX_T","CUR_TYPE_PPP","2024",5.894,,"T30:77","R1:3513"
"ECU","BA:19","EAR_EHRM_SEX_CUR_NB","SEX_T","CUR_TYPE_USD","2024",2.654,,"T30:77","R1:3513"
"ECU","BA:19","EAR_EHRM_SEX_CUR_NB","SEX_T","CUR_TYPE_LCU","2023",2.564,,"T30:77","R1:3513"
"ECU","BA:19","EAR_EHRM_SEX_CUR_NB","SEX_T","CUR_TYPE_PPP","2023",5.618,,"T30:77","R1:3513"
"ECU","BA:19","EAR_EHRM_SEX_CUR_NB","SEX_T","CUR_TYPE_USD","2023",2.564,,"T30:77","R1:3513"
"ECU","BA:19","EAR_EHRM_SEX_CUR_NB","SEX_T","CUR_TYPE_LCU","2022",2.404,,"T30:77","R1:3513"
"ECU","BA:19","EAR_EHRM_SEX_CUR_NB","SEX_T","CUR_TYPE_PPP","2022",5.17,,"T30:77","R1:3513"
"ECU","BA:19","EAR_EHRM_SEX_CUR_NB","SEX_T","CUR_TYPE_USD","2022",2.404,,"T30:77","R1:3513"
"ECU","BA:19","EAR_EHRM_SEX_CUR_NB","SEX_T","CUR_TYPE_LCU","2021",2.308,,"T30:77","R1:3513"
"ECU","BA:19","EAR_EHRM_SEX_CUR_NB","SEX_T","CUR_TYPE_PPP","2021",4.755,,"T30:77","R1:3513"
"ECU","BA:19","EAR_EHRM_SEX_CUR_NB","SEX_T","CUR_TYPE_USD","2021",2.308,,"T30:77","R1:3513"
"ECU","BA:19","EAR_EHRM_SEX_CUR_NB","SEX_T","CUR_TYPE_LCU","2019",2.348,,"T30:77","R1:3513"
"ECU","BA:19","EAR_EHRM_SEX_CUR_NB","SEX_T","CUR_TYPE_PPP","2019",4.378,,"T30:77","R1:3513"
"ECU","BA:19","EAR_EHRM_SEX_CUR_NB","SEX_T","CUR_TYPE_USD","2019",2.348,,"T30:77","R1:3513"
"ECU","BA:19","EAR_EHRM_SEX_CUR_NB","SEX_T","CUR_TYPE_LCU","2018",2.308,,"T30:77","R1:3513"
"ECU","BA:19","EAR_EHRM_SEX_CUR_NB","SEX_T","CUR_TYPE_PPP","2018",4.153,,"T30:77","R1:3513"
"ECU","BA:19","EAR_EHRM_SEX_CUR_NB","SEX_T","CUR_TYPE_USD","2018",2.308,,"T30:77","R1:3513"
"ECU","BA:19","EAR_EHRM_SEX_CUR_NB","SEX_T","CUR_TYPE_LCU","2017",2.308,,"T30:77","R1:3513"
"ECU","BA:19","EAR_EHRM_SEX_CUR_NB","SEX_T","CUR_TYPE_PPP","2017",4.012,,"T30:77","R1:3513"
"ECU","BA:19","EAR_EHRM_SEX_CUR_NB","SEX_T","CUR_TYPE_USD","2017",2.308,,"T30:77","R1:3513"
"ECU","BA:19","EAR_EHRM_SEX_CUR_NB","SEX_T","CUR_TYPE_LCU","2016",2.227,,"T30:77","R1:3513"
"ECU","BA:19","EAR_EHRM_SEX_CUR_NB","SEX_T","CUR_TYPE_PPP","2016",3.849,,"T30:77","R1:3513"
"ECU","BA:19","EAR_EHRM_SEX_CUR_NB","SEX_T","CUR_TYPE_USD","2016",2.227,,"T30:77","R1:3513"
"ECU","BA:19","EAR_EHRM_SEX_CUR_NB","SEX_T","CUR_TYPE_LCU","2015",2.192,,"T30:77","R1:3513"
"ECU","BA:19","EAR_EHRM_SEX_CUR_NB","SEX_T","CUR_TYPE_PPP","2015",3.775,,"T30:77","R1:3513"
"ECU","BA:19","EAR_EHRM_SEX_CUR_NB","SEX_T","CUR_TYPE_USD","2015",2.192,,"T30:77","R1:3513"
"ECU","BA:19","EAR_EHRM_SEX_CUR_NB","SEX_T","CUR_TYPE_LCU","2014",2.077,,"T30:77","R1:3513"
"ECU","BA:19","EAR_EHRM_SEX_CUR_NB","SEX_T","CUR_TYPE_PPP","2014",3.678,,"T30:77","R1:3513"
"ECU","BA:19","EAR_EHRM_SEX_CUR_NB","SEX_T","CUR_TYPE_USD","2014",2.077,,"T30:77","R1:3513"
"ECU","BA:19","EAR_EHRM_SEX_CUR_NB","SEX_T","CUR_TYPE_LCU","2013",1.923,,"T30:77","R1:3513"
"ECU","BA:19","EAR_EHRM_SEX_CUR_NB","SEX_T","CUR_TYPE_PPP","2013",3.467,,"T30:77","R1:3513"
"ECU","BA:19","EAR_EHRM_SEX_CUR_NB","SEX_T","CUR_TYPE_USD","2013",1.923,,"T30:77","R1:3513"
"EGY","BA:582","EAR_EHRM_SEX_CUR_NB","SEX_T","CUR_TYPE_LCU","2024",23.489,"B","T30:15_I11:264","R1:3513"
"EGY","BA:582","EAR_EHRM_SEX_CUR_NB","SEX_T","CUR_TYPE_PPP","2024",3.379,"B","T30:15_I11:264","R1:3513"
"EGY","BA:582","EAR_EHRM_SEX_CUR_NB","SEX_T","CUR_TYPE_USD","2024",0.518,"B","T30:15_I11:264","R1:3513"
"EGY","BA:582","EAR_EHRM_SEX_CUR_NB","SEX_T","CUR_TYPE_LCU","2023",19.231,,"T30:15","R1:3513"
"EGY","BA:582","EAR_EHRM_SEX_CUR_NB","SEX_T","CUR_TYPE_PPP","2023",3.447,,"T30:15","R1:3513"
"EGY","BA:582","EAR_EHRM_SEX_CUR_NB","SEX_T","CUR_TYPE_USD","2023",0.628,,"T30:15","R1:3513"
"EGY","BA:582","EAR_EHRM_SEX_CUR_NB","SEX_T","CUR_TYPE_LCU","2022",15.385,,"T30:15","R1:3513"
"EGY","BA:582","EAR_EHRM_SEX_CUR_NB","SEX_T","CUR_TYPE_PPP","2022",3.546,,"T30:15","R1:3513"
"EGY","BA:582","EAR_EHRM_SEX_CUR_NB","SEX_T","CUR_TYPE_USD","2022",0.803,,"T30:15","R1:3513"
"EGY","BA:582","EAR_EHRM_SEX_CUR_NB","SEX_T","CUR_TYPE_LCU","2021",14.423,,"T30:15","R1:3513"
"EGY","BA:582","EAR_EHRM_SEX_CUR_NB","SEX_T","CUR_TYPE_PPP","2021",3.506,,"T30:15","R1:3513"
"EGY","BA:582","EAR_EHRM_SEX_CUR_NB","SEX_T","CUR_TYPE_USD","2021",0.922,,"T30:15","R1:3513"
"EGY","BA:582","EAR_EHRM_SEX_CUR_NB","SEX_T","CUR_TYPE_LCU","2020",13.846,,"T30:15","R1:3513"
"EGY","BA:582","EAR_EHRM_SEX_CUR_NB","SEX_T","CUR_TYPE_PPP","2020",3.399,,"T30:15","R1:3513"
"EGY","BA:582","EAR_EHRM_SEX_CUR_NB","SEX_T","CUR_TYPE_USD","2020",0.879,,"T30:15","R1:3513"
"EGY","BA:582","EAR_EHRM_SEX_CUR_NB","SEX_T","CUR_TYPE_LCU","2019",12.363,,"T30:15","R1:3513"
"EGY","BA:582","EAR_EHRM_SEX_CUR_NB","SEX_T","CUR_TYPE_PPP","2019",3.109,,"T30:15","R1:3513"
"EGY","BA:582","EAR_EHRM_SEX_CUR_NB","SEX_T","CUR_TYPE_USD","2019",0.737,,"T30:15","R1:3513"
"EGY","BA:582","EAR_EHRM_SEX_CUR_NB","SEX_T","CUR_TYPE_LCU","2018",10.577,,"T30:15","R1:3513"
"EGY","BA:582","EAR_EHRM_SEX_CUR_NB","SEX_T","CUR_TYPE_PPP","2018",2.884,,"T30:15","R1:3513"
"EGY","BA:582","EAR_EHRM_SEX_CUR_NB","SEX_T","CUR_TYPE_USD","2018",0.595,,"T30:15","R1:3513"
"EGY","BA:582","EAR_EHRM_SEX_CUR_NB","SEX_T","CUR_TYPE_LCU","2017",9.89,,"T30:15","R1:3513"
"EGY","BA:582","EAR_EHRM_SEX_CUR_NB","SEX_T","CUR_TYPE_PPP","2017",2.89,,"T30:15","R1:3513"
"EGY","BA:582","EAR_EHRM_SEX_CUR_NB","SEX_T","CUR_TYPE_USD","2017",0.556,,"T30:15","R1:3513"
"EGY","BA:582","EAR_EHRM_SEX_CUR_NB","SEX_T","CUR_TYPE_LCU","2016",8.774,"B","T30:15_I11:264","R1:3513"
"EGY","BA:582","EAR_EHRM_SEX_CUR_NB","SEX_T","CUR_TYPE_PPP","2016",3.308,"B","T30:15_I11:264","R1:3513"
"EGY","BA:582","EAR_EHRM_SEX_CUR_NB","SEX_T","CUR_TYPE_USD","2016",0.875,"B","T30:15_I11:264","R1:3513"
"EGY","BA:582","EAR_EHRM_SEX_CUR_NB","SEX_T","CUR_TYPE_LCU","2015",8.199,,"T30:15","R1:3513"
"EGY","BA:582","EAR_EHRM_SEX_CUR_NB","SEX_T","CUR_TYPE_PPP","2015",3.494,,"T30:15","R1:3513"
"EGY","BA:582","EAR_EHRM_SEX_CUR_NB","SEX_T","CUR_TYPE_USD","2015",1.066,,"T30:15","R1:3513"
"EGY","BA:582","EAR_EHRM_SEX_CUR_NB","SEX_T","CUR_TYPE_LCU","2013",6.25,,"T30:15","R1:3513"
"EGY","BA:582","EAR_EHRM_SEX_CUR_NB","SEX_T","CUR_TYPE_PPP","2013",3.258,,"T30:15","R1:3513"
"EGY","BA:582","EAR_EHRM_SEX_CUR_NB","SEX_T","CUR_TYPE_USD","2013",0.91,,"T30:15","R1:3513"
"EGY","BA:582","EAR_EHRM_SEX_CUR_NB","SEX_T","CUR_TYPE_LCU","2012",5.769,,"T30:15","R1:3513"
"EGY","BA:582","EAR_EHRM_SEX_CUR_NB","SEX_T","CUR_TYPE_PPP","2012",3.34,,"T30:15","R1:3513"
"EGY","BA:582","EAR_EHRM_SEX_CUR_NB","SEX_T","CUR_TYPE_USD","2012",0.953,,"T30:15","R1:3513"
"EGY","BA:582","EAR_EHRM_SEX_CUR_NB","SEX_T","CUR_TYPE_LCU","2011",4.014,,"T30:15","R1:3513"
"EGY","BA:582","EAR_EHRM_SEX_CUR_NB","SEX_T","CUR_TYPE_PPP","2011",2.341,,"T30:15","R1:3513"
"EGY","BA:582","EAR_EHRM_SEX_CUR_NB","SEX_T","CUR_TYPE_USD","2011",0.677,,"T30:15","R1:3513"
"EGY","BA:582","EAR_EHRM_SEX_CUR_NB","SEX_T","CUR_TYPE_LCU","2010",3.008,,"T30:15","R1:3513"
"EGY","BA:582","EAR_EHRM_SEX_CUR_NB","SEX_T","CUR_TYPE_PPP","2010",1.872,,"T30:15","R1:3513"
"EGY","BA:582","EAR_EHRM_SEX_CUR_NB","SEX_T","CUR_TYPE_USD","2010",0.535,,"T30:15","R1:3513"
"EGY","BA:582","EAR_EHRM_SEX_CUR_NB","SEX_T","CUR_TYPE_LCU","2009",0.32,,"T30:15","R1:3513"
"EGY","BA:582","EAR_EHRM_SEX_CUR_NB","SEX_T","CUR_TYPE_PPP","2009",0.218,,"T30:15","R1:3513"
"EGY","BA:582","EAR_EHRM_SEX_CUR_NB","SEX_T","CUR_TYPE_USD","2009",0.058,,"T30:15","R1:3513"
"EGY","BA:582","EAR_EHRM_SEX_CUR_NB","SEX_T","CUR_TYPE_LCU","2008",0.26,"B","T30:15_I11:264","R1:3513"
"EGY","BA:582","EAR_EHRM_SEX_CUR_NB","SEX_T","CUR_TYPE_PPP","2008",0.199,"B","T30:15_I11:264","R1:3513"
"EGY","BA:582","EAR_EHRM_SEX_CUR_NB","SEX_T","CUR_TYPE_USD","2008",0.048,"B","T30:15_I11:264","R1:3513"
"ETH","BA:1126","EAR_EHRM_SEX_CUR_NB","SEX_T","CUR_TYPE_LCU","2021",17.885,,"T30:17","R1:3513"
"ETH","BA:1126","EAR_EHRM_SEX_CUR_NB","SEX_T","CUR_TYPE_PPP","2021",1.331,,"T30:17","R1:3513"
"ETH","BA:1126","EAR_EHRM_SEX_CUR_NB","SEX_T","CUR_TYPE_USD","2021",0.409,,"T30:17","R1:3513"
"ETH","BA:1126","EAR_EHRM_SEX_CUR_NB","SEX_T","CUR_TYPE_LCU","2013",5.25,,"T30:17","R1:3513"
"ETH","BA:1126","EAR_EHRM_SEX_CUR_NB","SEX_T","CUR_TYPE_PPP","2013",0.733,,"T30:17","R1:3513"
"ETH","BA:1126","EAR_EHRM_SEX_CUR_NB","SEX_T","CUR_TYPE_USD","2013",0.282,,"T30:17","R1:3513"
"ETH","BA:1126","EAR_EHRM_SEX_CUR_NB","SEX_T","CUR_TYPE_LCU","2005",1.054,,"T30:17","R1:3513"
"ETH","BA:1126","EAR_EHRM_SEX_CUR_NB","SEX_T","CUR_TYPE_PPP","2005",0.488,,"T30:17","R1:3513"
"ETH","BA:1126","EAR_EHRM_SEX_CUR_NB","SEX_T","CUR_TYPE_USD","2005",0.122,,"T30:17","R1:3513"
"FJI","BA:1135","EAR_EHRM_SEX_CUR_NB","SEX_T","CUR_TYPE_LCU","2024",5.621,,"T30:214","R1:3513"
"FJI","BA:1135","EAR_EHRM_SEX_CUR_NB","SEX_T","CUR_TYPE_PPP","2024",6.068,,"T30:214","R1:3513"
"FJI","BA:1135","EAR_EHRM_SEX_CUR_NB","SEX_T","CUR_TYPE_USD","2024",2.478,,"T30:214","R1:3513"
"FRA","BA:148","EAR_EHRM_SEX_CUR_NB","SEX_T","CUR_TYPE_LCU","2024",12.826,,"T30:175","R1:3513"
"FRA","BA:148","EAR_EHRM_SEX_CUR_NB","SEX_T","CUR_TYPE_PPP","2024",17.889,,"T30:175","R1:3513"
"FRA","BA:148","EAR_EHRM_SEX_CUR_NB","SEX_T","CUR_TYPE_USD","2024",13.882,,"T30:175","R1:3513"
"FRA","BA:148","EAR_EHRM_SEX_CUR_NB","SEX_T","CUR_TYPE_LCU","2023",12.404,,"T30:175","R1:3513"
"FRA","BA:148","EAR_EHRM_SEX_CUR_NB","SEX_T","CUR_TYPE_PPP","2023",17.241,,"T30:175","R1:3513"
"FRA","BA:148","EAR_EHRM_SEX_CUR_NB","SEX_T","CUR_TYPE_USD","2023",13.412,,"T30:175","R1:3513"
"FRA","BA:148","EAR_EHRM_SEX_CUR_NB","SEX_T","CUR_TYPE_LCU","2022",11.757,,"T30:175","R1:3513"
"FRA","BA:148","EAR_EHRM_SEX_CUR_NB","SEX_T","CUR_TYPE_PPP","2022",15.796,,"T30:175","R1:3513"
"FRA","BA:148","EAR_EHRM_SEX_CUR_NB","SEX_T","CUR_TYPE_USD","2022",12.38,,"T30:175","R1:3513"
"FRA","BA:148","EAR_EHRM_SEX_CUR_NB","SEX_T","CUR_TYPE_LCU","2021",11.539,,"T30:175","R1:3513"
"FRA","BA:148","EAR_EHRM_SEX_CUR_NB","SEX_T","CUR_TYPE_PPP","2021",14.565,,"T30:175","R1:3513"
"FRA","BA:148","EAR_EHRM_SEX_CUR_NB","SEX_T","CUR_TYPE_USD","2021",13.647,,"T30:175","R1:3513"
"FRA","BA:148","EAR_EHRM_SEX_CUR_NB","SEX_T","CUR_TYPE_LCU","2020",11.719,,"T30:175","R1:3513"
"FRA","BA:148","EAR_EHRM_SEX_CUR_NB","SEX_T","CUR_TYPE_PPP","2020",14.784,,"T30:175","R1:3513"
"FRA","BA:148","EAR_EHRM_SEX_CUR_NB","SEX_T","CUR_TYPE_USD","2020",13.385,,"T30:175","R1:3513"
"FRA","BA:148","EAR_EHRM_SEX_CUR_NB","SEX_T","CUR_TYPE_LCU","2019",11.314,,"T30:175","R1:3513"
"FRA","BA:148","EAR_EHRM_SEX_CUR_NB","SEX_T","CUR_TYPE_PPP","2019",14.013,,"T30:175","R1:3513"
"FRA","BA:148","EAR_EHRM_SEX_CUR_NB","SEX_T","CUR_TYPE_USD","2019",12.666,,"T30:175","R1:3513"
"FRA","BA:148","EAR_EHRM_SEX_CUR_NB","SEX_T","CUR_TYPE_LCU","2018",10.997,,"T30:175","R1:3513"
"FRA","BA:148","EAR_EHRM_SEX_CUR_NB","SEX_T","CUR_TYPE_PPP","2018",13.08,,"T30:175","R1:3513"
"FRA","BA:148","EAR_EHRM_SEX_CUR_NB","SEX_T","CUR_TYPE_USD","2018",12.987,,"T30:175","R1:3513"
"FRA","BA:148","EAR_EHRM_SEX_CUR_NB","SEX_T","CUR_TYPE_LCU","2017",10.76,,"T30:175","R1:3513"
"FRA","BA:148","EAR_EHRM_SEX_CUR_NB","SEX_T","CUR_TYPE_PPP","2017",12.692,,"T30:175","R1:3513"
"FRA","BA:148","EAR_EHRM_SEX_CUR_NB","SEX_T","CUR_TYPE_USD","2017",12.156,,"T30:175","R1:3513"
"FRA","BA:148","EAR_EHRM_SEX_CUR_NB","SEX_T","CUR_TYPE_LCU","2016",10.675,,"T30:175","R1:3513"
"FRA","BA:148","EAR_EHRM_SEX_CUR_NB","SEX_T","CUR_TYPE_PPP","2016",12.601,,"T30:175","R1:3513"
"FRA","BA:148","EAR_EHRM_SEX_CUR_NB","SEX_T","CUR_TYPE_USD","2016",11.816,,"T30:175","R1:3513"
"FRA","BA:148","EAR_EHRM_SEX_CUR_NB","SEX_T","CUR_TYPE_LCU","2015",10.651,,"T30:175","R1:3513"
"FRA","BA:148","EAR_EHRM_SEX_CUR_NB","SEX_T","CUR_TYPE_PPP","2015",12.215,,"T30:175","R1:3513"
"FRA","BA:148","EAR_EHRM_SEX_CUR_NB","SEX_T","CUR_TYPE_USD","2015",11.817,,"T30:175","R1:3513"
"FRA","BA:148","EAR_EHRM_SEX_CUR_NB","SEX_T","CUR_TYPE_LCU","2014",10.654,,"T30:175","R1:3513"
"FRA","BA:148","EAR_EHRM_SEX_CUR_NB","SEX_T","CUR_TYPE_PPP","2014",12.396,,"T30:175","R1:3513"
"FRA","BA:148","EAR_EHRM_SEX_CUR_NB","SEX_T","CUR_TYPE_USD","2014",14.154,,"T30:175","R1:3513"
"FRA","BA:148","EAR_EHRM_SEX_CUR_NB","SEX_T","CUR_TYPE_LCU","2013",10.55,,"T30:175","R1:3513"
"FRA","BA:148","EAR_EHRM_SEX_CUR_NB","SEX_T","CUR_TYPE_PPP","2013",12.251,,"T30:175","R1:3513"
"FRA","BA:148","EAR_EHRM_SEX_CUR_NB","SEX_T","CUR_TYPE_USD","2013",14.011,,"T30:175","R1:3513"
"FRA","BA:148","EAR_EHRM_SEX_CUR_NB","SEX_T","CUR_TYPE_LCU","2012",10.385,,"T30:175","R1:3513"
"FRA","BA:148","EAR_EHRM_SEX_CUR_NB","SEX_T","CUR_TYPE_PPP","2012",11.714,,"T30:175","R1:3513"
"FRA","BA:148","EAR_EHRM_SEX_CUR_NB","SEX_T","CUR_TYPE_USD","2012",13.342,,"T30:175","R1:3513"
"FRA","BA:148","EAR_EHRM_SEX_CUR_NB","SEX_T","CUR_TYPE_LCU","2011",10.227,,"T30:175","R1:3513"
"FRA","BA:148","EAR_EHRM_SEX_CUR_NB","SEX_T","CUR_TYPE_PPP","2011",11.587,,"T30:175","R1:3513"
"FRA","BA:148","EAR_EHRM_SEX_CUR_NB","SEX_T","CUR_TYPE_USD","2011",14.237,,"T30:175","R1:3513"
"FRA","BA:148","EAR_EHRM_SEX_CUR_NB","SEX_T","CUR_TYPE_LCU","2010",9.951,,"T30:175","R1:3513"
"FRA","BA:148","EAR_EHRM_SEX_CUR_NB","SEX_T","CUR_TYPE_PPP","2010",11.082,,"T30:175","R1:3513"
"FRA","BA:148","EAR_EHRM_SEX_CUR_NB","SEX_T","CUR_TYPE_USD","2010",13.192,,"T30:175","R1:3513"
"FRA","BA:148","EAR_EHRM_SEX_CUR_NB","SEX_T","CUR_TYPE_LCU","2009",9.89,,"T30:175","R1:3513"
"FRA","BA:148","EAR_EHRM_SEX_CUR_NB","SEX_T","CUR_TYPE_PPP","2009",10.895,,"T30:175","R1:3513"
"FRA","BA:148","EAR_EHRM_SEX_CUR_NB","SEX_T","CUR_TYPE_USD","2009",13.795,,"T30:175","R1:3513"
"FRA","BA:148","EAR_EHRM_SEX_CUR_NB","SEX_T","CUR_TYPE_LCU","2008",9.68,,"T30:175","R1:3513"
"FRA","BA:148","EAR_EHRM_SEX_CUR_NB","SEX_T","CUR_TYPE_PPP","2008",10.462,,"T30:175","R1:3513"
"FRA","BA:148","EAR_EHRM_SEX_CUR_NB","SEX_T","CUR_TYPE_USD","2008",14.237,,"T30:175","R1:3513"
"FRA","BA:148","EAR_EHRM_SEX_CUR_NB","SEX_T","CUR_TYPE_LCU","2007",9.375,,"T30:175","R1:3513"
"FRA","BA:148","EAR_EHRM_SEX_CUR_NB","SEX_T","CUR_TYPE_PPP","2007",10.123,,"T30:175","R1:3513"
"FRA","BA:148","EAR_EHRM_SEX_CUR_NB","SEX_T","CUR_TYPE_USD","2007",12.848,,"T30:175","R1:3513"
"FRA","BA:148","EAR_EHRM_SEX_CUR_NB","SEX_T","CUR_TYPE_LCU","2006",9.172,,"T30:175","R1:3513"
"FRA","BA:148","EAR_EHRM_SEX_CUR_NB","SEX_T","CUR_TYPE_PPP","2006",9.885,,"T30:175","R1:3513"
"FRA","BA:148","EAR_EHRM_SEX_CUR_NB","SEX_T","CUR_TYPE_USD","2006",11.516,,"T30:175","R1:3513"
"FRA","BA:148","EAR_EHRM_SEX_CUR_NB","SEX_T","CUR_TYPE_LCU","2005",8.914,"B","T30:175_I11:264","R1:3513"
"FRA","BA:148","EAR_EHRM_SEX_CUR_NB","SEX_T","CUR_TYPE_PPP","2005",9.593,"B","T30:175_I11:264","R1:3513"
"FRA","BA:148","EAR_EHRM_SEX_CUR_NB","SEX_T","CUR_TYPE_USD","2005",11.089,"B","T30:175_I11:264","R1:3513"
"GBR","BA:666","EAR_EHRM_SEX_CUR_NB","SEX_T","CUR_TYPE_LCU","2025",17.3,,"T30:210","R1:3513"
"GBR","BA:666","EAR_EHRM_SEX_CUR_NB","SEX_T","CUR_TYPE_PPP","2025",24.66,,"T30:210","R1:3513"
"GBR","BA:666","EAR_EHRM_SEX_CUR_NB","SEX_T","CUR_TYPE_USD","2025",22.779,,"T30:210","R1:3513"
"GBR","BA:666","EAR_EHRM_SEX_CUR_NB","SEX_T","CUR_TYPE_LCU","2024",16.35,,"T30:210","R1:3513"
"GBR","BA:666","EAR_EHRM_SEX_CUR_NB","SEX_T","CUR_TYPE_PPP","2024",23.948,,"T30:210","R1:3513"
"GBR","BA:666","EAR_EHRM_SEX_CUR_NB","SEX_T","CUR_TYPE_USD","2024",20.897,,"T30:210","R1:3513"
"GBR","BA:666","EAR_EHRM_SEX_CUR_NB","SEX_T","CUR_TYPE_LCU","2023",15.625,,"T30:210","R1:3513"
"GBR","BA:666","EAR_EHRM_SEX_CUR_NB","SEX_T","CUR_TYPE_PPP","2023",23.195,,"T30:210","R1:3513"
"GBR","BA:666","EAR_EHRM_SEX_CUR_NB","SEX_T","CUR_TYPE_USD","2023",19.421,,"T30:210","R1:3513"
"GBR","BA:666","EAR_EHRM_SEX_CUR_NB","SEX_T","CUR_TYPE_LCU","2022",14.75,,"T30:210","R1:3513"
"GBR","BA:666","EAR_EHRM_SEX_CUR_NB","SEX_T","CUR_TYPE_PPP","2022",21.208,,"T30:210","R1:3513"
"GBR","BA:666","EAR_EHRM_SEX_CUR_NB","SEX_T","CUR_TYPE_USD","2022",18.181,,"T30:210","R1:3513"
"GBR","BA:666","EAR_EHRM_SEX_CUR_NB","SEX_T","CUR_TYPE_LCU","2021",14.265,,"T30:210","R1:3513"
"GBR","BA:666","EAR_EHRM_SEX_CUR_NB","SEX_T","CUR_TYPE_PPP","2021",19.394,,"T30:210","R1:3513"
"GBR","BA:666","EAR_EHRM_SEX_CUR_NB","SEX_T","CUR_TYPE_USD","2021",19.62,,"T30:210","R1:3513"
"GBR","BA:666","EAR_EHRM_SEX_CUR_NB","SEX_T","CUR_TYPE_LCU","2020",14.238,,"T30:210","R1:3513"
"GBR","BA:666","EAR_EHRM_SEX_CUR_NB","SEX_T","CUR_TYPE_PPP","2020",18.952,,"T30:210","R1:3513"
"GBR","BA:666","EAR_EHRM_SEX_CUR_NB","SEX_T","CUR_TYPE_USD","2020",18.254,,"T30:210","R1:3513"
"GBR","BA:666","EAR_EHRM_SEX_CUR_NB","SEX_T","CUR_TYPE_LCU","2018",12.167,,"T30:210","R1:3513"
"GBR","BA:666","EAR_EHRM_SEX_CUR_NB","SEX_T","CUR_TYPE_PPP","2018",15.576,,"T30:210","R1:3513"
"GBR","BA:666","EAR_EHRM_SEX_CUR_NB","SEX_T","CUR_TYPE_USD","2018",16.232,,"T30:210","R1:3513"
"GBR","BA:666","EAR_EHRM_SEX_CUR_NB","SEX_T","CUR_TYPE_LCU","2017",11.703,,"T30:210","R1:3513"
"GBR","BA:666","EAR_EHRM_SEX_CUR_NB","SEX_T","CUR_TYPE_PPP","2017",14.874,,"T30:210","R1:3513"
"GBR","BA:666","EAR_EHRM_SEX_CUR_NB","SEX_T","CUR_TYPE_USD","2017",15.062,,"T30:210","R1:3513"
"GBR","BA:666","EAR_EHRM_SEX_CUR_NB","SEX_T","CUR_TYPE_LCU","2016",11.406,,"T30:210","R1:3513"
"GBR","BA:666","EAR_EHRM_SEX_CUR_NB","SEX_T","CUR_TYPE_PPP","2016",14.464,,"T30:210","R1:3513"
"GBR","BA:666","EAR_EHRM_SEX_CUR_NB","SEX_T","CUR_TYPE_USD","2016",15.401,,"T30:210","R1:3513"
"GBR","BA:666","EAR_EHRM_SEX_CUR_NB","SEX_T","CUR_TYPE_LCU","2015",11.111,,"T30:210","R1:3513"
"GBR","BA:666","EAR_EHRM_SEX_CUR_NB","SEX_T","CUR_TYPE_PPP","2015",13.789,,"T30:210","R1:3513"
"GBR","BA:666","EAR_EHRM_SEX_CUR_NB","SEX_T","CUR_TYPE_USD","2015",16.975,,"T30:210","R1:3513"
"GBR","BA:666","EAR_EHRM_SEX_CUR_NB","SEX_T","CUR_TYPE_LCU","2014",11.041,,"T30:210","R1:3513"
"GBR","BA:666","EAR_EHRM_SEX_CUR_NB","SEX_T","CUR_TYPE_PPP","2014",13.827,,"T30:210","R1:3513"
"GBR","BA:666","EAR_EHRM_SEX_CUR_NB","SEX_T","CUR_TYPE_USD","2014",18.168,,"T30:210","R1:3513"
"GBR","BA:666","EAR_EHRM_SEX_CUR_NB","SEX_T","CUR_TYPE_LCU","2013",10.825,,"T30:210","R1:3513"
"GBR","BA:666","EAR_EHRM_SEX_CUR_NB","SEX_T","CUR_TYPE_PPP","2013",13.653,,"T30:210","R1:3513"
"GBR","BA:666","EAR_EHRM_SEX_CUR_NB","SEX_T","CUR_TYPE_USD","2013",16.923,,"T30:210","R1:3513"
"GBR","BA:666","EAR_EHRM_SEX_CUR_NB","SEX_T","CUR_TYPE_LCU","2012",10.689,,"T30:210","R1:3513"
"GBR","BA:666","EAR_EHRM_SEX_CUR_NB","SEX_T","CUR_TYPE_PPP","2012",13.578,,"T30:210","R1:3513"
"GBR","BA:666","EAR_EHRM_SEX_CUR_NB","SEX_T","CUR_TYPE_USD","2012",16.885,,"T30:210","R1:3513"
"GBR","BA:666","EAR_EHRM_SEX_CUR_NB","SEX_T","CUR_TYPE_LCU","2011",10.524,,"T30:210","R1:3513"
"GBR","BA:666","EAR_EHRM_SEX_CUR_NB","SEX_T","CUR_TYPE_PPP","2011",13.532,,"T30:210","R1:3513"
"GBR","BA:666","EAR_EHRM_SEX_CUR_NB","SEX_T","CUR_TYPE_USD","2011",16.861,,"T30:210","R1:3513"
"GBR","BA:666","EAR_EHRM_SEX_CUR_NB","SEX_T","CUR_TYPE_LCU","2010",10.325,,"T30:210","R1:3513"
"GBR","BA:666","EAR_EHRM_SEX_CUR_NB","SEX_T","CUR_TYPE_PPP","2010",13.265,,"T30:210","R1:3513"
"GBR","BA:666","EAR_EHRM_SEX_CUR_NB","SEX_T","CUR_TYPE_USD","2010",15.954,,"T30:210","R1:3513"
"GBR","BA:666","EAR_EHRM_SEX_CUR_NB","SEX_T","CUR_TYPE_LCU","2009",10.132,,"T30:210","R1:3513"
"GBR","BA:666","EAR_EHRM_SEX_CUR_NB","SEX_T","CUR_TYPE_PPP","2009",12.952,,"T30:210","R1:3513"
"GBR","BA:666","EAR_EHRM_SEX_CUR_NB","SEX_T","CUR_TYPE_USD","2009",15.783,,"T30:210","R1:3513"
"GBR","BA:666","EAR_EHRM_SEX_CUR_NB","SEX_T","CUR_TYPE_LCU","2008",10,,"T30:210","R1:3513"
"GBR","BA:666","EAR_EHRM_SEX_CUR_NB","SEX_T","CUR_TYPE_PPP","2008",13.098,,"T30:210","R1:3513"
"GBR","BA:666","EAR_EHRM_SEX_CUR_NB","SEX_T","CUR_TYPE_USD","2008",18.384,,"T30:210","R1:3513"
"GBR","BA:666","EAR_EHRM_SEX_CUR_NB","SEX_T","CUR_TYPE_LCU","2007",9.613,,"T30:210","R1:3513"
"GBR","BA:666","EAR_EHRM_SEX_CUR_NB","SEX_T","CUR_TYPE_PPP","2007",12.668,,"T30:210","R1:3513"
"GBR","BA:666","EAR_EHRM_SEX_CUR_NB","SEX_T","CUR_TYPE_USD","2007",19.235,,"T30:210","R1:3513"
"GBR","BA:666","EAR_EHRM_SEX_CUR_NB","SEX_T","CUR_TYPE_LCU","2006",9.24,,"T30:210","R1:3513"
"GBR","BA:666","EAR_EHRM_SEX_CUR_NB","SEX_T","CUR_TYPE_PPP","2006",12.325,,"T30:210","R1:3513"
"GBR","BA:666","EAR_EHRM_SEX_CUR_NB","SEX_T","CUR_TYPE_USD","2006",17.001,,"T30:210","R1:3513"
"GBR","BA:666","EAR_EHRM_SEX_CUR_NB","SEX_T","CUR_TYPE_LCU","2005",8.902,"B","T30:210_I11:264","R1:3513"
"GBR","BA:666","EAR_EHRM_SEX_CUR_NB","SEX_T","CUR_TYPE_PPP","2005",11.669,"B","T30:210_I11:264","R1:3513"
"GBR","BA:666","EAR_EHRM_SEX_CUR_NB","SEX_T","CUR_TYPE_USD","2005",16.186,"B","T30:210_I11:264","R1:3513"
"GBR","BA:666","EAR_EHRM_SEX_CUR_NB","SEX_T","CUR_TYPE_LCU","2003",8.182,,"T30:210","R1:3513"
"GBR","BA:666","EAR_EHRM_SEX_CUR_NB","SEX_T","CUR_TYPE_PPP","2003",10.762,,"T30:210","R1:3513"
"GBR","BA:666","EAR_EHRM_SEX_CUR_NB","SEX_T","CUR_TYPE_USD","2003",13.359,,"T30:210","R1:3513"
"GBR","BA:666","EAR_EHRM_SEX_CUR_NB","SEX_T","CUR_TYPE_LCU","2002",7.979,,"T30:210","R1:3513"
"GBR","BA:666","EAR_EHRM_SEX_CUR_NB","SEX_T","CUR_TYPE_PPP","2002",10.444,,"T30:210","R1:3513"
"GBR","BA:666","EAR_EHRM_SEX_CUR_NB","SEX_T","CUR_TYPE_USD","2002",11.958,,"T30:210","R1:3513"
"GBR","BA:666","EAR_EHRM_SEX_CUR_NB","SEX_T","CUR_TYPE_LCU","2001",7.65,,"T30:210","R1:3513"
"GBR","BA:666","EAR_EHRM_SEX_CUR_NB","SEX_T","CUR_TYPE_PPP","2001",10.12,,"T30:210","R1:3513"
"GBR","BA:666","EAR_EHRM_SEX_CUR_NB","SEX_T","CUR_TYPE_USD","2001",11.013,,"T30:210","R1:3513"
"GBR","BA:666","EAR_EHRM_SEX_CUR_NB","SEX_T","CUR_TYPE_LCU","2000",7.189,,"T30:210","R1:3513"
"GBR","BA:666","EAR_EHRM_SEX_CUR_NB","SEX_T","CUR_TYPE_PPP","2000",9.247,,"T30:210","R1:3513"
"GBR","BA:666","EAR_EHRM_SEX_CUR_NB","SEX_T","CUR_TYPE_USD","2000",10.877,,"T30:210","R1:3513"
"GHA","BB:16203","EAR_EHRM_SEX_CUR_NB","SEX_T","CUR_TYPE_LCU","2024",10.529,,"T30:20","R1:3513"
"GHA","BB:16203","EAR_EHRM_SEX_CUR_NB","SEX_T","CUR_TYPE_PPP","2024",2.23,,"T30:20","R1:3513"
"GHA","BB:16203","EAR_EHRM_SEX_CUR_NB","SEX_T","CUR_TYPE_USD","2024",0.742,,"T30:20","R1:3513"
"GHA","BB:16203","EAR_EHRM_SEX_CUR_NB","SEX_T","CUR_TYPE_LCU","2023",8.335,,"T30:20","R1:3513"
"GHA","BB:16203","EAR_EHRM_SEX_CUR_NB","SEX_T","CUR_TYPE_PPP","2023",2.107,,"T30:20","R1:3513"
"GHA","BB:16203","EAR_EHRM_SEX_CUR_NB","SEX_T","CUR_TYPE_USD","2023",0.756,,"T30:20","R1:3513"
"GHA","BB:16203","EAR_EHRM_SEX_CUR_NB","SEX_T","CUR_TYPE_LCU","2022",6.787,,"T30:20","R1:3513"
"GHA","BB:16203","EAR_EHRM_SEX_CUR_NB","SEX_T","CUR_TYPE_PPP","2022",2.276,,"T30:20","R1:3513"
"GHA","BB:16203","EAR_EHRM_SEX_CUR_NB","SEX_T","CUR_TYPE_USD","2022",0.821,,"T30:20","R1:3513"
"GHA","BB:3078","EAR_EHRM_SEX_CUR_NB","SEX_T","CUR_TYPE_LCU","2017",3.297,"B","T30:20_I11:264","R1:3513"
"GHA","BB:3078","EAR_EHRM_SEX_CUR_NB","SEX_T","CUR_TYPE_PPP","2017",1.929,"B","T30:20_I11:264","R1:3513"
"GHA","BB:3078","EAR_EHRM_SEX_CUR_NB","SEX_T","CUR_TYPE_USD","2017",0.758,"B","T30:20_I11:264","R1:3513"
"GHA","BA:1163","EAR_EHRM_SEX_CUR_NB","SEX_T","CUR_TYPE_LCU","2015",3.462,"B","T30:20_I11:264","R1:3513"
"GHA","BA:1163","EAR_EHRM_SEX_CUR_NB","SEX_T","CUR_TYPE_PPP","2015",2.627,"B","T30:20_I11:264","R1:3513"
"GHA","BA:1163","EAR_EHRM_SEX_CUR_NB","SEX_T","CUR_TYPE_USD","2015",0.932,"B","T30:20_I11:264","R1:3513"
"GHA","BB:3078","EAR_EHRM_SEX_CUR_NB","SEX_T","CUR_TYPE_LCU","2013",1.731,"B","T30:20_I11:264","R1:3513"
"GHA","BB:3078","EAR_EHRM_SEX_CUR_NB","SEX_T","CUR_TYPE_PPP","2013",1.841,"B","T30:20_I11:264","R1:3513"
"GHA","BB:3078","EAR_EHRM_SEX_CUR_NB","SEX_T","CUR_TYPE_USD","2013",0.874,"B","T30:20_I11:264","R1:3513"
"GHA","BB:3078","EAR_EHRM_SEX_CUR_NB","SEX_T","CUR_TYPE_LCU","2006",3571.429,"B","T30:291_I11:264","R1:3513"
"GMB","BA:7014","EAR_EHRM_SEX_CUR_NB","SEX_T","CUR_TYPE_LCU","2018",17.152,"B","T30:19_I11:264","R1:3513"
"GMB","BA:7014","EAR_EHRM_SEX_CUR_NB","SEX_T","CUR_TYPE_PPP","2018",1.151,"B","T30:19_I11:264","R1:3513"
"GMB","BA:7014","EAR_EHRM_SEX_CUR_NB","SEX_T","CUR_TYPE_USD","2018",0.356,"B","T30:19_I11:264","R1:3513"
"GMB","BA:7014","EAR_EHRM_SEX_CUR_NB","SEX_T","CUR_TYPE_LCU","2012",10.302,"B","T30:19_I11:264","R1:3513"
"GMB","BA:7014","EAR_EHRM_SEX_CUR_NB","SEX_T","CUR_TYPE_PPP","2012",0.934,"B","T30:19_I11:264","R1:3513"
"GMB","BA:7014","EAR_EHRM_SEX_CUR_NB","SEX_T","CUR_TYPE_USD","2012",0.321,"B","T30:19_I11:264","R1:3513"
"GNQ","BB:16937","EAR_EHRM_SEX_CUR_NB","SEX_T","CUR_TYPE_LCU","2023",961.538,,"T30:21","R1:3513"
"GNQ","BB:16937","EAR_EHRM_SEX_CUR_NB","SEX_T","CUR_TYPE_PPP","2023",3.487,,"T30:21","R1:3513"
"GNQ","BB:16937","EAR_EHRM_SEX_CUR_NB","SEX_T","CUR_TYPE_USD","2023",1.585,,"T30:21","R1:3513"
"GRC","BA:317","EAR_EHRM_SEX_CUR_NB","SEX_T","CUR_TYPE_LCU","2020",5.048,,"T30:178","R1:3513"
"GRC","BA:317","EAR_EHRM_SEX_CUR_NB","SEX_T","CUR_TYPE_PPP","2020",8.139,,"T30:178","R1:3513"
"GRC","BA:317","EAR_EHRM_SEX_CUR_NB","SEX_T","CUR_TYPE_USD","2020",5.766,,"T30:178","R1:3513"
"GRC","BA:317","EAR_EHRM_SEX_CUR_NB","SEX_T","CUR_TYPE_LCU","2019",4.904,,"T30:178","R1:3513"
"GRC","BA:317","EAR_EHRM_SEX_CUR_NB","SEX_T","CUR_TYPE_PPP","2019",7.929,,"T30:178","R1:3513"
"GRC","BA:317","EAR_EHRM_SEX_CUR_NB","SEX_T","CUR_TYPE_USD","2019",5.49,,"T30:178","R1:3513"
"GRC","BA:317","EAR_EHRM_SEX_CUR_NB","SEX_T","CUR_TYPE_LCU","2018",4.904,,"T30:178","R1:3513"
"GRC","BA:317","EAR_EHRM_SEX_CUR_NB","SEX_T","CUR_TYPE_PPP","2018",7.653,,"T30:178","R1:3513"
"GRC","BA:317","EAR_EHRM_SEX_CUR_NB","SEX_T","CUR_TYPE_USD","2018",5.791,,"T30:178","R1:3513"
"GRC","BA:317","EAR_EHRM_SEX_CUR_NB","SEX_T","CUR_TYPE_LCU","2017",4.808,,"T30:178","R1:3513"
"GRC","BA:317","EAR_EHRM_SEX_CUR_NB","SEX_T","CUR_TYPE_PPP","2017",7.375,,"T30:178","R1:3513"
"GRC","BA:317","EAR_EHRM_SEX_CUR_NB","SEX_T","CUR_TYPE_USD","2017",5.431,,"T30:178","R1:3513"
"GRC","BA:317","EAR_EHRM_SEX_CUR_NB","SEX_T","CUR_TYPE_LCU","2016",4.846,,"T30:178","R1:3513"
"GRC","BA:317","EAR_EHRM_SEX_CUR_NB","SEX_T","CUR_TYPE_PPP","2016",7.336,,"T30:178","R1:3513"
"GRC","BA:317","EAR_EHRM_SEX_CUR_NB","SEX_T","CUR_TYPE_USD","2016",5.364,,"T30:178","R1:3513"
"GRC","BA:317","EAR_EHRM_SEX_CUR_NB","SEX_T","CUR_TYPE_LCU","2015",4.904,,"T30:178","R1:3513"
"GRC","BA:317","EAR_EHRM_SEX_CUR_NB","SEX_T","CUR_TYPE_PPP","2015",7.144,,"T30:178","R1:3513"
"GRC","BA:317","EAR_EHRM_SEX_CUR_NB","SEX_T","CUR_TYPE_USD","2015",5.441,,"T30:178","R1:3513"
"GTM","BA:660","EAR_EHRM_SEX_CUR_NB","SEX_T","CUR_TYPE_LCU","2025",15.79,,"T30:83","R1:3513"
"GTM","BA:660","EAR_EHRM_SEX_CUR_NB","SEX_T","CUR_TYPE_PPP","2025",4.6,,"T30:83","R1:3513"
"GTM","BA:660","EAR_EHRM_SEX_CUR_NB","SEX_T","CUR_TYPE_USD","2025",2.056,,"T30:83","R1:3513"
"GTM","BA:660","EAR_EHRM_SEX_CUR_NB","SEX_T","CUR_TYPE_LCU","2024",14.652,"B","T30:83_I11:264","R1:3513"
"GTM","BA:660","EAR_EHRM_SEX_CUR_NB","SEX_T","CUR_TYPE_PPP","2024",4.219,"B","T30:83_I11:264","R1:3513"
"GTM","BA:660","EAR_EHRM_SEX_CUR_NB","SEX_T","CUR_TYPE_USD","2024",1.889,"B","T30:83_I11:264","R1:3513"
"GTM","BB:16732","EAR_EHRM_SEX_CUR_NB","SEX_T","CUR_TYPE_LCU","2023",10.615,,"T30:83","R1:3513"
"GTM","BB:16732","EAR_EHRM_SEX_CUR_NB","SEX_T","CUR_TYPE_PPP","2023",3.054,,"T30:83","R1:3513"
"GTM","BB:16732","EAR_EHRM_SEX_CUR_NB","SEX_T","CUR_TYPE_USD","2023",1.355,,"T30:83","R1:3513"
"GUY","BA:1214","EAR_EHRM_SEX_CUR_NB","SEX_T","CUR_TYPE_LCU","2024",576.923,,"T30:84","R1:3513"
"GUY","BA:1214","EAR_EHRM_SEX_CUR_NB","SEX_T","CUR_TYPE_PPP","2024",5.935,,"T30:84","R1:3513"
"GUY","BA:1214","EAR_EHRM_SEX_CUR_NB","SEX_T","CUR_TYPE_USD","2024",2.767,,"T30:84","R1:3513"
"GUY","BA:1214","EAR_EHRM_SEX_CUR_NB","SEX_T","CUR_TYPE_LCU","2021",403.846,,"T30:84","R1:3513"
"GUY","BA:1214","EAR_EHRM_SEX_CUR_NB","SEX_T","CUR_TYPE_PPP","2021",4.06,,"T30:84","R1:3513"
"GUY","BA:1214","EAR_EHRM_SEX_CUR_NB","SEX_T","CUR_TYPE_USD","2021",1.937,,"T30:84","R1:3513"
"GUY","BA:1214","EAR_EHRM_SEX_CUR_NB","SEX_T","CUR_TYPE_LCU","2020",384.615,,"T30:84","R1:3513"
"GUY","BA:1214","EAR_EHRM_SEX_CUR_NB","SEX_T","CUR_TYPE_PPP","2020",3.72,,"T30:84","R1:3513"
"GUY","BA:1214","EAR_EHRM_SEX_CUR_NB","SEX_T","CUR_TYPE_USD","2020",1.845,,"T30:84","R1:3513"
"GUY","BA:1214","EAR_EHRM_SEX_CUR_NB","SEX_T","CUR_TYPE_LCU","2019",375.383,,"T30:84","R1:3513"
"GUY","BA:1214","EAR_EHRM_SEX_CUR_NB","SEX_T","CUR_TYPE_PPP","2019",3.434,,"T30:84","R1:3513"
"GUY","BA:1214","EAR_EHRM_SEX_CUR_NB","SEX_T","CUR_TYPE_USD","2019",1.8,,"T30:84","R1:3513"
"GUY","BA:1214","EAR_EHRM_SEX_CUR_NB","SEX_T","CUR_TYPE_LCU","2018",346.154,"B","T30:84_I11:264","R1:3513"
"GUY","BA:1214","EAR_EHRM_SEX_CUR_NB","SEX_T","CUR_TYPE_PPP","2018",3.059,"B","T30:84_I11:264","R1:3513"
"GUY","BA:1214","EAR_EHRM_SEX_CUR_NB","SEX_T","CUR_TYPE_USD","2018",1.667,"B","T30:84_I11:264","R1:3513"
"HND","BX:504","EAR_EHRM_SEX_CUR_NB","SEX_T","CUR_TYPE_LCU","2025",46.154,,"T30:87","R1:3513_S3:9"
"HND","BX:504","EAR_EHRM_SEX_CUR_NB","SEX_T","CUR_TYPE_PPP","2025",3.658,,"T30:87","R1:3513_S3:9"
"HND","BX:504","EAR_EHRM_SEX_CUR_NB","SEX_T","CUR_TYPE_USD","2025",1.778,,"T30:87","R1:3513_S3:9"
"HND","BX:504","EAR_EHRM_SEX_CUR_NB","SEX_T","CUR_TYPE_LCU","2024",43.269,,"T30:87","R1:3513_S3:9"
"HND","BX:504","EAR_EHRM_SEX_CUR_NB","SEX_T","CUR_TYPE_PPP","2024",3.493,,"T30:87","R1:3513_S3:9"
"HND","BX:504","EAR_EHRM_SEX_CUR_NB","SEX_T","CUR_TYPE_USD","2024",1.745,,"T30:87","R1:3513_S3:9"
"HND","BX:504","EAR_EHRM_SEX_CUR_NB","SEX_T","CUR_TYPE_LCU","2023",38.462,,"T30:87","R1:3513_S3:9"
"HND","BX:504","EAR_EHRM_SEX_CUR_NB","SEX_T","CUR_TYPE_PPP","2023",3.155,,"T30:87","R1:3513_S3:9"
"HND","BX:504","EAR_EHRM_SEX_CUR_NB","SEX_T","CUR_TYPE_USD","2023",1.563,,"T30:87","R1:3513_S3:9"
"HND","BX:504","EAR_EHRM_SEX_CUR_NB","SEX_T","CUR_TYPE_LCU","2022",42.033,,"T30:87","R1:3513_S3:9"
"HND","BX:504","EAR_EHRM_SEX_CUR_NB","SEX_T","CUR_TYPE_PPP","2022",3.532,,"T30:87","R1:3513_S3:9"
"HND","BX:504","EAR_EHRM_SEX_CUR_NB","SEX_T","CUR_TYPE_USD","2022",1.717,,"T30:87","R1:3513_S3:9"
"HND","BX:504","EAR_EHRM_SEX_CUR_NB","SEX_T","CUR_TYPE_LCU","2021",35.897,,"T30:87","R1:3513_S3:9"
"HND","BX:504","EAR_EHRM_SEX_CUR_NB","SEX_T","CUR_TYPE_PPP","2021",3.047,,"T30:87","R1:3513_S3:9"
"HND","BX:504","EAR_EHRM_SEX_CUR_NB","SEX_T","CUR_TYPE_USD","2021",1.495,,"T30:87","R1:3513_S3:9"
"HND","BX:504","EAR_EHRM_SEX_CUR_NB","SEX_T","CUR_TYPE_LCU","2020",34.406,"B","T30:87_I11:264","R1:3513_S3:9"
"HND","BX:504","EAR_EHRM_SEX_CUR_NB","SEX_T","CUR_TYPE_PPP","2020",2.97,"B","T30:87_I11:264","R1:3513_S3:9"
"HND","BX:504","EAR_EHRM_SEX_CUR_NB","SEX_T","CUR_TYPE_USD","2020",1.4,"B","T30:87_I11:264","R1:3513_S3:9"
"HND","BX:504","EAR_EHRM_SEX_CUR_NB","SEX_T","CUR_TYPE_LCU","2019",30.21,,"T30:87","R1:3513_S3:9"
"HND","BX:504","EAR_EHRM_SEX_CUR_NB","SEX_T","CUR_TYPE_PPP","2019",2.643,,"T30:87","R1:3513_S3:9"
"HND","BX:504","EAR_EHRM_SEX_CUR_NB","SEX_T","CUR_TYPE_USD","2019",1.233,,"T30:87","R1:3513_S3:9"
"HND","BX:504","EAR_EHRM_SEX_CUR_NB","SEX_T","CUR_TYPE_LCU","2018",25.962,"B","T30:87_I11:264","R1:3513_S3:9"
"HND","BX:504","EAR_EHRM_SEX_CUR_NB","SEX_T","CUR_TYPE_PPP","2018",2.329,"B","T30:87_I11:264","R1:3513_S3:9"
"HND","BX:504","EAR_EHRM_SEX_CUR_NB","SEX_T","CUR_TYPE_USD","2018",1.086,"B","T30:87_I11:264","R1:3513_S3:9"
"HND","BX:504","EAR_EHRM_SEX_CUR_NB","SEX_T","CUR_TYPE_LCU","2017",27.692,,"T30:87","R1:3513_S3:9"
"HND","BX:504","EAR_EHRM_SEX_CUR_NB","SEX_T","CUR_TYPE_PPP","2017",2.594,,"T30:87","R1:3513_S3:9"
"HND","BX:504","EAR_EHRM_SEX_CUR_NB","SEX_T","CUR_TYPE_USD","2017",1.179,,"T30:87","R1:3513_S3:9"
"HND","BX:504","EAR_EHRM_SEX_CUR_NB","SEX_T","CUR_TYPE_LCU","2016",28.315,,"T30:87","R1:3513"
"HND","BX:504","EAR_EHRM_SEX_CUR_NB","SEX_T","CUR_TYPE_PPP","2016",2.699,,"T30:87","R1:3513"
"HND","BX:504","EAR_EHRM_SEX_CUR_NB","SEX_T","CUR_TYPE_USD","2016",1.24,,"T30:87","R1:3513"
"HND","BX:504","EAR_EHRM_SEX_CUR_NB","SEX_T","CUR_TYPE_LCU","2015",26.923,,"T30:87","R1:3513"
"HND","BX:504","EAR_EHRM_SEX_CUR_NB","SEX_T","CUR_TYPE_PPP","2015",2.536,,"T30:87","R1:3513"
"HND","BX:504","EAR_EHRM_SEX_CUR_NB","SEX_T","CUR_TYPE_USD","2015",1.227,,"T30:87","R1:3513"
"HND","BX:504","EAR_EHRM_SEX_CUR_NB","SEX_T","CUR_TYPE_LCU","2014",26.923,,"T30:87","R1:3513"
"HND","BX:504","EAR_EHRM_SEX_CUR_NB","SEX_T","CUR_TYPE_PPP","2014",2.542,,"T30:87","R1:3513"
"HND","BX:504","EAR_EHRM_SEX_CUR_NB","SEX_T","CUR_TYPE_USD","2014",1.283,,"T30:87","R1:3513"
"HND","BX:504","EAR_EHRM_SEX_CUR_NB","SEX_T","CUR_TYPE_LCU","2013",25,,"T30:87","R1:3513"
"HND","BX:504","EAR_EHRM_SEX_CUR_NB","SEX_T","CUR_TYPE_PPP","2013",2.422,,"T30:87","R1:3513"
"HND","BX:504","EAR_EHRM_SEX_CUR_NB","SEX_T","CUR_TYPE_USD","2013",1.228,,"T30:87","R1:3513"
"HND","BX:504","EAR_EHRM_SEX_CUR_NB","SEX_T","CUR_TYPE_LCU","2012",27.778,,"T30:87","R1:3513"
"HND","BX:504","EAR_EHRM_SEX_CUR_NB","SEX_T","CUR_TYPE_PPP","2012",2.778,,"T30:87","R1:3513"
"HND","BX:504","EAR_EHRM_SEX_CUR_NB","SEX_T","CUR_TYPE_USD","2012",1.424,,"T30:87","R1:3513"
"HND","BX:504","EAR_EHRM_SEX_CUR_NB","SEX_T","CUR_TYPE_LCU","2011",26.667,,"T30:87","R1:3513"
"HND","BX:504","EAR_EHRM_SEX_CUR_NB","SEX_T","CUR_TYPE_PPP","2011",2.598,,"T30:87","R1:3513"
"HND","BX:504","EAR_EHRM_SEX_CUR_NB","SEX_T","CUR_TYPE_USD","2011",1.41,,"T30:87","R1:3513"
"HND","BX:504","EAR_EHRM_SEX_CUR_NB","SEX_T","CUR_TYPE_LCU","2010",25.568,,"T30:87","R1:3513"
"HND","BX:504","EAR_EHRM_SEX_CUR_NB","SEX_T","CUR_TYPE_PPP","2010",2.578,,"T30:87","R1:3513"
"HND","BX:504","EAR_EHRM_SEX_CUR_NB","SEX_T","CUR_TYPE_USD","2010",1.353,,"T30:87","R1:3513"
"HND","BX:504","EAR_EHRM_SEX_CUR_NB","SEX_T","CUR_TYPE_LCU","2009",24.5,,"T30:87","R1:3513"
"HND","BX:504","EAR_EHRM_SEX_CUR_NB","SEX_T","CUR_TYPE_PPP","2009",2.545,,"T30:87","R1:3513"
"HND","BX:504","EAR_EHRM_SEX_CUR_NB","SEX_T","CUR_TYPE_USD","2009",1.297,,"T30:87","R1:3513"
"HND","BX:504","EAR_EHRM_SEX_CUR_NB","SEX_T","CUR_TYPE_LCU","2008",20.833,"B","T30:87_I11:264","R1:3513"
"HND","BX:504","EAR_EHRM_SEX_CUR_NB","SEX_T","CUR_TYPE_PPP","2008",2.291,"B","T30:87_I11:264","R1:3513"
"HND","BX:504","EAR_EHRM_SEX_CUR_NB","SEX_T","CUR_TYPE_USD","2008",1.102,"B","T30:87_I11:264","R1:3513"
"HND","BX:504","EAR_EHRM_SEX_CUR_NB","SEX_T","CUR_TYPE_LCU","2007",17.5,,"T30:87","R1:3513"
"HND","BX:504","EAR_EHRM_SEX_CUR_NB","SEX_T","CUR_TYPE_PPP","2007",2.065,,"T30:87","R1:3513"
"HND","BX:504","EAR_EHRM_SEX_CUR_NB","SEX_T","CUR_TYPE_USD","2007",0.926,,"T30:87","R1:3513"
"HND","BX:504","EAR_EHRM_SEX_CUR_NB","SEX_T","CUR_TYPE_LCU","2006",15.909,,"T30:87","R1:3513"
"HND","BX:504","EAR_EHRM_SEX_CUR_NB","SEX_T","CUR_TYPE_PPP","2006",1.952,,"T30:87","R1:3513"
"HND","BX:504","EAR_EHRM_SEX_CUR_NB","SEX_T","CUR_TYPE_USD","2006",0.842,,"T30:87","R1:3513"
"HND","BX:504","EAR_EHRM_SEX_CUR_NB","SEX_T","CUR_TYPE_LCU","2005",14,"B","T30:87_I11:264","R1:3513"
"HND","BX:504","EAR_EHRM_SEX_CUR_NB","SEX_T","CUR_TYPE_PPP","2005",1.756,"B","T30:87_I11:264","R1:3513"
"HND","BX:504","EAR_EHRM_SEX_CUR_NB","SEX_T","CUR_TYPE_USD","2005",0.743,"B","T30:87_I11:264","R1:3513"
"IDN","BA:510","EAR_EHRM_SEX_CUR_NB","SEX_T","CUR_TYPE_LCU","2023",12169.659,,"T30:122","R1:3513"
"IDN","BA:510","EAR_EHRM_SEX_CUR_NB","SEX_T","CUR_TYPE_PPP","2023",2.366,,"T30:122","R1:3513"
"IDN","BA:510","EAR_EHRM_SEX_CUR_NB","SEX_T","CUR_TYPE_USD","2023",0.799,,"T30:122","R1:3513"
"IDN","BA:510","EAR_EHRM_SEX_CUR_NB","SEX_T","CUR_TYPE_LCU","2022",11782.79,,"T30:122","R1:3513"
"IDN","BA:510","EAR_EHRM_SEX_CUR_NB","SEX_T","CUR_TYPE_PPP","2022",2.281,,"T30:122","R1:3513"
"IDN","BA:510","EAR_EHRM_SEX_CUR_NB","SEX_T","CUR_TYPE_USD","2022",0.793,,"T30:122","R1:3513"
"IDN","BA:510","EAR_EHRM_SEX_CUR_NB","SEX_T","CUR_TYPE_LCU","2021",11538.462,"B","T30:122_I11:264","R1:3513"
"IDN","BA:510","EAR_EHRM_SEX_CUR_NB","SEX_T","CUR_TYPE_PPP","2021",2.155,"B","T30:122_I11:264","R1:3513"
"IDN","BA:510","EAR_EHRM_SEX_CUR_NB","SEX_T","CUR_TYPE_USD","2021",0.806,"B","T30:122_I11:264","R1:3513"
"IDN","BA:510","EAR_EHRM_SEX_CUR_NB","SEX_T","CUR_TYPE_LCU","2020",11352.304,,"T30:122","R1:3513"
"IDN","BA:510","EAR_EHRM_SEX_CUR_NB","SEX_T","CUR_TYPE_PPP","2020",2.108,,"T30:122","R1:3513"
"IDN","BA:510","EAR_EHRM_SEX_CUR_NB","SEX_T","CUR_TYPE_USD","2020",0.778,,"T30:122","R1:3513"
"IDN","BA:510","EAR_EHRM_SEX_CUR_NB","SEX_T","CUR_TYPE_LCU","2019",11038.697,,"T30:122","R1:3513"
"IDN","BA:510","EAR_EHRM_SEX_CUR_NB","SEX_T","CUR_TYPE_PPP","2019",2.047,,"T30:122","R1:3513"
"IDN","BA:510","EAR_EHRM_SEX_CUR_NB","SEX_T","CUR_TYPE_USD","2019",0.78,,"T30:122","R1:3513"
"IDN","BA:510","EAR_EHRM_SEX_CUR_NB","SEX_T","CUR_TYPE_LCU","2018",10207.118,,"T30:122","R1:3513"
"IDN","BA:510","EAR_EHRM_SEX_CUR_NB","SEX_T","CUR_TYPE_PPP","2018",1.92,,"T30:122","R1:3513"
"IDN","BA:510","EAR_EHRM_SEX_CUR_NB","SEX_T","CUR_TYPE_USD","2018",0.717,,"T30:122","R1:3513"
"IDN","BA:510","EAR_EHRM_SEX_CUR_NB","SEX_T","CUR_TYPE_LCU","2017",9713.455,,"T30:122","R1:3513"
"IDN","BA:510","EAR_EHRM_SEX_CUR_NB","SEX_T","CUR_TYPE_PPP","2017",1.867,,"T30:122","R1:3513"
"IDN","BA:510","EAR_EHRM_SEX_CUR_NB","SEX_T","CUR_TYPE_USD","2017",0.726,,"T30:122","R1:3513"
"IDN","BA:510","EAR_EHRM_SEX_CUR_NB","SEX_T","CUR_TYPE_LCU","2016",8693.901,,"T30:122","R1:3513"
"IDN","BA:510","EAR_EHRM_SEX_CUR_NB","SEX_T","CUR_TYPE_PPP","2016",1.75,,"T30:122","R1:3513"
"IDN","BA:510","EAR_EHRM_SEX_CUR_NB","SEX_T","CUR_TYPE_USD","2016",0.653,,"T30:122","R1:3513"
"IDN","BA:510","EAR_EHRM_SEX_CUR_NB","SEX_T","CUR_TYPE_LCU","2015",6767.813,,"T30:122","R1:3513"
"IDN","BA:510","EAR_EHRM_SEX_CUR_NB","SEX_T","CUR_TYPE_PPP","2015",1.413,,"T30:122","R1:3513"
"IDN","BA:510","EAR_EHRM_SEX_CUR_NB","SEX_T","CUR_TYPE_USD","2015",0.505,,"T30:122","R1:3513"
"IDN","BA:510","EAR_EHRM_SEX_CUR_NB","SEX_T","CUR_TYPE_LCU","2014",6405.125,,"T30:122","R1:3513"
"IDN","BA:510","EAR_EHRM_SEX_CUR_NB","SEX_T","CUR_TYPE_PPP","2014",1.436,,"T30:122","R1:3513"
"IDN","BA:510","EAR_EHRM_SEX_CUR_NB","SEX_T","CUR_TYPE_USD","2014",0.54,,"T30:122","R1:3513"
"IDN","BA:510","EAR_EHRM_SEX_CUR_NB","SEX_T","CUR_TYPE_LCU","2013",6123.478,"B","T30:122_I11:264","R1:3513"
"IDN","BA:510","EAR_EHRM_SEX_CUR_NB","SEX_T","CUR_TYPE_PPP","2013",1.46,"B","T30:122_I11:264","R1:3513"
"IDN","BA:510","EAR_EHRM_SEX_CUR_NB","SEX_T","CUR_TYPE_USD","2013",0.585,"B","T30:122_I11:264","R1:3513"
"IDN","BA:510","EAR_EHRM_SEX_CUR_NB","SEX_T","CUR_TYPE_LCU","2012",5293.52,,"T30:122","R1:3513"
"IDN","BA:510","EAR_EHRM_SEX_CUR_NB","SEX_T","CUR_TYPE_PPP","2012",1.376,,"T30:122","R1:3513"
"IDN","BA:510","EAR_EHRM_SEX_CUR_NB","SEX_T","CUR_TYPE_USD","2012",0.564,,"T30:122","R1:3513"
"IDN","BA:510","EAR_EHRM_SEX_CUR_NB","SEX_T","CUR_TYPE_LCU","2011",4837.975,,"T30:122","R1:3513"
"IDN","BA:510","EAR_EHRM_SEX_CUR_NB","SEX_T","CUR_TYPE_PPP","2011",1.243,,"T30:122","R1:3513"
"IDN","BA:510","EAR_EHRM_SEX_CUR_NB","SEX_T","CUR_TYPE_USD","2011",0.552,,"T30:122","R1:3513"
"IDN","BA:510","EAR_EHRM_SEX_CUR_NB","SEX_T","CUR_TYPE_LCU","2010",5054.142,,"T30:122","R1:3513"
"IDN","BA:510","EAR_EHRM_SEX_CUR_NB","SEX_T","CUR_TYPE_PPP","2010",1.326,,"T30:122","R1:3513"
"IDN","BA:510","EAR_EHRM_SEX_CUR_NB","SEX_T","CUR_TYPE_USD","2010",0.556,,"T30:122","R1:3513"
"IDN","BA:510","EAR_EHRM_SEX_CUR_NB","SEX_T","CUR_TYPE_LCU","2009",4735.581,,"T30:122","R1:3513"
"IDN","BA:510","EAR_EHRM_SEX_CUR_NB","SEX_T","CUR_TYPE_PPP","2009",1.285,,"T30:122","R1:3513"
"IDN","BA:510","EAR_EHRM_SEX_CUR_NB","SEX_T","CUR_TYPE_USD","2009",0.456,,"T30:122","R1:3513"
"IDN","BA:510","EAR_EHRM_SEX_CUR_NB","SEX_T","CUR_TYPE_LCU","2008",4204.603,"B","T30:122_I11:264","R1:3513"
"IDN","BA:510","EAR_EHRM_SEX_CUR_NB","SEX_T","CUR_TYPE_PPP","2008",1.196,"B","T30:122_I11:264","R1:3513"
"IDN","BA:510","EAR_EHRM_SEX_CUR_NB","SEX_T","CUR_TYPE_USD","2008",0.434,"B","T30:122_I11:264","R1:3513"
"IDN","BA:510","EAR_EHRM_SEX_CUR_NB","SEX_T","CUR_TYPE_LCU","2007",4038.462,,"T30:122","R1:3513"
"IDN","BA:510","EAR_EHRM_SEX_CUR_NB","SEX_T","CUR_TYPE_PPP","2007",1.219,,"T30:122","R1:3513"
"IDN","BA:510","EAR_EHRM_SEX_CUR_NB","SEX_T","CUR_TYPE_USD","2007",0.442,,"T30:122","R1:3513"
"IDN","BA:510","EAR_EHRM_SEX_CUR_NB","SEX_T","CUR_TYPE_LCU","2006",3846.154,,"T30:122","R1:3513"
"IDN","BA:510","EAR_EHRM_SEX_CUR_NB","SEX_T","CUR_TYPE_PPP","2006",1.201,,"T30:122","R1:3513"
"IDN","BA:510","EAR_EHRM_SEX_CUR_NB","SEX_T","CUR_TYPE_USD","2006",0.42,,"T30:122","R1:3513"
"IDN","BA:510","EAR_EHRM_SEX_CUR_NB","SEX_T","CUR_TYPE_LCU","2005",3461.539,,"T30:122","R1:3513"
"IDN","BA:510","EAR_EHRM_SEX_CUR_NB","SEX_T","CUR_TYPE_PPP","2005",1.184,,"T30:122","R1:3513"
"IDN","BA:510","EAR_EHRM_SEX_CUR_NB","SEX_T","CUR_TYPE_USD","2005",0.357,,"T30:122","R1:3513"
"IDN","BA:510","EAR_EHRM_SEX_CUR_NB","SEX_T","CUR_TYPE_LCU","2004",3365.385,,"T30:122","R1:3513"
"IDN","BA:510","EAR_EHRM_SEX_CUR_NB","SEX_T","CUR_TYPE_PPP","2004",1.23,,"T30:122","R1:3513"
"IDN","BA:510","EAR_EHRM_SEX_CUR_NB","SEX_T","CUR_TYPE_USD","2004",0.376,,"T30:122","R1:3513"
"IDN","BA:510","EAR_EHRM_SEX_CUR_NB","SEX_T","CUR_TYPE_LCU","2003",3317.308,,"T30:122","R1:3513"
"IDN","BA:510","EAR_EHRM_SEX_CUR_NB","SEX_T","CUR_TYPE_PPP","2003",1.252,,"T30:122","R1:3513"
"IDN","BA:510","EAR_EHRM_SEX_CUR_NB","SEX_T","CUR_TYPE_USD","2003",0.387,,"T30:122","R1:3513"
"IDN","BA:510","EAR_EHRM_SEX_CUR_NB","SEX_T","CUR_TYPE_LCU","2002",2884.616,,"T30:122","R1:3513"
"IDN","BA:510","EAR_EHRM_SEX_CUR_NB","SEX_T","CUR_TYPE_PPP","2002",1.137,,"T30:122","R1:3513"
"IDN","BA:510","EAR_EHRM_SEX_CUR_NB","SEX_T","CUR_TYPE_USD","2002",0.31,,"T30:122","R1:3513"
"IDN","BA:510","EAR_EHRM_SEX_CUR_NB","SEX_T","CUR_TYPE_LCU","2001",2307.692,,"T30:122","R1:3513"
"IDN","BA:510","EAR_EHRM_SEX_CUR_NB","SEX_T","CUR_TYPE_PPP","2001",1.002,,"T30:122","R1:3513"
"IDN","BA:510","EAR_EHRM_SEX_CUR_NB","SEX_T","CUR_TYPE_USD","2001",0.225,,"T30:122","R1:3513"
"IDN","BA:510","EAR_EHRM_SEX_CUR_NB","SEX_T","CUR_TYPE_LCU","2000",1755.853,,"T30:122","R1:3513"
"IDN","BA:510","EAR_EHRM_SEX_CUR_NB","SEX_T","CUR_TYPE_PPP","2000",0.827,,"T30:122","R1:3513"
"IDN","BA:510","EAR_EHRM_SEX_CUR_NB","SEX_T","CUR_TYPE_USD","2000",0.208,,"T30:122","R1:3513"
"IND","BA:14121","EAR_EHRM_SEX_CUR_NB","SEX_T","CUR_TYPE_LCU","2025",61.813,,"T30:121","R1:3513"
"IND","BA:14121","EAR_EHRM_SEX_CUR_NB","SEX_T","CUR_TYPE_PPP","2025",3.116,,"T30:121","R1:3513"
"IND","BA:14121","EAR_EHRM_SEX_CUR_NB","SEX_T","CUR_TYPE_USD","2025",0.709,,"T30:121","R1:3513"
"IND","BA:14121","EAR_EHRM_SEX_CUR_NB","SEX_T","CUR_TYPE_LCU","2024",57.692,,"T30:121","R1:3513"
"IND","BA:14121","EAR_EHRM_SEX_CUR_NB","SEX_T","CUR_TYPE_PPP","2024",2.9,,"T30:121","R1:3513"
"IND","BA:14121","EAR_EHRM_SEX_CUR_NB","SEX_T","CUR_TYPE_USD","2024",0.69,,"T30:121","R1:3513"
"IND","BA:14121","EAR_EHRM_SEX_CUR_NB","SEX_T","CUR_TYPE_LCU","2023",53.571,,"T30:121","R1:3513"
"IND","BA:14121","EAR_EHRM_SEX_CUR_NB","SEX_T","CUR_TYPE_PPP","2023",2.745,,"T30:121","R1:3513"
"IND","BA:14121","EAR_EHRM_SEX_CUR_NB","SEX_T","CUR_TYPE_USD","2023",0.649,,"T30:121","R1:3513"
"IND","BA:14121","EAR_EHRM_SEX_CUR_NB","SEX_T","CUR_TYPE_LCU","2022",49.588,,"T30:121","R1:3513"
"IND","BA:14121","EAR_EHRM_SEX_CUR_NB","SEX_T","CUR_TYPE_PPP","2022",2.578,,"T30:121","R1:3513"
"IND","BA:14121","EAR_EHRM_SEX_CUR_NB","SEX_T","CUR_TYPE_USD","2022",0.631,,"T30:121","R1:3513"
"IND","BA:14121","EAR_EHRM_SEX_CUR_NB","SEX_T","CUR_TYPE_LCU","2021",48.092,,"T30:121","R1:3513"
"IND","BA:14121","EAR_EHRM_SEX_CUR_NB","SEX_T","CUR_TYPE_PPP","2021",2.47,,"T30:121","R1:3513"
"IND","BA:14121","EAR_EHRM_SEX_CUR_NB","SEX_T","CUR_TYPE_USD","2021",0.651,,"T30:121","R1:3513"
"IND","BA:14121","EAR_EHRM_SEX_CUR_NB","SEX_T","CUR_TYPE_LCU","2020",43.929,,"T30:121","R1:3513"
"IND","BA:14121","EAR_EHRM_SEX_CUR_NB","SEX_T","CUR_TYPE_PPP","2020",2.221,,"T30:121","R1:3513"
"IND","BA:14121","EAR_EHRM_SEX_CUR_NB","SEX_T","CUR_TYPE_USD","2020",0.593,,"T30:121","R1:3513"
"IND","BA:14121","EAR_EHRM_SEX_CUR_NB","SEX_T","CUR_TYPE_LCU","2019",41.209,,"T30:121","R1:3513"
"IND","BA:14121","EAR_EHRM_SEX_CUR_NB","SEX_T","CUR_TYPE_PPP","2019",2.11,,"T30:121","R1:3513"
"IND","BA:14121","EAR_EHRM_SEX_CUR_NB","SEX_T","CUR_TYPE_USD","2019",0.585,,"T30:121","R1:3513"
"IND","BA:14121","EAR_EHRM_SEX_CUR_NB","SEX_T","CUR_TYPE_LCU","2018",41.209,,"T30:121","R1:3513"
"IND","BA:14121","EAR_EHRM_SEX_CUR_NB","SEX_T","CUR_TYPE_PPP","2018",2.079,,"T30:121","R1:3513"
"IND","BA:14121","EAR_EHRM_SEX_CUR_NB","SEX_T","CUR_TYPE_USD","2018",0.603,,"T30:121","R1:3513"
"ITA","BA:325","EAR_EHRM_SEX_CUR_NB","SEX_T","CUR_TYPE_LCU","2020",8.654,,"T30:184","R1:3513"
"ITA","BA:325","EAR_EHRM_SEX_CUR_NB","SEX_T","CUR_TYPE_PPP","2020",12.123,,"T30:184","R1:3513"
"ITA","BA:325","EAR_EHRM_SEX_CUR_NB","SEX_T","CUR_TYPE_USD","2020",9.884,,"T30:184","R1:3513"
"ITA","BA:325","EAR_EHRM_SEX_CUR_NB","SEX_T","CUR_TYPE_LCU","2019",8.461,,"T30:184","R1:3513"
"ITA","BA:325","EAR_EHRM_SEX_CUR_NB","SEX_T","CUR_TYPE_PPP","2019",11.698,,"T30:184","R1:3513"
"ITA","BA:325","EAR_EHRM_SEX_CUR_NB","SEX_T","CUR_TYPE_USD","2019",9.473,,"T30:184","R1:3513"
"ITA","BA:325","EAR_EHRM_SEX_CUR_NB","SEX_T","CUR_TYPE_LCU","2018",8.333,,"T30:184","R1:3513"
"ITA","BA:325","EAR_EHRM_SEX_CUR_NB","SEX_T","CUR_TYPE_PPP","2018",10.932,,"T30:184","R1:3513"
"ITA","BA:325","EAR_EHRM_SEX_CUR_NB","SEX_T","CUR_TYPE_USD","2018",9.842,,"T30:184","R1:3513"
"ITA","BA:325","EAR_EHRM_SEX_CUR_NB","SEX_T","CUR_TYPE_LCU","2017",8.308,,"T30:184","R1:3513"
"ITA","BA:325","EAR_EHRM_SEX_CUR_NB","SEX_T","CUR_TYPE_PPP","2017",10.683,,"T30:184","R1:3513"
"ITA","BA:325","EAR_EHRM_SEX_CUR_NB","SEX_T","CUR_TYPE_USD","2017",9.385,,"T30:184","R1:3513"
"ITA","BA:325","EAR_EHRM_SEX_CUR_NB","SEX_T","CUR_TYPE_LCU","2016",8.192,,"T30:184","R1:3513"
"ITA","BA:325","EAR_EHRM_SEX_CUR_NB","SEX_T","CUR_TYPE_PPP","2016",10.419,,"T30:184","R1:3513"
"ITA","BA:325","EAR_EHRM_SEX_CUR_NB","SEX_T","CUR_TYPE_USD","2016",9.068,,"T30:184","R1:3513"
"ITA","BA:325","EAR_EHRM_SEX_CUR_NB","SEX_T","CUR_TYPE_LCU","2015",8.189,,"T30:184","R1:3513"
"ITA","BA:325","EAR_EHRM_SEX_CUR_NB","SEX_T","CUR_TYPE_PPP","2015",9.883,,"T30:184","R1:3513"
"ITA","BA:325","EAR_EHRM_SEX_CUR_NB","SEX_T","CUR_TYPE_USD","2015",9.085,,"T30:184","R1:3513"
"ITA","BA:325","EAR_EHRM_SEX_CUR_NB","SEX_T","CUR_TYPE_LCU","2014",8.077,,"T30:184","R1:3513"
"ITA","BA:325","EAR_EHRM_SEX_CUR_NB","SEX_T","CUR_TYPE_PPP","2014",9.786,,"T30:184","R1:3513"
"ITA","BA:325","EAR_EHRM_SEX_CUR_NB","SEX_T","CUR_TYPE_USD","2014",10.73,,"T30:184","R1:3513"
"ITA","BA:325","EAR_EHRM_SEX_CUR_NB","SEX_T","CUR_TYPE_LCU","2013",7.885,,"T30:184","R1:3513"
"ITA","BA:325","EAR_EHRM_SEX_CUR_NB","SEX_T","CUR_TYPE_PPP","2013",9.62,,"T30:184","R1:3513"
"ITA","BA:325","EAR_EHRM_SEX_CUR_NB","SEX_T","CUR_TYPE_USD","2013",10.472,,"T30:184","R1:3513"
"ITA","BA:325","EAR_EHRM_SEX_CUR_NB","SEX_T","CUR_TYPE_LCU","2012",7.731,,"T30:184","R1:3513"
"ITA","BA:325","EAR_EHRM_SEX_CUR_NB","SEX_T","CUR_TYPE_PPP","2012",9.324,,"T30:184","R1:3513"
"ITA","BA:325","EAR_EHRM_SEX_CUR_NB","SEX_T","CUR_TYPE_USD","2012",9.932,,"T30:184","R1:3513"
"ITA","BA:325","EAR_EHRM_SEX_CUR_NB","SEX_T","CUR_TYPE_LCU","2011",7.692,,"T30:184","R1:3513"
"ITA","BA:325","EAR_EHRM_SEX_CUR_NB","SEX_T","CUR_TYPE_PPP","2011",9.386,,"T30:184","R1:3513"
"ITA","BA:325","EAR_EHRM_SEX_CUR_NB","SEX_T","CUR_TYPE_USD","2011",10.708,,"T30:184","R1:3513"
"ITA","BA:325","EAR_EHRM_SEX_CUR_NB","SEX_T","CUR_TYPE_LCU","2010",7.5,,"T30:184","R1:3513"
"ITA","BA:325","EAR_EHRM_SEX_CUR_NB","SEX_T","CUR_TYPE_PPP","2010",9.156,,"T30:184","R1:3513"
"ITA","BA:325","EAR_EHRM_SEX_CUR_NB","SEX_T","CUR_TYPE_USD","2010",9.943,,"T30:184","R1:3513"
"ITA","BA:325","EAR_EHRM_SEX_CUR_NB","SEX_T","CUR_TYPE_LCU","2009",7.5,,"T30:184","R1:3513"
"ITA","BA:325","EAR_EHRM_SEX_CUR_NB","SEX_T","CUR_TYPE_PPP","2009",8.983,,"T30:184","R1:3513"
"ITA","BA:325","EAR_EHRM_SEX_CUR_NB","SEX_T","CUR_TYPE_USD","2009",10.461,,"T30:184","R1:3513"
"ITA","BA:325","EAR_EHRM_SEX_CUR_NB","SEX_T","CUR_TYPE_LCU","2008",7.212,"B","T30:184_I11:264","R1:3513"
"ITA","BA:325","EAR_EHRM_SEX_CUR_NB","SEX_T","CUR_TYPE_PPP","2008",8.514,"B","T30:184_I11:264","R1:3513"
"ITA","BA:325","EAR_EHRM_SEX_CUR_NB","SEX_T","CUR_TYPE_USD","2008",10.607,"B","T30:184_I11:264","R1:3513"
"JAM","BA:65","EAR_EHRM_SEX_CUR_NB","SEX_T","CUR_TYPE_LCU","2014",110.433,,"T30:88","R1:3513"
"JAM","BA:65","EAR_EHRM_SEX_CUR_NB","SEX_T","CUR_TYPE_PPP","2014",1.58,,"T30:88","R1:3513"
"JAM","BA:65","EAR_EHRM_SEX_CUR_NB","SEX_T","CUR_TYPE_USD","2014",0.996,,"T30:88","R1:3513"
"JAM","BA:65","EAR_EHRM_SEX_CUR_NB","SEX_T","CUR_TYPE_LCU","2013",107.14,,"T30:88","R1:3513"
"JAM","BA:65","EAR_EHRM_SEX_CUR_NB","SEX_T","CUR_TYPE_PPP","2013",1.619,,"T30:88","R1:3513"
"JAM","BA:65","EAR_EHRM_SEX_CUR_NB","SEX_T","CUR_TYPE_USD","2013",1.067,,"T30:88","R1:3513"
"JAM","BA:65","EAR_EHRM_SEX_CUR_NB","SEX_T","CUR_TYPE_LCU","2012",100,,"T30:88","R1:3513"
"JAM","BA:65","EAR_EHRM_SEX_CUR_NB","SEX_T","CUR_TYPE_PPP","2012",1.624,,"T30:88","R1:3513"
"JAM","BA:65","EAR_EHRM_SEX_CUR_NB","SEX_T","CUR_TYPE_USD","2012",1.127,,"T30:88","R1:3513"
"JAM","BA:65","EAR_EHRM_SEX_CUR_NB","SEX_T","CUR_TYPE_LCU","2011",110.959,,"T30:88","R1:3513"
"JAM","BA:65","EAR_EHRM_SEX_CUR_NB","SEX_T","CUR_TYPE_PPP","2011",1.765,,"T30:88","R1:3513"
"JAM","BA:65","EAR_EHRM_SEX_CUR_NB","SEX_T","CUR_TYPE_USD","2011",1.292,,"T30:88","R1:3513"
"JAM","BA:65","EAR_EHRM_SEX_CUR_NB","SEX_T","CUR_TYPE_LCU","2010",101.715,,"T30:88","R1:3513"
"JAM","BA:65","EAR_EHRM_SEX_CUR_NB","SEX_T","CUR_TYPE_PPP","2010",1.687,,"T30:88","R1:3513"
"JAM","BA:65","EAR_EHRM_SEX_CUR_NB","SEX_T","CUR_TYPE_USD","2010",1.167,,"T30:88","R1:3513"
"JAM","BA:65","EAR_EHRM_SEX_CUR_NB","SEX_T","CUR_TYPE_LCU","2009",99.975,,"T30:88","R1:3513"
"JAM","BA:65","EAR_EHRM_SEX_CUR_NB","SEX_T","CUR_TYPE_PPP","2009",1.837,,"T30:88","R1:3513"
"JAM","BA:65","EAR_EHRM_SEX_CUR_NB","SEX_T","CUR_TYPE_USD","2009",1.137,,"T30:88","R1:3513"
"JAM","BA:65","EAR_EHRM_SEX_CUR_NB","SEX_T","CUR_TYPE_LCU","2008",114.188,,"T30:88","R1:3513"
"JAM","BA:65","EAR_EHRM_SEX_CUR_NB","SEX_T","CUR_TYPE_PPP","2008",2.307,,"T30:88","R1:3513"
"JAM","BA:65","EAR_EHRM_SEX_CUR_NB","SEX_T","CUR_TYPE_USD","2008",1.569,,"T30:88","R1:3513"
"JOR","BA:682","EAR_EHRM_SEX_CUR_NB","SEX_T","CUR_TYPE_LCU","2024",1.442,,"T30:127","R1:3513"
"JOR","BA:682","EAR_EHRM_SEX_CUR_NB","SEX_T","CUR_TYPE_PPP","2024",4.49,,"T30:127","R1:3513"
"JOR","BA:682","EAR_EHRM_SEX_CUR_NB","SEX_T","CUR_TYPE_USD","2024",2.031,,"T30:127","R1:3513"
"JOR","BA:682","EAR_EHRM_SEX_CUR_NB","SEX_T","CUR_TYPE_LCU","2023",1.442,,"T30:127","R1:3513"
"JOR","BA:682","EAR_EHRM_SEX_CUR_NB","SEX_T","CUR_TYPE_PPP","2023",4.43,,"T30:127","R1:3513"
"JOR","BA:682","EAR_EHRM_SEX_CUR_NB","SEX_T","CUR_TYPE_USD","2023",2.031,,"T30:127","R1:3513"
"JOR","BA:682","EAR_EHRM_SEX_CUR_NB","SEX_T","CUR_TYPE_LCU","2022",1.442,,"T30:127","R1:3513"
"JOR","BA:682","EAR_EHRM_SEX_CUR_NB","SEX_T","CUR_TYPE_PPP","2022",4.343,,"T30:127","R1:3513"
"JOR","BA:682","EAR_EHRM_SEX_CUR_NB","SEX_T","CUR_TYPE_USD","2022",2.031,,"T30:127","R1:3513"
"JOR","BA:682","EAR_EHRM_SEX_CUR_NB","SEX_T","CUR_TYPE_LCU","2021",1.442,,"T30:127","R1:3513"
"JOR","BA:682","EAR_EHRM_SEX_CUR_NB","SEX_T","CUR_TYPE_PPP","2021",4.191,,"T30:127","R1:3513"
"JOR","BA:682","EAR_EHRM_SEX_CUR_NB","SEX_T","CUR_TYPE_USD","2021",2.031,,"T30:127","R1:3513"
"JOR","BA:682","EAR_EHRM_SEX_CUR_NB","SEX_T","CUR_TYPE_LCU","2020",1.429,,"T30:127","R1:3513"
"JOR","BA:682","EAR_EHRM_SEX_CUR_NB","SEX_T","CUR_TYPE_PPP","2020",4.201,,"T30:127","R1:3513"
"JOR","BA:682","EAR_EHRM_SEX_CUR_NB","SEX_T","CUR_TYPE_USD","2020",2.012,,"T30:127","R1:3513"
"JOR","BA:682","EAR_EHRM_SEX_CUR_NB","SEX_T","CUR_TYPE_LCU","2019",1.442,,"T30:127","R1:3513"
"JOR","BA:682","EAR_EHRM_SEX_CUR_NB","SEX_T","CUR_TYPE_PPP","2019",4.219,,"T30:127","R1:3513"
"JOR","BA:682","EAR_EHRM_SEX_CUR_NB","SEX_T","CUR_TYPE_USD","2019",2.031,,"T30:127","R1:3513"
"JOR","BA:682","EAR_EHRM_SEX_CUR_NB","SEX_T","CUR_TYPE_LCU","2018",1.593,,"T30:127","R1:3513"
"JOR","BA:682","EAR_EHRM_SEX_CUR_NB","SEX_T","CUR_TYPE_PPP","2018",4.622,,"T30:127","R1:3513"
"JOR","BA:682","EAR_EHRM_SEX_CUR_NB","SEX_T","CUR_TYPE_USD","2018",2.244,,"T30:127","R1:3513"
"JOR","BA:682","EAR_EHRM_SEX_CUR_NB","SEX_T","CUR_TYPE_LCU","2017",1.667,"B","T30:127_I11:264","R1:3513"
"JOR","BA:682","EAR_EHRM_SEX_CUR_NB","SEX_T","CUR_TYPE_PPP","2017",4.945,"B","T30:127_I11:264","R1:3513"
"JOR","BA:682","EAR_EHRM_SEX_CUR_NB","SEX_T","CUR_TYPE_USD","2017",2.348,"B","T30:127_I11:264","R1:3513"
"KEN","BX:3465","EAR_EHRM_SEX_CUR_NB","SEX_T","CUR_TYPE_LCU","2019",27.057,,"T30:24","R1:3513"
"KEN","BX:3465","EAR_EHRM_SEX_CUR_NB","SEX_T","CUR_TYPE_PPP","2019",0.625,,"T30:24","R1:3513"
"KEN","BX:3465","EAR_EHRM_SEX_CUR_NB","SEX_T","CUR_TYPE_USD","2019",0.265,,"T30:24","R1:3513"
"KEN","BB:7021","EAR_EHRM_SEX_CUR_NB","SEX_T","CUR_TYPE_LCU","2016",41.667,,"T30:24","R1:3513"
"KEN","BB:7021","EAR_EHRM_SEX_CUR_NB","SEX_T","CUR_TYPE_PPP","2016",1.003,,"T30:24","R1:3513"
"KEN","BB:7021","EAR_EHRM_SEX_CUR_NB","SEX_T","CUR_TYPE_USD","2016",0.41,,"T30:24","R1:3513"
"KEN","BB:7021","EAR_EHRM_SEX_CUR_NB","SEX_T","CUR_TYPE_LCU","2005",19.78,"B","T30:24_I11:264","R1:3513"
"KEN","BB:7021","EAR_EHRM_SEX_CUR_NB","SEX_T","CUR_TYPE_PPP","2005",0.99,"B","T30:24_I11:264","R1:3513"
"KEN","BB:7021","EAR_EHRM_SEX_CUR_NB","SEX_T","CUR_TYPE_USD","2005",0.262,"B","T30:24_I11:264","R1:3513"
"KHM","BA:1321","EAR_EHRM_SEX_CUR_NB","SEX_T","CUR_TYPE_LCU","2025",4945.055,,"T30:117","R1:3513"
"KHM","BA:1321","EAR_EHRM_SEX_CUR_NB","SEX_T","CUR_TYPE_PPP","2025",3.358,,"T30:117","R1:3513"
"KHM","BA:1321","EAR_EHRM_SEX_CUR_NB","SEX_T","CUR_TYPE_USD","2025",1.232,,"T30:117","R1:3513"
"KHM","BB:3064","EAR_EHRM_SEX_CUR_NB","SEX_T","CUR_TYPE_LCU","2023",4807.693,,"T30:117","R1:3513"
"KHM","BB:3064","EAR_EHRM_SEX_CUR_NB","SEX_T","CUR_TYPE_PPP","2023",3.186,,"T30:117","R1:3513"
"KHM","BB:3064","EAR_EHRM_SEX_CUR_NB","SEX_T","CUR_TYPE_USD","2023",1.17,,"T30:117","R1:3513"
"KHM","BB:3064","EAR_EHRM_SEX_CUR_NB","SEX_T","CUR_TYPE_LCU","2021",4532.967,,"T30:117","R1:3513"
"KHM","BB:3064","EAR_EHRM_SEX_CUR_NB","SEX_T","CUR_TYPE_PPP","2021",2.874,,"T30:117","R1:3513"
"KHM","BB:3064","EAR_EHRM_SEX_CUR_NB","SEX_T","CUR_TYPE_USD","2021",1.106,,"T30:117","R1:3513"
"KHM","BB:3064","EAR_EHRM_SEX_CUR_NB","SEX_T","CUR_TYPE_LCU","2020",4235.153,,"T30:117","R1:3513"
"KHM","BB:3064","EAR_EHRM_SEX_CUR_NB","SEX_T","CUR_TYPE_PPP","2020",2.68,,"T30:117","R1:3513"
"KHM","BB:3064","EAR_EHRM_SEX_CUR_NB","SEX_T","CUR_TYPE_USD","2020",1.035,,"T30:117","R1:3513"
"KHM","BA:1321","EAR_EHRM_SEX_CUR_NB","SEX_T","CUR_TYPE_LCU","2019",4166.667,"B","T30:117_I11:264","R1:3513"
"KHM","BA:1321","EAR_EHRM_SEX_CUR_NB","SEX_T","CUR_TYPE_PPP","2019",2.646,"B","T30:117_I11:264","R1:3513"
"KHM","BA:1321","EAR_EHRM_SEX_CUR_NB","SEX_T","CUR_TYPE_USD","2019",1.026,"B","T30:117_I11:264","R1:3513"
"KHM","BB:3064","EAR_EHRM_SEX_CUR_NB","SEX_T","CUR_TYPE_LCU","2016",3022.514,,"T30:117","R1:3513"
"KHM","BB:3064","EAR_EHRM_SEX_CUR_NB","SEX_T","CUR_TYPE_PPP","2016",1.974,,"T30:117","R1:3513"
"KHM","BB:3064","EAR_EHRM_SEX_CUR_NB","SEX_T","CUR_TYPE_USD","2016",0.745,,"T30:117","R1:3513"
"KHM","BB:3064","EAR_EHRM_SEX_CUR_NB","SEX_T","CUR_TYPE_LCU","2015",2500,,"T30:117","R1:3513"
"KHM","BB:3064","EAR_EHRM_SEX_CUR_NB","SEX_T","CUR_TYPE_PPP","2015",1.643,,"T30:117","R1:3513"
"KHM","BB:3064","EAR_EHRM_SEX_CUR_NB","SEX_T","CUR_TYPE_USD","2015",0.615,,"T30:117","R1:3513"
"KHM","BB:3064","EAR_EHRM_SEX_CUR_NB","SEX_T","CUR_TYPE_LCU","2014",2307.692,,"T30:117","R1:3513"
"KHM","BB:3064","EAR_EHRM_SEX_CUR_NB","SEX_T","CUR_TYPE_PPP","2014",1.518,,"T30:117","R1:3513"
"KHM","BB:3064","EAR_EHRM_SEX_CUR_NB","SEX_T","CUR_TYPE_USD","2014",0.572,,"T30:117","R1:3513"
"KHM","BB:3064","EAR_EHRM_SEX_CUR_NB","SEX_T","CUR_TYPE_LCU","2013",1880.342,,"T30:117","R1:3513"
"KHM","BB:3064","EAR_EHRM_SEX_CUR_NB","SEX_T","CUR_TYPE_PPP","2013",1.265,,"T30:117","R1:3513"
"KHM","BB:3064","EAR_EHRM_SEX_CUR_NB","SEX_T","CUR_TYPE_USD","2013",0.467,,"T30:117","R1:3513"
"KHM","BA:1321","EAR_EHRM_SEX_CUR_NB","SEX_T","CUR_TYPE_LCU","2012",1880.151,"B","T30:117_I11:264","R1:3513"
"KHM","BA:1321","EAR_EHRM_SEX_CUR_NB","SEX_T","CUR_TYPE_PPP","2012",1.306,"B","T30:117_I11:264","R1:3513"
"KHM","BA:1321","EAR_EHRM_SEX_CUR_NB","SEX_T","CUR_TYPE_USD","2012",0.466,"B","T30:117_I11:264","R1:3513"
"KHM","BB:3064","EAR_EHRM_SEX_CUR_NB","SEX_T","CUR_TYPE_LCU","2011",1538.462,,"T30:117","R1:3513"
"KHM","BB:3064","EAR_EHRM_SEX_CUR_NB","SEX_T","CUR_TYPE_PPP","2011",1.03,,"T30:117","R1:3513"
"KHM","BB:3064","EAR_EHRM_SEX_CUR_NB","SEX_T","CUR_TYPE_USD","2011",0.379,,"T30:117","R1:3513"
"KHM","BB:3064","EAR_EHRM_SEX_CUR_NB","SEX_T","CUR_TYPE_LCU","2010",1384.616,,"T30:117","R1:3513"
"KHM","BB:3064","EAR_EHRM_SEX_CUR_NB","SEX_T","CUR_TYPE_PPP","2010",0.948,,"T30:117","R1:3513"
"KHM","BB:3064","EAR_EHRM_SEX_CUR_NB","SEX_T","CUR_TYPE_USD","2010",0.331,,"T30:117","R1:3513"
"KHM","BB:3064","EAR_EHRM_SEX_CUR_NB","SEX_T","CUR_TYPE_LCU","2009",1236.264,,"T30:117","R1:3513"
"KHM","BB:3064","EAR_EHRM_SEX_CUR_NB","SEX_T","CUR_TYPE_PPP","2009",0.866,,"T30:117","R1:3513"
"KHM","BB:3064","EAR_EHRM_SEX_CUR_NB","SEX_T","CUR_TYPE_USD","2009",0.299,,"T30:117","R1:3513"
"KHM","BB:3064","EAR_EHRM_SEX_CUR_NB","SEX_T","CUR_TYPE_LCU","2008",1153.846,,"T30:117","R1:3513"
"KHM","BB:3064","EAR_EHRM_SEX_CUR_NB","SEX_T","CUR_TYPE_PPP","2008",0.801,,"T30:117","R1:3513"
"KHM","BB:3064","EAR_EHRM_SEX_CUR_NB","SEX_T","CUR_TYPE_USD","2008",0.285,,"T30:117","R1:3513"
"KHM","BB:3064","EAR_EHRM_SEX_CUR_NB","SEX_T","CUR_TYPE_LCU","2007",989.011,"B","T30:117_I11:264","R1:3513"
"KHM","BB:3064","EAR_EHRM_SEX_CUR_NB","SEX_T","CUR_TYPE_PPP","2007",0.821,"B","T30:117_I11:264","R1:3513"
"KHM","BB:3064","EAR_EHRM_SEX_CUR_NB","SEX_T","CUR_TYPE_USD","2007",0.244,"B","T30:117_I11:264","R1:3513"
"KHM","BB:3064","EAR_EHRM_SEX_CUR_NB","SEX_T","CUR_TYPE_LCU","2003",729.259,,"T30:117","R1:3513"
"KHM","BB:3064","EAR_EHRM_SEX_CUR_NB","SEX_T","CUR_TYPE_PPP","2003",0.687,,"T30:117","R1:3513"
"KHM","BB:3064","EAR_EHRM_SEX_CUR_NB","SEX_T","CUR_TYPE_USD","2003",0.184,,"T30:117","R1:3513"
"KHM","BA:1321","EAR_EHRM_SEX_CUR_NB","SEX_T","CUR_TYPE_LCU","2001",600.959,,"T30:117","R1:3513"
"KHM","BA:1321","EAR_EHRM_SEX_CUR_NB","SEX_T","CUR_TYPE_PPP","2001",0.551,,"T30:117","R1:3513"
"KHM","BA:1321","EAR_EHRM_SEX_CUR_NB","SEX_T","CUR_TYPE_USD","2001",0.153,,"T30:117","R1:3513"
"KHM","BA:1321","EAR_EHRM_SEX_CUR_NB","SEX_T","CUR_TYPE_LCU","2000",600.959,"B","T30:117_I11:264","R1:3513"
"KHM","BA:1321","EAR_EHRM_SEX_CUR_NB","SEX_T","CUR_TYPE_PPP","2000",0.533,"B","T30:117_I11:264","R1:3513"
"KHM","BA:1321","EAR_EHRM_SEX_CUR_NB","SEX_T","CUR_TYPE_USD","2000",0.156,"B","T30:117_I11:264","R1:3513"
"KIR","BB:15723","EAR_EHRM_SEX_CUR_NB","SEX_T","CUR_TYPE_LCU","2023",2.837,,"T30:217","R1:3513"
"KIR","BB:15723","EAR_EHRM_SEX_CUR_NB","SEX_T","CUR_TYPE_PPP","2023",3.022,,"T30:217","R1:3513"
"KIR","BB:15723","EAR_EHRM_SEX_CUR_NB","SEX_T","CUR_TYPE_USD","2023",1.885,,"T30:217","R1:3513"
"KOS","BB:16127","EAR_EHRM_SEX_CUR_NB","SEX_T","CUR_TYPE_LCU","2000",1.731,,"T30:186","R1:3513"
"KOS","BB:16127","EAR_EHRM_SEX_CUR_NB","SEX_T","CUR_TYPE_USD","2000",1.599,,"T30:186","R1:3513"
"LAO","BA:6651","EAR_EHRM_SEX_CUR_NB","SEX_T","CUR_TYPE_LCU","2022",10673.078,"B","T30:133_I11:264","R1:3513"
"LAO","BA:6651","EAR_EHRM_SEX_CUR_NB","SEX_T","CUR_TYPE_PPP","2022",2.876,"B","T30:133_I11:264","R1:3513"
"LAO","BA:6651","EAR_EHRM_SEX_CUR_NB","SEX_T","CUR_TYPE_USD","2022",0.76,"B","T30:133_I11:264","R1:3513"
"LAO","BA:6651","EAR_EHRM_SEX_CUR_NB","SEX_T","CUR_TYPE_LCU","2017",9807.693,"B","T30:133_I11:264","R1:3513"
"LAO","BA:6651","EAR_EHRM_SEX_CUR_NB","SEX_T","CUR_TYPE_PPP","2017",3.078,"B","T30:133_I11:264","R1:3513"
"LAO","BA:6651","EAR_EHRM_SEX_CUR_NB","SEX_T","CUR_TYPE_USD","2017",1.19,"B","T30:133_I11:264","R1:3513"
"LAO","BA:6651","EAR_EHRM_SEX_CUR_NB","SEX_T","CUR_TYPE_LCU","2010",4038.462,"B","T30:133_I11:264","R1:3513"
"LAO","BA:6651","EAR_EHRM_SEX_CUR_NB","SEX_T","CUR_TYPE_PPP","2010",1.348,"B","T30:133_I11:264","R1:3513"
"LAO","BA:6651","EAR_EHRM_SEX_CUR_NB","SEX_T","CUR_TYPE_USD","2010",0.489,"B","T30:133_I11:264","R1:3513"
"LBN","BA:14074","EAR_EHRM_SEX_CUR_NB","SEX_T","CUR_TYPE_LCU","2019",4707.693,"B","T30:134_I11:264","R1:3513"
"LBN","BA:14074","EAR_EHRM_SEX_CUR_NB","SEX_T","CUR_TYPE_PPP","2019",6.291,"B","T30:134_I11:264","R1:3513"
"LBN","BA:14074","EAR_EHRM_SEX_CUR_NB","SEX_T","CUR_TYPE_USD","2019",3.123,"B","T30:134_I11:264","R1:3513"
"LBR","BA:16","EAR_EHRM_SEX_CUR_NB","SEX_T","CUR_TYPE_LCU","2017",0.601,"B","T30:384_I11:264","R1:3513"
"LBR","BA:16","EAR_EHRM_SEX_CUR_NB","SEX_T","CUR_TYPE_PPP","2017",1.491,"B","T30:384_I11:264","R1:3513"
"LBR","BA:16","EAR_EHRM_SEX_CUR_NB","SEX_T","CUR_TYPE_USD","2017",0.601,"B","T30:384_I11:264","R1:3513"
"LBR","BB:7322","EAR_EHRM_SEX_CUR_NB","SEX_T","CUR_TYPE_LCU","2016",0.923,,"T30:384","R1:3513"
"LBR","BB:7322","EAR_EHRM_SEX_CUR_NB","SEX_T","CUR_TYPE_PPP","2016",1.997,,"T30:384","R1:3513"
"LBR","BB:7322","EAR_EHRM_SEX_CUR_NB","SEX_T","CUR_TYPE_USD","2016",0.923,,"T30:384","R1:3513"
"LBR","BB:7322","EAR_EHRM_SEX_CUR_NB","SEX_T","CUR_TYPE_LCU","2014",0.721,"B","T30:384_I11:264","R1:3513"
"LBR","BB:7322","EAR_EHRM_SEX_CUR_NB","SEX_T","CUR_TYPE_PPP","2014",1.418,"B","T30:384_I11:264","R1:3513"
"LBR","BB:7322","EAR_EHRM_SEX_CUR_NB","SEX_T","CUR_TYPE_USD","2014",0.721,"B","T30:384_I11:264","R1:3513"
"LBR","BA:16","EAR_EHRM_SEX_CUR_NB","SEX_T","CUR_TYPE_LCU","2010",0.481,"B","T30:384_I11:264","R1:3513"
"LBR","BA:16","EAR_EHRM_SEX_CUR_NB","SEX_T","CUR_TYPE_PPP","2010",0.845,"B","T30:384_I11:264","R1:3513"
"LBR","BA:16","EAR_EHRM_SEX_CUR_NB","SEX_T","CUR_TYPE_USD","2010",0.481,"B","T30:384_I11:264","R1:3513"
"LKA","BA:1359","EAR_EHRM_SEX_CUR_NB","SEX_T","CUR_TYPE_LCU","2024",216.346,,"T30:147","R1:3513"
"LKA","BA:1359","EAR_EHRM_SEX_CUR_NB","SEX_T","CUR_TYPE_PPP","2024",2.473,,"T30:147","R1:3513"
"LKA","BA:1359","EAR_EHRM_SEX_CUR_NB","SEX_T","CUR_TYPE_LCU","2023",201.923,,"T30:147","R1:3513"
"LKA","BA:1359","EAR_EHRM_SEX_CUR_NB","SEX_T","CUR_TYPE_PPP","2023",2.232,,"T30:147","R1:3513"
"LKA","BA:1359","EAR_EHRM_SEX_CUR_NB","SEX_T","CUR_TYPE_USD","2023",0.617,,"T30:147","R1:3513"
"LKA","BA:1359","EAR_EHRM_SEX_CUR_NB","SEX_T","CUR_TYPE_LCU","2022",188.034,,"T30:147","R1:3513"
"LKA","BA:1359","EAR_EHRM_SEX_CUR_NB","SEX_T","CUR_TYPE_PPP","2022",2.327,,"T30:147","R1:3513"
"LKA","BA:1359","EAR_EHRM_SEX_CUR_NB","SEX_T","CUR_TYPE_USD","2022",0.583,,"T30:147","R1:3513"
"LKA","BA:1359","EAR_EHRM_SEX_CUR_NB","SEX_T","CUR_TYPE_LCU","2021",173.077,,"T30:147","R1:3513"
"LKA","BA:1359","EAR_EHRM_SEX_CUR_NB","SEX_T","CUR_TYPE_PPP","2021",2.969,,"T30:147","R1:3513"
"LKA","BA:1359","EAR_EHRM_SEX_CUR_NB","SEX_T","CUR_TYPE_USD","2021",0.871,,"T30:147","R1:3513"
"LKA","BA:1359","EAR_EHRM_SEX_CUR_NB","SEX_T","CUR_TYPE_LCU","2020",162.38,,"T30:147","R1:3513"
"LKA","BA:1359","EAR_EHRM_SEX_CUR_NB","SEX_T","CUR_TYPE_PPP","2020",2.649,,"T30:147","R1:3513"
"LKA","BA:1359","EAR_EHRM_SEX_CUR_NB","SEX_T","CUR_TYPE_USD","2020",0.875,,"T30:147","R1:3513"
"LKA","BA:1359","EAR_EHRM_SEX_CUR_NB","SEX_T","CUR_TYPE_LCU","2019",149.573,,"T30:147","R1:3513"
"LKA","BA:1359","EAR_EHRM_SEX_CUR_NB","SEX_T","CUR_TYPE_PPP","2019",2.771,,"T30:147","R1:3513"
"LKA","BA:1359","EAR_EHRM_SEX_CUR_NB","SEX_T","CUR_TYPE_USD","2019",0.837,,"T30:147","R1:3513"
"LKA","BA:1359","EAR_EHRM_SEX_CUR_NB","SEX_T","CUR_TYPE_LCU","2018",132.692,,"T30:147","R1:3513"
"LKA","BA:1359","EAR_EHRM_SEX_CUR_NB","SEX_T","CUR_TYPE_PPP","2018",2.548,,"T30:147","R1:3513"
"LKA","BA:1359","EAR_EHRM_SEX_CUR_NB","SEX_T","CUR_TYPE_USD","2018",0.817,,"T30:147","R1:3513"
"LKA","BA:1359","EAR_EHRM_SEX_CUR_NB","SEX_T","CUR_TYPE_LCU","2017",119.658,,"T30:147","R1:3513"
"LKA","BA:1359","EAR_EHRM_SEX_CUR_NB","SEX_T","CUR_TYPE_PPP","2017",2.326,,"T30:147","R1:3513"
"LKA","BA:1359","EAR_EHRM_SEX_CUR_NB","SEX_T","CUR_TYPE_USD","2017",0.785,,"T30:147","R1:3513"
"LKA","BA:1359","EAR_EHRM_SEX_CUR_NB","SEX_T","CUR_TYPE_LCU","2016",114.231,,"T30:147","R1:3513"
"LKA","BA:1359","EAR_EHRM_SEX_CUR_NB","SEX_T","CUR_TYPE_PPP","2016",2.35,,"T30:147","R1:3513"
"LKA","BA:1359","EAR_EHRM_SEX_CUR_NB","SEX_T","CUR_TYPE_USD","2016",0.785,,"T30:147","R1:3513"
"LKA","BA:1359","EAR_EHRM_SEX_CUR_NB","SEX_T","CUR_TYPE_LCU","2015",98.901,,"T30:147","R1:3513"
"LKA","BA:1359","EAR_EHRM_SEX_CUR_NB","SEX_T","CUR_TYPE_PPP","2015",2.07,,"T30:147","R1:3513"
"LKA","BA:1359","EAR_EHRM_SEX_CUR_NB","SEX_T","CUR_TYPE_USD","2015",0.728,,"T30:147","R1:3513"
"LKA","BA:1359","EAR_EHRM_SEX_CUR_NB","SEX_T","CUR_TYPE_LCU","2014",90.301,,"T30:147","R1:3513"
"LKA","BA:1359","EAR_EHRM_SEX_CUR_NB","SEX_T","CUR_TYPE_PPP","2014",1.937,,"T30:147","R1:3513"
"LKA","BA:1359","EAR_EHRM_SEX_CUR_NB","SEX_T","CUR_TYPE_USD","2014",0.692,,"T30:147","R1:3513"
"LKA","BA:1359","EAR_EHRM_SEX_CUR_NB","SEX_T","CUR_TYPE_LCU","2013",80.961,,"T30:147","R1:3513"
"LKA","BA:1359","EAR_EHRM_SEX_CUR_NB","SEX_T","CUR_TYPE_PPP","2013",1.789,,"T30:147","R1:3513"
"LKA","BA:1359","EAR_EHRM_SEX_CUR_NB","SEX_T","CUR_TYPE_USD","2013",0.627,,"T30:147","R1:3513"
"LKA","BA:1359","EAR_EHRM_SEX_CUR_NB","SEX_T","CUR_TYPE_LCU","2011",66.346,"B","T30:147_I11:264","R1:3513"
"LKA","BA:1359","EAR_EHRM_SEX_CUR_NB","SEX_T","CUR_TYPE_PPP","2011",1.543,"B","T30:147_I11:264","R1:3513"
"LKA","BA:1359","EAR_EHRM_SEX_CUR_NB","SEX_T","CUR_TYPE_USD","2011",0.6,"B","T30:147_I11:264","R1:3513"
"LKA","BA:1359","EAR_EHRM_SEX_CUR_NB","SEX_T","CUR_TYPE_LCU","2010",57.692,"B","T30:147_I11:264","R1:3513"
"LKA","BA:1359","EAR_EHRM_SEX_CUR_NB","SEX_T","CUR_TYPE_PPP","2010",1.388,"B","T30:147_I11:264","R1:3513"
"LKA","BA:1359","EAR_EHRM_SEX_CUR_NB","SEX_T","CUR_TYPE_USD","2010",0.51,"B","T30:147_I11:264","R1:3513"
"LSO","BA:13","EAR_EHRM_SEX_CUR_NB","SEX_T","CUR_TYPE_LCU","2024",6.665,,"T30:25","R1:3513"
"LSO","BA:13","EAR_EHRM_SEX_CUR_NB","SEX_T","CUR_TYPE_PPP","2024",1.086,,"T30:25","R1:3513"
"LSO","BA:13","EAR_EHRM_SEX_CUR_NB","SEX_T","CUR_TYPE_USD","2024",0.364,,"T30:25","R1:3513"
"LSO","BA:13","EAR_EHRM_SEX_CUR_NB","SEX_T","CUR_TYPE_LCU","2019",9.231,,"T30:25","R1:3513"
"LSO","BA:13","EAR_EHRM_SEX_CUR_NB","SEX_T","CUR_TYPE_PPP","2019",1.665,,"T30:25","R1:3513"
"LSO","BA:13","EAR_EHRM_SEX_CUR_NB","SEX_T","CUR_TYPE_USD","2019",0.639,,"T30:25","R1:3513"
"MDA","BA:571","EAR_EHRM_SEX_CUR_NB","SEX_T","CUR_TYPE_LCU","2025",42.692,,"T30:193","R1:3513"
"MDA","BA:571","EAR_EHRM_SEX_CUR_NB","SEX_T","CUR_TYPE_PPP","2025",4.866,,"T30:193","R1:3513"
"MDA","BA:571","EAR_EHRM_SEX_CUR_NB","SEX_T","CUR_TYPE_USD","2025",2.457,,"T30:193","R1:3513"
"MDA","BA:571","EAR_EHRM_SEX_CUR_NB","SEX_T","CUR_TYPE_LCU","2024",36.923,,"T30:193","R1:3513"
"MDA","BA:571","EAR_EHRM_SEX_CUR_NB","SEX_T","CUR_TYPE_PPP","2024",4.416,,"T30:193","R1:3513"
"MDA","BA:571","EAR_EHRM_SEX_CUR_NB","SEX_T","CUR_TYPE_USD","2024",2.075,,"T30:193","R1:3513"
"MDA","BA:571","EAR_EHRM_SEX_CUR_NB","SEX_T","CUR_TYPE_LCU","2023",32.885,,"T30:193","R1:3513"
"MDA","BA:571","EAR_EHRM_SEX_CUR_NB","SEX_T","CUR_TYPE_PPP","2023",3.999,,"T30:193","R1:3513"
"MDA","BA:571","EAR_EHRM_SEX_CUR_NB","SEX_T","CUR_TYPE_USD","2023",1.81,,"T30:193","R1:3513"
"MDA","BA:571","EAR_EHRM_SEX_CUR_NB","SEX_T","CUR_TYPE_LCU","2022",28.846,,"T30:193","R1:3513"
"MDA","BA:571","EAR_EHRM_SEX_CUR_NB","SEX_T","CUR_TYPE_PPP","2022",3.821,,"T30:193","R1:3513"
"MDA","BA:571","EAR_EHRM_SEX_CUR_NB","SEX_T","CUR_TYPE_USD","2022",1.526,,"T30:193","R1:3513"
"MDA","BA:571","EAR_EHRM_SEX_CUR_NB","SEX_T","CUR_TYPE_LCU","2021",25.962,,"T30:193","R1:3513"
"MDA","BA:571","EAR_EHRM_SEX_CUR_NB","SEX_T","CUR_TYPE_PPP","2021",4.1,,"T30:193","R1:3513"
"MDA","BA:571","EAR_EHRM_SEX_CUR_NB","SEX_T","CUR_TYPE_USD","2021",1.468,,"T30:193","R1:3513"
"MDA","BA:571","EAR_EHRM_SEX_CUR_NB","SEX_T","CUR_TYPE_LCU","2020",23.654,,"T30:193","R1:3513"
"MDA","BA:571","EAR_EHRM_SEX_CUR_NB","SEX_T","CUR_TYPE_PPP","2020",3.759,,"T30:193","R1:3513"
"MDA","BA:571","EAR_EHRM_SEX_CUR_NB","SEX_T","CUR_TYPE_USD","2020",1.365,,"T30:193","R1:3513"
"MDA","BA:571","EAR_EHRM_SEX_CUR_NB","SEX_T","CUR_TYPE_LCU","2019",21.923,,"T30:193","R1:3513"
"MDA","BA:571","EAR_EHRM_SEX_CUR_NB","SEX_T","CUR_TYPE_PPP","2019",3.432,,"T30:193","R1:3513"
"MDA","BA:571","EAR_EHRM_SEX_CUR_NB","SEX_T","CUR_TYPE_USD","2019",1.248,,"T30:193","R1:3513"
"MDA","BA:571","EAR_EHRM_SEX_CUR_NB","SEX_T","CUR_TYPE_LCU","2018",18.462,,"T30:193","R1:3513"
"MDA","BA:571","EAR_EHRM_SEX_CUR_NB","SEX_T","CUR_TYPE_PPP","2018",2.903,,"T30:193","R1:3513"
"MDA","BA:571","EAR_EHRM_SEX_CUR_NB","SEX_T","CUR_TYPE_USD","2018",1.099,,"T30:193","R1:3513"
"MDA","BA:571","EAR_EHRM_SEX_CUR_NB","SEX_T","CUR_TYPE_LCU","2017",16.154,,"T30:193","R1:3513"
"MDA","BA:571","EAR_EHRM_SEX_CUR_NB","SEX_T","CUR_TYPE_PPP","2017",2.533,,"T30:193","R1:3513"
"MDA","BA:571","EAR_EHRM_SEX_CUR_NB","SEX_T","CUR_TYPE_USD","2017",0.873,,"T30:193","R1:3513"
"MDA","BA:571","EAR_EHRM_SEX_CUR_NB","SEX_T","CUR_TYPE_LCU","2016",15,,"T30:193","R1:3513"
"MDA","BA:571","EAR_EHRM_SEX_CUR_NB","SEX_T","CUR_TYPE_PPP","2016",2.365,,"T30:193","R1:3513"
"MDA","BA:571","EAR_EHRM_SEX_CUR_NB","SEX_T","CUR_TYPE_USD","2016",0.753,,"T30:193","R1:3513"
"MDA","BA:571","EAR_EHRM_SEX_CUR_NB","SEX_T","CUR_TYPE_LCU","2015",14.423,,"T30:193","R1:3513"
"MDA","BA:571","EAR_EHRM_SEX_CUR_NB","SEX_T","CUR_TYPE_PPP","2015",2.252,,"T30:193","R1:3513"
"MDA","BA:571","EAR_EHRM_SEX_CUR_NB","SEX_T","CUR_TYPE_USD","2015",0.766,,"T30:193","R1:3513"
"MDA","BA:571","EAR_EHRM_SEX_CUR_NB","SEX_T","CUR_TYPE_LCU","2014",12.981,,"T30:193","R1:3513"
"MDA","BA:571","EAR_EHRM_SEX_CUR_NB","SEX_T","CUR_TYPE_PPP","2014",2.119,,"T30:193","R1:3513"
"MDA","BA:571","EAR_EHRM_SEX_CUR_NB","SEX_T","CUR_TYPE_USD","2014",0.925,,"T30:193","R1:3513"
"MDA","BA:571","EAR_EHRM_SEX_CUR_NB","SEX_T","CUR_TYPE_LCU","2013",12.404,,"T30:193","R1:3513"
"MDA","BA:571","EAR_EHRM_SEX_CUR_NB","SEX_T","CUR_TYPE_PPP","2013",2.086,,"T30:193","R1:3513"
"MDA","BA:571","EAR_EHRM_SEX_CUR_NB","SEX_T","CUR_TYPE_USD","2013",0.986,,"T30:193","R1:3513"
"MDA","BA:571","EAR_EHRM_SEX_CUR_NB","SEX_T","CUR_TYPE_LCU","2012",11.539,,"T30:193","R1:3513"
"MDA","BA:571","EAR_EHRM_SEX_CUR_NB","SEX_T","CUR_TYPE_PPP","2012",2.147,,"T30:193","R1:3513"
"MDA","BA:571","EAR_EHRM_SEX_CUR_NB","SEX_T","CUR_TYPE_USD","2012",0.953,,"T30:193","R1:3513"
"MDA","BA:571","EAR_EHRM_SEX_CUR_NB","SEX_T","CUR_TYPE_LCU","2011",10.548,,"T30:193","R1:3513"
"MDA","BA:571","EAR_EHRM_SEX_CUR_NB","SEX_T","CUR_TYPE_PPP","2011",1.95,,"T30:193","R1:3513"
"MDA","BA:571","EAR_EHRM_SEX_CUR_NB","SEX_T","CUR_TYPE_USD","2011",0.899,,"T30:193","R1:3513"
"MDA","BA:571","EAR_EHRM_SEX_CUR_NB","SEX_T","CUR_TYPE_LCU","2010",9.945,,"T30:193","R1:3513"
"MDA","BA:571","EAR_EHRM_SEX_CUR_NB","SEX_T","CUR_TYPE_PPP","2010",1.919,,"T30:193","R1:3513"
"MDA","BA:571","EAR_EHRM_SEX_CUR_NB","SEX_T","CUR_TYPE_USD","2010",0.804,,"T30:193","R1:3513"
"MDA","BA:571","EAR_EHRM_SEX_CUR_NB","SEX_T","CUR_TYPE_LCU","2009",9.231,,"T30:193","R1:3513"
"MDA","BA:571","EAR_EHRM_SEX_CUR_NB","SEX_T","CUR_TYPE_PPP","2009",1.884,,"T30:193","R1:3513"
"MDA","BA:571","EAR_EHRM_SEX_CUR_NB","SEX_T","CUR_TYPE_USD","2009",0.831,,"T30:193","R1:3513"
"MDA","BA:571","EAR_EHRM_SEX_CUR_NB","SEX_T","CUR_TYPE_LCU","2008",8.654,,"T30:193","R1:3513"
"MDA","BA:571","EAR_EHRM_SEX_CUR_NB","SEX_T","CUR_TYPE_PPP","2008",1.771,,"T30:193","R1:3513"
"MDA","BA:571","EAR_EHRM_SEX_CUR_NB","SEX_T","CUR_TYPE_USD","2008",0.833,,"T30:193","R1:3513"
"MDA","BA:571","EAR_EHRM_SEX_CUR_NB","SEX_T","CUR_TYPE_LCU","2007",6.923,,"T30:193","R1:3513"
"MDA","BA:571","EAR_EHRM_SEX_CUR_NB","SEX_T","CUR_TYPE_PPP","2007",1.539,,"T30:193","R1:3513"
"MDA","BA:571","EAR_EHRM_SEX_CUR_NB","SEX_T","CUR_TYPE_USD","2007",0.57,,"T30:193","R1:3513"
"MDG","BA:7423","EAR_EHRM_SEX_CUR_NB","SEX_T","CUR_TYPE_LCU","2015",776.502,,"T30:28","R1:3513"
"MDG","BA:7423","EAR_EHRM_SEX_CUR_NB","SEX_T","CUR_TYPE_PPP","2015",0.921,,"T30:28","R1:3513"
"MDG","BA:7423","EAR_EHRM_SEX_CUR_NB","SEX_T","CUR_TYPE_USD","2015",0.265,,"T30:28","R1:3513"
"MDG","BA:7423","EAR_EHRM_SEX_CUR_NB","SEX_T","CUR_TYPE_LCU","2012",541.325,"B","T30:28_I11:264","R1:3513"
"MDG","BA:7423","EAR_EHRM_SEX_CUR_NB","SEX_T","CUR_TYPE_PPP","2012",0.766,"B","T30:28_I11:264","R1:3513"
"MDG","BA:7423","EAR_EHRM_SEX_CUR_NB","SEX_T","CUR_TYPE_USD","2012",0.247,"B","T30:28_I11:264","R1:3513"
"MDV","BB:704","EAR_EHRM_SEX_CUR_NB","SEX_T","CUR_TYPE_LCU","2019",49.451,,"T30:137","R1:3513"
"MDV","BB:704","EAR_EHRM_SEX_CUR_NB","SEX_T","CUR_TYPE_PPP","2019",4.883,,"T30:137","R1:3513"
"MDV","BB:704","EAR_EHRM_SEX_CUR_NB","SEX_T","CUR_TYPE_USD","2019",3.215,,"T30:137","R1:3513"
"MDV","BB:704","EAR_EHRM_SEX_CUR_NB","SEX_T","CUR_TYPE_LCU","2016",45.33,"B","T30:137_I11:264","R1:3513"
"MDV","BB:704","EAR_EHRM_SEX_CUR_NB","SEX_T","CUR_TYPE_PPP","2016",4.618,"B","T30:137_I11:264","R1:3513"
"MDV","BB:704","EAR_EHRM_SEX_CUR_NB","SEX_T","CUR_TYPE_USD","2016",2.95,"B","T30:137_I11:264","R1:3513"
"MEX","BA:463","EAR_EHRM_SEX_CUR_NB","SEX_T","CUR_TYPE_LCU","2025",47.914,,"T30:90","R1:3513"
"MEX","BA:463","EAR_EHRM_SEX_CUR_NB","SEX_T","CUR_TYPE_PPP","2025",4.237,,"T30:90","R1:3513"
"MEX","BA:463","EAR_EHRM_SEX_CUR_NB","SEX_T","CUR_TYPE_USD","2025",2.491,,"T30:90","R1:3513"
"MEX","BA:463","EAR_EHRM_SEX_CUR_NB","SEX_T","CUR_TYPE_LCU","2024",43.344,,"T30:90","R1:3513"
"MEX","BA:463","EAR_EHRM_SEX_CUR_NB","SEX_T","CUR_TYPE_PPP","2024",4.013,,"T30:90","R1:3513"
"MEX","BA:463","EAR_EHRM_SEX_CUR_NB","SEX_T","CUR_TYPE_USD","2024",2.368,,"T30:90","R1:3513"
"MEX","BA:463","EAR_EHRM_SEX_CUR_NB","SEX_T","CUR_TYPE_LCU","2023",39.242,,"T30:90","R1:3513"
"MEX","BA:463","EAR_EHRM_SEX_CUR_NB","SEX_T","CUR_TYPE_PPP","2023",3.737,,"T30:90","R1:3513"
"MEX","BA:463","EAR_EHRM_SEX_CUR_NB","SEX_T","CUR_TYPE_USD","2023",2.21,,"T30:90","R1:3513"
"MEX","BA:463","EAR_EHRM_SEX_CUR_NB","SEX_T","CUR_TYPE_LCU","2022",35.369,,"T30:90","R1:3513"
"MEX","BA:463","EAR_EHRM_SEX_CUR_NB","SEX_T","CUR_TYPE_PPP","2022",3.213,,"T30:90","R1:3513"
"MEX","BA:463","EAR_EHRM_SEX_CUR_NB","SEX_T","CUR_TYPE_USD","2022",1.757,,"T30:90","R1:3513"
"MEX","BA:463","EAR_EHRM_SEX_CUR_NB","SEX_T","CUR_TYPE_LCU","2021",32.633,,"T30:90","R1:3513"
"MEX","BA:463","EAR_EHRM_SEX_CUR_NB","SEX_T","CUR_TYPE_PPP","2021",2.912,,"T30:90","R1:3513"
"MEX","BA:463","EAR_EHRM_SEX_CUR_NB","SEX_T","CUR_TYPE_USD","2021",1.61,,"T30:90","R1:3513"
"MEX","BA:463","EAR_EHRM_SEX_CUR_NB","SEX_T","CUR_TYPE_LCU","2020",30.728,"B","T30:90_I11:264","R1:3513"
"MEX","BA:463","EAR_EHRM_SEX_CUR_NB","SEX_T","CUR_TYPE_PPP","2020",2.752,"B","T30:90_I11:264","R1:3513"
"MEX","BA:463","EAR_EHRM_SEX_CUR_NB","SEX_T","CUR_TYPE_USD","2020",1.43,"B","T30:90_I11:264","R1:3513"
"MEX","BA:463","EAR_EHRM_SEX_CUR_NB","SEX_T","CUR_TYPE_LCU","2019",28.774,,"T30:90","R1:3513"
"MEX","BA:463","EAR_EHRM_SEX_CUR_NB","SEX_T","CUR_TYPE_PPP","2019",2.671,,"T30:90","R1:3513"
"MEX","BA:463","EAR_EHRM_SEX_CUR_NB","SEX_T","CUR_TYPE_USD","2019",1.494,,"T30:90","R1:3513"
"MEX","BA:463","EAR_EHRM_SEX_CUR_NB","SEX_T","CUR_TYPE_LCU","2018",26.889,,"T30:90","R1:3513"
"MEX","BA:463","EAR_EHRM_SEX_CUR_NB","SEX_T","CUR_TYPE_PPP","2018",2.598,,"T30:90","R1:3513"
"MEX","BA:463","EAR_EHRM_SEX_CUR_NB","SEX_T","CUR_TYPE_USD","2018",1.397,,"T30:90","R1:3513"
"MEX","BA:463","EAR_EHRM_SEX_CUR_NB","SEX_T","CUR_TYPE_LCU","2017",25.015,,"T30:90","R1:3513"
"MEX","BA:463","EAR_EHRM_SEX_CUR_NB","SEX_T","CUR_TYPE_PPP","2017",2.468,,"T30:90","R1:3513"
"MEX","BA:463","EAR_EHRM_SEX_CUR_NB","SEX_T","CUR_TYPE_USD","2017",1.322,,"T30:90","R1:3513"
"MEX","BA:463","EAR_EHRM_SEX_CUR_NB","SEX_T","CUR_TYPE_LCU","2016",24.477,,"T30:90","R1:3513"
"MEX","BA:463","EAR_EHRM_SEX_CUR_NB","SEX_T","CUR_TYPE_PPP","2016",2.587,,"T30:90","R1:3513"
"MEX","BA:463","EAR_EHRM_SEX_CUR_NB","SEX_T","CUR_TYPE_USD","2016",1.312,,"T30:90","R1:3513"
"MEX","BA:463","EAR_EHRM_SEX_CUR_NB","SEX_T","CUR_TYPE_LCU","2015",22.93,,"T30:90","R1:3513"
"MEX","BA:463","EAR_EHRM_SEX_CUR_NB","SEX_T","CUR_TYPE_PPP","2015",2.431,,"T30:90","R1:3513"
"MEX","BA:463","EAR_EHRM_SEX_CUR_NB","SEX_T","CUR_TYPE_USD","2015",1.447,,"T30:90","R1:3513"
"MEX","BA:463","EAR_EHRM_SEX_CUR_NB","SEX_T","CUR_TYPE_LCU","2014",22.177,,"T30:90","R1:3513"
"MEX","BA:463","EAR_EHRM_SEX_CUR_NB","SEX_T","CUR_TYPE_PPP","2014",2.371,,"T30:90","R1:3513"
"MEX","BA:463","EAR_EHRM_SEX_CUR_NB","SEX_T","CUR_TYPE_USD","2014",1.668,,"T30:90","R1:3513"
"MEX","BA:463","EAR_EHRM_SEX_CUR_NB","SEX_T","CUR_TYPE_LCU","2013",21.931,,"T30:90","R1:3513"
"MEX","BA:463","EAR_EHRM_SEX_CUR_NB","SEX_T","CUR_TYPE_PPP","2013",2.389,,"T30:90","R1:3513"
"MEX","BA:463","EAR_EHRM_SEX_CUR_NB","SEX_T","CUR_TYPE_USD","2013",1.717,,"T30:90","R1:3513"
"MEX","BA:463","EAR_EHRM_SEX_CUR_NB","SEX_T","CUR_TYPE_LCU","2012",21.078,,"T30:90","R1:3513"
"MEX","BA:463","EAR_EHRM_SEX_CUR_NB","SEX_T","CUR_TYPE_PPP","2012",2.285,,"T30:90","R1:3513"
"MEX","BA:463","EAR_EHRM_SEX_CUR_NB","SEX_T","CUR_TYPE_USD","2012",1.6,,"T30:90","R1:3513"
"MEX","BA:463","EAR_EHRM_SEX_CUR_NB","SEX_T","CUR_TYPE_LCU","2011",20.633,,"T30:90","R1:3513"
"MEX","BA:463","EAR_EHRM_SEX_CUR_NB","SEX_T","CUR_TYPE_PPP","2011",2.308,,"T30:90","R1:3513"
"MEX","BA:463","EAR_EHRM_SEX_CUR_NB","SEX_T","CUR_TYPE_USD","2011",1.661,,"T30:90","R1:3513"
"MEX","BA:463","EAR_EHRM_SEX_CUR_NB","SEX_T","CUR_TYPE_LCU","2010",19.846,,"T30:90","R1:3513"
"MEX","BA:463","EAR_EHRM_SEX_CUR_NB","SEX_T","CUR_TYPE_PPP","2010",2.226,,"T30:90","R1:3513"
"MEX","BA:463","EAR_EHRM_SEX_CUR_NB","SEX_T","CUR_TYPE_USD","2010",1.571,,"T30:90","R1:3513"
"MEX","BA:463","EAR_EHRM_SEX_CUR_NB","SEX_T","CUR_TYPE_LCU","2009",19.846,,"T30:90","R1:3513"
"MEX","BA:463","EAR_EHRM_SEX_CUR_NB","SEX_T","CUR_TYPE_PPP","2009",2.337,,"T30:90","R1:3513"
"MEX","BA:463","EAR_EHRM_SEX_CUR_NB","SEX_T","CUR_TYPE_USD","2009",1.469,,"T30:90","R1:3513"
"MEX","BA:463","EAR_EHRM_SEX_CUR_NB","SEX_T","CUR_TYPE_LCU","2008",19.669,,"T30:90","R1:3513"
"MEX","BA:463","EAR_EHRM_SEX_CUR_NB","SEX_T","CUR_TYPE_PPP","2008",2.411,,"T30:90","R1:3513"
"MEX","BA:463","EAR_EHRM_SEX_CUR_NB","SEX_T","CUR_TYPE_USD","2008",1.767,,"T30:90","R1:3513"
"MEX","BA:463","EAR_EHRM_SEX_CUR_NB","SEX_T","CUR_TYPE_LCU","2007",18.862,"B","T30:90_I11:264","R1:3513"
"MEX","BA:463","EAR_EHRM_SEX_CUR_NB","SEX_T","CUR_TYPE_PPP","2007",2.382,"B","T30:90_I11:264","R1:3513"
"MEX","BA:463","EAR_EHRM_SEX_CUR_NB","SEX_T","CUR_TYPE_USD","2007",1.726,"B","T30:90_I11:264","R1:3513"
"MEX","BA:463","EAR_EHRM_SEX_CUR_NB","SEX_T","CUR_TYPE_LCU","2006",17.422,,"T30:90","R1:3513"
"MEX","BA:463","EAR_EHRM_SEX_CUR_NB","SEX_T","CUR_TYPE_PPP","2006",2.298,,"T30:90","R1:3513"
"MEX","BA:463","EAR_EHRM_SEX_CUR_NB","SEX_T","CUR_TYPE_USD","2006",1.598,,"T30:90","R1:3513"
"MEX","BA:463","EAR_EHRM_SEX_CUR_NB","SEX_T","CUR_TYPE_LCU","2005",16.317,"B","T30:90_I11:264","R1:3513"
"MEX","BA:463","EAR_EHRM_SEX_CUR_NB","SEX_T","CUR_TYPE_PPP","2005",2.134,"B","T30:90_I11:264","R1:3513"
"MEX","BA:463","EAR_EHRM_SEX_CUR_NB","SEX_T","CUR_TYPE_USD","2005",1.497,"B","T30:90_I11:264","R1:3513"
"MEX","BA:463","EAR_EHRM_SEX_CUR_NB","SEX_T","CUR_TYPE_LCU","2004",16.026,,"T30:90","R1:3513"
"MEX","BA:463","EAR_EHRM_SEX_CUR_NB","SEX_T","CUR_TYPE_PPP","2004",2.118,,"T30:90","R1:3513"
"MEX","BA:463","EAR_EHRM_SEX_CUR_NB","SEX_T","CUR_TYPE_USD","2004",1.42,,"T30:90","R1:3513"
"MEX","BA:463","EAR_EHRM_SEX_CUR_NB","SEX_T","CUR_TYPE_LCU","2003",15.266,,"T30:90","R1:3513"
"MEX","BA:463","EAR_EHRM_SEX_CUR_NB","SEX_T","CUR_TYPE_PPP","2003",2.132,,"T30:90","R1:3513"
"MEX","BA:463","EAR_EHRM_SEX_CUR_NB","SEX_T","CUR_TYPE_USD","2003",1.415,,"T30:90","R1:3513"
"MEX","BA:463","EAR_EHRM_SEX_CUR_NB","SEX_T","CUR_TYPE_LCU","2002",14.423,"B","T30:90_I11:264","R1:3513"
"MEX","BA:463","EAR_EHRM_SEX_CUR_NB","SEX_T","CUR_TYPE_PPP","2002",1.993,"B","T30:90_I11:264","R1:3513"
"MEX","BA:463","EAR_EHRM_SEX_CUR_NB","SEX_T","CUR_TYPE_USD","2002",1.494,"B","T30:90_I11:264","R1:3513"
"MHL","BB:14101","EAR_EHRM_SEX_CUR_NB","SEX_T","CUR_TYPE_LCU","2019",3.33,,"T30:218","R1:3513"
"MHL","BB:14101","EAR_EHRM_SEX_CUR_NB","SEX_T","CUR_TYPE_PPP","2019",3.352,,"T30:218","R1:3513"
"MHL","BB:14101","EAR_EHRM_SEX_CUR_NB","SEX_T","CUR_TYPE_USD","2019",3.33,,"T30:218","R1:3513"
"MLI","BA:219","EAR_EHRM_SEX_CUR_NB","SEX_T","CUR_TYPE_LCU","2024",395.604,,"T30:30","R1:3513"
"MLI","BA:219","EAR_EHRM_SEX_CUR_NB","SEX_T","CUR_TYPE_PPP","2024",2.057,,"T30:30","R1:3513"
"MLI","BA:219","EAR_EHRM_SEX_CUR_NB","SEX_T","CUR_TYPE_USD","2024",0.652,,"T30:30","R1:3513"
"MLI","BA:219","EAR_EHRM_SEX_CUR_NB","SEX_T","CUR_TYPE_LCU","2023",346.154,,"T30:30","R1:3513"
"MLI","BA:219","EAR_EHRM_SEX_CUR_NB","SEX_T","CUR_TYPE_PPP","2023",1.804,,"T30:30","R1:3513"
"MLI","BA:219","EAR_EHRM_SEX_CUR_NB","SEX_T","CUR_TYPE_USD","2023",0.571,,"T30:30","R1:3513"
"MLI","BA:219","EAR_EHRM_SEX_CUR_NB","SEX_T","CUR_TYPE_LCU","2022",309.066,,"T30:30","R1:3513"
"MLI","BA:219","EAR_EHRM_SEX_CUR_NB","SEX_T","CUR_TYPE_PPP","2022",1.579,,"T30:30","R1:3513"
"MLI","BA:219","EAR_EHRM_SEX_CUR_NB","SEX_T","CUR_TYPE_USD","2022",0.496,,"T30:30","R1:3513"
"MLI","BA:219","EAR_EHRM_SEX_CUR_NB","SEX_T","CUR_TYPE_LCU","2020",298.041,,"T30:30","R1:3513"
"MLI","BA:219","EAR_EHRM_SEX_CUR_NB","SEX_T","CUR_TYPE_PPP","2020",1.56,,"T30:30","R1:3513"
"MLI","BA:219","EAR_EHRM_SEX_CUR_NB","SEX_T","CUR_TYPE_USD","2020",0.518,,"T30:30","R1:3513"
"MLI","BA:219","EAR_EHRM_SEX_CUR_NB","SEX_T","CUR_TYPE_LCU","2018",240.385,,"T30:30","R1:3513"
"MLI","BA:219","EAR_EHRM_SEX_CUR_NB","SEX_T","CUR_TYPE_PPP","2018",1.237,,"T30:30","R1:3513"
"MLI","BA:219","EAR_EHRM_SEX_CUR_NB","SEX_T","CUR_TYPE_USD","2018",0.433,,"T30:30","R1:3513"
"MLI","BA:219","EAR_EHRM_SEX_CUR_NB","SEX_T","CUR_TYPE_LCU","2017",247.253,,"T30:30","R1:3513"
"MLI","BA:219","EAR_EHRM_SEX_CUR_NB","SEX_T","CUR_TYPE_PPP","2017",1.249,,"T30:30","R1:3513"
"MLI","BA:219","EAR_EHRM_SEX_CUR_NB","SEX_T","CUR_TYPE_USD","2017",0.426,,"T30:30","R1:3513"
"MLI","BA:219","EAR_EHRM_SEX_CUR_NB","SEX_T","CUR_TYPE_LCU","2016",235.479,,"T30:30","R1:3513"
"MLI","BA:219","EAR_EHRM_SEX_CUR_NB","SEX_T","CUR_TYPE_PPP","2016",1.193,,"T30:30","R1:3513"
"MLI","BA:219","EAR_EHRM_SEX_CUR_NB","SEX_T","CUR_TYPE_USD","2016",0.397,,"T30:30","R1:3513"
"MLI","BA:219","EAR_EHRM_SEX_CUR_NB","SEX_T","CUR_TYPE_LCU","2015",256.41,,"T30:30","R1:3513"
"MLI","BA:219","EAR_EHRM_SEX_CUR_NB","SEX_T","CUR_TYPE_PPP","2015",1.228,,"T30:30","R1:3513"
"MLI","BA:219","EAR_EHRM_SEX_CUR_NB","SEX_T","CUR_TYPE_USD","2015",0.434,,"T30:30","R1:3513"
"MLI","BA:219","EAR_EHRM_SEX_CUR_NB","SEX_T","CUR_TYPE_LCU","2014",263.736,"B","T30:30_I11:264","R1:3513"
"MLI","BA:219","EAR_EHRM_SEX_CUR_NB","SEX_T","CUR_TYPE_PPP","2014",1.247,"B","T30:30_I11:264","R1:3513"
"MLI","BA:219","EAR_EHRM_SEX_CUR_NB","SEX_T","CUR_TYPE_USD","2014",0.534,"B","T30:30_I11:264","R1:3513"
"MLI","BA:219","EAR_EHRM_SEX_CUR_NB","SEX_T","CUR_TYPE_LCU","2013",192.308,"B","T30:30_I11:264","R1:3513"
"MLI","BA:219","EAR_EHRM_SEX_CUR_NB","SEX_T","CUR_TYPE_PPP","2013",0.89,"B","T30:30_I11:264","R1:3513"
"MLI","BA:219","EAR_EHRM_SEX_CUR_NB","SEX_T","CUR_TYPE_USD","2013",0.389,"B","T30:30_I11:264","R1:3513"
"MMR","BA:7009","EAR_EHRM_SEX_CUR_NB","SEX_T","CUR_TYPE_LCU","2020",865.385,,"T30:139","R1:3513_S3:6"
"MMR","BA:7009","EAR_EHRM_SEX_CUR_NB","SEX_T","CUR_TYPE_PPP","2020",1.987,,"T30:139","R1:3513_S3:6"
"MMR","BA:7009","EAR_EHRM_SEX_CUR_NB","SEX_T","CUR_TYPE_USD","2020",0.626,,"T30:139","R1:3513_S3:6"
"MMR","BA:7009","EAR_EHRM_SEX_CUR_NB","SEX_T","CUR_TYPE_LCU","2019",989.011,,"T30:139","R1:3513"
"MMR","BA:7009","EAR_EHRM_SEX_CUR_NB","SEX_T","CUR_TYPE_PPP","2019",2.314,,"T30:139","R1:3513"
"MMR","BA:7009","EAR_EHRM_SEX_CUR_NB","SEX_T","CUR_TYPE_USD","2019",0.651,,"T30:139","R1:3513"
"MMR","BA:7009","EAR_EHRM_SEX_CUR_NB","SEX_T","CUR_TYPE_LCU","2018",888.537,,"T30:139","R1:3513"
"MMR","BA:7009","EAR_EHRM_SEX_CUR_NB","SEX_T","CUR_TYPE_PPP","2018",2.133,,"T30:139","R1:3513"
"MMR","BA:7009","EAR_EHRM_SEX_CUR_NB","SEX_T","CUR_TYPE_USD","2018",0.621,,"T30:139","R1:3513"
"MMR","BA:7009","EAR_EHRM_SEX_CUR_NB","SEX_T","CUR_TYPE_LCU","2017",750,"B","T30:139_I11:264","R1:3513"
"MMR","BA:7009","EAR_EHRM_SEX_CUR_NB","SEX_T","CUR_TYPE_PPP","2017",1.849,"B","T30:139_I11:264","R1:3513"
"MMR","BA:7009","EAR_EHRM_SEX_CUR_NB","SEX_T","CUR_TYPE_USD","2017",0.551,"B","T30:139_I11:264","R1:3513"
"MMR","BA:7009","EAR_EHRM_SEX_CUR_NB","SEX_T","CUR_TYPE_LCU","2015",453.297,"B","T30:139_I11:264","R1:3513"
"MMR","BA:7009","EAR_EHRM_SEX_CUR_NB","SEX_T","CUR_TYPE_PPP","2015",1.281,"B","T30:139_I11:264","R1:3513"
"MMR","BA:7009","EAR_EHRM_SEX_CUR_NB","SEX_T","CUR_TYPE_USD","2015",0.39,"B","T30:139_I11:264","R1:3513"
"MNG","BA:702","EAR_EHRM_SEX_CUR_NB","SEX_T","CUR_TYPE_LCU","2025",9615.385,,"T30:138","R1:3513"
"MNG","BA:702","EAR_EHRM_SEX_CUR_NB","SEX_T","CUR_TYPE_PPP","2025",8.144,,"T30:138","R1:3513"
"MNG","BA:702","EAR_EHRM_SEX_CUR_NB","SEX_T","CUR_TYPE_USD","2025",2.712,,"T30:138","R1:3513"
"MNG","BA:702","EAR_EHRM_SEX_CUR_NB","SEX_T","CUR_TYPE_LCU","2024",7692.308,,"T30:138","R1:3513"
"MNG","BA:702","EAR_EHRM_SEX_CUR_NB","SEX_T","CUR_TYPE_PPP","2024",6.89,,"T30:138","R1:3513"
"MNG","BA:702","EAR_EHRM_SEX_CUR_NB","SEX_T","CUR_TYPE_USD","2024",2.269,,"T30:138","R1:3513"
"MNG","BA:702","EAR_EHRM_SEX_CUR_NB","SEX_T","CUR_TYPE_LCU","2023",5769.231,,"T30:138","R1:3513"
"MNG","BA:702","EAR_EHRM_SEX_CUR_NB","SEX_T","CUR_TYPE_PPP","2023",5.33,,"T30:138","R1:3513"
"MNG","BA:702","EAR_EHRM_SEX_CUR_NB","SEX_T","CUR_TYPE_USD","2023",1.665,,"T30:138","R1:3513"
"MNG","BA:702","EAR_EHRM_SEX_CUR_NB","SEX_T","CUR_TYPE_LCU","2022",4615.385,,"T30:138","R1:3513"
"MNG","BA:702","EAR_EHRM_SEX_CUR_NB","SEX_T","CUR_TYPE_PPP","2022",4.519,,"T30:138","R1:3513"
"MNG","BA:702","EAR_EHRM_SEX_CUR_NB","SEX_T","CUR_TYPE_USD","2022",1.47,,"T30:138","R1:3513"
"MNG","BA:702","EAR_EHRM_SEX_CUR_NB","SEX_T","CUR_TYPE_LCU","2021",4161.597,,"T30:138","R1:3513"
"MNG","BA:702","EAR_EHRM_SEX_CUR_NB","SEX_T","CUR_TYPE_PPP","2021",4.345,,"T30:138","R1:3513"
"MNG","BA:702","EAR_EHRM_SEX_CUR_NB","SEX_T","CUR_TYPE_USD","2021",1.461,,"T30:138","R1:3513"
"MNG","BA:702","EAR_EHRM_SEX_CUR_NB","SEX_T","CUR_TYPE_LCU","2020",3846.154,,"T30:138","R1:3513"
"MNG","BA:702","EAR_EHRM_SEX_CUR_NB","SEX_T","CUR_TYPE_PPP","2020",4.124,,"T30:138","R1:3513"
"MNG","BA:702","EAR_EHRM_SEX_CUR_NB","SEX_T","CUR_TYPE_USD","2020",1.367,,"T30:138","R1:3513"
"MNG","BA:702","EAR_EHRM_SEX_CUR_NB","SEX_T","CUR_TYPE_LCU","2019",3461.539,"B","T30:138_I11:264","R1:3513"
"MNG","BA:702","EAR_EHRM_SEX_CUR_NB","SEX_T","CUR_TYPE_PPP","2019",3.616,"B","T30:138_I11:264","R1:3513"
"MNG","BA:702","EAR_EHRM_SEX_CUR_NB","SEX_T","CUR_TYPE_USD","2019",1.3,"B","T30:138_I11:264","R1:3513"
"MOZ","BB:8363","EAR_EHRM_SEX_CUR_NB","SEX_T","CUR_TYPE_LCU","2022",36.713,,"T30:34","R1:3513"
"MOZ","BB:8363","EAR_EHRM_SEX_CUR_NB","SEX_T","CUR_TYPE_PPP","2022",1.522,,"T30:34","R1:3513"
"MOZ","BB:8363","EAR_EHRM_SEX_CUR_NB","SEX_T","CUR_TYPE_USD","2022",0.575,,"T30:34","R1:3513"
"MRT","BB:16077","EAR_EHRM_SEX_CUR_NB","SEX_T","CUR_TYPE_LCU","2019",230.769,,"T30:398","R1:3513"
"MUS","BA:82","EAR_EHRM_SEX_CUR_NB","SEX_T","CUR_TYPE_LCU","2024",147.629,,"T30:33","R1:3513_T2:85"
"MUS","BA:82","EAR_EHRM_SEX_CUR_NB","SEX_T","CUR_TYPE_PPP","2024",7.412,,"T30:33","R1:3513_T2:85"
"MUS","BA:82","EAR_EHRM_SEX_CUR_NB","SEX_T","CUR_TYPE_USD","2024",3.181,,"T30:33","R1:3513_T2:85"
"MUS","BA:82","EAR_EHRM_SEX_CUR_NB","SEX_T","CUR_TYPE_LCU","2023",103.846,,"T30:33","R1:3513_T2:85"
"MUS","BA:82","EAR_EHRM_SEX_CUR_NB","SEX_T","CUR_TYPE_PPP","2023",5.247,,"T30:33","R1:3513_T2:85"
"MUS","BA:82","EAR_EHRM_SEX_CUR_NB","SEX_T","CUR_TYPE_USD","2023",2.294,,"T30:33","R1:3513_T2:85"
"MUS","BA:82","EAR_EHRM_SEX_CUR_NB","SEX_T","CUR_TYPE_LCU","2022",103.846,,"T30:33","R1:3513_T2:85"
"MUS","BA:82","EAR_EHRM_SEX_CUR_NB","SEX_T","CUR_TYPE_PPP","2022",5.395,,"T30:33","R1:3513_T2:85"
"MUS","BA:82","EAR_EHRM_SEX_CUR_NB","SEX_T","CUR_TYPE_USD","2022",2.35,,"T30:33","R1:3513_T2:85"
"MUS","BA:82","EAR_EHRM_SEX_CUR_NB","SEX_T","CUR_TYPE_LCU","2021",92.308,,"T30:33","R1:3513_T2:85"
"MUS","BA:82","EAR_EHRM_SEX_CUR_NB","SEX_T","CUR_TYPE_PPP","2021",4.919,,"T30:33","R1:3513_T2:85"
"MUS","BA:82","EAR_EHRM_SEX_CUR_NB","SEX_T","CUR_TYPE_USD","2021",2.214,,"T30:33","R1:3513_T2:85"
"MUS","BA:82","EAR_EHRM_SEX_CUR_NB","SEX_T","CUR_TYPE_LCU","2019",88.929,,"T30:33","R1:3513_T2:85"
"MUS","BA:82","EAR_EHRM_SEX_CUR_NB","SEX_T","CUR_TYPE_PPP","2019",4.818,,"T30:33","R1:3513_T2:85"
"MUS","BA:82","EAR_EHRM_SEX_CUR_NB","SEX_T","CUR_TYPE_USD","2019",2.507,,"T30:33","R1:3513_T2:85"
"MUS","BA:82","EAR_EHRM_SEX_CUR_NB","SEX_T","CUR_TYPE_LCU","2018",96.154,,"T30:33","R1:3513_T2:85"
"MUS","BA:82","EAR_EHRM_SEX_CUR_NB","SEX_T","CUR_TYPE_PPP","2018",5.145,,"T30:33","R1:3513_T2:85"
"MUS","BA:82","EAR_EHRM_SEX_CUR_NB","SEX_T","CUR_TYPE_USD","2018",2.833,,"T30:33","R1:3513_T2:85"
"MUS","BA:82","EAR_EHRM_SEX_CUR_NB","SEX_T","CUR_TYPE_LCU","2017",85.714,,"T30:33","R1:3513_T2:85"
"MUS","BA:82","EAR_EHRM_SEX_CUR_NB","SEX_T","CUR_TYPE_PPP","2017",4.684,,"T30:33","R1:3513_T2:85"
"MUS","BA:82","EAR_EHRM_SEX_CUR_NB","SEX_T","CUR_TYPE_USD","2017",2.486,,"T30:33","R1:3513_T2:85"
"MUS","BA:82","EAR_EHRM_SEX_CUR_NB","SEX_T","CUR_TYPE_LCU","2016",83.077,,"T30:33","R1:3513_T2:85"
"MUS","BA:82","EAR_EHRM_SEX_CUR_NB","SEX_T","CUR_TYPE_PPP","2016",4.604,,"T30:33","R1:3513_T2:85"
"MUS","BA:82","EAR_EHRM_SEX_CUR_NB","SEX_T","CUR_TYPE_USD","2016",2.337,,"T30:33","R1:3513_T2:85"
"MUS","BA:82","EAR_EHRM_SEX_CUR_NB","SEX_T","CUR_TYPE_LCU","2015",80.94,,"T30:33","R1:3513_T2:85"
"MUS","BA:82","EAR_EHRM_SEX_CUR_NB","SEX_T","CUR_TYPE_PPP","2015",4.367,,"T30:33","R1:3513_T2:85"
"MUS","BA:82","EAR_EHRM_SEX_CUR_NB","SEX_T","CUR_TYPE_USD","2015",2.309,,"T30:33","R1:3513_T2:85"
"MUS","BA:82","EAR_EHRM_SEX_CUR_NB","SEX_T","CUR_TYPE_LCU","2014",76.923,,"T30:33","R1:3513_T2:85"
"MUS","BA:82","EAR_EHRM_SEX_CUR_NB","SEX_T","CUR_TYPE_PPP","2014",4.12,,"T30:33","R1:3513_T2:85"
"MUS","BA:82","EAR_EHRM_SEX_CUR_NB","SEX_T","CUR_TYPE_USD","2014",2.512,,"T30:33","R1:3513_T2:85"
"MUS","BA:82","EAR_EHRM_SEX_CUR_NB","SEX_T","CUR_TYPE_LCU","2013",68.182,,"T30:33","R1:3513_T2:85"
"MUS","BA:82","EAR_EHRM_SEX_CUR_NB","SEX_T","CUR_TYPE_PPP","2013",3.681,,"T30:33","R1:3513_T2:85"
"MUS","BA:82","EAR_EHRM_SEX_CUR_NB","SEX_T","CUR_TYPE_USD","2013",2.221,,"T30:33","R1:3513_T2:85"
"MUS","BA:82","EAR_EHRM_SEX_CUR_NB","SEX_T","CUR_TYPE_LCU","2012",63.462,,"T30:33","R1:3513_T2:85"
"MUS","BA:82","EAR_EHRM_SEX_CUR_NB","SEX_T","CUR_TYPE_PPP","2012",3.501,,"T30:33","R1:3513_T2:85"
"MUS","BA:82","EAR_EHRM_SEX_CUR_NB","SEX_T","CUR_TYPE_USD","2012",2.112,,"T30:33","R1:3513_T2:85"
"MUS","BA:82","EAR_EHRM_SEX_CUR_NB","SEX_T","CUR_TYPE_LCU","2011",57.692,,"T30:33","R1:3513_T2:85"
"MUS","BA:82","EAR_EHRM_SEX_CUR_NB","SEX_T","CUR_TYPE_PPP","2011",3.109,,"T30:33","R1:3513_T2:85"
"MUS","BA:82","EAR_EHRM_SEX_CUR_NB","SEX_T","CUR_TYPE_USD","2011",2.01,,"T30:33","R1:3513_T2:85"
"MUS","BA:82","EAR_EHRM_SEX_CUR_NB","SEX_T","CUR_TYPE_LCU","2010",57.692,,"T30:33","R1:3513_T2:85"
"MUS","BA:82","EAR_EHRM_SEX_CUR_NB","SEX_T","CUR_TYPE_PPP","2010",3.211,,"T30:33","R1:3513_T2:85"
"MUS","BA:82","EAR_EHRM_SEX_CUR_NB","SEX_T","CUR_TYPE_USD","2010",1.874,,"T30:33","R1:3513_T2:85"
"MUS","BA:82","EAR_EHRM_SEX_CUR_NB","SEX_T","CUR_TYPE_LCU","2009",51.282,,"T30:33","R1:3513_T2:85"
"MUS","BA:82","EAR_EHRM_SEX_CUR_NB","SEX_T","CUR_TYPE_PPP","2009",2.89,,"T30:33","R1:3513_T2:85"
"MUS","BA:82","EAR_EHRM_SEX_CUR_NB","SEX_T","CUR_TYPE_USD","2009",1.605,,"T30:33","R1:3513_T2:85"
"MUS","BA:82","EAR_EHRM_SEX_CUR_NB","SEX_T","CUR_TYPE_LCU","2008",47.021,,"T30:33","R1:3513_T2:85"
"MUS","BA:82","EAR_EHRM_SEX_CUR_NB","SEX_T","CUR_TYPE_PPP","2008",2.727,,"T30:33","R1:3513_T2:85"
"MUS","BA:82","EAR_EHRM_SEX_CUR_NB","SEX_T","CUR_TYPE_USD","2008",1.653,,"T30:33","R1:3513_T2:85"
"MUS","BA:82","EAR_EHRM_SEX_CUR_NB","SEX_T","CUR_TYPE_LCU","2007",43.208,,"T30:33","R1:3513_T2:85"
"MUS","BA:82","EAR_EHRM_SEX_CUR_NB","SEX_T","CUR_TYPE_PPP","2007",2.648,,"T30:33","R1:3513_T2:85"
"MUS","BA:82","EAR_EHRM_SEX_CUR_NB","SEX_T","CUR_TYPE_USD","2007",1.38,,"T30:33","R1:3513_T2:85"
"MUS","BA:82","EAR_EHRM_SEX_CUR_NB","SEX_T","CUR_TYPE_LCU","2006",40.134,,"T30:33","R1:3513_T2:85"
"MUS","BA:82","EAR_EHRM_SEX_CUR_NB","SEX_T","CUR_TYPE_PPP","2006",2.602,,"T30:33","R1:3513_T2:85"
"MUS","BA:82","EAR_EHRM_SEX_CUR_NB","SEX_T","CUR_TYPE_USD","2006",1.266,,"T30:33","R1:3513_T2:85"
"MUS","BA:82","EAR_EHRM_SEX_CUR_NB","SEX_T","CUR_TYPE_LCU","2005",38.462,,"T30:33","R1:3513_T2:85"
"MUS","BA:82","EAR_EHRM_SEX_CUR_NB","SEX_T","CUR_TYPE_PPP","2005",2.631,,"T30:33","R1:3513_T2:85"
"MUS","BA:82","EAR_EHRM_SEX_CUR_NB","SEX_T","CUR_TYPE_USD","2005",1.304,,"T30:33","R1:3513_T2:85"
"MUS","BA:82","EAR_EHRM_SEX_CUR_NB","SEX_T","CUR_TYPE_LCU","2004",35.385,,"T30:33","R1:3513_T2:85"
"MUS","BA:82","EAR_EHRM_SEX_CUR_NB","SEX_T","CUR_TYPE_PPP","2004",2.457,,"T30:33","R1:3513_T2:85"
"MUS","BA:82","EAR_EHRM_SEX_CUR_NB","SEX_T","CUR_TYPE_USD","2004",1.287,,"T30:33","R1:3513_T2:85"
"MUS","BA:82","EAR_EHRM_SEX_CUR_NB","SEX_T","CUR_TYPE_LCU","2003",34.615,"B","T30:33_I11:264","R1:3513_T2:85"
"MUS","BA:82","EAR_EHRM_SEX_CUR_NB","SEX_T","CUR_TYPE_PPP","2003",2.451,"B","T30:33_I11:264","R1:3513_T2:85"
"MUS","BA:82","EAR_EHRM_SEX_CUR_NB","SEX_T","CUR_TYPE_USD","2003",1.241,"B","T30:33_I11:264","R1:3513_T2:85"
"MUS","BA:82","EAR_EHRM_SEX_CUR_NB","SEX_T","CUR_TYPE_LCU","2002",31.731,,"T30:33","R1:3513_T2:85"
"MUS","BA:82","EAR_EHRM_SEX_CUR_NB","SEX_T","CUR_TYPE_PPP","2002",2.283,,"T30:33","R1:3513_T2:85"
"MUS","BA:82","EAR_EHRM_SEX_CUR_NB","SEX_T","CUR_TYPE_USD","2002",1.059,,"T30:33","R1:3513_T2:85"
"MUS","BA:82","EAR_EHRM_SEX_CUR_NB","SEX_T","CUR_TYPE_LCU","2001",30.022,"B","T30:33_I11:264","R1:3513_T2:85"
"MUS","BA:82","EAR_EHRM_SEX_CUR_NB","SEX_T","CUR_TYPE_PPP","2001",2.263,"B","T30:33_I11:264","R1:3513_T2:85"
"MUS","BA:82","EAR_EHRM_SEX_CUR_NB","SEX_T","CUR_TYPE_USD","2001",1.031,"B","T30:33_I11:264","R1:3513_T2:85"
"MWI","BA:1448","EAR_EHRM_SEX_CUR_NB","SEX_T","CUR_TYPE_LCU","2013",83.077,"B","T30:29_I11:264","R1:3513"
"MWI","BA:1448","EAR_EHRM_SEX_CUR_NB","SEX_T","CUR_TYPE_PPP","2013",0.699,"B","T30:29_I11:264","R1:3513"
"MWI","BA:1448","EAR_EHRM_SEX_CUR_NB","SEX_T","CUR_TYPE_USD","2013",0.228,"B","T30:29_I11:264","R1:3513"
"NAM","BA:1468","EAR_EHRM_SEX_CUR_NB","SEX_T","CUR_TYPE_LCU","2018",13.846,,"T30:35","R1:3513"
"NAM","BA:1468","EAR_EHRM_SEX_CUR_NB","SEX_T","CUR_TYPE_PPP","2018",1.93,,"T30:35","R1:3513"
"NAM","BA:1468","EAR_EHRM_SEX_CUR_NB","SEX_T","CUR_TYPE_USD","2018",1.046,,"T30:35","R1:3513"
"NAM","BA:1468","EAR_EHRM_SEX_CUR_NB","SEX_T","CUR_TYPE_LCU","2016",13.469,,"T30:35","R1:3513"
"NAM","BA:1468","EAR_EHRM_SEX_CUR_NB","SEX_T","CUR_TYPE_PPP","2016",2.058,,"T30:35","R1:3513"
"NAM","BA:1468","EAR_EHRM_SEX_CUR_NB","SEX_T","CUR_TYPE_USD","2016",0.916,,"T30:35","R1:3513"
"NAM","BA:1468","EAR_EHRM_SEX_CUR_NB","SEX_T","CUR_TYPE_LCU","2014",12.019,,"T30:35","R1:3513"
"NAM","BA:1468","EAR_EHRM_SEX_CUR_NB","SEX_T","CUR_TYPE_PPP","2014",2.006,,"T30:35","R1:3513"
"NAM","BA:1468","EAR_EHRM_SEX_CUR_NB","SEX_T","CUR_TYPE_USD","2014",1.108,,"T30:35","R1:3513"
"NAM","BA:1468","EAR_EHRM_SEX_CUR_NB","SEX_T","CUR_TYPE_LCU","2013",12.019,,"T30:35","R1:3513"
"NAM","BA:1468","EAR_EHRM_SEX_CUR_NB","SEX_T","CUR_TYPE_PPP","2013",2.104,,"T30:35","R1:3513"
"NAM","BA:1468","EAR_EHRM_SEX_CUR_NB","SEX_T","CUR_TYPE_USD","2013",1.233,,"T30:35","R1:3513"
"NAM","BA:1468","EAR_EHRM_SEX_CUR_NB","SEX_T","CUR_TYPE_LCU","2012",11.539,"B","T30:35_I11:264","R1:3513"
"NAM","BA:1468","EAR_EHRM_SEX_CUR_NB","SEX_T","CUR_TYPE_PPP","2012",2.139,"B","T30:35_I11:264","R1:3513"
"NAM","BA:1468","EAR_EHRM_SEX_CUR_NB","SEX_T","CUR_TYPE_USD","2012",1.408,"B","T30:35_I11:264","R1:3513"
"NCL","BA:15961","EAR_EHRM_SEX_CUR_NB","SEX_T","CUR_TYPE_LCU","2017",1183.432,,"T30:224","R1:3513"
"NCL","BA:15961","EAR_EHRM_SEX_CUR_NB","SEX_T","CUR_TYPE_PPP","2017",9.377,,"T30:224","R1:3513"
"NCL","BA:15961","EAR_EHRM_SEX_CUR_NB","SEX_T","CUR_TYPE_USD","2017",11.203,,"T30:224","R1:3513"
"NGA","BX:7338","EAR_EHRM_SEX_CUR_NB","SEX_T","CUR_TYPE_LCU","2024",323.077,,"T30:37","R1:3513"
"NGA","BX:7338","EAR_EHRM_SEX_CUR_NB","SEX_T","CUR_TYPE_PPP","2024",1.217,,"T30:37","R1:3513"
"NGA","BX:7338","EAR_EHRM_SEX_CUR_NB","SEX_T","CUR_TYPE_USD","2024",0.218,,"T30:37","R1:3513"
"NGA","BB:16750","EAR_EHRM_SEX_CUR_NB","SEX_T","CUR_TYPE_LCU","2019",144.231,,"T30:37","R1:3513"
"NGA","BB:16750","EAR_EHRM_SEX_CUR_NB","SEX_T","CUR_TYPE_PPP","2019",1.089,,"T30:37","R1:3513"
"NGA","BB:16750","EAR_EHRM_SEX_CUR_NB","SEX_T","CUR_TYPE_USD","2019",0.47,,"T30:37","R1:3513"
"NGA","BX:7338","EAR_EHRM_SEX_CUR_NB","SEX_T","CUR_TYPE_LCU","2013",193.802,,"T30:37","R1:3513"
"NGA","BX:7338","EAR_EHRM_SEX_CUR_NB","SEX_T","CUR_TYPE_PPP","2013",2.111,,"T30:37","R1:3513"
"NGA","BX:7338","EAR_EHRM_SEX_CUR_NB","SEX_T","CUR_TYPE_USD","2013",1.232,,"T30:37","R1:3513"
"NGA","BX:7338","EAR_EHRM_SEX_CUR_NB","SEX_T","CUR_TYPE_LCU","2011",123.626,"B","T30:37_I11:264","R1:3513"
"NGA","BX:7338","EAR_EHRM_SEX_CUR_NB","SEX_T","CUR_TYPE_PPP","2011",1.479,"B","T30:37_I11:264","R1:3513"
"NGA","BX:7338","EAR_EHRM_SEX_CUR_NB","SEX_T","CUR_TYPE_USD","2011",0.803,"B","T30:37_I11:264","R1:3513"
"NIC","BA:692","EAR_EHRM_SEX_CUR_NB","SEX_T","CUR_TYPE_LCU","2012",16.686,"B","T30:93_I11:264","R1:3513"
"NIC","BA:692","EAR_EHRM_SEX_CUR_NB","SEX_T","CUR_TYPE_PPP","2012",1.795,"B","T30:93_I11:264","R1:3513"
"NIC","BA:692","EAR_EHRM_SEX_CUR_NB","SEX_T","CUR_TYPE_USD","2012",0.709,"B","T30:93_I11:264","R1:3513"
"NIC","BB:5868","EAR_EHRM_SEX_CUR_NB","SEX_T","CUR_TYPE_LCU","2005",8.361,,"T30:93","R1:3513"
"NIC","BB:5868","EAR_EHRM_SEX_CUR_NB","SEX_T","CUR_TYPE_PPP","2005",1.348,,"T30:93","R1:3513"
"NIC","BB:5868","EAR_EHRM_SEX_CUR_NB","SEX_T","CUR_TYPE_USD","2005",0.5,,"T30:93","R1:3513"
"NPL","BA:1510","EAR_EHRM_SEX_CUR_NB","SEX_T","CUR_TYPE_LCU","2017",87.633,"B","T30:140_I11:264","R1:3513"
"NPL","BA:1510","EAR_EHRM_SEX_CUR_NB","SEX_T","CUR_TYPE_PPP","2017",2.887,"B","T30:140_I11:264","R1:3513"
"NPL","BA:1510","EAR_EHRM_SEX_CUR_NB","SEX_T","CUR_TYPE_USD","2017",0.839,"B","T30:140_I11:264","R1:3513"
"NPL","BA:1510","EAR_EHRM_SEX_CUR_NB","SEX_T","CUR_TYPE_LCU","2008",24.725,"B","T30:140_I11:264","R1:3513"
"NPL","BA:1510","EAR_EHRM_SEX_CUR_NB","SEX_T","CUR_TYPE_PPP","2008",1.22,"B","T30:140_I11:264","R1:3513"
"NPL","BA:1510","EAR_EHRM_SEX_CUR_NB","SEX_T","CUR_TYPE_USD","2008",0.354,"B","T30:140_I11:264","R1:3513"
"PAK","BA:538","EAR_EHRM_SEX_CUR_NB","SEX_T","CUR_TYPE_LCU","2025",124.904,,"T30:142","R1:3513_S3:26"
"PAK","BA:538","EAR_EHRM_SEX_CUR_NB","SEX_T","CUR_TYPE_PPP","2025",1.91,,"T30:142","R1:3513_S3:26"
"PAK","BA:538","EAR_EHRM_SEX_CUR_NB","SEX_T","CUR_TYPE_USD","2025",0.444,,"T30:142","R1:3513_S3:26"
"PAK","BA:538","EAR_EHRM_SEX_CUR_NB","SEX_T","CUR_TYPE_LCU","2021",87.5,,"T30:142","R1:3513_S3:26"
"PAK","BA:538","EAR_EHRM_SEX_CUR_NB","SEX_T","CUR_TYPE_PPP","2021",2.058,,"T30:142","R1:3513_S3:26"
"PAK","BA:538","EAR_EHRM_SEX_CUR_NB","SEX_T","CUR_TYPE_USD","2021",0.537,,"T30:142","R1:3513_S3:26"
"PAK","BA:538","EAR_EHRM_SEX_CUR_NB","SEX_T","CUR_TYPE_LCU","2019",76.923,,"T30:142","R1:3513_S3:26"
"PAK","BA:538","EAR_EHRM_SEX_CUR_NB","SEX_T","CUR_TYPE_PPP","2019",2.062,,"T30:142","R1:3513_S3:26"
"PAK","BA:538","EAR_EHRM_SEX_CUR_NB","SEX_T","CUR_TYPE_USD","2019",0.513,,"T30:142","R1:3513_S3:26"
"PAK","BA:538","EAR_EHRM_SEX_CUR_NB","SEX_T","CUR_TYPE_LCU","2018",70.37,,"T30:142","R1:3513_S3:26"
"PAK","BA:538","EAR_EHRM_SEX_CUR_NB","SEX_T","CUR_TYPE_PPP","2018",2.058,,"T30:142","R1:3513_S3:26"
"PAK","BA:538","EAR_EHRM_SEX_CUR_NB","SEX_T","CUR_TYPE_USD","2018",0.578,,"T30:142","R1:3513_S3:26"
"PAK","BA:538","EAR_EHRM_SEX_CUR_NB","SEX_T","CUR_TYPE_LCU","2015",52.747,,"T30:142","R1:3513"
"PAK","BA:538","EAR_EHRM_SEX_CUR_NB","SEX_T","CUR_TYPE_PPP","2015",1.697,,"T30:142","R1:3513"
"PAK","BA:538","EAR_EHRM_SEX_CUR_NB","SEX_T","CUR_TYPE_USD","2015",0.513,,"T30:142","R1:3513"
"PAK","BA:538","EAR_EHRM_SEX_CUR_NB","SEX_T","CUR_TYPE_LCU","2014",46.154,,"T30:142","R1:3513"
"PAK","BA:538","EAR_EHRM_SEX_CUR_NB","SEX_T","CUR_TYPE_PPP","2014",1.513,,"T30:142","R1:3513"
"PAK","BA:538","EAR_EHRM_SEX_CUR_NB","SEX_T","CUR_TYPE_USD","2014",0.456,,"T30:142","R1:3513"
"PAK","BA:538","EAR_EHRM_SEX_CUR_NB","SEX_T","CUR_TYPE_LCU","2013",42.735,"B","T30:142_I11:264","R1:3513"
"PAK","BA:538","EAR_EHRM_SEX_CUR_NB","SEX_T","CUR_TYPE_PPP","2013",1.486,"B","T30:142_I11:264","R1:3513"
"PAK","BA:538","EAR_EHRM_SEX_CUR_NB","SEX_T","CUR_TYPE_USD","2013",0.42,"B","T30:142_I11:264","R1:3513"
"PAK","BA:538","EAR_EHRM_SEX_CUR_NB","SEX_T","CUR_TYPE_LCU","2011",34.615,,"T30:142","R1:3513"
"PAK","BA:538","EAR_EHRM_SEX_CUR_NB","SEX_T","CUR_TYPE_PPP","2011",1.358,,"T30:142","R1:3513"
"PAK","BA:538","EAR_EHRM_SEX_CUR_NB","SEX_T","CUR_TYPE_USD","2011",0.401,,"T30:142","R1:3513"
"PAK","BA:538","EAR_EHRM_SEX_CUR_NB","SEX_T","CUR_TYPE_LCU","2010",31.25,,"T30:142","R1:3513"
"PAK","BA:538","EAR_EHRM_SEX_CUR_NB","SEX_T","CUR_TYPE_PPP","2010",1.33,,"T30:142","R1:3513"
"PAK","BA:538","EAR_EHRM_SEX_CUR_NB","SEX_T","CUR_TYPE_USD","2010",0.367,,"T30:142","R1:3513"
"PAK","BA:538","EAR_EHRM_SEX_CUR_NB","SEX_T","CUR_TYPE_LCU","2009",28.258,,"T30:142","R1:3513"
"PAK","BA:538","EAR_EHRM_SEX_CUR_NB","SEX_T","CUR_TYPE_PPP","2009",1.336,,"T30:142","R1:3513"
"PAK","BA:538","EAR_EHRM_SEX_CUR_NB","SEX_T","CUR_TYPE_USD","2009",0.346,,"T30:142","R1:3513"
"PAK","BA:538","EAR_EHRM_SEX_CUR_NB","SEX_T","CUR_TYPE_LCU","2008",24.038,,"T30:142","R1:3513"
"PAK","BA:538","EAR_EHRM_SEX_CUR_NB","SEX_T","CUR_TYPE_PPP","2008",1.296,,"T30:142","R1:3513"
"PAK","BA:538","EAR_EHRM_SEX_CUR_NB","SEX_T","CUR_TYPE_USD","2008",0.341,,"T30:142","R1:3513"
"PAK","BA:538","EAR_EHRM_SEX_CUR_NB","SEX_T","CUR_TYPE_LCU","2007",20,,"T30:142","R1:3513"
"PAK","BA:538","EAR_EHRM_SEX_CUR_NB","SEX_T","CUR_TYPE_PPP","2007",1.249,,"T30:142","R1:3513"
"PAK","BA:538","EAR_EHRM_SEX_CUR_NB","SEX_T","CUR_TYPE_USD","2007",0.329,,"T30:142","R1:3513"
"PAK","BA:538","EAR_EHRM_SEX_CUR_NB","SEX_T","CUR_TYPE_LCU","2006",16.981,"B","T30:142_I11:264","R1:3513"
"PAK","BA:538","EAR_EHRM_SEX_CUR_NB","SEX_T","CUR_TYPE_PPP","2006",1.11,"B","T30:142_I11:264","R1:3513"
"PAK","BA:538","EAR_EHRM_SEX_CUR_NB","SEX_T","CUR_TYPE_USD","2006",0.282,"B","T30:142_I11:264","R1:3513"
"PAN","BA:511","EAR_EHRM_SEX_CUR_NB","SEX_T","CUR_TYPE_LCU","2025",3.846,,"T30:94","R1:3513_S3:21"
"PAN","BA:511","EAR_EHRM_SEX_CUR_NB","SEX_T","CUR_TYPE_PPP","2025",7.744,,"T30:94","R1:3513_S3:21"
"PAN","BA:511","EAR_EHRM_SEX_CUR_NB","SEX_T","CUR_TYPE_USD","2025",3.846,,"T30:94","R1:3513_S3:21"
"PAN","BA:511","EAR_EHRM_SEX_CUR_NB","SEX_T","CUR_TYPE_LCU","2024",3.462,,"T30:94","R1:3513_S3:21"
"PAN","BA:511","EAR_EHRM_SEX_CUR_NB","SEX_T","CUR_TYPE_PPP","2024",6.773,,"T30:94","R1:3513_S3:21"
"PAN","BA:511","EAR_EHRM_SEX_CUR_NB","SEX_T","CUR_TYPE_USD","2024",3.462,,"T30:94","R1:3513_S3:21"
"PAN","BA:511","EAR_EHRM_SEX_CUR_NB","SEX_T","CUR_TYPE_LCU","2023",3.606,,"T30:94","R1:3513_S3:21"
"PAN","BA:511","EAR_EHRM_SEX_CUR_NB","SEX_T","CUR_TYPE_PPP","2023",6.901,,"T30:94","R1:3513_S3:21"
"PAN","BA:511","EAR_EHRM_SEX_CUR_NB","SEX_T","CUR_TYPE_USD","2023",3.606,,"T30:94","R1:3513_S3:21"
"PAN","BX:16113","EAR_EHRM_SEX_CUR_NB","SEX_T","CUR_TYPE_LCU","2022",3.462,,"T30:94","R1:3513_S3:21"
"PAN","BX:16113","EAR_EHRM_SEX_CUR_NB","SEX_T","CUR_TYPE_PPP","2022",6.457,,"T30:94","R1:3513_S3:21"
"PAN","BX:16113","EAR_EHRM_SEX_CUR_NB","SEX_T","CUR_TYPE_USD","2022",3.462,,"T30:94","R1:3513_S3:21"
"PAN","BA:511","EAR_EHRM_SEX_CUR_NB","SEX_T","CUR_TYPE_LCU","2021",3.606,"B","T30:94_I11:264","R1:3513_S3:21"
"PAN","BA:511","EAR_EHRM_SEX_CUR_NB","SEX_T","CUR_TYPE_PPP","2021",6.406,"B","T30:94_I11:264","R1:3513_S3:21"
"PAN","BA:511","EAR_EHRM_SEX_CUR_NB","SEX_T","CUR_TYPE_USD","2021",3.606,"B","T30:94_I11:264","R1:3513_S3:21"
"PAN","BA:511","EAR_EHRM_SEX_CUR_NB","SEX_T","CUR_TYPE_LCU","2020",4.095,"B","T30:94_I11:264","R1:3513_S3:19"
"PAN","BA:511","EAR_EHRM_SEX_CUR_NB","SEX_T","CUR_TYPE_PPP","2020",7.438,"B","T30:94_I11:264","R1:3513_S3:19"
"PAN","BA:511","EAR_EHRM_SEX_CUR_NB","SEX_T","CUR_TYPE_USD","2020",4.095,"B","T30:94_I11:264","R1:3513_S3:19"
"PAN","BA:511","EAR_EHRM_SEX_CUR_NB","SEX_T","CUR_TYPE_LCU","2019",3.462,,"T30:94","R1:3513_S3:19"
"PAN","BA:511","EAR_EHRM_SEX_CUR_NB","SEX_T","CUR_TYPE_PPP","2019",6.476,,"T30:94","R1:3513_S3:19"
"PAN","BA:511","EAR_EHRM_SEX_CUR_NB","SEX_T","CUR_TYPE_USD","2019",3.462,,"T30:94","R1:3513_S3:19"
"PAN","BA:511","EAR_EHRM_SEX_CUR_NB","SEX_T","CUR_TYPE_LCU","2018",3.462,,"T30:94","R1:3513_S3:19"
"PAN","BA:511","EAR_EHRM_SEX_CUR_NB","SEX_T","CUR_TYPE_PPP","2018",6.683,,"T30:94","R1:3513_S3:19"
"PAN","BA:511","EAR_EHRM_SEX_CUR_NB","SEX_T","CUR_TYPE_USD","2018",3.462,,"T30:94","R1:3513_S3:19"
"PAN","BA:511","EAR_EHRM_SEX_CUR_NB","SEX_T","CUR_TYPE_LCU","2017",3.462,,"T30:94","R1:3513_S3:19"
"PAN","BA:511","EAR_EHRM_SEX_CUR_NB","SEX_T","CUR_TYPE_PPP","2017",7.158,,"T30:94","R1:3513_S3:19"
"PAN","BA:511","EAR_EHRM_SEX_CUR_NB","SEX_T","CUR_TYPE_USD","2017",3.462,,"T30:94","R1:3513_S3:19"
"PAN","BA:511","EAR_EHRM_SEX_CUR_NB","SEX_T","CUR_TYPE_LCU","2016",3.191,,"T30:94","R1:3513_S3:19"
"PAN","BA:511","EAR_EHRM_SEX_CUR_NB","SEX_T","CUR_TYPE_PPP","2016",6.447,,"T30:94","R1:3513_S3:19"
"PAN","BA:511","EAR_EHRM_SEX_CUR_NB","SEX_T","CUR_TYPE_USD","2016",3.191,,"T30:94","R1:3513_S3:19"
"PAN","BA:511","EAR_EHRM_SEX_CUR_NB","SEX_T","CUR_TYPE_LCU","2015",2.885,,"T30:94","R1:3513_S3:19"
"PAN","BA:511","EAR_EHRM_SEX_CUR_NB","SEX_T","CUR_TYPE_PPP","2015",5.595,,"T30:94","R1:3513_S3:19"
"PAN","BA:511","EAR_EHRM_SEX_CUR_NB","SEX_T","CUR_TYPE_USD","2015",2.885,,"T30:94","R1:3513_S3:19"
"PAN","BA:511","EAR_EHRM_SEX_CUR_NB","SEX_T","CUR_TYPE_LCU","2014",2.885,,"T30:94","R1:3513_S3:19"
"PAN","BA:511","EAR_EHRM_SEX_CUR_NB","SEX_T","CUR_TYPE_PPP","2014",5.361,,"T30:94","R1:3513_S3:19"
"PAN","BA:511","EAR_EHRM_SEX_CUR_NB","SEX_T","CUR_TYPE_USD","2014",2.885,,"T30:94","R1:3513_S3:19"
"PAN","BA:511","EAR_EHRM_SEX_CUR_NB","SEX_T","CUR_TYPE_LCU","2013",2.596,,"T30:94","R1:3513_S3:19"
"PAN","BA:511","EAR_EHRM_SEX_CUR_NB","SEX_T","CUR_TYPE_PPP","2013",4.75,,"T30:94","R1:3513_S3:19"
"PAN","BA:511","EAR_EHRM_SEX_CUR_NB","SEX_T","CUR_TYPE_USD","2013",2.596,,"T30:94","R1:3513_S3:19"
"PAN","BA:511","EAR_EHRM_SEX_CUR_NB","SEX_T","CUR_TYPE_LCU","2012",2.404,,"T30:94","R1:3513_S3:19"
"PAN","BA:511","EAR_EHRM_SEX_CUR_NB","SEX_T","CUR_TYPE_PPP","2012",4.472,,"T30:94","R1:3513_S3:19"
"PAN","BA:511","EAR_EHRM_SEX_CUR_NB","SEX_T","CUR_TYPE_USD","2012",2.404,,"T30:94","R1:3513_S3:19"
"PAN","BA:511","EAR_EHRM_SEX_CUR_NB","SEX_T","CUR_TYPE_LCU","2011",2.284,,"T30:94","R1:3513_S3:19"
"PAN","BA:511","EAR_EHRM_SEX_CUR_NB","SEX_T","CUR_TYPE_PPP","2011",4.128,,"T30:94","R1:3513_S3:19"
"PAN","BA:511","EAR_EHRM_SEX_CUR_NB","SEX_T","CUR_TYPE_USD","2011",2.284,,"T30:94","R1:3513_S3:19"
"PAN","BA:511","EAR_EHRM_SEX_CUR_NB","SEX_T","CUR_TYPE_LCU","2010",2.089,"B","T30:94_I11:264","R1:3513_S3:19"
"PAN","BA:511","EAR_EHRM_SEX_CUR_NB","SEX_T","CUR_TYPE_PPP","2010",3.875,"B","T30:94_I11:264","R1:3513_S3:19"
"PAN","BA:511","EAR_EHRM_SEX_CUR_NB","SEX_T","CUR_TYPE_USD","2010",2.089,"B","T30:94_I11:264","R1:3513_S3:19"
"PAN","BX:3055","EAR_EHRM_SEX_CUR_NB","SEX_T","CUR_TYPE_LCU","2009",1.888,,"T30:94","R1:3513_S3:19"
"PAN","BX:3055","EAR_EHRM_SEX_CUR_NB","SEX_T","CUR_TYPE_PPP","2009",3.567,,"T30:94","R1:3513_S3:19"
"PAN","BX:3055","EAR_EHRM_SEX_CUR_NB","SEX_T","CUR_TYPE_USD","2009",1.888,,"T30:94","R1:3513_S3:19"
"PAN","BB:16128","EAR_EHRM_SEX_CUR_NB","SEX_T","CUR_TYPE_LCU","2008",1.731,,"T30:94","R1:3513"
"PAN","BB:16128","EAR_EHRM_SEX_CUR_NB","SEX_T","CUR_TYPE_PPP","2008",3.36,,"T30:94","R1:3513"
"PAN","BB:16128","EAR_EHRM_SEX_CUR_NB","SEX_T","CUR_TYPE_USD","2008",1.731,,"T30:94","R1:3513"
"PAN","BX:3055","EAR_EHRM_SEX_CUR_NB","SEX_T","CUR_TYPE_LCU","2007",1.683,,"T30:94","R1:3513_S3:19"
"PAN","BX:3055","EAR_EHRM_SEX_CUR_NB","SEX_T","CUR_TYPE_PPP","2007",3.422,,"T30:94","R1:3513_S3:19"
"PAN","BX:3055","EAR_EHRM_SEX_CUR_NB","SEX_T","CUR_TYPE_USD","2007",1.683,,"T30:94","R1:3513_S3:19"
"PAN","BX:3055","EAR_EHRM_SEX_CUR_NB","SEX_T","CUR_TYPE_LCU","2006",1.568,"B","T30:94_I11:264","R1:3513_S3:19"
"PAN","BX:3055","EAR_EHRM_SEX_CUR_NB","SEX_T","CUR_TYPE_PPP","2006",3.229,"B","T30:94_I11:264","R1:3513_S3:19"
"PAN","BX:3055","EAR_EHRM_SEX_CUR_NB","SEX_T","CUR_TYPE_USD","2006",1.568,"B","T30:94_I11:264","R1:3513_S3:19"
"PAN","BB:16128","EAR_EHRM_SEX_CUR_NB","SEX_T","CUR_TYPE_LCU","2003",1.442,,"T30:94","R1:3513"
"PAN","BB:16128","EAR_EHRM_SEX_CUR_NB","SEX_T","CUR_TYPE_PPP","2003",2.87,,"T30:94","R1:3513"
"PAN","BB:16128","EAR_EHRM_SEX_CUR_NB","SEX_T","CUR_TYPE_USD","2003",1.442,,"T30:94","R1:3513"
"PER","BA:16208","EAR_EHRM_SEX_CUR_NB","SEX_T","CUR_TYPE_LCU","2025",8.392,,"T30:96","R1:3513"
"PER","BA:16208","EAR_EHRM_SEX_CUR_NB","SEX_T","CUR_TYPE_PPP","2025",4.355,,"T30:96","R1:3513"
"PER","BA:16208","EAR_EHRM_SEX_CUR_NB","SEX_T","CUR_TYPE_USD","2025",2.352,,"T30:96","R1:3513"
"PER","BA:16208","EAR_EHRM_SEX_CUR_NB","SEX_T","CUR_TYPE_LCU","2024",7.912,,"T30:96","R1:3513"
"PER","BA:16208","EAR_EHRM_SEX_CUR_NB","SEX_T","CUR_TYPE_PPP","2024",4.059,,"T30:96","R1:3513"
"PER","BA:16208","EAR_EHRM_SEX_CUR_NB","SEX_T","CUR_TYPE_USD","2024",2.108,,"T30:96","R1:3513"
"PER","BA:16208","EAR_EHRM_SEX_CUR_NB","SEX_T","CUR_TYPE_LCU","2023",7.692,,"T30:96","R1:3513"
"PER","BA:16208","EAR_EHRM_SEX_CUR_NB","SEX_T","CUR_TYPE_PPP","2023",3.91,,"T30:96","R1:3513"
"PER","BA:16208","EAR_EHRM_SEX_CUR_NB","SEX_T","CUR_TYPE_USD","2023",2.055,,"T30:96","R1:3513"
"PER","BA:16208","EAR_EHRM_SEX_CUR_NB","SEX_T","CUR_TYPE_LCU","2022",6.923,"B","T30:96_I11:264","R1:3513"
"PER","BA:16208","EAR_EHRM_SEX_CUR_NB","SEX_T","CUR_TYPE_PPP","2022",3.598,"B","T30:96_I11:264","R1:3513"
"PER","BA:16208","EAR_EHRM_SEX_CUR_NB","SEX_T","CUR_TYPE_USD","2022",1.805,"B","T30:96_I11:264","R1:3513"
"PER","BX:375","EAR_EHRM_SEX_CUR_NB","SEX_T","CUR_TYPE_LCU","2021",6.519,,"T30:96","R1:3513"
"PER","BX:375","EAR_EHRM_SEX_CUR_NB","SEX_T","CUR_TYPE_PPP","2021",3.399,,"T30:96","R1:3513"
"PER","BX:375","EAR_EHRM_SEX_CUR_NB","SEX_T","CUR_TYPE_USD","2021",1.68,,"T30:96","R1:3513"
"PER","BX:375","EAR_EHRM_SEX_CUR_NB","SEX_T","CUR_TYPE_LCU","2020",6.09,"B","T30:96_I11:264","R1:3513"
"PER","BX:375","EAR_EHRM_SEX_CUR_NB","SEX_T","CUR_TYPE_PPP","2020",3.215,"B","T30:96_I11:264","R1:3513"
"PER","BX:375","EAR_EHRM_SEX_CUR_NB","SEX_T","CUR_TYPE_USD","2020",1.742,"B","T30:96_I11:264","R1:3513"
"PER","BX:375","EAR_EHRM_SEX_CUR_NB","SEX_T","CUR_TYPE_LCU","2019",6.346,,"T30:96","R1:3513"
"PER","BX:375","EAR_EHRM_SEX_CUR_NB","SEX_T","CUR_TYPE_PPP","2019",3.314,,"T30:96","R1:3513"
"PER","BX:375","EAR_EHRM_SEX_CUR_NB","SEX_T","CUR_TYPE_USD","2019",1.902,,"T30:96","R1:3513"
"PER","BX:375","EAR_EHRM_SEX_CUR_NB","SEX_T","CUR_TYPE_LCU","2018",6.097,,"T30:96","R1:3513"
"PER","BX:375","EAR_EHRM_SEX_CUR_NB","SEX_T","CUR_TYPE_PPP","2018",3.18,,"T30:96","R1:3513"
"PER","BX:375","EAR_EHRM_SEX_CUR_NB","SEX_T","CUR_TYPE_USD","2018",1.855,,"T30:96","R1:3513"
"PER","BX:375","EAR_EHRM_SEX_CUR_NB","SEX_T","CUR_TYPE_LCU","2017",6,,"T30:96","R1:3513"
"PER","BX:375","EAR_EHRM_SEX_CUR_NB","SEX_T","CUR_TYPE_PPP","2017",3.135,,"T30:96","R1:3513"
"PER","BX:375","EAR_EHRM_SEX_CUR_NB","SEX_T","CUR_TYPE_USD","2017",1.84,,"T30:96","R1:3513"
"PER","BX:375","EAR_EHRM_SEX_CUR_NB","SEX_T","CUR_TYPE_LCU","2016",5.849,,"T30:96","R1:3513"
"PER","BX:375","EAR_EHRM_SEX_CUR_NB","SEX_T","CUR_TYPE_PPP","2016",3.168,,"T30:96","R1:3513"
"PER","BX:375","EAR_EHRM_SEX_CUR_NB","SEX_T","CUR_TYPE_USD","2016",1.733,,"T30:96","R1:3513"
"PER","BX:375","EAR_EHRM_SEX_CUR_NB","SEX_T","CUR_TYPE_LCU","2015",5.507,,"T30:96","R1:3513"
"PER","BX:375","EAR_EHRM_SEX_CUR_NB","SEX_T","CUR_TYPE_PPP","2015",3.089,,"T30:96","R1:3513"
"PER","BX:375","EAR_EHRM_SEX_CUR_NB","SEX_T","CUR_TYPE_USD","2015",1.729,,"T30:96","R1:3513"
"PER","BX:375","EAR_EHRM_SEX_CUR_NB","SEX_T","CUR_TYPE_LCU","2014",5.4,,"T30:96","R1:3513"
"PER","BX:375","EAR_EHRM_SEX_CUR_NB","SEX_T","CUR_TYPE_PPP","2014",3.162,,"T30:96","R1:3513"
"PER","BX:375","EAR_EHRM_SEX_CUR_NB","SEX_T","CUR_TYPE_USD","2014",1.902,,"T30:96","R1:3513"
"PER","BX:375","EAR_EHRM_SEX_CUR_NB","SEX_T","CUR_TYPE_LCU","2013",5,,"T30:96","R1:3513"
"PER","BX:375","EAR_EHRM_SEX_CUR_NB","SEX_T","CUR_TYPE_PPP","2013",3.032,,"T30:96","R1:3513"
"PER","BX:375","EAR_EHRM_SEX_CUR_NB","SEX_T","CUR_TYPE_USD","2013",1.851,,"T30:96","R1:3513"
"PER","BX:375","EAR_EHRM_SEX_CUR_NB","SEX_T","CUR_TYPE_LCU","2012",4.763,,"T30:96","R1:3513"
"PER","BX:375","EAR_EHRM_SEX_CUR_NB","SEX_T","CUR_TYPE_PPP","2012",3.024,,"T30:96","R1:3513"
"PER","BX:375","EAR_EHRM_SEX_CUR_NB","SEX_T","CUR_TYPE_USD","2012",1.806,,"T30:96","R1:3513"
"PER","BX:375","EAR_EHRM_SEX_CUR_NB","SEX_T","CUR_TYPE_LCU","2011",4.35,,"T30:96","R1:3513"
"PER","BX:375","EAR_EHRM_SEX_CUR_NB","SEX_T","CUR_TYPE_PPP","2011",2.755,,"T30:96","R1:3513"
"PER","BX:375","EAR_EHRM_SEX_CUR_NB","SEX_T","CUR_TYPE_USD","2011",1.579,,"T30:96","R1:3513"
"PER","BX:375","EAR_EHRM_SEX_CUR_NB","SEX_T","CUR_TYPE_LCU","2010",3.906,,"T30:96","R1:3513"
"PER","BX:375","EAR_EHRM_SEX_CUR_NB","SEX_T","CUR_TYPE_PPP","2010",2.479,,"T30:96","R1:3513"
"PER","BX:375","EAR_EHRM_SEX_CUR_NB","SEX_T","CUR_TYPE_USD","2010",1.383,,"T30:96","R1:3513"
"PER","BX:375","EAR_EHRM_SEX_CUR_NB","SEX_T","CUR_TYPE_LCU","2009",3.75,,"T30:96","R1:3513"
"PER","BX:375","EAR_EHRM_SEX_CUR_NB","SEX_T","CUR_TYPE_PPP","2009",2.377,,"T30:96","R1:3513"
"PER","BX:375","EAR_EHRM_SEX_CUR_NB","SEX_T","CUR_TYPE_USD","2009",1.245,,"T30:96","R1:3513"
"PER","BX:375","EAR_EHRM_SEX_CUR_NB","SEX_T","CUR_TYPE_LCU","2008",3.365,,"T30:96","R1:3513"
"PER","BX:375","EAR_EHRM_SEX_CUR_NB","SEX_T","CUR_TYPE_PPP","2008",2.204,,"T30:96","R1:3513"
"PER","BX:375","EAR_EHRM_SEX_CUR_NB","SEX_T","CUR_TYPE_USD","2008",1.151,,"T30:96","R1:3513"
"PER","BX:375","EAR_EHRM_SEX_CUR_NB","SEX_T","CUR_TYPE_LCU","2007",3.037,,"T30:96","R1:3513"
"PER","BX:375","EAR_EHRM_SEX_CUR_NB","SEX_T","CUR_TYPE_PPP","2007",2.026,,"T30:96","R1:3513"
"PER","BX:375","EAR_EHRM_SEX_CUR_NB","SEX_T","CUR_TYPE_USD","2007",0.971,,"T30:96","R1:3513"
"PER","BX:375","EAR_EHRM_SEX_CUR_NB","SEX_T","CUR_TYPE_LCU","2006",2.769,,"T30:96","R1:3513"
"PER","BX:375","EAR_EHRM_SEX_CUR_NB","SEX_T","CUR_TYPE_PPP","2006",1.828,,"T30:96","R1:3513"
"PER","BX:375","EAR_EHRM_SEX_CUR_NB","SEX_T","CUR_TYPE_USD","2006",0.846,,"T30:96","R1:3513"
"PER","BX:375","EAR_EHRM_SEX_CUR_NB","SEX_T","CUR_TYPE_LCU","2005",2.502,,"T30:96","R1:3513"
"PER","BX:375","EAR_EHRM_SEX_CUR_NB","SEX_T","CUR_TYPE_PPP","2005",1.632,,"T30:96","R1:3513"
"PER","BX:375","EAR_EHRM_SEX_CUR_NB","SEX_T","CUR_TYPE_USD","2005",0.759,,"T30:96","R1:3513"
"PER","BX:375","EAR_EHRM_SEX_CUR_NB","SEX_T","CUR_TYPE_LCU","2004",2.604,,"T30:96","R1:3513"
"PER","BX:375","EAR_EHRM_SEX_CUR_NB","SEX_T","CUR_TYPE_PPP","2004",1.67,,"T30:96","R1:3513"
"PER","BX:375","EAR_EHRM_SEX_CUR_NB","SEX_T","CUR_TYPE_USD","2004",0.763,,"T30:96","R1:3513"
"PER","BX:375","EAR_EHRM_SEX_CUR_NB","SEX_T","CUR_TYPE_LCU","2003",2.677,,"T30:96","R1:3513"
"PER","BX:375","EAR_EHRM_SEX_CUR_NB","SEX_T","CUR_TYPE_PPP","2003",1.733,,"T30:96","R1:3513"
"PER","BX:375","EAR_EHRM_SEX_CUR_NB","SEX_T","CUR_TYPE_USD","2003",0.77,,"T30:96","R1:3513"
"PER","BX:375","EAR_EHRM_SEX_CUR_NB","SEX_T","CUR_TYPE_LCU","2002",2.677,"B","T30:96_I11:264","R1:3513"
"PER","BX:375","EAR_EHRM_SEX_CUR_NB","SEX_T","CUR_TYPE_PPP","2002",1.732,"B","T30:96_I11:264","R1:3513"
"PER","BX:375","EAR_EHRM_SEX_CUR_NB","SEX_T","CUR_TYPE_USD","2002",0.761,"B","T30:96_I11:264","R1:3513"
"PER","BX:375","EAR_EHRM_SEX_CUR_NB","SEX_T","CUR_TYPE_LCU","2001",2.65,,"T30:96","R1:3513"
"PER","BX:375","EAR_EHRM_SEX_CUR_NB","SEX_T","CUR_TYPE_PPP","2001",1.692,,"T30:96","R1:3513"
"PER","BX:375","EAR_EHRM_SEX_CUR_NB","SEX_T","CUR_TYPE_USD","2001",0.756,,"T30:96","R1:3513"
"PER","BX:375","EAR_EHRM_SEX_CUR_NB","SEX_T","CUR_TYPE_LCU","2000",2.672,,"T30:96","R1:3513"
"PER","BX:375","EAR_EHRM_SEX_CUR_NB","SEX_T","CUR_TYPE_PPP","2000",1.692,,"T30:96","R1:3513"
"PER","BX:375","EAR_EHRM_SEX_CUR_NB","SEX_T","CUR_TYPE_USD","2000",0.766,,"T30:96","R1:3513"
"PHL","BA:629","EAR_EHRM_SEX_CUR_NB","SEX_T","CUR_TYPE_LCU","2024",87.74,,"T30:143","R1:3513"
"PHL","BA:629","EAR_EHRM_SEX_CUR_NB","SEX_T","CUR_TYPE_PPP","2024",4.23,,"T30:143","R1:3513"
"PHL","BA:629","EAR_EHRM_SEX_CUR_NB","SEX_T","CUR_TYPE_USD","2024",1.532,,"T30:143","R1:3513"
"PHL","BA:629","EAR_EHRM_SEX_CUR_NB","SEX_T","CUR_TYPE_LCU","2023",83.353,,"T30:143","R1:3513"
"PHL","BA:629","EAR_EHRM_SEX_CUR_NB","SEX_T","CUR_TYPE_PPP","2023",4.029,,"T30:143","R1:3513"
"PHL","BA:629","EAR_EHRM_SEX_CUR_NB","SEX_T","CUR_TYPE_USD","2023",1.498,,"T30:143","R1:3513"
"PHL","BA:629","EAR_EHRM_SEX_CUR_NB","SEX_T","CUR_TYPE_LCU","2022",73.117,,"T30:143","R1:3513"
"PHL","BA:629","EAR_EHRM_SEX_CUR_NB","SEX_T","CUR_TYPE_PPP","2022",3.597,,"T30:143","R1:3513"
"PHL","BA:629","EAR_EHRM_SEX_CUR_NB","SEX_T","CUR_TYPE_USD","2022",1.342,,"T30:143","R1:3513"
"PHL","BA:629","EAR_EHRM_SEX_CUR_NB","SEX_T","CUR_TYPE_LCU","2021",73.117,"B","T30:143_I11:264","R1:3513"
"PHL","BA:629","EAR_EHRM_SEX_CUR_NB","SEX_T","CUR_TYPE_PPP","2021",3.524,"B","T30:143_I11:264","R1:3513"
"PHL","BA:629","EAR_EHRM_SEX_CUR_NB","SEX_T","CUR_TYPE_USD","2021",1.484,"B","T30:143_I11:264","R1:3513"
"PHL","BA:629","EAR_EHRM_SEX_CUR_NB","SEX_T","CUR_TYPE_LCU","2020",71.325,,"T30:143","R1:3513"
"PHL","BA:629","EAR_EHRM_SEX_CUR_NB","SEX_T","CUR_TYPE_PPP","2020",3.447,,"T30:143","R1:3513"
"PHL","BA:629","EAR_EHRM_SEX_CUR_NB","SEX_T","CUR_TYPE_USD","2020",1.437,,"T30:143","R1:3513"
"PHL","BA:629","EAR_EHRM_SEX_CUR_NB","SEX_T","CUR_TYPE_LCU","2019",62.02,,"T30:143","R1:3513"
"PHL","BA:629","EAR_EHRM_SEX_CUR_NB","SEX_T","CUR_TYPE_PPP","2019",3.01,,"T30:143","R1:3513"
"PHL","BA:629","EAR_EHRM_SEX_CUR_NB","SEX_T","CUR_TYPE_USD","2019",1.197,,"T30:143","R1:3513"
"PHL","BA:629","EAR_EHRM_SEX_CUR_NB","SEX_T","CUR_TYPE_LCU","2018",58.494,,"T30:143","R1:3513"
"PHL","BA:629","EAR_EHRM_SEX_CUR_NB","SEX_T","CUR_TYPE_PPP","2018",2.836,,"T30:143","R1:3513"
"PHL","BA:629","EAR_EHRM_SEX_CUR_NB","SEX_T","CUR_TYPE_USD","2018",1.111,,"T30:143","R1:3513"
"PHL","BA:629","EAR_EHRM_SEX_CUR_NB","SEX_T","CUR_TYPE_LCU","2017",56.1,,"T30:143","R1:3513"
"PHL","BA:629","EAR_EHRM_SEX_CUR_NB","SEX_T","CUR_TYPE_PPP","2017",2.79,,"T30:143","R1:3513"
"PHL","BA:629","EAR_EHRM_SEX_CUR_NB","SEX_T","CUR_TYPE_USD","2017",1.113,,"T30:143","R1:3513"
"PHL","BA:629","EAR_EHRM_SEX_CUR_NB","SEX_T","CUR_TYPE_LCU","2016",51.508,"B","T30:143_I11:264","R1:3513"
"PHL","BA:629","EAR_EHRM_SEX_CUR_NB","SEX_T","CUR_TYPE_PPP","2016",2.641,"B","T30:143_I11:264","R1:3513"
"PHL","BA:629","EAR_EHRM_SEX_CUR_NB","SEX_T","CUR_TYPE_USD","2016",1.085,"B","T30:143_I11:264","R1:3513"
"PHL","BA:629","EAR_EHRM_SEX_CUR_NB","SEX_T","CUR_TYPE_LCU","2015",50.425,,"T30:143","R1:3513"
"PHL","BA:629","EAR_EHRM_SEX_CUR_NB","SEX_T","CUR_TYPE_PPP","2015",2.586,,"T30:143","R1:3513"
"PHL","BA:629","EAR_EHRM_SEX_CUR_NB","SEX_T","CUR_TYPE_USD","2015",1.108,,"T30:143","R1:3513"
"PHL","BA:629","EAR_EHRM_SEX_CUR_NB","SEX_T","CUR_TYPE_LCU","2014",48.405,,"T30:143","R1:3513"
"PHL","BA:629","EAR_EHRM_SEX_CUR_NB","SEX_T","CUR_TYPE_PPP","2014",2.493,,"T30:143","R1:3513"
"PHL","BA:629","EAR_EHRM_SEX_CUR_NB","SEX_T","CUR_TYPE_USD","2014",1.09,,"T30:143","R1:3513"
"PHL","BA:629","EAR_EHRM_SEX_CUR_NB","SEX_T","CUR_TYPE_LCU","2013",45.039,,"T30:143","R1:3513"
"PHL","BA:629","EAR_EHRM_SEX_CUR_NB","SEX_T","CUR_TYPE_PPP","2013",2.382,,"T30:143","R1:3513"
"PHL","BA:629","EAR_EHRM_SEX_CUR_NB","SEX_T","CUR_TYPE_USD","2013",1.061,,"T30:143","R1:3513"
"PHL","BA:629","EAR_EHRM_SEX_CUR_NB","SEX_T","CUR_TYPE_LCU","2012",44.222,,"T30:143","R1:3513"
"PHL","BA:629","EAR_EHRM_SEX_CUR_NB","SEX_T","CUR_TYPE_PPP","2012",2.425,,"T30:143","R1:3513"
"PHL","BA:629","EAR_EHRM_SEX_CUR_NB","SEX_T","CUR_TYPE_USD","2012",1.047,,"T30:143","R1:3513"
"PHL","BA:629","EAR_EHRM_SEX_CUR_NB","SEX_T","CUR_TYPE_LCU","2011",43.346,,"T30:143","R1:3513"
"PHL","BA:629","EAR_EHRM_SEX_CUR_NB","SEX_T","CUR_TYPE_PPP","2011",2.309,,"T30:143","R1:3513"
"PHL","BA:629","EAR_EHRM_SEX_CUR_NB","SEX_T","CUR_TYPE_USD","2011",1.001,,"T30:143","R1:3513"
"PHL","BA:629","EAR_EHRM_SEX_CUR_NB","SEX_T","CUR_TYPE_LCU","2010",41.694,,"T30:143","R1:3513"
"PHL","BA:629","EAR_EHRM_SEX_CUR_NB","SEX_T","CUR_TYPE_PPP","2010",2.255,,"T30:143","R1:3513"
"PHL","BA:629","EAR_EHRM_SEX_CUR_NB","SEX_T","CUR_TYPE_USD","2010",0.924,,"T30:143","R1:3513"
"PHL","BA:629","EAR_EHRM_SEX_CUR_NB","SEX_T","CUR_TYPE_LCU","2009",39.698,,"T30:143","R1:3513"
"PHL","BA:629","EAR_EHRM_SEX_CUR_NB","SEX_T","CUR_TYPE_PPP","2009",2.192,,"T30:143","R1:3513"
"PHL","BA:629","EAR_EHRM_SEX_CUR_NB","SEX_T","CUR_TYPE_USD","2009",0.833,,"T30:143","R1:3513"
"PHL","BA:629","EAR_EHRM_SEX_CUR_NB","SEX_T","CUR_TYPE_LCU","2008",37.185,,"T30:143","R1:3513"
"PHL","BA:629","EAR_EHRM_SEX_CUR_NB","SEX_T","CUR_TYPE_PPP","2008",2.148,,"T30:143","R1:3513"
"PHL","BA:629","EAR_EHRM_SEX_CUR_NB","SEX_T","CUR_TYPE_USD","2008",0.839,,"T30:143","R1:3513"
"PHL","BA:629","EAR_EHRM_SEX_CUR_NB","SEX_T","CUR_TYPE_LCU","2007",35.804,,"T30:143","R1:3513"
"PHL","BA:629","EAR_EHRM_SEX_CUR_NB","SEX_T","CUR_TYPE_PPP","2007",2.156,,"T30:143","R1:3513"
"PHL","BA:629","EAR_EHRM_SEX_CUR_NB","SEX_T","CUR_TYPE_USD","2007",0.776,,"T30:143","R1:3513"
"PHL","BA:629","EAR_EHRM_SEX_CUR_NB","SEX_T","CUR_TYPE_LCU","2006",34.642,,"T30:143","R1:3513"
"PHL","BA:629","EAR_EHRM_SEX_CUR_NB","SEX_T","CUR_TYPE_PPP","2006",2.087,,"T30:143","R1:3513"
"PHL","BA:629","EAR_EHRM_SEX_CUR_NB","SEX_T","CUR_TYPE_USD","2006",0.675,,"T30:143","R1:3513"
"PHL","BA:629","EAR_EHRM_SEX_CUR_NB","SEX_T","CUR_TYPE_LCU","2005",33.382,,"T30:143","R1:3513"
"PHL","BA:629","EAR_EHRM_SEX_CUR_NB","SEX_T","CUR_TYPE_PPP","2005",2.055,,"T30:143","R1:3513"
"PHL","BA:629","EAR_EHRM_SEX_CUR_NB","SEX_T","CUR_TYPE_USD","2005",0.606,,"T30:143","R1:3513"
"PHL","BA:629","EAR_EHRM_SEX_CUR_NB","SEX_T","CUR_TYPE_LCU","2004",31.751,,"T30:143","R1:3513"
"PHL","BA:629","EAR_EHRM_SEX_CUR_NB","SEX_T","CUR_TYPE_PPP","2004",2.014,,"T30:143","R1:3513"
"PHL","BA:629","EAR_EHRM_SEX_CUR_NB","SEX_T","CUR_TYPE_USD","2004",0.567,,"T30:143","R1:3513"
"PHL","BA:629","EAR_EHRM_SEX_CUR_NB","SEX_T","CUR_TYPE_LCU","2003",31.044,,"T30:143","R1:3513"
"PHL","BA:629","EAR_EHRM_SEX_CUR_NB","SEX_T","CUR_TYPE_PPP","2003",2.01,,"T30:143","R1:3513"
"PHL","BA:629","EAR_EHRM_SEX_CUR_NB","SEX_T","CUR_TYPE_USD","2003",0.573,,"T30:143","R1:3513"
"PHL","BA:629","EAR_EHRM_SEX_CUR_NB","SEX_T","CUR_TYPE_LCU","2001",29.389,"B","T30:143_I11:264","R1:3513"
"PHL","BA:629","EAR_EHRM_SEX_CUR_NB","SEX_T","CUR_TYPE_PPP","2001",1.925,"B","T30:143_I11:264","R1:3513"
"PHL","BA:629","EAR_EHRM_SEX_CUR_NB","SEX_T","CUR_TYPE_USD","2001",0.576,"B","T30:143_I11:264","R1:3513"
"PRI","AA:1553","EAR_EHRM_SEX_CUR_NB","SEX_T","CUR_TYPE_LCU","2020",9.736,,"T30:97","R1:3513"
"PRI","AA:1553","EAR_EHRM_SEX_CUR_NB","SEX_T","CUR_TYPE_PPP","2020",10.384,,"T30:97","R1:3513"
"PRI","AA:1553","EAR_EHRM_SEX_CUR_NB","SEX_T","CUR_TYPE_USD","2020",9.736,,"T30:97","R1:3513"
"PRI","AA:1553","EAR_EHRM_SEX_CUR_NB","SEX_T","CUR_TYPE_LCU","2015",9.231,,"T30:97","R1:3513"
"PRI","AA:1553","EAR_EHRM_SEX_CUR_NB","SEX_T","CUR_TYPE_PPP","2015",9.03,,"T30:97","R1:3513"
"PRI","AA:1553","EAR_EHRM_SEX_CUR_NB","SEX_T","CUR_TYPE_USD","2015",9.231,,"T30:97","R1:3513"
"PRT","BA:199","EAR_EHRM_SEX_CUR_NB","SEX_T","CUR_TYPE_LCU","2025",6.667,,"T30:199","R1:3513"
"PRT","BA:199","EAR_EHRM_SEX_CUR_NB","SEX_T","CUR_TYPE_PPP","2025",11.6,,"T30:199","R1:3513"
"PRT","BA:199","EAR_EHRM_SEX_CUR_NB","SEX_T","CUR_TYPE_USD","2025",7.533,,"T30:199","R1:3513"
"PRT","BA:199","EAR_EHRM_SEX_CUR_NB","SEX_T","CUR_TYPE_LCU","2024",6.173,,"T30:199","R1:3513"
"PRT","BA:199","EAR_EHRM_SEX_CUR_NB","SEX_T","CUR_TYPE_PPP","2024",11.048,,"T30:199","R1:3513"
"PRT","BA:199","EAR_EHRM_SEX_CUR_NB","SEX_T","CUR_TYPE_USD","2024",6.682,,"T30:199","R1:3513"
"PRT","BA:199","EAR_EHRM_SEX_CUR_NB","SEX_T","CUR_TYPE_LCU","2023",5.658,,"T30:199","R1:3513"
"PRT","BA:199","EAR_EHRM_SEX_CUR_NB","SEX_T","CUR_TYPE_PPP","2023",10.193,,"T30:199","R1:3513"
"PRT","BA:199","EAR_EHRM_SEX_CUR_NB","SEX_T","CUR_TYPE_USD","2023",6.118,,"T30:199","R1:3513"
"PRT","BA:199","EAR_EHRM_SEX_CUR_NB","SEX_T","CUR_TYPE_LCU","2022",5.409,,"T30:199","R1:3513"
"PRT","BA:199","EAR_EHRM_SEX_CUR_NB","SEX_T","CUR_TYPE_PPP","2022",9.344,,"T30:199","R1:3513"
"PRT","BA:199","EAR_EHRM_SEX_CUR_NB","SEX_T","CUR_TYPE_USD","2022",5.695,,"T30:199","R1:3513"
"PRT","BA:199","EAR_EHRM_SEX_CUR_NB","SEX_T","CUR_TYPE_LCU","2021",5.192,,"T30:199","R1:3513"
"PRT","BA:199","EAR_EHRM_SEX_CUR_NB","SEX_T","CUR_TYPE_PPP","2021",8.477,,"T30:199","R1:3513"
"PRT","BA:199","EAR_EHRM_SEX_CUR_NB","SEX_T","CUR_TYPE_USD","2021",6.141,,"T30:199","R1:3513"
"PRT","BA:199","EAR_EHRM_SEX_CUR_NB","SEX_T","CUR_TYPE_LCU","2020",5,,"T30:199","R1:3513"
"PRT","BA:199","EAR_EHRM_SEX_CUR_NB","SEX_T","CUR_TYPE_PPP","2020",7.893,,"T30:199","R1:3513"
"PRT","BA:199","EAR_EHRM_SEX_CUR_NB","SEX_T","CUR_TYPE_USD","2020",5.711,,"T30:199","R1:3513"
"PRT","BA:199","EAR_EHRM_SEX_CUR_NB","SEX_T","CUR_TYPE_LCU","2019",4.615,,"T30:199","R1:3513"
"PRT","BA:199","EAR_EHRM_SEX_CUR_NB","SEX_T","CUR_TYPE_PPP","2019",7.38,,"T30:199","R1:3513"
"PRT","BA:199","EAR_EHRM_SEX_CUR_NB","SEX_T","CUR_TYPE_USD","2019",5.167,,"T30:199","R1:3513"
"PRT","BA:199","EAR_EHRM_SEX_CUR_NB","SEX_T","CUR_TYPE_LCU","2018",4.327,,"T30:199","R1:3513"
"PRT","BA:199","EAR_EHRM_SEX_CUR_NB","SEX_T","CUR_TYPE_PPP","2018",6.651,,"T30:199","R1:3513"
"PRT","BA:199","EAR_EHRM_SEX_CUR_NB","SEX_T","CUR_TYPE_USD","2018",5.11,,"T30:199","R1:3513"
"PRT","BA:199","EAR_EHRM_SEX_CUR_NB","SEX_T","CUR_TYPE_LCU","2017",4.269,,"T30:199","R1:3513"
"PRT","BA:199","EAR_EHRM_SEX_CUR_NB","SEX_T","CUR_TYPE_PPP","2017",6.399,,"T30:199","R1:3513"
"PRT","BA:199","EAR_EHRM_SEX_CUR_NB","SEX_T","CUR_TYPE_USD","2017",4.823,,"T30:199","R1:3513"
"PRT","BA:199","EAR_EHRM_SEX_CUR_NB","SEX_T","CUR_TYPE_LCU","2016",4.038,,"T30:199","R1:3513"
"PRT","BA:199","EAR_EHRM_SEX_CUR_NB","SEX_T","CUR_TYPE_PPP","2016",6.137,,"T30:199","R1:3513"
"PRT","BA:199","EAR_EHRM_SEX_CUR_NB","SEX_T","CUR_TYPE_USD","2016",4.47,,"T30:199","R1:3513"
"PRT","BA:199","EAR_EHRM_SEX_CUR_NB","SEX_T","CUR_TYPE_LCU","2015",4.038,,"T30:199","R1:3513"
"PRT","BA:199","EAR_EHRM_SEX_CUR_NB","SEX_T","CUR_TYPE_PPP","2015",6,,"T30:199","R1:3513"
"PRT","BA:199","EAR_EHRM_SEX_CUR_NB","SEX_T","CUR_TYPE_USD","2015",4.481,,"T30:199","R1:3513"
"PRT","BA:199","EAR_EHRM_SEX_CUR_NB","SEX_T","CUR_TYPE_LCU","2014",4.038,,"T30:199","R1:3513"
"PRT","BA:199","EAR_EHRM_SEX_CUR_NB","SEX_T","CUR_TYPE_PPP","2014",6.052,,"T30:199","R1:3513"
"PRT","BA:199","EAR_EHRM_SEX_CUR_NB","SEX_T","CUR_TYPE_USD","2014",5.365,,"T30:199","R1:3513"
"PRT","BA:199","EAR_EHRM_SEX_CUR_NB","SEX_T","CUR_TYPE_LCU","2013",3.923,,"T30:199","R1:3513"
"PRT","BA:199","EAR_EHRM_SEX_CUR_NB","SEX_T","CUR_TYPE_PPP","2013",5.901,,"T30:199","R1:3513"
"PRT","BA:199","EAR_EHRM_SEX_CUR_NB","SEX_T","CUR_TYPE_USD","2013",5.21,,"T30:199","R1:3513"
"PRT","BA:199","EAR_EHRM_SEX_CUR_NB","SEX_T","CUR_TYPE_LCU","2012",3.956,,"T30:199","R1:3513"
"PRT","BA:199","EAR_EHRM_SEX_CUR_NB","SEX_T","CUR_TYPE_PPP","2012",5.738,,"T30:199","R1:3513"
"PRT","BA:199","EAR_EHRM_SEX_CUR_NB","SEX_T","CUR_TYPE_USD","2012",5.083,,"T30:199","R1:3513"
"PRT","BA:199","EAR_EHRM_SEX_CUR_NB","SEX_T","CUR_TYPE_LCU","2011",3.85,,"T30:199","R1:3513"
"PRT","BA:199","EAR_EHRM_SEX_CUR_NB","SEX_T","CUR_TYPE_PPP","2011",5.548,,"T30:199","R1:3513"
"PRT","BA:199","EAR_EHRM_SEX_CUR_NB","SEX_T","CUR_TYPE_USD","2011",5.359,,"T30:199","R1:3513"
"PRT","BA:199","EAR_EHRM_SEX_CUR_NB","SEX_T","CUR_TYPE_LCU","2010",3.75,,"T30:199","R1:3513"
"PRT","BA:199","EAR_EHRM_SEX_CUR_NB","SEX_T","CUR_TYPE_PPP","2010",5.354,,"T30:199","R1:3513"
"PRT","BA:199","EAR_EHRM_SEX_CUR_NB","SEX_T","CUR_TYPE_USD","2010",4.971,,"T30:199","R1:3513"
"PRT","BA:199","EAR_EHRM_SEX_CUR_NB","SEX_T","CUR_TYPE_LCU","2009",3.75,,"T30:199","R1:3513"
"PRT","BA:199","EAR_EHRM_SEX_CUR_NB","SEX_T","CUR_TYPE_PPP","2009",5.316,,"T30:199","R1:3513"
"PRT","BA:199","EAR_EHRM_SEX_CUR_NB","SEX_T","CUR_TYPE_USD","2009",5.23,,"T30:199","R1:3513"
"PRT","BA:199","EAR_EHRM_SEX_CUR_NB","SEX_T","CUR_TYPE_LCU","2008",3.577,,"T30:199","R1:3513"
"PRT","BA:199","EAR_EHRM_SEX_CUR_NB","SEX_T","CUR_TYPE_PPP","2008",5.004,,"T30:199","R1:3513"
"PRT","BA:199","EAR_EHRM_SEX_CUR_NB","SEX_T","CUR_TYPE_USD","2008",5.261,,"T30:199","R1:3513"
"PRT","BA:199","EAR_EHRM_SEX_CUR_NB","SEX_T","CUR_TYPE_LCU","2007",3.462,,"T30:199","R1:3513"
"PRT","BA:199","EAR_EHRM_SEX_CUR_NB","SEX_T","CUR_TYPE_PPP","2007",4.823,,"T30:199","R1:3513"
"PRT","BA:199","EAR_EHRM_SEX_CUR_NB","SEX_T","CUR_TYPE_USD","2007",4.744,,"T30:199","R1:3513"
"PRT","BA:199","EAR_EHRM_SEX_CUR_NB","SEX_T","CUR_TYPE_LCU","2006",3.462,,"T30:199","R1:3513"
"PRT","BA:199","EAR_EHRM_SEX_CUR_NB","SEX_T","CUR_TYPE_PPP","2006",4.961,,"T30:199","R1:3513"
"PRT","BA:199","EAR_EHRM_SEX_CUR_NB","SEX_T","CUR_TYPE_USD","2006",4.346,,"T30:199","R1:3513"
"PRT","BA:199","EAR_EHRM_SEX_CUR_NB","SEX_T","CUR_TYPE_LCU","2005",3.298,,"T30:199","R1:3513"
"PRT","BA:199","EAR_EHRM_SEX_CUR_NB","SEX_T","CUR_TYPE_PPP","2005",4.683,,"T30:199","R1:3513"
"PRT","BA:199","EAR_EHRM_SEX_CUR_NB","SEX_T","CUR_TYPE_USD","2005",4.103,,"T30:199","R1:3513"
"PRT","BA:199","EAR_EHRM_SEX_CUR_NB","SEX_T","CUR_TYPE_LCU","2004",3,,"T30:199","R1:3513"
"PRT","BA:199","EAR_EHRM_SEX_CUR_NB","SEX_T","CUR_TYPE_PPP","2004",4.193,,"T30:199","R1:3513"
"PRT","BA:199","EAR_EHRM_SEX_CUR_NB","SEX_T","CUR_TYPE_USD","2004",3.732,,"T30:199","R1:3513"
"PRT","BA:199","EAR_EHRM_SEX_CUR_NB","SEX_T","CUR_TYPE_LCU","2003",3,,"T30:199","R1:3513"
"PRT","BA:199","EAR_EHRM_SEX_CUR_NB","SEX_T","CUR_TYPE_PPP","2003",4.201,,"T30:199","R1:3513"
"PRT","BA:199","EAR_EHRM_SEX_CUR_NB","SEX_T","CUR_TYPE_USD","2003",3.394,,"T30:199","R1:3513"
"PRT","BA:199","EAR_EHRM_SEX_CUR_NB","SEX_T","CUR_TYPE_LCU","2002",2.885,,"T30:199","R1:3513"
"PRT","BA:199","EAR_EHRM_SEX_CUR_NB","SEX_T","CUR_TYPE_PPP","2002",3.997,,"T30:199","R1:3513"
"PRT","BA:199","EAR_EHRM_SEX_CUR_NB","SEX_T","CUR_TYPE_USD","2002",2.728,,"T30:199","R1:3513"
"PRT","BA:199","EAR_EHRM_SEX_CUR_NB","SEX_T","CUR_TYPE_LCU","2001",566.865,,"T30:330","R1:3513"
"PRT","BA:199","EAR_EHRM_SEX_CUR_NB","SEX_T","CUR_TYPE_LCU","2000",519.231,,"T30:330","R1:3513"
"PRY","BX:14043","EAR_EHRM_SEX_CUR_NB","SEX_T","CUR_TYPE_LCU","2025",14423.078,,"T30:95","R1:3513"
"PRY","BX:14043","EAR_EHRM_SEX_CUR_NB","SEX_T","CUR_TYPE_PPP","2025",5.018,,"T30:95","R1:3513"
"PRY","BX:14043","EAR_EHRM_SEX_CUR_NB","SEX_T","CUR_TYPE_USD","2025",1.912,,"T30:95","R1:3513"
"PRY","BX:14043","EAR_EHRM_SEX_CUR_NB","SEX_T","CUR_TYPE_LCU","2024",13636.365,,"T30:95","R1:3513"
"PRY","BX:14043","EAR_EHRM_SEX_CUR_NB","SEX_T","CUR_TYPE_PPP","2024",4.806,,"T30:95","R1:3513"
"PRY","BX:14043","EAR_EHRM_SEX_CUR_NB","SEX_T","CUR_TYPE_USD","2024",1.804,,"T30:95","R1:3513"
"PRY","BX:14043","EAR_EHRM_SEX_CUR_NB","SEX_T","CUR_TYPE_LCU","2023",12820.514,,"T30:95","R1:3513"
"PRY","BX:14043","EAR_EHRM_SEX_CUR_NB","SEX_T","CUR_TYPE_PPP","2023",4.557,,"T30:95","R1:3513"
"PRY","BX:14043","EAR_EHRM_SEX_CUR_NB","SEX_T","CUR_TYPE_USD","2023",1.759,,"T30:95","R1:3513"
"PRY","BX:14043","EAR_EHRM_SEX_CUR_NB","SEX_T","CUR_TYPE_LCU","2022",12019.232,,"T30:95","R1:3513"
"PRY","BX:14043","EAR_EHRM_SEX_CUR_NB","SEX_T","CUR_TYPE_PPP","2022",4.293,,"T30:95","R1:3513"
"PRY","BX:14043","EAR_EHRM_SEX_CUR_NB","SEX_T","CUR_TYPE_USD","2022",1.721,,"T30:95","R1:3513"
"PRY","BX:14043","EAR_EHRM_SEX_CUR_NB","SEX_T","CUR_TYPE_LCU","2021",11538.462,,"T30:95","R1:3513"
"PRY","BX:14043","EAR_EHRM_SEX_CUR_NB","SEX_T","CUR_TYPE_PPP","2021",4.189,,"T30:95","R1:3513"
"PRY","BX:14043","EAR_EHRM_SEX_CUR_NB","SEX_T","CUR_TYPE_USD","2021",1.703,,"T30:95","R1:3513"
"PRY","BX:14043","EAR_EHRM_SEX_CUR_NB","SEX_T","CUR_TYPE_LCU","2019",11136.006,,"T30:95","R1:3513"
"PRY","BX:14043","EAR_EHRM_SEX_CUR_NB","SEX_T","CUR_TYPE_PPP","2019",4.199,,"T30:95","R1:3513"
"PRY","BX:14043","EAR_EHRM_SEX_CUR_NB","SEX_T","CUR_TYPE_USD","2019",1.784,,"T30:95","R1:3513"
"PRY","BX:14043","EAR_EHRM_SEX_CUR_NB","SEX_T","CUR_TYPE_LCU","2018",10576.924,,"T30:95","R1:3513"
"PRY","BX:14043","EAR_EHRM_SEX_CUR_NB","SEX_T","CUR_TYPE_PPP","2018",4.057,,"T30:95","R1:3513"
"PRY","BX:14043","EAR_EHRM_SEX_CUR_NB","SEX_T","CUR_TYPE_USD","2018",1.845,,"T30:95","R1:3513"
"PRY","BX:14043","EAR_EHRM_SEX_CUR_NB","SEX_T","CUR_TYPE_LCU","2017",10033.446,,"T30:95","R1:3513"
"PRY","BX:14043","EAR_EHRM_SEX_CUR_NB","SEX_T","CUR_TYPE_PPP","2017",4.006,,"T30:95","R1:3513"
"PRY","BX:14043","EAR_EHRM_SEX_CUR_NB","SEX_T","CUR_TYPE_USD","2017",1.786,,"T30:95","R1:3513"
"PRY","BX:534","EAR_EHRM_SEX_CUR_NB","SEX_T","CUR_TYPE_LCU","2016",8512.257,,"T30:95","R1:3513"
"PRY","BX:534","EAR_EHRM_SEX_CUR_NB","SEX_T","CUR_TYPE_PPP","2016",3.487,,"T30:95","R1:3513"
"PRY","BX:534","EAR_EHRM_SEX_CUR_NB","SEX_T","CUR_TYPE_USD","2016",1.501,,"T30:95","R1:3513"
"PRY","BX:534","EAR_EHRM_SEX_CUR_NB","SEX_T","CUR_TYPE_LCU","2015",9051.858,,"T30:95","R1:3513"
"PRY","BX:534","EAR_EHRM_SEX_CUR_NB","SEX_T","CUR_TYPE_PPP","2015",3.77,,"T30:95","R1:3513"
"PRY","BX:534","EAR_EHRM_SEX_CUR_NB","SEX_T","CUR_TYPE_USD","2015",1.739,,"T30:95","R1:3513"
"PRY","BX:534","EAR_EHRM_SEX_CUR_NB","SEX_T","CUR_TYPE_LCU","2014",8418.462,,"T30:95","R1:3513"
"PRY","BX:534","EAR_EHRM_SEX_CUR_NB","SEX_T","CUR_TYPE_PPP","2014",3.575,,"T30:95","R1:3513"
"PRY","BX:534","EAR_EHRM_SEX_CUR_NB","SEX_T","CUR_TYPE_USD","2014",1.887,,"T30:95","R1:3513"
"PRY","BX:534","EAR_EHRM_SEX_CUR_NB","SEX_T","CUR_TYPE_LCU","2013",7692.308,,"T30:95","R1:3513"
"PRY","BX:534","EAR_EHRM_SEX_CUR_NB","SEX_T","CUR_TYPE_PPP","2013",3.376,,"T30:95","R1:3513"
"PRY","BX:534","EAR_EHRM_SEX_CUR_NB","SEX_T","CUR_TYPE_USD","2013",1.787,,"T30:95","R1:3513"
"PRY","BX:534","EAR_EHRM_SEX_CUR_NB","SEX_T","CUR_TYPE_LCU","2012",7253.054,,"T30:95","R1:3513"
"PRY","BX:534","EAR_EHRM_SEX_CUR_NB","SEX_T","CUR_TYPE_PPP","2012",3.28,,"T30:95","R1:3513"
"PRY","BX:534","EAR_EHRM_SEX_CUR_NB","SEX_T","CUR_TYPE_USD","2012",1.64,,"T30:95","R1:3513"
"PRY","BX:534","EAR_EHRM_SEX_CUR_NB","SEX_T","CUR_TYPE_LCU","2011",6923.078,,"T30:95","R1:3513"
"PRY","BX:534","EAR_EHRM_SEX_CUR_NB","SEX_T","CUR_TYPE_PPP","2011",3.088,,"T30:95","R1:3513"
"PRY","BX:534","EAR_EHRM_SEX_CUR_NB","SEX_T","CUR_TYPE_USD","2011",1.651,,"T30:95","R1:3513"
"PRY","BX:534","EAR_EHRM_SEX_CUR_NB","SEX_T","CUR_TYPE_LCU","2010",5796.154,,"T30:95","R1:3513"
"PRY","BX:534","EAR_EHRM_SEX_CUR_NB","SEX_T","CUR_TYPE_PPP","2010",2.713,,"T30:95","R1:3513"
"PRY","BX:534","EAR_EHRM_SEX_CUR_NB","SEX_T","CUR_TYPE_USD","2010",1.218,,"T30:95","R1:3513"
"PRY","BX:534","EAR_EHRM_SEX_CUR_NB","SEX_T","CUR_TYPE_LCU","2009",5152.432,,"T30:95","R1:3513"
"PRY","BX:534","EAR_EHRM_SEX_CUR_NB","SEX_T","CUR_TYPE_PPP","2009",2.483,,"T30:95","R1:3513"
"PRY","BX:534","EAR_EHRM_SEX_CUR_NB","SEX_T","CUR_TYPE_USD","2009",1.037,,"T30:95","R1:3513"
"PRY","BX:534","EAR_EHRM_SEX_CUR_NB","SEX_T","CUR_TYPE_LCU","2008",4945.055,,"T30:95","R1:3513"
"PRY","BX:534","EAR_EHRM_SEX_CUR_NB","SEX_T","CUR_TYPE_PPP","2008",2.454,,"T30:95","R1:3513"
"PRY","BX:534","EAR_EHRM_SEX_CUR_NB","SEX_T","CUR_TYPE_USD","2008",1.133,,"T30:95","R1:3513"
"PRY","BX:534","EAR_EHRM_SEX_CUR_NB","SEX_T","CUR_TYPE_LCU","2007",4195.804,,"T30:95","R1:3513"
"PRY","BX:534","EAR_EHRM_SEX_CUR_NB","SEX_T","CUR_TYPE_PPP","2007",2.208,,"T30:95","R1:3513"
"PRY","BX:534","EAR_EHRM_SEX_CUR_NB","SEX_T","CUR_TYPE_USD","2007",0.834,,"T30:95","R1:3513"
"PRY","BX:534","EAR_EHRM_SEX_CUR_NB","SEX_T","CUR_TYPE_LCU","2006",4073.555,,"T30:95","R1:3513"
"PRY","BX:534","EAR_EHRM_SEX_CUR_NB","SEX_T","CUR_TYPE_PPP","2006",2.254,,"T30:95","R1:3513"
"PRY","BX:534","EAR_EHRM_SEX_CUR_NB","SEX_T","CUR_TYPE_USD","2006",0.723,,"T30:95","R1:3513"
"PRY","BX:534","EAR_EHRM_SEX_CUR_NB","SEX_T","CUR_TYPE_LCU","2005",3491.521,,"T30:95","R1:3513"
"PRY","BX:534","EAR_EHRM_SEX_CUR_NB","SEX_T","CUR_TYPE_PPP","2005",2.051,,"T30:95","R1:3513"
"PRY","BX:534","EAR_EHRM_SEX_CUR_NB","SEX_T","CUR_TYPE_USD","2005",0.565,,"T30:95","R1:3513"
"PRY","BX:534","EAR_EHRM_SEX_CUR_NB","SEX_T","CUR_TYPE_LCU","2004",3205.128,,"T30:95","R1:3513"
"PRY","BX:534","EAR_EHRM_SEX_CUR_NB","SEX_T","CUR_TYPE_PPP","2004",1.945,,"T30:95","R1:3513"
"PRY","BX:534","EAR_EHRM_SEX_CUR_NB","SEX_T","CUR_TYPE_USD","2004",0.536,,"T30:95","R1:3513"
"PRY","BX:534","EAR_EHRM_SEX_CUR_NB","SEX_T","CUR_TYPE_LCU","2003",3265.7,,"T30:95","R1:3513"
"PRY","BX:534","EAR_EHRM_SEX_CUR_NB","SEX_T","CUR_TYPE_PPP","2003",2.014,,"T30:95","R1:3513"
"PRY","BX:534","EAR_EHRM_SEX_CUR_NB","SEX_T","CUR_TYPE_USD","2003",0.508,,"T30:95","R1:3513"
"PRY","BX:534","EAR_EHRM_SEX_CUR_NB","SEX_T","CUR_TYPE_LCU","2002",2884.616,"B","T30:95_I11:264","R1:3513"
"PRY","BX:534","EAR_EHRM_SEX_CUR_NB","SEX_T","CUR_TYPE_PPP","2002",1.987,"B","T30:95_I11:264","R1:3513"
"PRY","BX:534","EAR_EHRM_SEX_CUR_NB","SEX_T","CUR_TYPE_USD","2002",0.505,"B","T30:95_I11:264","R1:3513"
"PRY","BX:534","EAR_EHRM_SEX_CUR_NB","SEX_T","CUR_TYPE_LCU","2001",3288.644,"B","T30:95_I11:264","R1:3513"
"PRY","BX:534","EAR_EHRM_SEX_CUR_NB","SEX_T","CUR_TYPE_PPP","2001",2.464,"B","T30:95_I11:264","R1:3513"
"PRY","BX:534","EAR_EHRM_SEX_CUR_NB","SEX_T","CUR_TYPE_USD","2001",0.801,"B","T30:95_I11:264","R1:3513"
"PSE","BA:592","EAR_EHRM_SEX_CUR_NB","SEX_T","CUR_TYPE_LCU","2025",15.624,,"T30:157","R1:3513_S4:6333"
"PSE","BA:592","EAR_EHRM_SEX_CUR_NB","SEX_T","CUR_TYPE_LCU","2024",14.999,"B","T30:157_I11:264","R1:3513_S4:6333"
"PSE","BA:592","EAR_EHRM_SEX_CUR_NB","SEX_T","CUR_TYPE_LCU","2022",14.582,,"T30:157","R1:3513"
"PSE","BA:592","EAR_EHRM_SEX_CUR_NB","SEX_T","CUR_TYPE_LCU","2021",14.422,,"T30:157","R1:3513"
"PSE","BA:592","EAR_EHRM_SEX_CUR_NB","SEX_T","CUR_TYPE_LCU","2020",14.422,,"T30:157","R1:3513"
"PSE","BA:592","EAR_EHRM_SEX_CUR_NB","SEX_T","CUR_TYPE_LCU","2019",13.402,,"T30:157","R1:3513"
"PSE","BA:592","EAR_EHRM_SEX_CUR_NB","SEX_T","CUR_TYPE_LCU","2018",12.499,,"T30:157","R1:3513"
"PSE","BA:592","EAR_EHRM_SEX_CUR_NB","SEX_T","CUR_TYPE_LCU","2017",11.457,,"T30:157","R1:3513"
"PSE","BA:592","EAR_EHRM_SEX_CUR_NB","SEX_T","CUR_TYPE_LCU","2016",10.988,,"T30:157","R1:3513"
"PSE","BA:592","EAR_EHRM_SEX_CUR_NB","SEX_T","CUR_TYPE_LCU","2015",10.988,,"T30:157","R1:3513"
"RWA","BA:1590","EAR_EHRM_SEX_CUR_NB","SEX_T","CUR_TYPE_LCU","2024",400,,"T30:39","R1:3513"
"RWA","BA:1590","EAR_EHRM_SEX_CUR_NB","SEX_T","CUR_TYPE_PPP","2024",1.107,,"T30:39","R1:3513"
"RWA","BA:1590","EAR_EHRM_SEX_CUR_NB","SEX_T","CUR_TYPE_USD","2024",0.304,,"T30:39","R1:3513"
"RWA","BA:1590","EAR_EHRM_SEX_CUR_NB","SEX_T","CUR_TYPE_LCU","2023",277.778,,"T30:39","R1:3513"
"RWA","BA:1590","EAR_EHRM_SEX_CUR_NB","SEX_T","CUR_TYPE_PPP","2023",0.76,,"T30:39","R1:3513"
"RWA","BA:1590","EAR_EHRM_SEX_CUR_NB","SEX_T","CUR_TYPE_USD","2023",0.239,,"T30:39","R1:3513"
"RWA","BA:1590","EAR_EHRM_SEX_CUR_NB","SEX_T","CUR_TYPE_LCU","2022",250,,"T30:39","R1:3513"
"RWA","BA:1590","EAR_EHRM_SEX_CUR_NB","SEX_T","CUR_TYPE_PPP","2022",0.787,,"T30:39","R1:3513"
"RWA","BA:1590","EAR_EHRM_SEX_CUR_NB","SEX_T","CUR_TYPE_USD","2022",0.243,,"T30:39","R1:3513"
"RWA","BA:1590","EAR_EHRM_SEX_CUR_NB","SEX_T","CUR_TYPE_LCU","2021",250,,"T30:39","R1:3513"
"RWA","BA:1590","EAR_EHRM_SEX_CUR_NB","SEX_T","CUR_TYPE_PPP","2021",0.857,,"T30:39","R1:3513"
"RWA","BA:1590","EAR_EHRM_SEX_CUR_NB","SEX_T","CUR_TYPE_USD","2021",0.253,,"T30:39","R1:3513"
"RWA","BA:1590","EAR_EHRM_SEX_CUR_NB","SEX_T","CUR_TYPE_LCU","2017",200,"B","T30:39_I11:264","R1:3513"
"RWA","BA:1590","EAR_EHRM_SEX_CUR_NB","SEX_T","CUR_TYPE_PPP","2017",0.672,"B","T30:39_I11:264","R1:3513"
"RWA","BA:1590","EAR_EHRM_SEX_CUR_NB","SEX_T","CUR_TYPE_USD","2017",0.24,"B","T30:39_I11:264","R1:3513"
"RWA","BB:763","EAR_EHRM_SEX_CUR_NB","SEX_T","CUR_TYPE_LCU","2014",313.358,"B","T30:39_I11:264","R1:3513"
"RWA","BB:763","EAR_EHRM_SEX_CUR_NB","SEX_T","CUR_TYPE_PPP","2014",1.171,"B","T30:39_I11:264","R1:3513"
"RWA","BB:763","EAR_EHRM_SEX_CUR_NB","SEX_T","CUR_TYPE_USD","2014",0.459,"B","T30:39_I11:264","R1:3513"
"SDN","BA:1603","EAR_EHRM_SEX_CUR_NB","SEX_T","CUR_TYPE_LCU","2022",428.572,"B","T30:48_I11:264","R1:3513"
"SDN","BA:1603","EAR_EHRM_SEX_CUR_NB","SEX_T","CUR_TYPE_PPP","2022",1.911,"B","T30:48_I11:264","R1:3513"
"SDN","BA:1603","EAR_EHRM_SEX_CUR_NB","SEX_T","CUR_TYPE_USD","2022",0.784,"B","T30:48_I11:264","R1:3513"
"SEN","BA:13368","EAR_EHRM_SEX_CUR_NB","SEX_T","CUR_TYPE_LCU","2025",432.692,,"T30:42","R1:3513"
"SEN","BA:13368","EAR_EHRM_SEX_CUR_NB","SEX_T","CUR_TYPE_PPP","2025",1.91,,"T30:42","R1:3513"
"SEN","BA:13368","EAR_EHRM_SEX_CUR_NB","SEX_T","CUR_TYPE_USD","2025",0.744,,"T30:42","R1:3513"
"SEN","BA:13368","EAR_EHRM_SEX_CUR_NB","SEX_T","CUR_TYPE_LCU","2024",410.256,,"T30:42","R1:3513"
"SEN","BA:13368","EAR_EHRM_SEX_CUR_NB","SEX_T","CUR_TYPE_PPP","2024",1.789,,"T30:42","R1:3513"
"SEN","BA:13368","EAR_EHRM_SEX_CUR_NB","SEX_T","CUR_TYPE_USD","2024",0.677,,"T30:42","R1:3513"
"SEN","BA:13368","EAR_EHRM_SEX_CUR_NB","SEX_T","CUR_TYPE_LCU","2023",329.67,,"T30:42","R1:3513"
"SEN","BA:13368","EAR_EHRM_SEX_CUR_NB","SEX_T","CUR_TYPE_PPP","2023",1.408,,"T30:42","R1:3513"
"SEN","BA:13368","EAR_EHRM_SEX_CUR_NB","SEX_T","CUR_TYPE_USD","2023",0.543,,"T30:42","R1:3513"
"SEN","BA:13368","EAR_EHRM_SEX_CUR_NB","SEX_T","CUR_TYPE_LCU","2022",329.67,,"T30:42","R1:3513"
"SEN","BA:13368","EAR_EHRM_SEX_CUR_NB","SEX_T","CUR_TYPE_PPP","2022",1.433,,"T30:42","R1:3513"
"SEN","BA:13368","EAR_EHRM_SEX_CUR_NB","SEX_T","CUR_TYPE_USD","2022",0.528,,"T30:42","R1:3513"
"SEN","BA:13368","EAR_EHRM_SEX_CUR_NB","SEX_T","CUR_TYPE_LCU","2019",288.462,,"T30:42","R1:3513"
"SEN","BA:13368","EAR_EHRM_SEX_CUR_NB","SEX_T","CUR_TYPE_PPP","2019",1.24,,"T30:42","R1:3513"
"SEN","BA:13368","EAR_EHRM_SEX_CUR_NB","SEX_T","CUR_TYPE_USD","2019",0.492,,"T30:42","R1:3513"
"SLE","BX:15953","EAR_EHRM_SEX_CUR_NB","SEX_T","CUR_TYPE_LCU","2018",4059.513,,"T30:44","R1:3513"
"SLV","BX:461","EAR_EHRM_SEX_CUR_NB","SEX_T","CUR_TYPE_LCU","2025",2.233,,"T30:78","R1:3513"
"SLV","BX:461","EAR_EHRM_SEX_CUR_NB","SEX_T","CUR_TYPE_PPP","2025",4.763,,"T30:78","R1:3513"
"SLV","BX:461","EAR_EHRM_SEX_CUR_NB","SEX_T","CUR_TYPE_USD","2025",2.233,,"T30:78","R1:3513"
"SLV","BX:461","EAR_EHRM_SEX_CUR_NB","SEX_T","CUR_TYPE_LCU","2024",2.083,,"T30:78","R1:3513"
"SLV","BX:461","EAR_EHRM_SEX_CUR_NB","SEX_T","CUR_TYPE_PPP","2024",4.338,,"T30:78","R1:3513"
"SLV","BX:461","EAR_EHRM_SEX_CUR_NB","SEX_T","CUR_TYPE_USD","2024",2.083,,"T30:78","R1:3513"
"SLV","BX:461","EAR_EHRM_SEX_CUR_NB","SEX_T","CUR_TYPE_LCU","2023",1.98,,"T30:78","R1:3513"
"SLV","BX:461","EAR_EHRM_SEX_CUR_NB","SEX_T","CUR_TYPE_PPP","2023",4.04,,"T30:78","R1:3513"
"SLV","BX:461","EAR_EHRM_SEX_CUR_NB","SEX_T","CUR_TYPE_USD","2023",1.98,,"T30:78","R1:3513"
"SLV","BX:461","EAR_EHRM_SEX_CUR_NB","SEX_T","CUR_TYPE_LCU","2022",1.875,,"T30:78","R1:3513"
"SLV","BX:461","EAR_EHRM_SEX_CUR_NB","SEX_T","CUR_TYPE_PPP","2022",3.822,,"T30:78","R1:3513"
"SLV","BX:461","EAR_EHRM_SEX_CUR_NB","SEX_T","CUR_TYPE_USD","2022",1.875,,"T30:78","R1:3513"
"SLV","BX:461","EAR_EHRM_SEX_CUR_NB","SEX_T","CUR_TYPE_LCU","2021",1.667,,"T30:78","R1:3513"
"SLV","BX:461","EAR_EHRM_SEX_CUR_NB","SEX_T","CUR_TYPE_PPP","2021",3.372,,"T30:78","R1:3513"
"SLV","BX:461","EAR_EHRM_SEX_CUR_NB","SEX_T","CUR_TYPE_USD","2021",1.667,,"T30:78","R1:3513"
"SLV","BX:461","EAR_EHRM_SEX_CUR_NB","SEX_T","CUR_TYPE_LCU","2019",1.622,,"T30:78","R1:3513_T2:85"
"SLV","BX:461","EAR_EHRM_SEX_CUR_NB","SEX_T","CUR_TYPE_PPP","2019",3.218,,"T30:78","R1:3513_T2:85"
"SLV","BX:461","EAR_EHRM_SEX_CUR_NB","SEX_T","CUR_TYPE_USD","2019",1.622,,"T30:78","R1:3513_T2:85"
"SLV","BX:461","EAR_EHRM_SEX_CUR_NB","SEX_T","CUR_TYPE_LCU","2018",1.573,,"T30:78","R1:3513_T2:85"
"SLV","BX:461","EAR_EHRM_SEX_CUR_NB","SEX_T","CUR_TYPE_PPP","2018",3.057,,"T30:78","R1:3513_T2:85"
"SLV","BX:461","EAR_EHRM_SEX_CUR_NB","SEX_T","CUR_TYPE_USD","2018",1.573,,"T30:78","R1:3513_T2:85"
"SLV","BX:461","EAR_EHRM_SEX_CUR_NB","SEX_T","CUR_TYPE_LCU","2017",1.538,,"T30:78","R1:3513_T2:85"
"SLV","BX:461","EAR_EHRM_SEX_CUR_NB","SEX_T","CUR_TYPE_PPP","2017",2.933,,"T30:78","R1:3513_T2:85"
"SLV","BX:461","EAR_EHRM_SEX_CUR_NB","SEX_T","CUR_TYPE_USD","2017",1.538,,"T30:78","R1:3513_T2:85"
"SLV","BX:461","EAR_EHRM_SEX_CUR_NB","SEX_T","CUR_TYPE_LCU","2016",1.4,,"T30:78","R1:3513_T2:85"
"SLV","BX:461","EAR_EHRM_SEX_CUR_NB","SEX_T","CUR_TYPE_PPP","2016",2.693,,"T30:78","R1:3513_T2:85"
"SLV","BX:461","EAR_EHRM_SEX_CUR_NB","SEX_T","CUR_TYPE_USD","2016",1.4,,"T30:78","R1:3513_T2:85"
"SLV","BX:461","EAR_EHRM_SEX_CUR_NB","SEX_T","CUR_TYPE_LCU","2015",1.346,,"T30:78","R1:3513_T2:85"
"SLV","BX:461","EAR_EHRM_SEX_CUR_NB","SEX_T","CUR_TYPE_PPP","2015",2.574,,"T30:78","R1:3513_T2:85"
"SLV","BX:461","EAR_EHRM_SEX_CUR_NB","SEX_T","CUR_TYPE_USD","2015",1.346,,"T30:78","R1:3513_T2:85"
"SLV","BX:461","EAR_EHRM_SEX_CUR_NB","SEX_T","CUR_TYPE_LCU","2014",1.316,,"T30:78","R1:3513_T2:85"
"SLV","BX:461","EAR_EHRM_SEX_CUR_NB","SEX_T","CUR_TYPE_PPP","2014",2.487,,"T30:78","R1:3513_T2:85"
"SLV","BX:461","EAR_EHRM_SEX_CUR_NB","SEX_T","CUR_TYPE_USD","2014",1.316,,"T30:78","R1:3513_T2:85"
"SLV","BX:461","EAR_EHRM_SEX_CUR_NB","SEX_T","CUR_TYPE_LCU","2013",1.291,,"T30:78","R1:3513_T2:85"
"SLV","BX:461","EAR_EHRM_SEX_CUR_NB","SEX_T","CUR_TYPE_PPP","2013",2.444,,"T30:78","R1:3513_T2:85"
"SLV","BX:461","EAR_EHRM_SEX_CUR_NB","SEX_T","CUR_TYPE_USD","2013",1.291,,"T30:78","R1:3513_T2:85"
"SLV","BX:461","EAR_EHRM_SEX_CUR_NB","SEX_T","CUR_TYPE_LCU","2012",1.231,,"T30:78","R1:3513_T2:85"
"SLV","BX:461","EAR_EHRM_SEX_CUR_NB","SEX_T","CUR_TYPE_PPP","2012",2.366,,"T30:78","R1:3513_T2:85"
"SLV","BX:461","EAR_EHRM_SEX_CUR_NB","SEX_T","CUR_TYPE_USD","2012",1.231,,"T30:78","R1:3513_T2:85"
"SLV","BX:461","EAR_EHRM_SEX_CUR_NB","SEX_T","CUR_TYPE_LCU","2011",1.154,,"T30:78","R1:3513_T2:85"
"SLV","BX:461","EAR_EHRM_SEX_CUR_NB","SEX_T","CUR_TYPE_PPP","2011",2.148,,"T30:78","R1:3513_T2:85"
"SLV","BX:461","EAR_EHRM_SEX_CUR_NB","SEX_T","CUR_TYPE_USD","2011",1.154,,"T30:78","R1:3513_T2:85"
"SLV","BX:461","EAR_EHRM_SEX_CUR_NB","SEX_T","CUR_TYPE_LCU","2010",1.146,"B","T30:78_I11:264","R1:3513_T2:85"
"SLV","BX:461","EAR_EHRM_SEX_CUR_NB","SEX_T","CUR_TYPE_PPP","2010",2.174,"B","T30:78_I11:264","R1:3513_T2:85"
"SLV","BX:461","EAR_EHRM_SEX_CUR_NB","SEX_T","CUR_TYPE_USD","2010",1.146,"B","T30:78_I11:264","R1:3513_T2:85"
"SOM","BB:16925","EAR_EHRM_SEX_CUR_NB","SEX_T","CUR_TYPE_LCU","2022",1.846,,"T30:405","R1:3513"
"SWZ","BA:1672","EAR_EHRM_SEX_CUR_NB","SEX_T","CUR_TYPE_LCU","2023",15.577,,"T30:49","R1:3513"
"SWZ","BA:1672","EAR_EHRM_SEX_CUR_NB","SEX_T","CUR_TYPE_USD","2023",0.844,,"T30:49","R1:3513"
"SWZ","BA:1672","EAR_EHRM_SEX_CUR_NB","SEX_T","CUR_TYPE_LCU","2021",13.461,,"T30:49","R1:3513"
"SWZ","BA:1672","EAR_EHRM_SEX_CUR_NB","SEX_T","CUR_TYPE_PPP","2021",2.175,,"T30:49","R1:3513"
"SWZ","BA:1672","EAR_EHRM_SEX_CUR_NB","SEX_T","CUR_TYPE_USD","2021",0.911,,"T30:49","R1:3513"
"SWZ","BA:1672","EAR_EHRM_SEX_CUR_NB","SEX_T","CUR_TYPE_LCU","2016",11.539,,"T30:49","R1:3513"
"SWZ","BA:1672","EAR_EHRM_SEX_CUR_NB","SEX_T","CUR_TYPE_PPP","2016",2.002,,"T30:49","R1:3513"
"SWZ","BA:1672","EAR_EHRM_SEX_CUR_NB","SEX_T","CUR_TYPE_USD","2016",0.784,,"T30:49","R1:3513"
"THA","BA:741","EAR_EHRM_SEX_CUR_NB","SEX_T","CUR_TYPE_LCU","2025",66.347,,"T30:151","R1:3513"
"THA","BA:741","EAR_EHRM_SEX_CUR_NB","SEX_T","CUR_TYPE_PPP","2025",6.255,,"T30:151","R1:3513"
"THA","BA:741","EAR_EHRM_SEX_CUR_NB","SEX_T","CUR_TYPE_USD","2025",2.018,,"T30:151","R1:3513"
"THA","BA:741","EAR_EHRM_SEX_CUR_NB","SEX_T","CUR_TYPE_LCU","2024",65.312,,"T30:151","R1:3513"
"THA","BA:741","EAR_EHRM_SEX_CUR_NB","SEX_T","CUR_TYPE_PPP","2024",5.988,,"T30:151","R1:3513"
"THA","BA:741","EAR_EHRM_SEX_CUR_NB","SEX_T","CUR_TYPE_USD","2024",1.851,,"T30:151","R1:3513"
"THA","BA:741","EAR_EHRM_SEX_CUR_NB","SEX_T","CUR_TYPE_LCU","2023",65.934,,"T30:151","R1:3513"
"THA","BA:741","EAR_EHRM_SEX_CUR_NB","SEX_T","CUR_TYPE_PPP","2023",5.895,,"T30:151","R1:3513"
"THA","BA:741","EAR_EHRM_SEX_CUR_NB","SEX_T","CUR_TYPE_USD","2023",1.895,,"T30:151","R1:3513"
"THA","BA:741","EAR_EHRM_SEX_CUR_NB","SEX_T","CUR_TYPE_LCU","2022",63.173,,"T30:151","R1:3513"
"THA","BA:741","EAR_EHRM_SEX_CUR_NB","SEX_T","CUR_TYPE_PPP","2022",5.492,,"T30:151","R1:3513"
"THA","BA:741","EAR_EHRM_SEX_CUR_NB","SEX_T","CUR_TYPE_USD","2022",1.802,,"T30:151","R1:3513"
"THA","BA:741","EAR_EHRM_SEX_CUR_NB","SEX_T","CUR_TYPE_LCU","2021",60.096,,"T30:151","R1:3513"
"THA","BA:741","EAR_EHRM_SEX_CUR_NB","SEX_T","CUR_TYPE_PPP","2021",5.131,,"T30:151","R1:3513"
"THA","BA:741","EAR_EHRM_SEX_CUR_NB","SEX_T","CUR_TYPE_USD","2021",1.879,,"T30:151","R1:3513"
"THA","BA:741","EAR_EHRM_SEX_CUR_NB","SEX_T","CUR_TYPE_LCU","2020",57.692,,"T30:151","R1:3513"
"THA","BA:741","EAR_EHRM_SEX_CUR_NB","SEX_T","CUR_TYPE_PPP","2020",4.813,,"T30:151","R1:3513"
"THA","BA:741","EAR_EHRM_SEX_CUR_NB","SEX_T","CUR_TYPE_USD","2020",1.844,,"T30:151","R1:3513"
"THA","BA:741","EAR_EHRM_SEX_CUR_NB","SEX_T","CUR_TYPE_LCU","2019",57.692,,"T30:151","R1:3513"
"THA","BA:741","EAR_EHRM_SEX_CUR_NB","SEX_T","CUR_TYPE_PPP","2019",4.714,,"T30:151","R1:3513"
"THA","BA:741","EAR_EHRM_SEX_CUR_NB","SEX_T","CUR_TYPE_USD","2019",1.858,,"T30:151","R1:3513"
"THA","BA:741","EAR_EHRM_SEX_CUR_NB","SEX_T","CUR_TYPE_LCU","2018",57.692,,"T30:151","R1:3513"
"THA","BA:741","EAR_EHRM_SEX_CUR_NB","SEX_T","CUR_TYPE_PPP","2018",4.656,,"T30:151","R1:3513"
"THA","BA:741","EAR_EHRM_SEX_CUR_NB","SEX_T","CUR_TYPE_USD","2018",1.786,,"T30:151","R1:3513"
"THA","BA:741","EAR_EHRM_SEX_CUR_NB","SEX_T","CUR_TYPE_LCU","2017",55.554,,"T30:151","R1:3513"
"THA","BA:741","EAR_EHRM_SEX_CUR_NB","SEX_T","CUR_TYPE_PPP","2017",4.427,,"T30:151","R1:3513"
"THA","BA:741","EAR_EHRM_SEX_CUR_NB","SEX_T","CUR_TYPE_USD","2017",1.637,,"T30:151","R1:3513"
"THA","BA:741","EAR_EHRM_SEX_CUR_NB","SEX_T","CUR_TYPE_LCU","2016",54.615,,"T30:151","R1:3513"
"THA","BA:741","EAR_EHRM_SEX_CUR_NB","SEX_T","CUR_TYPE_PPP","2016",4.382,,"T30:151","R1:3513"
"THA","BA:741","EAR_EHRM_SEX_CUR_NB","SEX_T","CUR_TYPE_USD","2016",1.547,,"T30:151","R1:3513"
"THA","BA:741","EAR_EHRM_SEX_CUR_NB","SEX_T","CUR_TYPE_LCU","2015",43.269,,"T30:151","R1:3513"
"THA","BA:741","EAR_EHRM_SEX_CUR_NB","SEX_T","CUR_TYPE_PPP","2015",3.462,,"T30:151","R1:3513"
"THA","BA:741","EAR_EHRM_SEX_CUR_NB","SEX_T","CUR_TYPE_USD","2015",1.263,,"T30:151","R1:3513"
"THA","BA:741","EAR_EHRM_SEX_CUR_NB","SEX_T","CUR_TYPE_LCU","2014",51.442,,"T30:151","R1:3513"
"THA","BA:741","EAR_EHRM_SEX_CUR_NB","SEX_T","CUR_TYPE_PPP","2014",4.074,,"T30:151","R1:3513"
"THA","BA:741","EAR_EHRM_SEX_CUR_NB","SEX_T","CUR_TYPE_USD","2014",1.584,,"T30:151","R1:3513"
"TJK","BB:2229","EAR_EHRM_SEX_CUR_NB","SEX_T","CUR_TYPE_LCU","2009",1.243,,"T30:150","R1:3513"
"TJK","BB:2229","EAR_EHRM_SEX_CUR_NB","SEX_T","CUR_TYPE_PPP","2009",0.794,,"T30:150","R1:3513"
"TJK","BB:2229","EAR_EHRM_SEX_CUR_NB","SEX_T","CUR_TYPE_USD","2009",0.3,,"T30:150","R1:3513"
"TJK","BB:2229","EAR_EHRM_SEX_CUR_NB","SEX_T","CUR_TYPE_LCU","2007",0.742,,"T30:150","R1:3513"
"TJK","BB:2229","EAR_EHRM_SEX_CUR_NB","SEX_T","CUR_TYPE_PPP","2007",0.587,,"T30:150","R1:3513"
"TJK","BB:2229","EAR_EHRM_SEX_CUR_NB","SEX_T","CUR_TYPE_USD","2007",0.216,,"T30:150","R1:3513"
"TJK","BB:2229","EAR_EHRM_SEX_CUR_NB","SEX_T","CUR_TYPE_LCU","2003",0.115,,"T30:150","R1:3513"
"TJK","BB:2229","EAR_EHRM_SEX_CUR_NB","SEX_T","CUR_TYPE_PPP","2003",0.116,,"T30:150","R1:3513"
"TJK","BB:2229","EAR_EHRM_SEX_CUR_NB","SEX_T","CUR_TYPE_USD","2003",0.038,,"T30:150","R1:3513"
"TKL","BB:16122","EAR_EHRM_SEX_CUR_NB","SEX_T","CUR_TYPE_LCU","2016",3.549,,"T30:230","R1:3513"
"TLS","BA:3050","EAR_EHRM_SEX_CUR_NB","SEX_T","CUR_TYPE_LCU","2021",1.346,,"T30:152","R1:3513"
"TLS","BA:3050","EAR_EHRM_SEX_CUR_NB","SEX_T","CUR_TYPE_PPP","2021",3.022,,"T30:152","R1:3513"
"TLS","BA:3050","EAR_EHRM_SEX_CUR_NB","SEX_T","CUR_TYPE_USD","2021",1.346,,"T30:152","R1:3513"
"TLS","BA:3050","EAR_EHRM_SEX_CUR_NB","SEX_T","CUR_TYPE_LCU","2016",1.442,,"T30:152","R1:3513"
"TLS","BA:3050","EAR_EHRM_SEX_CUR_NB","SEX_T","CUR_TYPE_PPP","2016",3.444,,"T30:152","R1:3513"
"TLS","BA:3050","EAR_EHRM_SEX_CUR_NB","SEX_T","CUR_TYPE_USD","2016",1.442,,"T30:152","R1:3513"
"TLS","BA:3050","EAR_EHRM_SEX_CUR_NB","SEX_T","CUR_TYPE_LCU","2013",1.25,"B","T30:152_I11:264","R1:3513"
"TLS","BA:3050","EAR_EHRM_SEX_CUR_NB","SEX_T","CUR_TYPE_PPP","2013",2.371,"B","T30:152_I11:264","R1:3513"
"TLS","BA:3050","EAR_EHRM_SEX_CUR_NB","SEX_T","CUR_TYPE_USD","2013",1.25,"B","T30:152_I11:264","R1:3513"
"TLS","BA:3050","EAR_EHRM_SEX_CUR_NB","SEX_T","CUR_TYPE_LCU","2010",0.798,"B","T30:152_I11:264","R1:3513"
"TLS","BA:3050","EAR_EHRM_SEX_CUR_NB","SEX_T","CUR_TYPE_PPP","2010",1.749,"B","T30:152_I11:264","R1:3513"
"TLS","BA:3050","EAR_EHRM_SEX_CUR_NB","SEX_T","CUR_TYPE_USD","2010",0.798,"B","T30:152_I11:264","R1:3513"
"TLS","BB:7029","EAR_EHRM_SEX_CUR_NB","SEX_T","CUR_TYPE_LCU","2007",0.721,,"T30:152","R1:3513"
"TLS","BB:7029","EAR_EHRM_SEX_CUR_NB","SEX_T","CUR_TYPE_PPP","2007",1.762,,"T30:152","R1:3513"
"TLS","BB:7029","EAR_EHRM_SEX_CUR_NB","SEX_T","CUR_TYPE_USD","2007",0.721,,"T30:152","R1:3513"
"TLS","BB:7029","EAR_EHRM_SEX_CUR_NB","SEX_T","CUR_TYPE_LCU","2001",7035.615,,"T30:349","R1:3513"
"TON","BA:1712","EAR_EHRM_SEX_CUR_NB","SEX_T","CUR_TYPE_LCU","2023",8.333,,"T30:231","R1:3513"
"TON","BA:1712","EAR_EHRM_SEX_CUR_NB","SEX_T","CUR_TYPE_PPP","2023",4.576,,"T30:231","R1:3513"
"TON","BA:1712","EAR_EHRM_SEX_CUR_NB","SEX_T","CUR_TYPE_USD","2023",3.526,,"T30:231","R1:3513"
"TON","BB:16119","EAR_EHRM_SEX_CUR_NB","SEX_T","CUR_TYPE_LCU","2021",5.769,,"T30:231","R1:3513"
"TON","BB:16119","EAR_EHRM_SEX_CUR_NB","SEX_T","CUR_TYPE_PPP","2021",3.324,,"T30:231","R1:3513"
"TON","BB:16119","EAR_EHRM_SEX_CUR_NB","SEX_T","CUR_TYPE_USD","2021",2.547,,"T30:231","R1:3513"
"TON","BA:1712","EAR_EHRM_SEX_CUR_NB","SEX_T","CUR_TYPE_LCU","2018",6.25,"B","T30:231_I11:264","R1:3513"
"TON","BA:1712","EAR_EHRM_SEX_CUR_NB","SEX_T","CUR_TYPE_PPP","2018",3.555,"B","T30:231_I11:264","R1:3513"
"TON","BA:1712","EAR_EHRM_SEX_CUR_NB","SEX_T","CUR_TYPE_USD","2018",2.795,"B","T30:231_I11:264","R1:3513"
"TUN","BA:743","EAR_EHRM_SEX_CUR_NB","SEX_T","CUR_TYPE_LCU","2019",3.106,,"T30:55","R1:3513_S3:9"
"TUN","BA:743","EAR_EHRM_SEX_CUR_NB","SEX_T","CUR_TYPE_PPP","2019",3.787,,"T30:55","R1:3513_S3:9"
"TUN","BA:743","EAR_EHRM_SEX_CUR_NB","SEX_T","CUR_TYPE_USD","2019",1.059,,"T30:55","R1:3513_S3:9"
"TUR","BA:622","EAR_EHRM_SEX_CUR_NB","SEX_T","CUR_TYPE_LCU","2025",168.269,,"T30:208","R1:3513"
"TUR","BA:622","EAR_EHRM_SEX_CUR_NB","SEX_T","CUR_TYPE_PPP","2025",9.483,,"T30:208","R1:3513"
"TUR","BA:622","EAR_EHRM_SEX_CUR_NB","SEX_T","CUR_TYPE_USD","2025",4.265,,"T30:208","R1:3513"
"TUR","BA:622","EAR_EHRM_SEX_CUR_NB","SEX_T","CUR_TYPE_LCU","2024",115.385,,"T30:208","R1:3513"
"TUR","BA:622","EAR_EHRM_SEX_CUR_NB","SEX_T","CUR_TYPE_PPP","2024",9.193,,"T30:208","R1:3513"
"TUR","BA:622","EAR_EHRM_SEX_CUR_NB","SEX_T","CUR_TYPE_USD","2024",3.517,,"T30:208","R1:3513"
"TUR","BA:622","EAR_EHRM_SEX_CUR_NB","SEX_T","CUR_TYPE_LCU","2023",59.615,,"T30:208","R1:3513"
"TUR","BA:622","EAR_EHRM_SEX_CUR_NB","SEX_T","CUR_TYPE_PPP","2023",7.746,,"T30:208","R1:3513"
"TUR","BA:622","EAR_EHRM_SEX_CUR_NB","SEX_T","CUR_TYPE_USD","2023",2.511,,"T30:208","R1:3513"
"TUR","BA:622","EAR_EHRM_SEX_CUR_NB","SEX_T","CUR_TYPE_LCU","2022",28.205,,"T30:208","R1:3513"
"TUR","BA:622","EAR_EHRM_SEX_CUR_NB","SEX_T","CUR_TYPE_PPP","2022",5.8,,"T30:208","R1:3513"
"TUR","BA:622","EAR_EHRM_SEX_CUR_NB","SEX_T","CUR_TYPE_USD","2022",1.704,,"T30:208","R1:3513"
"TUR","BA:622","EAR_EHRM_SEX_CUR_NB","SEX_T","CUR_TYPE_LCU","2021",16.827,,"T30:208","R1:3513"
"TUR","BA:622","EAR_EHRM_SEX_CUR_NB","SEX_T","CUR_TYPE_PPP","2021",5.47,,"T30:208","R1:3513"
"TUR","BA:622","EAR_EHRM_SEX_CUR_NB","SEX_T","CUR_TYPE_USD","2021",1.901,,"T30:208","R1:3513"
"TUR","BA:622","EAR_EHRM_SEX_CUR_NB","SEX_T","CUR_TYPE_LCU","2020",14.423,,"T30:208","R1:3513"
"TUR","BA:622","EAR_EHRM_SEX_CUR_NB","SEX_T","CUR_TYPE_PPP","2020",5.688,,"T30:208","R1:3513"
"TUR","BA:622","EAR_EHRM_SEX_CUR_NB","SEX_T","CUR_TYPE_USD","2020",2.058,,"T30:208","R1:3513"
"TUR","BA:622","EAR_EHRM_SEX_CUR_NB","SEX_T","CUR_TYPE_LCU","2019",11.654,,"T30:208","R1:3513"
"TUR","BA:622","EAR_EHRM_SEX_CUR_NB","SEX_T","CUR_TYPE_PPP","2019",5.444,,"T30:208","R1:3513"
"TUR","BA:622","EAR_EHRM_SEX_CUR_NB","SEX_T","CUR_TYPE_USD","2019",2.054,,"T30:208","R1:3513"
"TUR","BA:622","EAR_EHRM_SEX_CUR_NB","SEX_T","CUR_TYPE_LCU","2018",9.615,,"T30:208","R1:3513"
"TUR","BA:622","EAR_EHRM_SEX_CUR_NB","SEX_T","CUR_TYPE_PPP","2018",4.979,,"T30:208","R1:3513"
"TUR","BA:622","EAR_EHRM_SEX_CUR_NB","SEX_T","CUR_TYPE_USD","2018",1.991,,"T30:208","R1:3513"
"TUR","BA:622","EAR_EHRM_SEX_CUR_NB","SEX_T","CUR_TYPE_LCU","2017",8.1,,"T30:208","R1:3513"
"TUR","BA:622","EAR_EHRM_SEX_CUR_NB","SEX_T","CUR_TYPE_PPP","2017",4.743,,"T30:208","R1:3513"
"TUR","BA:622","EAR_EHRM_SEX_CUR_NB","SEX_T","CUR_TYPE_USD","2017",2.22,,"T30:208","R1:3513"
"TUR","BA:622","EAR_EHRM_SEX_CUR_NB","SEX_T","CUR_TYPE_LCU","2016",7.5,,"T30:208","R1:3513"
"TUR","BA:622","EAR_EHRM_SEX_CUR_NB","SEX_T","CUR_TYPE_PPP","2016",4.823,,"T30:208","R1:3513"
"TUR","BA:622","EAR_EHRM_SEX_CUR_NB","SEX_T","CUR_TYPE_USD","2016",2.483,,"T30:208","R1:3513"
"TUR","BA:622","EAR_EHRM_SEX_CUR_NB","SEX_T","CUR_TYPE_LCU","2015",6.082,,"T30:208","R1:3513"
"TUR","BA:622","EAR_EHRM_SEX_CUR_NB","SEX_T","CUR_TYPE_PPP","2015",4.207,,"T30:208","R1:3513"
"TUR","BA:622","EAR_EHRM_SEX_CUR_NB","SEX_T","CUR_TYPE_USD","2015",2.236,,"T30:208","R1:3513"
"TUR","BA:622","EAR_EHRM_SEX_CUR_NB","SEX_T","CUR_TYPE_LCU","2014",5.481,,"T30:208","R1:3513"
"TUR","BA:622","EAR_EHRM_SEX_CUR_NB","SEX_T","CUR_TYPE_PPP","2014",4.003,,"T30:208","R1:3513"
"TUR","BA:622","EAR_EHRM_SEX_CUR_NB","SEX_T","CUR_TYPE_USD","2014",2.504,,"T30:208","R1:3513"
"TUR","BA:622","EAR_EHRM_SEX_CUR_NB","SEX_T","CUR_TYPE_LCU","2013",4.853,,"T30:208","R1:3513"
"TUR","BA:622","EAR_EHRM_SEX_CUR_NB","SEX_T","CUR_TYPE_PPP","2013",3.74,,"T30:208","R1:3513"
"TUR","BA:622","EAR_EHRM_SEX_CUR_NB","SEX_T","CUR_TYPE_USD","2013",2.549,,"T30:208","R1:3513"
"TUR","BA:622","EAR_EHRM_SEX_CUR_NB","SEX_T","CUR_TYPE_LCU","2012",4.327,,"T30:208","R1:3513"
"TUR","BA:622","EAR_EHRM_SEX_CUR_NB","SEX_T","CUR_TYPE_PPP","2012",3.517,,"T30:208","R1:3513"
"TUR","BA:622","EAR_EHRM_SEX_CUR_NB","SEX_T","CUR_TYPE_USD","2012",2.409,,"T30:208","R1:3513"
"TUR","BA:622","EAR_EHRM_SEX_CUR_NB","SEX_T","CUR_TYPE_LCU","2011",3.923,,"T30:208","R1:3513"
"TUR","BA:622","EAR_EHRM_SEX_CUR_NB","SEX_T","CUR_TYPE_PPP","2011",3.417,,"T30:208","R1:3513"
"TUR","BA:622","EAR_EHRM_SEX_CUR_NB","SEX_T","CUR_TYPE_USD","2011",2.342,,"T30:208","R1:3513"
"TUR","BA:622","EAR_EHRM_SEX_CUR_NB","SEX_T","CUR_TYPE_LCU","2010",3.631,,"T30:208","R1:3513"
"TUR","BA:622","EAR_EHRM_SEX_CUR_NB","SEX_T","CUR_TYPE_PPP","2010",3.258,,"T30:208","R1:3513"
"TUR","BA:622","EAR_EHRM_SEX_CUR_NB","SEX_T","CUR_TYPE_USD","2010",2.416,,"T30:208","R1:3513"
"TUR","BA:622","EAR_EHRM_SEX_CUR_NB","SEX_T","CUR_TYPE_LCU","2009",3.297,,"T30:208","R1:3513"
"TUR","BA:622","EAR_EHRM_SEX_CUR_NB","SEX_T","CUR_TYPE_PPP","2009",3.037,,"T30:208","R1:3513"
"TUR","BA:622","EAR_EHRM_SEX_CUR_NB","SEX_T","CUR_TYPE_USD","2009",2.127,,"T30:208","R1:3513"
"TUR","BA:622","EAR_EHRM_SEX_CUR_NB","SEX_T","CUR_TYPE_LCU","2008",3.058,,"T30:351","R1:3513"
"TUR","BA:622","EAR_EHRM_SEX_CUR_NB","SEX_T","CUR_TYPE_LCU","2007",2.769,,"T30:351","R1:3513"
"TUR","BA:622","EAR_EHRM_SEX_CUR_NB","SEX_T","CUR_TYPE_LCU","2006",2.308,,"T30:351","R1:3513"
"TUR","BA:622","EAR_EHRM_SEX_CUR_NB","SEX_T","CUR_TYPE_LCU","2005",2.06,,"T30:351","R1:3513"
"TZA","BA:1743","EAR_EHRM_SEX_CUR_NB","SEX_T","CUR_TYPE_LCU","2025",1538.462,,"T30:50","R1:3513"
"TZA","BA:1743","EAR_EHRM_SEX_CUR_NB","SEX_T","CUR_TYPE_PPP","2025",2.326,,"T30:50","R1:3513"
"TZA","BA:1743","EAR_EHRM_SEX_CUR_NB","SEX_T","CUR_TYPE_LCU","2024",1299.501,"B","T30:50_I11:264","R1:3513"
"TZA","BA:1743","EAR_EHRM_SEX_CUR_NB","SEX_T","CUR_TYPE_PPP","2024",1.976,"B","T30:50_I11:264","R1:3513"
"TZA","BA:1743","EAR_EHRM_SEX_CUR_NB","SEX_T","CUR_TYPE_USD","2024",0.5,"B","T30:50_I11:264","R1:3513"
"TZA","BA:1743","EAR_EHRM_SEX_CUR_NB","SEX_T","CUR_TYPE_LCU","2020",1360.024,"B","T30:50_I11:264","R1:3513"
"TZA","BA:1743","EAR_EHRM_SEX_CUR_NB","SEX_T","CUR_TYPE_PPP","2020",1.958,"B","T30:50_I11:264","R1:3513"
"TZA","BA:1743","EAR_EHRM_SEX_CUR_NB","SEX_T","CUR_TYPE_USD","2020",0.593,"B","T30:50_I11:264","R1:3513"
"TZA","BB:2542","EAR_EHRM_SEX_CUR_NB","SEX_T","CUR_TYPE_LCU","2014",918.952,,"T30:50","R1:3513"
"TZA","BB:2542","EAR_EHRM_SEX_CUR_NB","SEX_T","CUR_TYPE_PPP","2014",1.28,,"T30:50","R1:3513"
"TZA","BB:2542","EAR_EHRM_SEX_CUR_NB","SEX_T","CUR_TYPE_USD","2014",0.556,,"T30:50","R1:3513"
"TZA","BB:2542","EAR_EHRM_SEX_CUR_NB","SEX_T","CUR_TYPE_LCU","2012",660.071,,"T30:50","R1:3513"
"TZA","BB:2542","EAR_EHRM_SEX_CUR_NB","SEX_T","CUR_TYPE_PPP","2012",1.032,,"T30:50","R1:3513"
"TZA","BB:2542","EAR_EHRM_SEX_CUR_NB","SEX_T","CUR_TYPE_USD","2012",0.42,,"T30:50","R1:3513"
"TZA","BB:2542","EAR_EHRM_SEX_CUR_NB","SEX_T","CUR_TYPE_LCU","2010",549.451,,"T30:50","R1:3513"
"TZA","BB:2542","EAR_EHRM_SEX_CUR_NB","SEX_T","CUR_TYPE_PPP","2010",1.019,,"T30:50","R1:3513"
"TZA","BB:2542","EAR_EHRM_SEX_CUR_NB","SEX_T","CUR_TYPE_USD","2010",0.394,,"T30:50","R1:3513"
"TZA","BA:1743","EAR_EHRM_SEX_CUR_NB","SEX_T","CUR_TYPE_LCU","2006",251.748,"B","T30:50_I11:264","R1:3513"
"TZA","BA:1743","EAR_EHRM_SEX_CUR_NB","SEX_T","CUR_TYPE_PPP","2006",0.607,"B","T30:50_I11:264","R1:3513"
"TZA","BA:1743","EAR_EHRM_SEX_CUR_NB","SEX_T","CUR_TYPE_USD","2006",0.201,"B","T30:50_I11:264","R1:3513"
"TZA","BA:1743","EAR_EHRM_SEX_CUR_NB","SEX_T","CUR_TYPE_LCU","2001",173.077,"B","T30:50_I11:264","R1:3513"
"TZA","BA:1743","EAR_EHRM_SEX_CUR_NB","SEX_T","CUR_TYPE_PPP","2001",0.48,"B","T30:50_I11:264","R1:3513"
"TZA","BA:1743","EAR_EHRM_SEX_CUR_NB","SEX_T","CUR_TYPE_USD","2001",0.198,"B","T30:50_I11:264","R1:3513"
"UGA","BA:13047","EAR_EHRM_SEX_CUR_NB","SEX_T","CUR_TYPE_LCU","2021",1142.857,,"T30:56","R1:3513"
"UGA","BA:13047","EAR_EHRM_SEX_CUR_NB","SEX_T","CUR_TYPE_PPP","2021",0.869,,"T30:56","R1:3513"
"UGA","BA:13047","EAR_EHRM_SEX_CUR_NB","SEX_T","CUR_TYPE_USD","2021",0.319,,"T30:56","R1:3513"
"UGA","BB:268","EAR_EHRM_SEX_CUR_NB","SEX_T","CUR_TYPE_LCU","2019",1236.264,,"T30:56","R1:3513"
"UGA","BB:268","EAR_EHRM_SEX_CUR_NB","SEX_T","CUR_TYPE_PPP","2019",0.966,,"T30:56","R1:3513"
"UGA","BB:268","EAR_EHRM_SEX_CUR_NB","SEX_T","CUR_TYPE_USD","2019",0.334,,"T30:56","R1:3513"
"UGA","BA:13047","EAR_EHRM_SEX_CUR_NB","SEX_T","CUR_TYPE_LCU","2017",1068.376,"B","T30:56_I11:264","R1:3513"
"UGA","BA:13047","EAR_EHRM_SEX_CUR_NB","SEX_T","CUR_TYPE_PPP","2017",0.876,"B","T30:56_I11:264","R1:3513"
"UGA","BA:13047","EAR_EHRM_SEX_CUR_NB","SEX_T","CUR_TYPE_USD","2017",0.296,"B","T30:56_I11:264","R1:3513"
"UGA","BB:268","EAR_EHRM_SEX_CUR_NB","SEX_T","CUR_TYPE_LCU","2014",2097.902,,"T30:56","R1:3513"
"UGA","BB:268","EAR_EHRM_SEX_CUR_NB","SEX_T","CUR_TYPE_PPP","2014",1.942,,"T30:56","R1:3513"
"UGA","BB:268","EAR_EHRM_SEX_CUR_NB","SEX_T","CUR_TYPE_USD","2014",0.807,,"T30:56","R1:3513"
"UGA","BA:13047","EAR_EHRM_SEX_CUR_NB","SEX_T","CUR_TYPE_LCU","2012",801.282,"B","T30:56_I11:264","R1:3513"
"UGA","BA:13047","EAR_EHRM_SEX_CUR_NB","SEX_T","CUR_TYPE_PPP","2012",0.788,"B","T30:56_I11:264","R1:3513"
"UGA","BA:13047","EAR_EHRM_SEX_CUR_NB","SEX_T","CUR_TYPE_USD","2012",0.32,"B","T30:56_I11:264","R1:3513"
"UGA","BB:268","EAR_EHRM_SEX_CUR_NB","SEX_T","CUR_TYPE_LCU","2011",1440.188,,"T30:56","R1:3513"
"UGA","BB:268","EAR_EHRM_SEX_CUR_NB","SEX_T","CUR_TYPE_PPP","2011",1.525,,"T30:56","R1:3513"
"UGA","BB:268","EAR_EHRM_SEX_CUR_NB","SEX_T","CUR_TYPE_USD","2011",0.571,,"T30:56","R1:3513"
"UGA","BB:268","EAR_EHRM_SEX_CUR_NB","SEX_T","CUR_TYPE_LCU","2010",1107.692,,"T30:56","R1:3513"
"UGA","BB:268","EAR_EHRM_SEX_CUR_NB","SEX_T","CUR_TYPE_PPP","2010",1.326,,"T30:56","R1:3513"
"UGA","BB:268","EAR_EHRM_SEX_CUR_NB","SEX_T","CUR_TYPE_USD","2010",0.509,,"T30:56","R1:3513"
"URY","BA:16753","EAR_EHRM_SEX_CUR_NB","SEX_T","CUR_TYPE_LCU","2024",230.769,,"T30:106","R1:3513"
"URY","BA:16753","EAR_EHRM_SEX_CUR_NB","SEX_T","CUR_TYPE_PPP","2024",7.877,,"T30:106","R1:3513"
"URY","BA:16753","EAR_EHRM_SEX_CUR_NB","SEX_T","CUR_TYPE_USD","2024",5.739,,"T30:106","R1:3513"
"URY","BA:16753","EAR_EHRM_SEX_CUR_NB","SEX_T","CUR_TYPE_LCU","2023",215.385,,"T30:106","R1:3513"
"URY","BA:16753","EAR_EHRM_SEX_CUR_NB","SEX_T","CUR_TYPE_PPP","2023",7.487,,"T30:106","R1:3513"
"URY","BA:16753","EAR_EHRM_SEX_CUR_NB","SEX_T","CUR_TYPE_USD","2023",5.548,,"T30:106","R1:3513"
"URY","BA:16753","EAR_EHRM_SEX_CUR_NB","SEX_T","CUR_TYPE_LCU","2022",194.872,,"T30:106","R1:3513"
"URY","BA:16753","EAR_EHRM_SEX_CUR_NB","SEX_T","CUR_TYPE_PPP","2022",6.888,,"T30:106","R1:3513"
"URY","BA:16753","EAR_EHRM_SEX_CUR_NB","SEX_T","CUR_TYPE_USD","2022",4.733,,"T30:106","R1:3513"
"URY","BA:348","EAR_EHRM_SEX_CUR_NB","SEX_T","CUR_TYPE_LCU","2020",194.362,"B","T30:106_I11:264","R1:3513"
"URY","BA:348","EAR_EHRM_SEX_CUR_NB","SEX_T","CUR_TYPE_PPP","2020",7,"B","T30:106_I11:264","R1:3513"
"URY","BA:348","EAR_EHRM_SEX_CUR_NB","SEX_T","CUR_TYPE_USD","2020",4.626,"B","T30:106_I11:264","R1:3513"
"USA","BA:453","EAR_EHRM_SEX_CUR_NB","SEX_T","CUR_TYPE_LCU","2025",26.8,"B","T30:105_I11:264","R1:3513_R1:2803_T2:85"
"USA","BA:453","EAR_EHRM_SEX_CUR_NB","SEX_T","CUR_TYPE_PPP","2025",26.8,"B","T30:105_I11:264","R1:3513_R1:2803_T2:85"
"USA","BA:453","EAR_EHRM_SEX_CUR_NB","SEX_T","CUR_TYPE_USD","2025",26.8,"B","T30:105_I11:264","R1:3513_R1:2803_T2:85"
"USA","BA:453","EAR_EHRM_SEX_CUR_NB","SEX_T","CUR_TYPE_LCU","2024",25.95,,"T30:105","R1:3513_T2:85"
"USA","BA:453","EAR_EHRM_SEX_CUR_NB","SEX_T","CUR_TYPE_PPP","2024",25.95,,"T30:105","R1:3513_T2:85"
"USA","BA:453","EAR_EHRM_SEX_CUR_NB","SEX_T","CUR_TYPE_USD","2024",25.95,,"T30:105","R1:3513_T2:85"
"USA","BA:453","EAR_EHRM_SEX_CUR_NB","SEX_T","CUR_TYPE_LCU","2023",25,,"T30:105","R1:3513_T2:85"
"USA","BA:453","EAR_EHRM_SEX_CUR_NB","SEX_T","CUR_TYPE_PPP","2023",25,,"T30:105","R1:3513_T2:85"
"USA","BA:453","EAR_EHRM_SEX_CUR_NB","SEX_T","CUR_TYPE_USD","2023",25,,"T30:105","R1:3513_T2:85"
"USA","BA:453","EAR_EHRM_SEX_CUR_NB","SEX_T","CUR_TYPE_LCU","2022",24,,"T30:105","R1:3513_T2:85"
"USA","BA:453","EAR_EHRM_SEX_CUR_NB","SEX_T","CUR_TYPE_PPP","2022",24,,"T30:105","R1:3513_T2:85"
"USA","BA:453","EAR_EHRM_SEX_CUR_NB","SEX_T","CUR_TYPE_USD","2022",24,,"T30:105","R1:3513_T2:85"
"USA","BA:453","EAR_EHRM_SEX_CUR_NB","SEX_T","CUR_TYPE_LCU","2021",22.059,,"T30:105","R1:3513_T2:85"
"USA","BA:453","EAR_EHRM_SEX_CUR_NB","SEX_T","CUR_TYPE_PPP","2021",22.059,,"T30:105","R1:3513_T2:85"
"USA","BA:453","EAR_EHRM_SEX_CUR_NB","SEX_T","CUR_TYPE_USD","2021",22.059,,"T30:105","R1:3513_T2:85"
"USA","BA:453","EAR_EHRM_SEX_CUR_NB","SEX_T","CUR_TYPE_LCU","2020",22,"B","T30:105_I11:264","R1:3513_T2:85"
"USA","BA:453","EAR_EHRM_SEX_CUR_NB","SEX_T","CUR_TYPE_PPP","2020",22,"B","T30:105_I11:264","R1:3513_T2:85"
"USA","BA:453","EAR_EHRM_SEX_CUR_NB","SEX_T","CUR_TYPE_USD","2020",22,"B","T30:105_I11:264","R1:3513_T2:85"
"USA","BA:453","EAR_EHRM_SEX_CUR_NB","SEX_T","CUR_TYPE_LCU","2019",20,,"T30:105","R1:3513_T2:85"
"USA","BA:453","EAR_EHRM_SEX_CUR_NB","SEX_T","CUR_TYPE_PPP","2019",20,,"T30:105","R1:3513_T2:85"
"USA","BA:453","EAR_EHRM_SEX_CUR_NB","SEX_T","CUR_TYPE_USD","2019",20,,"T30:105","R1:3513_T2:85"
"USA","BA:453","EAR_EHRM_SEX_CUR_NB","SEX_T","CUR_TYPE_LCU","2018",19.231,,"T30:105","R1:3513_T2:85"
"USA","BA:453","EAR_EHRM_SEX_CUR_NB","SEX_T","CUR_TYPE_PPP","2018",19.231,,"T30:105","R1:3513_T2:85"
"USA","BA:453","EAR_EHRM_SEX_CUR_NB","SEX_T","CUR_TYPE_USD","2018",19.231,,"T30:105","R1:3513_T2:85"
"USA","BA:453","EAR_EHRM_SEX_CUR_NB","SEX_T","CUR_TYPE_LCU","2017",18.8,,"T30:105","R1:3513_T2:85"
"USA","BA:453","EAR_EHRM_SEX_CUR_NB","SEX_T","CUR_TYPE_PPP","2017",18.8,,"T30:105","R1:3513_T2:85"
"USA","BA:453","EAR_EHRM_SEX_CUR_NB","SEX_T","CUR_TYPE_USD","2017",18.8,,"T30:105","R1:3513_T2:85"
"USA","BA:453","EAR_EHRM_SEX_CUR_NB","SEX_T","CUR_TYPE_LCU","2016",18,,"T30:105","R1:3513_T2:85"
"USA","BA:453","EAR_EHRM_SEX_CUR_NB","SEX_T","CUR_TYPE_PPP","2016",18,,"T30:105","R1:3513_T2:85"
"USA","BA:453","EAR_EHRM_SEX_CUR_NB","SEX_T","CUR_TYPE_USD","2016",18,,"T30:105","R1:3513_T2:85"
"USA","BA:453","EAR_EHRM_SEX_CUR_NB","SEX_T","CUR_TYPE_LCU","2015",17.5,,"T30:105","R1:3513_T2:85"
"USA","BA:453","EAR_EHRM_SEX_CUR_NB","SEX_T","CUR_TYPE_PPP","2015",17.5,,"T30:105","R1:3513_T2:85"
"USA","BA:453","EAR_EHRM_SEX_CUR_NB","SEX_T","CUR_TYPE_USD","2015",17.5,,"T30:105","R1:3513_T2:85"
"USA","BA:453","EAR_EHRM_SEX_CUR_NB","SEX_T","CUR_TYPE_LCU","2014",17.143,,"T30:105","R1:3513_T2:85"
"USA","BA:453","EAR_EHRM_SEX_CUR_NB","SEX_T","CUR_TYPE_PPP","2014",17.143,,"T30:105","R1:3513_T2:85"
"USA","BA:453","EAR_EHRM_SEX_CUR_NB","SEX_T","CUR_TYPE_USD","2014",17.143,,"T30:105","R1:3513_T2:85"
"USA","BA:453","EAR_EHRM_SEX_CUR_NB","SEX_T","CUR_TYPE_LCU","2013",16.875,,"T30:105","R1:3513_T2:85"
"USA","BA:453","EAR_EHRM_SEX_CUR_NB","SEX_T","CUR_TYPE_PPP","2013",16.875,,"T30:105","R1:3513_T2:85"
"USA","BA:453","EAR_EHRM_SEX_CUR_NB","SEX_T","CUR_TYPE_USD","2013",16.875,,"T30:105","R1:3513_T2:85"
"USA","BA:453","EAR_EHRM_SEX_CUR_NB","SEX_T","CUR_TYPE_LCU","2012",16.81,,"T30:105","R1:3513_T2:85"
"USA","BA:453","EAR_EHRM_SEX_CUR_NB","SEX_T","CUR_TYPE_PPP","2012",16.81,,"T30:105","R1:3513_T2:85"
"USA","BA:453","EAR_EHRM_SEX_CUR_NB","SEX_T","CUR_TYPE_USD","2012",16.81,,"T30:105","R1:3513_T2:85"
"USA","BA:453","EAR_EHRM_SEX_CUR_NB","SEX_T","CUR_TYPE_LCU","2011",16.5,,"T30:105","R1:3513_T2:85"
"USA","BA:453","EAR_EHRM_SEX_CUR_NB","SEX_T","CUR_TYPE_PPP","2011",16.5,,"T30:105","R1:3513_T2:85"
"USA","BA:453","EAR_EHRM_SEX_CUR_NB","SEX_T","CUR_TYPE_USD","2011",16.5,,"T30:105","R1:3513_T2:85"
"USA","BA:453","EAR_EHRM_SEX_CUR_NB","SEX_T","CUR_TYPE_LCU","2010",16.286,,"T30:105","R1:3513_T2:85"
"USA","BA:453","EAR_EHRM_SEX_CUR_NB","SEX_T","CUR_TYPE_PPP","2010",16.286,,"T30:105","R1:3513_T2:85"
"USA","BA:453","EAR_EHRM_SEX_CUR_NB","SEX_T","CUR_TYPE_USD","2010",16.286,,"T30:105","R1:3513_T2:85"
"USA","BA:453","EAR_EHRM_SEX_CUR_NB","SEX_T","CUR_TYPE_LCU","2009",16.41,,"T30:105","R1:3513_T2:85"
"USA","BA:453","EAR_EHRM_SEX_CUR_NB","SEX_T","CUR_TYPE_PPP","2009",16.41,,"T30:105","R1:3513_T2:85"
"USA","BA:453","EAR_EHRM_SEX_CUR_NB","SEX_T","CUR_TYPE_USD","2009",16.41,,"T30:105","R1:3513_T2:85"
"USA","BA:453","EAR_EHRM_SEX_CUR_NB","SEX_T","CUR_TYPE_LCU","2008",16,,"T30:105","R1:3513_T2:85"
"USA","BA:453","EAR_EHRM_SEX_CUR_NB","SEX_T","CUR_TYPE_PPP","2008",16,,"T30:105","R1:3513_T2:85"
"USA","BA:453","EAR_EHRM_SEX_CUR_NB","SEX_T","CUR_TYPE_USD","2008",16,,"T30:105","R1:3513_T2:85"
"USA","BA:453","EAR_EHRM_SEX_CUR_NB","SEX_T","CUR_TYPE_LCU","2007",15.207,,"T30:105","R1:3513_T2:85"
"USA","BA:453","EAR_EHRM_SEX_CUR_NB","SEX_T","CUR_TYPE_PPP","2007",15.207,,"T30:105","R1:3513_T2:85"
"USA","BA:453","EAR_EHRM_SEX_CUR_NB","SEX_T","CUR_TYPE_USD","2007",15.207,,"T30:105","R1:3513_T2:85"
"USA","BA:453","EAR_EHRM_SEX_CUR_NB","SEX_T","CUR_TYPE_LCU","2006",15,,"T30:105","R1:3513_T2:85"
"USA","BA:453","EAR_EHRM_SEX_CUR_NB","SEX_T","CUR_TYPE_PPP","2006",15,,"T30:105","R1:3513_T2:85"
"USA","BA:453","EAR_EHRM_SEX_CUR_NB","SEX_T","CUR_TYPE_USD","2006",15,,"T30:105","R1:3513_T2:85"
"USA","BA:453","EAR_EHRM_SEX_CUR_NB","SEX_T","CUR_TYPE_LCU","2005",14.423,,"T30:105","R1:3513_T2:85"
"USA","BA:453","EAR_EHRM_SEX_CUR_NB","SEX_T","CUR_TYPE_PPP","2005",14.423,,"T30:105","R1:3513_T2:85"
"USA","BA:453","EAR_EHRM_SEX_CUR_NB","SEX_T","CUR_TYPE_USD","2005",14.423,,"T30:105","R1:3513_T2:85"
"USA","BA:453","EAR_EHRM_SEX_CUR_NB","SEX_T","CUR_TYPE_LCU","2004",14.151,,"T30:105","R1:3513_T2:85"
"USA","BA:453","EAR_EHRM_SEX_CUR_NB","SEX_T","CUR_TYPE_PPP","2004",14.151,,"T30:105","R1:3513_T2:85"
"USA","BA:453","EAR_EHRM_SEX_CUR_NB","SEX_T","CUR_TYPE_USD","2004",14.151,,"T30:105","R1:3513_T2:85"
"USA","BA:453","EAR_EHRM_SEX_CUR_NB","SEX_T","CUR_TYPE_LCU","2003",13.846,,"T30:105","R1:3513_T2:85"
"USA","BA:453","EAR_EHRM_SEX_CUR_NB","SEX_T","CUR_TYPE_PPP","2003",13.846,,"T30:105","R1:3513_T2:85"
"USA","BA:453","EAR_EHRM_SEX_CUR_NB","SEX_T","CUR_TYPE_USD","2003",13.846,,"T30:105","R1:3513_T2:85"
"USA","BA:453","EAR_EHRM_SEX_CUR_NB","SEX_T","CUR_TYPE_LCU","2002",13.461,,"T30:105","R1:3513_T2:85"
"USA","BA:453","EAR_EHRM_SEX_CUR_NB","SEX_T","CUR_TYPE_PPP","2002",13.461,,"T30:105","R1:3513_T2:85"
"USA","BA:453","EAR_EHRM_SEX_CUR_NB","SEX_T","CUR_TYPE_USD","2002",13.461,,"T30:105","R1:3513_T2:85"
"USA","BA:453","EAR_EHRM_SEX_CUR_NB","SEX_T","CUR_TYPE_LCU","2001",13,,"T30:105","R1:3513_T2:85"
"USA","BA:453","EAR_EHRM_SEX_CUR_NB","SEX_T","CUR_TYPE_PPP","2001",13,,"T30:105","R1:3513_T2:85"
"USA","BA:453","EAR_EHRM_SEX_CUR_NB","SEX_T","CUR_TYPE_USD","2001",13,,"T30:105","R1:3513_T2:85"
"USA","BA:453","EAR_EHRM_SEX_CUR_NB","SEX_T","CUR_TYPE_LCU","2000",12.5,,"T30:105","R1:3513_T2:85"
"USA","BA:453","EAR_EHRM_SEX_CUR_NB","SEX_T","CUR_TYPE_PPP","2000",12.5,,"T30:105","R1:3513_T2:85"
"USA","BA:453","EAR_EHRM_SEX_CUR_NB","SEX_T","CUR_TYPE_USD","2000",12.5,,"T30:105","R1:3513_T2:85"
"VEN","BA:382","EAR_EHRM_SEX_CUR_NB","SEX_T","CUR_TYPE_LCU","2017",1442.308,,"T30:107","R1:3513"
"VEN","BA:382","EAR_EHRM_SEX_CUR_NB","SEX_T","CUR_TYPE_LCU","2016",107.308,,"T30:107","R1:3513"
"VEN","BA:382","EAR_EHRM_SEX_CUR_NB","SEX_T","CUR_TYPE_LCU","2012",13.846,,"T30:107","R1:3513"
"VEN","BA:382","EAR_EHRM_SEX_CUR_NB","SEX_T","CUR_TYPE_LCU","2011",10.961,,"T30:107","R1:3513"
"VEN","BA:382","EAR_EHRM_SEX_CUR_NB","SEX_T","CUR_TYPE_LCU","2010",8.786,,"T30:107","R1:3513"
"VEN","BA:382","EAR_EHRM_SEX_CUR_NB","SEX_T","CUR_TYPE_LCU","2009",6.923,,"T30:107","R1:3513"
"VEN","BA:382","EAR_EHRM_SEX_CUR_NB","SEX_T","CUR_TYPE_LCU","2008",5.308,,"T30:107","R1:3513"
"VEN","BA:382","EAR_EHRM_SEX_CUR_NB","SEX_T","CUR_TYPE_LCU","2007",3956.044,,"T30:358","R1:3513"
"VEN","BA:382","EAR_EHRM_SEX_CUR_NB","SEX_T","CUR_TYPE_LCU","2006",2953.846,,"T30:358","R1:3513"
"VEN","BA:382","EAR_EHRM_SEX_CUR_NB","SEX_T","CUR_TYPE_LCU","2005",2163.462,"B","T30:358_I11:264","R1:3513"
"VNM","BA:1788","EAR_EHRM_SEX_CUR_NB","SEX_T","CUR_TYPE_LCU","2024",38736.267,,"T30:156","R1:3513"
"VNM","BA:1788","EAR_EHRM_SEX_CUR_NB","SEX_T","CUR_TYPE_PPP","2024",5.41,,"T30:156","R1:3513"
"VNM","BA:1788","EAR_EHRM_SEX_CUR_NB","SEX_T","CUR_TYPE_USD","2024",1.603,,"T30:156","R1:3513"
"VNM","BA:1788","EAR_EHRM_SEX_CUR_NB","SEX_T","CUR_TYPE_LCU","2023",36390.535,,"T30:156","R1:3513"
"VNM","BA:1788","EAR_EHRM_SEX_CUR_NB","SEX_T","CUR_TYPE_PPP","2023",5.115,,"T30:156","R1:3513"
"VNM","BA:1788","EAR_EHRM_SEX_CUR_NB","SEX_T","CUR_TYPE_USD","2023",1.53,,"T30:156","R1:3513"
"VNM","BA:1788","EAR_EHRM_SEX_CUR_NB","SEX_T","CUR_TYPE_LCU","2022",34615.387,,"T30:156","R1:3513"
"VNM","BA:1788","EAR_EHRM_SEX_CUR_NB","SEX_T","CUR_TYPE_PPP","2022",4.825,,"T30:156","R1:3513"
"VNM","BA:1788","EAR_EHRM_SEX_CUR_NB","SEX_T","CUR_TYPE_USD","2022",1.488,,"T30:156","R1:3513"
"VNM","BA:1788","EAR_EHRM_SEX_CUR_NB","SEX_T","CUR_TYPE_LCU","2021",31250.002,,"T30:156","R1:3513"
"VNM","BA:1788","EAR_EHRM_SEX_CUR_NB","SEX_T","CUR_TYPE_PPP","2021",4.161,,"T30:156","R1:3513"
"VNM","BA:1788","EAR_EHRM_SEX_CUR_NB","SEX_T","CUR_TYPE_USD","2021",1.349,,"T30:156","R1:3513"
"VNM","BA:1788","EAR_EHRM_SEX_CUR_NB","SEX_T","CUR_TYPE_LCU","2020",31250.002,,"T30:156","R1:3513"
"VNM","BA:1788","EAR_EHRM_SEX_CUR_NB","SEX_T","CUR_TYPE_PPP","2020",4.097,,"T30:156","R1:3513"
"VNM","BA:1788","EAR_EHRM_SEX_CUR_NB","SEX_T","CUR_TYPE_USD","2020",1.346,,"T30:156","R1:3513"
"VNM","BA:1788","EAR_EHRM_SEX_CUR_NB","SEX_T","CUR_TYPE_LCU","2019",28846.156,,"I20:4077_T30:156","R1:3513"
"VNM","BA:1788","EAR_EHRM_SEX_CUR_NB","SEX_T","CUR_TYPE_PPP","2019",3.808,,"I20:4077_T30:156","R1:3513"
"VNM","BA:1788","EAR_EHRM_SEX_CUR_NB","SEX_T","CUR_TYPE_USD","2019",1.251,,"I20:4077_T30:156","R1:3513"
"VNM","BA:1788","EAR_EHRM_SEX_CUR_NB","SEX_T","CUR_TYPE_LCU","2018",25641.028,,"T30:156","R1:3513"
"VNM","BA:1788","EAR_EHRM_SEX_CUR_NB","SEX_T","CUR_TYPE_PPP","2018",3.382,,"T30:156","R1:3513"
"VNM","BA:1788","EAR_EHRM_SEX_CUR_NB","SEX_T","CUR_TYPE_USD","2018",1.135,,"T30:156","R1:3513"
"VNM","BA:1788","EAR_EHRM_SEX_CUR_NB","SEX_T","CUR_TYPE_LCU","2017",24038.463,,"T30:156","R1:3513"
"VNM","BA:1788","EAR_EHRM_SEX_CUR_NB","SEX_T","CUR_TYPE_PPP","2017",3.212,,"T30:156","R1:3513"
"VNM","BA:1788","EAR_EHRM_SEX_CUR_NB","SEX_T","CUR_TYPE_USD","2017",1.075,,"T30:156","R1:3513"
"VNM","BA:1788","EAR_EHRM_SEX_CUR_NB","SEX_T","CUR_TYPE_LCU","2016",23076.925,,"T30:156","R1:3513"
"VNM","BA:1788","EAR_EHRM_SEX_CUR_NB","SEX_T","CUR_TYPE_PPP","2016",3.098,,"T30:156","R1:3513"
"VNM","BA:1788","EAR_EHRM_SEX_CUR_NB","SEX_T","CUR_TYPE_USD","2016",1.052,,"T30:156","R1:3513"
"VNM","BA:1788","EAR_EHRM_SEX_CUR_NB","SEX_T","CUR_TYPE_LCU","2015",21634.617,,"T30:156","R1:3513"
"VNM","BA:1788","EAR_EHRM_SEX_CUR_NB","SEX_T","CUR_TYPE_PPP","2015",2.857,,"T30:156","R1:3513"
"VNM","BA:1788","EAR_EHRM_SEX_CUR_NB","SEX_T","CUR_TYPE_USD","2015",0.997,,"T30:156","R1:3513"
"VNM","BA:1788","EAR_EHRM_SEX_CUR_NB","SEX_T","CUR_TYPE_LCU","2014",19230.771,,"T30:156","R1:3513"
"VNM","BA:1788","EAR_EHRM_SEX_CUR_NB","SEX_T","CUR_TYPE_PPP","2014",2.451,,"T30:156","R1:3513"
"VNM","BA:1788","EAR_EHRM_SEX_CUR_NB","SEX_T","CUR_TYPE_USD","2014",0.909,,"T30:156","R1:3513"
"VNM","BA:1788","EAR_EHRM_SEX_CUR_NB","SEX_T","CUR_TYPE_LCU","2013",17343.777,,"T30:156","R1:3513"
"VNM","BA:1788","EAR_EHRM_SEX_CUR_NB","SEX_T","CUR_TYPE_PPP","2013",2.212,,"T30:156","R1:3513"
"VNM","BA:1788","EAR_EHRM_SEX_CUR_NB","SEX_T","CUR_TYPE_USD","2013",0.829,,"T30:156","R1:3513"
"VNM","BA:1788","EAR_EHRM_SEX_CUR_NB","SEX_T","CUR_TYPE_LCU","2012",15865.386,,"T30:156","R1:3513"
"VNM","BA:1788","EAR_EHRM_SEX_CUR_NB","SEX_T","CUR_TYPE_PPP","2012",2.111,,"T30:156","R1:3513"
"VNM","BA:1788","EAR_EHRM_SEX_CUR_NB","SEX_T","CUR_TYPE_USD","2012",0.762,,"T30:156","R1:3513"
"VNM","BA:1788","EAR_EHRM_SEX_CUR_NB","SEX_T","CUR_TYPE_LCU","2011",12692.309,,"T30:156","R1:3513"
"VNM","BA:1788","EAR_EHRM_SEX_CUR_NB","SEX_T","CUR_TYPE_PPP","2011",1.686,,"T30:156","R1:3513"
"VNM","BA:1788","EAR_EHRM_SEX_CUR_NB","SEX_T","CUR_TYPE_USD","2011",0.619,,"T30:156","R1:3513"
"VNM","BA:1788","EAR_EHRM_SEX_CUR_NB","SEX_T","CUR_TYPE_LCU","2009",8921.704,,"T30:156","R1:3513"
"VNM","BA:1788","EAR_EHRM_SEX_CUR_NB","SEX_T","CUR_TYPE_PPP","2009",1.465,,"T30:156","R1:3513"
"VNM","BA:1788","EAR_EHRM_SEX_CUR_NB","SEX_T","CUR_TYPE_USD","2009",0.523,,"T30:156","R1:3513"
"VNM","BA:1788","EAR_EHRM_SEX_CUR_NB","SEX_T","CUR_TYPE_LCU","2007",5769.231,"B","T30:156_I11:264","R1:3513"
"VNM","BA:1788","EAR_EHRM_SEX_CUR_NB","SEX_T","CUR_TYPE_PPP","2007",1.203,"B","T30:156_I11:264","R1:3513"
"VNM","BA:1788","EAR_EHRM_SEX_CUR_NB","SEX_T","CUR_TYPE_USD","2007",0.358,"B","T30:156_I11:264","R1:3513"
"VUT","BB:15632","EAR_EHRM_SEX_CUR_NB","SEX_T","CUR_TYPE_LCU","2010",221.538,,"T30:233","R1:3513"
"VUT","BB:15632","EAR_EHRM_SEX_CUR_NB","SEX_T","CUR_TYPE_PPP","2010",1.87,,"T30:233","R1:3513"
"VUT","BB:15632","EAR_EHRM_SEX_CUR_NB","SEX_T","CUR_TYPE_USD","2010",2.286,,"T30:233","R1:3513"
"WLF","BB:16123","EAR_EHRM_SEX_CUR_NB","SEX_T","CUR_TYPE_LCU","2019",1107.962,,"T30:216","R1:3513"
"WSM","BA:1794","EAR_EHRM_SEX_CUR_NB","SEX_T","CUR_TYPE_LCU","2022",6.245,"B","T30:228_I11:264","R1:3513"
"WSM","BA:1794","EAR_EHRM_SEX_CUR_NB","SEX_T","CUR_TYPE_PPP","2022",3.398,"B","T30:228_I11:264","R1:3513"
"WSM","BA:1794","EAR_EHRM_SEX_CUR_NB","SEX_T","CUR_TYPE_USD","2022",2.322,"B","T30:228_I11:264","R1:3513"
"WSM","BA:1794","EAR_EHRM_SEX_CUR_NB","SEX_T","CUR_TYPE_LCU","2017",5.077,"B","T30:228_I11:264","R1:3513"
"WSM","BA:1794","EAR_EHRM_SEX_CUR_NB","SEX_T","CUR_TYPE_PPP","2017",2.742,"B","T30:228_I11:264","R1:3513"
"WSM","BA:1794","EAR_EHRM_SEX_CUR_NB","SEX_T","CUR_TYPE_USD","2017",1.988,"B","T30:228_I11:264","R1:3513"
"WSM","BA:1794","EAR_EHRM_SEX_CUR_NB","SEX_T","CUR_TYPE_LCU","2012",4.377,"B","T30:228_I11:264","R1:3513"
"WSM","BA:1794","EAR_EHRM_SEX_CUR_NB","SEX_T","CUR_TYPE_PPP","2012",2.304,"B","T30:228_I11:264","R1:3513"
"WSM","BA:1794","EAR_EHRM_SEX_CUR_NB","SEX_T","CUR_TYPE_USD","2012",1.909,"B","T30:228_I11:264","R1:3513"
"YEM","BA:13360","EAR_EHRM_SEX_CUR_NB","SEX_T","CUR_TYPE_LCU","2014",250,"B","T30:158_I11:264","R1:3513"
"YEM","BA:13360","EAR_EHRM_SEX_CUR_NB","SEX_T","CUR_TYPE_USD","2014",1.163,"B","T30:158_I11:264","R1:3513"
"ZAF","BA:595","EAR_EHRM_SEX_CUR_NB","SEX_T","CUR_TYPE_LCU","2015",17.308,,"T30:46","R1:3513"
"ZAF","BA:595","EAR_EHRM_SEX_CUR_NB","SEX_T","CUR_TYPE_PPP","2015",2.854,,"T30:46","R1:3513"
"ZAF","BA:595","EAR_EHRM_SEX_CUR_NB","SEX_T","CUR_TYPE_USD","2015",1.356,,"T30:46","R1:3513"
"ZAF","BA:595","EAR_EHRM_SEX_CUR_NB","SEX_T","CUR_TYPE_LCU","2014",17.308,,"T30:46","R1:3513"
"ZAF","BA:595","EAR_EHRM_SEX_CUR_NB","SEX_T","CUR_TYPE_PPP","2014",2.976,,"T30:46","R1:3513"
"ZAF","BA:595","EAR_EHRM_SEX_CUR_NB","SEX_T","CUR_TYPE_USD","2014",1.595,,"T30:46","R1:3513"
"ZAF","BA:595","EAR_EHRM_SEX_CUR_NB","SEX_T","CUR_TYPE_LCU","2013",17.308,,"T30:46","R1:3513"
"ZAF","BA:595","EAR_EHRM_SEX_CUR_NB","SEX_T","CUR_TYPE_PPP","2013",3.156,,"T30:46","R1:3513"
"ZAF","BA:595","EAR_EHRM_SEX_CUR_NB","SEX_T","CUR_TYPE_USD","2013",1.793,,"T30:46","R1:3513"
"ZAF","BA:595","EAR_EHRM_SEX_CUR_NB","SEX_T","CUR_TYPE_LCU","2012",17.308,,"T30:46","R1:3513"
"ZAF","BA:595","EAR_EHRM_SEX_CUR_NB","SEX_T","CUR_TYPE_PPP","2012",3.37,,"T30:46","R1:3513"
"ZAF","BA:595","EAR_EHRM_SEX_CUR_NB","SEX_T","CUR_TYPE_USD","2012",2.108,,"T30:46","R1:3513"
"ZAF","BA:595","EAR_EHRM_SEX_CUR_NB","SEX_T","CUR_TYPE_LCU","2011",16.483,,"T30:46","R1:3513"
"ZAF","BA:595","EAR_EHRM_SEX_CUR_NB","SEX_T","CUR_TYPE_PPP","2011",3.276,,"T30:46","R1:3513"
"ZAF","BA:595","EAR_EHRM_SEX_CUR_NB","SEX_T","CUR_TYPE_USD","2011",2.27,,"T30:46","R1:3513"
"ZAF","BA:595","EAR_EHRM_SEX_CUR_NB","SEX_T","CUR_TYPE_LCU","2010",15.385,,"T30:46","R1:3513"
"ZAF","BA:595","EAR_EHRM_SEX_CUR_NB","SEX_T","CUR_TYPE_PPP","2010",3.112,,"T30:46","R1:3513"
"ZAF","BA:595","EAR_EHRM_SEX_CUR_NB","SEX_T","CUR_TYPE_USD","2010",2.101,,"T30:46","R1:3513"
"ZAF","BA:595","EAR_EHRM_SEX_CUR_NB","SEX_T","CUR_TYPE_LCU","2007",11.043,,"T30:46","R1:3513"
"ZAF","BA:595","EAR_EHRM_SEX_CUR_NB","SEX_T","CUR_TYPE_PPP","2007",2.606,,"T30:46","R1:3513"
"ZAF","BA:595","EAR_EHRM_SEX_CUR_NB","SEX_T","CUR_TYPE_USD","2007",1.567,,"T30:46","R1:3513"
"ZAF","BA:595","EAR_EHRM_SEX_CUR_NB","SEX_T","CUR_TYPE_LCU","2006",9.989,,"T30:46","R1:3513"
"ZAF","BA:595","EAR_EHRM_SEX_CUR_NB","SEX_T","CUR_TYPE_PPP","2006",2.433,,"T30:46","R1:3513"
"ZAF","BA:595","EAR_EHRM_SEX_CUR_NB","SEX_T","CUR_TYPE_USD","2006",1.475,,"T30:46","R1:3513"
"ZAF","BA:595","EAR_EHRM_SEX_CUR_NB","SEX_T","CUR_TYPE_LCU","2005",8.654,,"T30:46","R1:3513"
"ZAF","BA:595","EAR_EHRM_SEX_CUR_NB","SEX_T","CUR_TYPE_PPP","2005",2.108,,"T30:46","R1:3513"
"ZAF","BA:595","EAR_EHRM_SEX_CUR_NB","SEX_T","CUR_TYPE_USD","2005",1.361,,"T30:46","R1:3513"
"ZAF","BA:595","EAR_EHRM_SEX_CUR_NB","SEX_T","CUR_TYPE_LCU","2004",8.201,,"T30:46","R1:3513"
"ZAF","BA:595","EAR_EHRM_SEX_CUR_NB","SEX_T","CUR_TYPE_PPP","2004",1.972,,"T30:46","R1:3513"
"ZAF","BA:595","EAR_EHRM_SEX_CUR_NB","SEX_T","CUR_TYPE_USD","2004",1.27,,"T30:46","R1:3513"
"ZAF","BA:595","EAR_EHRM_SEX_CUR_NB","SEX_T","CUR_TYPE_LCU","2003",7.765,,"T30:46","R1:3513"
"ZAF","BA:595","EAR_EHRM_SEX_CUR_NB","SEX_T","CUR_TYPE_PPP","2003",1.806,,"T30:46","R1:3513"
"ZAF","BA:595","EAR_EHRM_SEX_CUR_NB","SEX_T","CUR_TYPE_USD","2003",1.026,,"T30:46","R1:3513"
"ZAF","BA:595","EAR_EHRM_SEX_CUR_NB","SEX_T","CUR_TYPE_LCU","2002",7.496,,"T30:46","R1:3513"
"ZAF","BA:595","EAR_EHRM_SEX_CUR_NB","SEX_T","CUR_TYPE_PPP","2002",1.802,,"T30:46","R1:3513"
"ZAF","BA:595","EAR_EHRM_SEX_CUR_NB","SEX_T","CUR_TYPE_USD","2002",0.711,,"T30:46","R1:3513"
"ZAF","BA:595","EAR_EHRM_SEX_CUR_NB","SEX_T","CUR_TYPE_LCU","2001",7.542,,"T30:46","R1:3513"
"ZAF","BA:595","EAR_EHRM_SEX_CUR_NB","SEX_T","CUR_TYPE_PPP","2001",1.954,,"T30:46","R1:3513"
"ZAF","BA:595","EAR_EHRM_SEX_CUR_NB","SEX_T","CUR_TYPE_USD","2001",0.876,,"T30:46","R1:3513"
"ZAF","BA:595","EAR_EHRM_SEX_CUR_NB","SEX_T","CUR_TYPE_LCU","2000",6.989,"B","T30:46_I11:264","R1:3513"
"ZAF","BA:595","EAR_EHRM_SEX_CUR_NB","SEX_T","CUR_TYPE_PPP","2000",1.861,"B","T30:46_I11:264","R1:3513"
"ZAF","BA:595","EAR_EHRM_SEX_CUR_NB","SEX_T","CUR_TYPE_USD","2000",1.007,"B","T30:46_I11:264","R1:3513"
"ZMB","BA:2212","EAR_EHRM_SEX_CUR_NB","SEX_T","CUR_TYPE_LCU","2024",13.665,,"T30:379","R1:3513"
"ZMB","BA:2212","EAR_EHRM_SEX_CUR_NB","SEX_T","CUR_TYPE_PPP","2024",1.806,,"T30:379","R1:3513"
"ZMB","BA:2212","EAR_EHRM_SEX_CUR_NB","SEX_T","CUR_TYPE_USD","2024",0.522,,"T30:379","R1:3513"
"ZMB","BA:2212","EAR_EHRM_SEX_CUR_NB","SEX_T","CUR_TYPE_LCU","2023",8.443,,"T30:379","R1:3513"
"ZMB","BA:2212","EAR_EHRM_SEX_CUR_NB","SEX_T","CUR_TYPE_PPP","2023",1.246,,"T30:379","R1:3513"
"ZMB","BA:2212","EAR_EHRM_SEX_CUR_NB","SEX_T","CUR_TYPE_USD","2023",0.418,,"T30:379","R1:3513"
"ZMB","BA:2212","EAR_EHRM_SEX_CUR_NB","SEX_T","CUR_TYPE_LCU","2022",9.231,,"T30:379","R1:3513"
"ZMB","BA:2212","EAR_EHRM_SEX_CUR_NB","SEX_T","CUR_TYPE_PPP","2022",1.451,,"T30:379","R1:3513"
"ZMB","BA:2212","EAR_EHRM_SEX_CUR_NB","SEX_T","CUR_TYPE_USD","2022",0.545,,"T30:379","R1:3513"
"ZMB","BA:2212","EAR_EHRM_SEX_CUR_NB","SEX_T","CUR_TYPE_LCU","2021",8.551,,"T30:379","R1:3513"
"ZMB","BA:2212","EAR_EHRM_SEX_CUR_NB","SEX_T","CUR_TYPE_PPP","2021",1.382,,"T30:379","R1:3513"
"ZMB","BA:2212","EAR_EHRM_SEX_CUR_NB","SEX_T","CUR_TYPE_USD","2021",0.427,,"T30:379","R1:3513"
"ZMB","BA:2212","EAR_EHRM_SEX_CUR_NB","SEX_T","CUR_TYPE_LCU","2020",8.559,,"T30:379","R1:3513"
"ZMB","BA:2212","EAR_EHRM_SEX_CUR_NB","SEX_T","CUR_TYPE_PPP","2020",1.598,,"T30:379","R1:3513"
"ZMB","BA:2212","EAR_EHRM_SEX_CUR_NB","SEX_T","CUR_TYPE_USD","2020",0.467,,"T30:379","R1:3513"
"ZMB","BA:2212","EAR_EHRM_SEX_CUR_NB","SEX_T","CUR_TYPE_LCU","2019",6.665,,"T30:379","R1:3513"
"ZMB","BA:2212","EAR_EHRM_SEX_CUR_NB","SEX_T","CUR_TYPE_PPP","2019",1.404,,"T30:379","R1:3513"
"ZMB","BA:2212","EAR_EHRM_SEX_CUR_NB","SEX_T","CUR_TYPE_USD","2019",0.517,,"T30:379","R1:3513"
"ZMB","BA:2212","EAR_EHRM_SEX_CUR_NB","SEX_T","CUR_TYPE_LCU","2018",7.959,"B","T30:379_I11:264","R1:3513"
"ZMB","BA:2212","EAR_EHRM_SEX_CUR_NB","SEX_T","CUR_TYPE_PPP","2018",1.791,"B","T30:379_I11:264","R1:3513"
"ZMB","BA:2212","EAR_EHRM_SEX_CUR_NB","SEX_T","CUR_TYPE_USD","2018",0.761,"B","T30:379_I11:264","R1:3513"
"ZMB","BA:2212","EAR_EHRM_SEX_CUR_NB","SEX_T","CUR_TYPE_LCU","2017",7.44,"B","T30:379_I11:264","R1:3513"
"ZMB","BA:2212","EAR_EHRM_SEX_CUR_NB","SEX_T","CUR_TYPE_PPP","2017",1.76,"B","T30:379_I11:264","R1:3513"
"ZMB","BA:2212","EAR_EHRM_SEX_CUR_NB","SEX_T","CUR_TYPE_USD","2017",0.782,"B","T30:379_I11:264","R1:3513"
"ZWE","BA:1823","EAR_EHRM_SEX_CUR_NB","SEX_T","CUR_TYPE_LCU","2014",1.088,,"T30:58","R1:3513"
