"ref_area","source","indicator","sex","time","obs_value","obs_status","note_indicator","note_source"
"AFG","BA:15715","EAR_EMTM_SEX_NB","SEX_T","2020",10209.259,"B","T30:110_I11:264","R1:3513"
"AFG","BB:6361","EAR_EMTM_SEX_NB","SEX_T","2014",7000,,"T30:110","R1:3513"
"AGO","BA:13951","EAR_EMTM_SEX_NB","SEX_T","2024",60000,,"T30:2","R1:3513"
"AGO","BA:13951","EAR_EMTM_SEX_NB","SEX_T","2023",75000,,"T30:2","R1:3513"
"AGO","BA:13951","EAR_EMTM_SEX_NB","SEX_T","2022",60000,,"T30:2","R1:3513"
"AGO","BA:13951","EAR_EMTM_SEX_NB","SEX_T","2021",50000,,"T30:2","R1:3513"
"AGO","BA:13951","EAR_EMTM_SEX_NB","SEX_T","2020",50000,,"T30:2","R1:3513"
"AGO","BA:13951","EAR_EMTM_SEX_NB","SEX_T","2019",45000,"B","T30:2_I11:264","R1:3513"
"ARG","BA:150","EAR_EMTM_SEX_NB","SEX_T","2025",800000,,"T30:61","R1:3513_S4:33"
"ARG","BA:150","EAR_EMTM_SEX_NB","SEX_T","2024",450000,,"T30:61","R1:3513_S4:33"
"ARG","BA:150","EAR_EMTM_SEX_NB","SEX_T","2023",150000,,"T30:61","R1:3513_S4:33"
"ARG","BA:150","EAR_EMTM_SEX_NB","SEX_T","2022",70000,,"T30:61","R1:3513_S4:33"
"ARG","BA:150","EAR_EMTM_SEX_NB","SEX_T","2021",42000,,"T30:61","R1:3513_S4:33"
"ARG","BA:150","EAR_EMTM_SEX_NB","SEX_T","2020",30000,,"T30:61","R1:3513_S4:33"
"ARG","BA:150","EAR_EMTM_SEX_NB","SEX_T","2019",21500,,"T30:61","R1:3513_S4:33"
"ARG","BA:150","EAR_EMTM_SEX_NB","SEX_T","2018",16000,,"T30:61","R1:3513_S4:33"
"ARG","BA:150","EAR_EMTM_SEX_NB","SEX_T","2017",12000,,"T30:61","R1:3513_S4:33"
"ARG","BA:150","EAR_EMTM_SEX_NB","SEX_T","2014",5600,,"T30:61_I13:3888","R1:3513_S4:33"
"ARG","BA:150","EAR_EMTM_SEX_NB","SEX_T","2013",4200,,"T30:61_I13:3888","R1:3513_S4:33"
"ARG","BA:150","EAR_EMTM_SEX_NB","SEX_T","2012",3400,,"T30:61_I13:3888","R1:3513_S4:33"
"ARG","BA:150","EAR_EMTM_SEX_NB","SEX_T","2011",2600,,"T30:61_I13:3888","R1:3513_S4:33"
"ARG","BA:150","EAR_EMTM_SEX_NB","SEX_T","2010",2000,,"T30:61_I13:3888","R1:3513_S4:33"
"ARG","BA:150","EAR_EMTM_SEX_NB","SEX_T","2009",1600,,"T30:61_I13:3888","R1:3513_S4:33"
"ARG","BA:150","EAR_EMTM_SEX_NB","SEX_T","2008",1370,,"T30:61_I13:3888","R1:3513_S4:33"
"ARG","BA:150","EAR_EMTM_SEX_NB","SEX_T","2006",800,,"T30:61","R1:3513_S4:33"
"ARG","BA:150","EAR_EMTM_SEX_NB","SEX_T","2005",630,,"T30:61","R1:3513_S4:33"
"ARG","BA:150","EAR_EMTM_SEX_NB","SEX_T","2004",500,"B","T30:61_I11:264","R1:3513_S4:33"
"ARM","BB:173","EAR_EMTM_SEX_NB","SEX_T","2023",140000,,"T30:111","R1:3513_T3:240"
"ARM","BB:173","EAR_EMTM_SEX_NB","SEX_T","2022",120000,,"T30:111","R1:3513_T3:240"
"ARM","BB:173","EAR_EMTM_SEX_NB","SEX_T","2021",120000,,"T30:111","R1:3513_T3:240"
"ARM","BB:173","EAR_EMTM_SEX_NB","SEX_T","2020",105000,,"T30:111","R1:3513_T3:240"
"ARM","BB:173","EAR_EMTM_SEX_NB","SEX_T","2019",100000,,"T30:111","R1:3513_T3:240"
"ARM","BA:867","EAR_EMTM_SEX_NB","SEX_T","2017",82500.5,,"T30:111","R1:3513_T3:240"
"ARM","BA:867","EAR_EMTM_SEX_NB","SEX_T","2016",82500.5,,"T30:111","R1:3513_T3:240"
"ARM","BA:867","EAR_EMTM_SEX_NB","SEX_T","2015",80000,,"T30:111","R1:3513_T3:240"
"ARM","BA:867","EAR_EMTM_SEX_NB","SEX_T","2014",80000,"B","T30:111_I11:264","R1:3513_T3:240"
"ARM","BB:173","EAR_EMTM_SEX_NB","SEX_T","2013",80000,,"T30:111","R1:3513_T3:240"
"ARM","BB:173","EAR_EMTM_SEX_NB","SEX_T","2012",75000,,"T30:111","R1:3513_T3:240"
"ARM","BB:173","EAR_EMTM_SEX_NB","SEX_T","2011",70000,,"T30:111","R1:3513_T3:240"
"ARM","BB:173","EAR_EMTM_SEX_NB","SEX_T","2010",70000,,"T30:111","R1:3513_T3:240"
"ARM","BB:173","EAR_EMTM_SEX_NB","SEX_T","2007",50000,"B","T30:111_I11:264","R1:3513_T3:240"
"ATG","BA:16714","EAR_EMTM_SEX_NB","SEX_T","2023",2500,,"T30:60","R1:3513"
"ATG","BA:16714","EAR_EMTM_SEX_NB","SEX_T","2018",2200,,"T30:60","R1:3513"
"AUS","BB:15747","EAR_EMTM_SEX_NB","SEX_T","2021",5000,,"T30:212","R1:3513"
"AUS","BB:15747","EAR_EMTM_SEX_NB","SEX_T","2020",4800,,"T30:212","R1:3513"
"AUS","BB:15747","EAR_EMTM_SEX_NB","SEX_T","2019",4600,,"T30:212","R1:3513"
"AUS","BB:15747","EAR_EMTM_SEX_NB","SEX_T","2018",4410.149,,"T30:212","R1:3513"
"AUS","BB:15747","EAR_EMTM_SEX_NB","SEX_T","2017",4400,,"T30:212","R1:3513"
"AUS","BB:15747","EAR_EMTM_SEX_NB","SEX_T","2016",4228,,"T30:212","R1:3513"
"AUS","BB:15747","EAR_EMTM_SEX_NB","SEX_T","2015",4000,,"T30:212","R1:3513"
"AUS","BB:15747","EAR_EMTM_SEX_NB","SEX_T","2014",4000,,"T30:212","R1:3513"
"AUS","BB:15747","EAR_EMTM_SEX_NB","SEX_T","2013",3976,,"T30:212","R1:3513"
"AUS","BB:15747","EAR_EMTM_SEX_NB","SEX_T","2012",3960.76,,"T30:212","R1:3513"
"AUS","BB:15747","EAR_EMTM_SEX_NB","SEX_T","2011",3744.197,,"T30:212","R1:3513"
"AUS","BB:15747","EAR_EMTM_SEX_NB","SEX_T","2010",3699.716,,"T30:212","R1:3513"
"AUS","BB:15747","EAR_EMTM_SEX_NB","SEX_T","2009",3600,,"T30:212","R1:3513"
"AUS","BB:15747","EAR_EMTM_SEX_NB","SEX_T","2008",3416.667,,"T30:212","R1:3513"
"AUS","BB:15747","EAR_EMTM_SEX_NB","SEX_T","2007",3200,,"T30:212","R1:3513"
"AUS","BB:15747","EAR_EMTM_SEX_NB","SEX_T","2006",3040,,"T30:212","R1:3513"
"AUS","BB:15747","EAR_EMTM_SEX_NB","SEX_T","2005",2881.2,,"T30:212","R1:3513"
"AUS","BB:15747","EAR_EMTM_SEX_NB","SEX_T","2004",2740,,"T30:212","R1:3513"
"AUS","BB:15747","EAR_EMTM_SEX_NB","SEX_T","2003",2600,,"T30:212","R1:3513"
"AUS","BB:15747","EAR_EMTM_SEX_NB","SEX_T","2002",2560,,"T30:212","R1:3513"
"AUS","BB:15747","EAR_EMTM_SEX_NB","SEX_T","2001",2500,,"T30:212","R1:3513"
"AUT","BB:275","EAR_EMTM_SEX_NB","SEX_T","2025",4835.428,,"T30:161","R1:3513_T2:85"
"AUT","BB:275","EAR_EMTM_SEX_NB","SEX_T","2024",4366.127,,"T30:161","R1:3513_T2:85"
"AUT","BB:275","EAR_EMTM_SEX_NB","SEX_T","2023",3949.524,,"T30:161","R1:3513_T2:85"
"AUT","BB:275","EAR_EMTM_SEX_NB","SEX_T","2022",3750.542,,"T30:161","R1:3513_T2:85"
"AUT","BB:275","EAR_EMTM_SEX_NB","SEX_T","2021",3795.253,,"T30:161","R1:3513_T2:85"
"AUT","BB:275","EAR_EMTM_SEX_NB","SEX_T","2020",3655.832,,"T30:161","R1:3513_T2:85"
"AUT","BB:275","EAR_EMTM_SEX_NB","SEX_T","2019",3453.779,,"T30:161","R1:3513_T2:85"
"AUT","BB:275","EAR_EMTM_SEX_NB","SEX_T","2018",3336.079,,"T30:161","R1:3513_T2:85"
"AUT","BB:275","EAR_EMTM_SEX_NB","SEX_T","2017",3268.697,,"T30:161","R1:3513_T2:85"
"AUT","BB:275","EAR_EMTM_SEX_NB","SEX_T","2016",3291.232,,"T30:161","R1:3513_T2:85"
"AUT","BB:275","EAR_EMTM_SEX_NB","SEX_T","2015",3208.384,,"T30:161","R1:3513_T2:85"
"AUT","BB:275","EAR_EMTM_SEX_NB","SEX_T","2014",3199.005,,"T30:161","R1:3513_T2:85"
"AUT","BB:275","EAR_EMTM_SEX_NB","SEX_T","2013",3141.558,,"T30:161","R1:3513_T2:85"
"AUT","BB:275","EAR_EMTM_SEX_NB","SEX_T","2012",3026.466,,"T30:161","R1:3513_T2:85"
"AUT","BB:275","EAR_EMTM_SEX_NB","SEX_T","2011",2901.03,,"T30:161","R1:3513_T2:85"
"AUT","BB:275","EAR_EMTM_SEX_NB","SEX_T","2010",2849.839,,"T30:161","R1:3513_T2:85"
"AUT","BB:275","EAR_EMTM_SEX_NB","SEX_T","2009",2812.463,,"T30:161","R1:3513_T2:85"
"AUT","BB:275","EAR_EMTM_SEX_NB","SEX_T","2008",2709.517,,"T30:161","R1:3513_T2:85"
"AUT","BB:275","EAR_EMTM_SEX_NB","SEX_T","2007",2456.729,,"T30:161","R1:3513_T2:85"
"AUT","BB:275","EAR_EMTM_SEX_NB","SEX_T","2006",1983.333,,"T30:161","R1:3513_T2:85"
"AUT","BB:275","EAR_EMTM_SEX_NB","SEX_T","2005",1997.153,,"T30:161","R1:3513_T2:85"
"AUT","BB:275","EAR_EMTM_SEX_NB","SEX_T","2004",1950,,"T30:161","R1:3513_T2:85"
"BDI","BB:7040","EAR_EMTM_SEX_NB","SEX_T","2020",43300,,"T30:6","R1:3513"
"BDI","BB:7040","EAR_EMTM_SEX_NB","SEX_T","2014",30000,,"T30:6","R1:3513"
"BEL","BB:276","EAR_EMTM_SEX_NB","SEX_T","2025",5779.566,,"T30:163","R1:3513_T2:85"
"BEL","BB:276","EAR_EMTM_SEX_NB","SEX_T","2024",5663.826,,"T30:163","R1:3513_T2:85"
"BEL","BB:276","EAR_EMTM_SEX_NB","SEX_T","2023",5323.104,,"T30:163","R1:3513_T2:85"
"BEL","BB:276","EAR_EMTM_SEX_NB","SEX_T","2022",4912.643,,"T30:163","R1:3513_T2:85"
"BEL","BB:276","EAR_EMTM_SEX_NB","SEX_T","2021",4655.865,,"T30:163","R1:3513_T2:85"
"BEL","BB:276","EAR_EMTM_SEX_NB","SEX_T","2020",4624.272,,"T30:163","R1:3513_T2:85"
"BEL","BB:276","EAR_EMTM_SEX_NB","SEX_T","2019",4506.616,,"T30:163","R1:3513_T2:85"
"BEL","BB:276","EAR_EMTM_SEX_NB","SEX_T","2018",4326.635,,"T30:163","R1:3513_T2:85"
"BEL","BB:276","EAR_EMTM_SEX_NB","SEX_T","2017",4231.925,,"T30:163","R1:3513_T2:85"
"BEL","BB:276","EAR_EMTM_SEX_NB","SEX_T","2016",4202.116,,"T30:163","R1:3513_T2:85"
"BEL","BB:276","EAR_EMTM_SEX_NB","SEX_T","2015",4157.307,,"T30:163","R1:3513_T2:85"
"BEL","BB:276","EAR_EMTM_SEX_NB","SEX_T","2014",4119.854,,"T30:163","R1:3513_T2:85"
"BEL","BB:276","EAR_EMTM_SEX_NB","SEX_T","2013",4065.797,,"T30:163","R1:3513_T2:85"
"BEL","BB:276","EAR_EMTM_SEX_NB","SEX_T","2012",3867.928,,"T30:163","R1:3513_T2:85"
"BEL","BB:276","EAR_EMTM_SEX_NB","SEX_T","2011",3767.175,,"T30:163","R1:3513_T2:85"
"BEL","BB:276","EAR_EMTM_SEX_NB","SEX_T","2010",3675.581,,"T30:163","R1:3513_T2:85"
"BEL","BB:276","EAR_EMTM_SEX_NB","SEX_T","2009",3567.478,,"T30:163","R1:3513_T2:85"
"BEL","BB:276","EAR_EMTM_SEX_NB","SEX_T","2008",3438.654,,"T30:163","R1:3513_T2:85"
"BEL","BB:276","EAR_EMTM_SEX_NB","SEX_T","2007",3420.359,,"T30:163","R1:3513_T2:85"
"BEL","BB:276","EAR_EMTM_SEX_NB","SEX_T","2006",2391.997,,"T30:163","R1:3513_T2:85"
"BEL","BB:276","EAR_EMTM_SEX_NB","SEX_T","2005",2357.724,,"T30:163","R1:3513_T2:85"
"BEL","BB:276","EAR_EMTM_SEX_NB","SEX_T","2004",2263.989,,"T30:163","R1:3513_T2:85"
"BEN","BB:426","EAR_EMTM_SEX_NB","SEX_T","2022",60000,,"T30:3","R1:3513"
"BEN","BB:426","EAR_EMTM_SEX_NB","SEX_T","2019",50000,,"T30:3","R1:3513"
"BEN","BB:426","EAR_EMTM_SEX_NB","SEX_T","2011",50000,,"T30:3","R1:3513"
"BFA","BA:904","EAR_EMTM_SEX_NB","SEX_T","2025",50000,,"T30:5","R1:3513"
"BFA","BA:904","EAR_EMTM_SEX_NB","SEX_T","2024",60000,,"T30:5","R1:3513"
"BFA","BA:15678","EAR_EMTM_SEX_NB","SEX_T","2023",51781.798,,"T30:5","R1:3513"
"BFA","BB:16126","EAR_EMTM_SEX_NB","SEX_T","2022",50000,,"T30:5","R1:3513"
"BFA","BB:16126","EAR_EMTM_SEX_NB","SEX_T","2019",60000,,"T30:5","R1:3513"
"BFA","BA:15678","EAR_EMTM_SEX_NB","SEX_T","2018",60000,,"T30:5","R1:3513"
"BGD","BA:673","EAR_EMTM_SEX_NB","SEX_T","2024",14000,,"T30:114","R1:3513"
"BGD","BA:673","EAR_EMTM_SEX_NB","SEX_T","2023",12000,,"T30:114","R1:3513"
"BGD","BA:673","EAR_EMTM_SEX_NB","SEX_T","2022",11200,,"T30:114","R1:3513"
"BGD","BA:673","EAR_EMTM_SEX_NB","SEX_T","2017",9000,,"T30:114","R1:3513"
"BGD","BA:673","EAR_EMTM_SEX_NB","SEX_T","2013",10000,"B","T30:114_I11:264","R1:3513"
"BGR","BB:3058","EAR_EMTM_SEX_NB","SEX_T","2025",1066.245,,"T30:385","R1:3513_T2:85"
"BGR","BB:3058","EAR_EMTM_SEX_NB","SEX_T","2024",943.172,,"T30:385","R1:3513_T2:85"
"BGR","BB:3058","EAR_EMTM_SEX_NB","SEX_T","2023",793.654,,"T30:385","R1:3513_T2:85"
"BGR","BB:3058","EAR_EMTM_SEX_NB","SEX_T","2022",695.086,,"T30:385","R1:3513_T2:85"
"BGR","BB:3058","EAR_EMTM_SEX_NB","SEX_T","2021",614.529,,"T30:385","R1:3513_T2:85"
"BGR","BB:3058","EAR_EMTM_SEX_NB","SEX_T","2020",571.909,,"T30:385","R1:3513_T2:85"
"BGR","BB:3058","EAR_EMTM_SEX_NB","SEX_T","2019",515.31,,"T30:385","R1:3513_T2:85"
"BGR","BB:3058","EAR_EMTM_SEX_NB","SEX_T","2018",426.28,,"T30:385","R1:3513_T2:85"
"BGR","BB:3058","EAR_EMTM_SEX_NB","SEX_T","2017",435.503,,"T30:385","R1:3513_T2:85"
"BGR","BB:3058","EAR_EMTM_SEX_NB","SEX_T","2016",418.141,,"T30:385","R1:3513_T2:85"
"BGR","BB:3058","EAR_EMTM_SEX_NB","SEX_T","2015",405.534,,"T30:385","R1:3513_T2:85"
"BGR","BB:3058","EAR_EMTM_SEX_NB","SEX_T","2014",369.701,,"T30:385","R1:3513_T2:85"
"BGR","BB:3058","EAR_EMTM_SEX_NB","SEX_T","2013",349.294,,"T30:385","R1:3513_T2:85"
"BGR","BB:3058","EAR_EMTM_SEX_NB","SEX_T","2012",378.291,,"T30:385","R1:3513_T2:85"
"BGR","BB:3058","EAR_EMTM_SEX_NB","SEX_T","2011",295.353,,"T30:385","R1:3513_T2:85"
"BGR","BB:3058","EAR_EMTM_SEX_NB","SEX_T","2010",309.539,,"T30:385","R1:3513_T2:85"
"BGR","BB:3058","EAR_EMTM_SEX_NB","SEX_T","2009",313.557,,"T30:385","R1:3513_T2:85"
"BGR","BB:3058","EAR_EMTM_SEX_NB","SEX_T","2008",248.094,,"T30:385","R1:3513_T2:85"
"BGR","BB:3058","EAR_EMTM_SEX_NB","SEX_T","2007",212.191,,"T30:385","R1:3513_T2:85"
"BHS","BA:17","EAR_EMTM_SEX_NB","SEX_T","2024",1700,,"T30:63","R1:3513"
"BHS","BA:17","EAR_EMTM_SEX_NB","SEX_T","2023",1666.667,,"T30:63","R1:3513"
"BHS","BA:17","EAR_EMTM_SEX_NB","SEX_T","2019",2000,,"T30:63","R1:3513"
"BIH","BA:493","EAR_EMTM_SEX_NB","SEX_T","2025",2000,,"T30:164","R1:3513"
"BIH","BA:493","EAR_EMTM_SEX_NB","SEX_T","2024",2000,,"T30:164","R1:3513"
"BIH","BA:493","EAR_EMTM_SEX_NB","SEX_T","2023",1200,"B","T30:164_I11:264","R1:3513"
"BIH","BA:493","EAR_EMTM_SEX_NB","SEX_T","2022",1200,"B","T30:164_I11:264","R1:3513"
"BIH","BA:493","EAR_EMTM_SEX_NB","SEX_T","2021",1200,"B","T30:164_I11:264","R1:3513"
"BIH","BA:493","EAR_EMTM_SEX_NB","SEX_T","2020",1200,"B","I20:4077_T30:164_I11:264","R1:3513"
"BIH","BA:493","EAR_EMTM_SEX_NB","SEX_T","2016",600,,"T30:164","R1:3513"
"BIH","BA:493","EAR_EMTM_SEX_NB","SEX_T","2015",600,,"T30:164","R1:3513"
"BIH","BA:493","EAR_EMTM_SEX_NB","SEX_T","2014",600,,"T30:164","R1:3513"
"BIH","BA:493","EAR_EMTM_SEX_NB","SEX_T","2013",600,,"T30:164","R1:3513"
"BIH","BA:493","EAR_EMTM_SEX_NB","SEX_T","2012",600,,"T30:164","R1:3513"
"BIH","BA:493","EAR_EMTM_SEX_NB","SEX_T","2011",600,,"T30:164","R1:3513"
"BIH","BA:493","EAR_EMTM_SEX_NB","SEX_T","2010",600,,"T30:164","R1:3513"
"BIH","BA:493","EAR_EMTM_SEX_NB","SEX_T","2009",600,,"T30:164","R1:3513"
"BIH","BA:493","EAR_EMTM_SEX_NB","SEX_T","2008",600,,"T30:164","R1:3513"
"BIH","BA:493","EAR_EMTM_SEX_NB","SEX_T","2007",450,,"T30:164","R1:3513"
"BIH","BA:493","EAR_EMTM_SEX_NB","SEX_T","2006",450,"B","T30:164_I11:264","R1:3513"
"BIH","BB:15892","EAR_EMTM_SEX_NB","SEX_T","2001",300,,"T30:164","R1:3513"
"BLZ","BA:934","EAR_EMTM_SEX_NB","SEX_T","2019",1080.901,,"T30:65","R1:3513"
"BLZ","BA:934","EAR_EMTM_SEX_NB","SEX_T","2018",1020,,"T30:65","R1:3513"
"BLZ","BA:934","EAR_EMTM_SEX_NB","SEX_T","2017",1020,,"T30:65","R1:3513"
"BLZ","BA:934","EAR_EMTM_SEX_NB","SEX_T","2016",1020,,"T30:65","R1:3513"
"BLZ","BA:934","EAR_EMTM_SEX_NB","SEX_T","2015",1020,,"T30:65","R1:3513"
"BLZ","BA:934","EAR_EMTM_SEX_NB","SEX_T","2014",1197.568,,"T30:65","R1:3513"
"BOL","BA:74","EAR_EMTM_SEX_NB","SEX_T","2025",2800,,"T30:67","R1:3513"
"BOL","BA:74","EAR_EMTM_SEX_NB","SEX_T","2024",2700,,"T30:67","R1:3513"
"BOL","BA:74","EAR_EMTM_SEX_NB","SEX_T","2023",2598,,"T30:67","R1:3513"
"BOL","BA:74","EAR_EMTM_SEX_NB","SEX_T","2022",2598,,"T30:67","R1:3513"
"BOL","BA:74","EAR_EMTM_SEX_NB","SEX_T","2021",2598,"B","T30:67_I11:264","R1:3513"
"BOL","BB:73","EAR_EMTM_SEX_NB","SEX_T","2020",2814.5,,"T30:67","R1:3513"
"BOL","BA:74","EAR_EMTM_SEX_NB","SEX_T","2019",2739.375,,"T30:67","R1:3513"
"BOL","BA:74","EAR_EMTM_SEX_NB","SEX_T","2018",2600,,"T30:67","R1:3513"
"BOL","BA:74","EAR_EMTM_SEX_NB","SEX_T","2017",2598,,"T30:67","R1:3513"
"BOL","BA:74","EAR_EMTM_SEX_NB","SEX_T","2016",2500,"B","T30:67_I11:264","R1:3513"
"BOL","BB:73","EAR_EMTM_SEX_NB","SEX_T","2015",2500,,"T30:67","R1:3513"
"BOL","BB:73","EAR_EMTM_SEX_NB","SEX_T","2014",2200,,"T30:67","R1:3513"
"BOL","BB:73","EAR_EMTM_SEX_NB","SEX_T","2013",2100,,"T30:67","R1:3513"
"BOL","BB:73","EAR_EMTM_SEX_NB","SEX_T","2012",1916.076,,"T30:67","R1:3513"
"BOL","BB:73","EAR_EMTM_SEX_NB","SEX_T","2011",1700,,"T30:67","R1:3513"
"BOL","BB:73","EAR_EMTM_SEX_NB","SEX_T","2009",1400,,"T30:67","R1:3513"
"BOL","BB:73","EAR_EMTM_SEX_NB","SEX_T","2008",1200,,"T30:67","R1:3513"
"BOL","BB:73","EAR_EMTM_SEX_NB","SEX_T","2007",1000,,"T30:67","R1:3513"
"BOL","BB:73","EAR_EMTM_SEX_NB","SEX_T","2006",900,,"T30:67","R1:3513"
"BOL","BB:73","EAR_EMTM_SEX_NB","SEX_T","2005",850.096,"B","T30:67_I11:264","R1:3513"
"BOL","BB:15890","EAR_EMTM_SEX_NB","SEX_T","2004",733.7,"B","T30:67_I11:264","R1:3513"
"BOL","BX:15722","EAR_EMTM_SEX_NB","SEX_T","2002",800,,"T30:67","R1:3513"
"BOL","BX:15722","EAR_EMTM_SEX_NB","SEX_T","2001",779.4,,"T30:67","R1:3513"
"BOL","BX:15722","EAR_EMTM_SEX_NB","SEX_T","2000",800,,"T30:67","R1:3513"
"BRA","BX:6355","EAR_EMTM_SEX_NB","SEX_T","2025",2200,,"T30:68","R1:3513"
"BRA","BX:6355","EAR_EMTM_SEX_NB","SEX_T","2024",2000,,"T30:68","R1:3513"
"BRA","BX:6355","EAR_EMTM_SEX_NB","SEX_T","2023",1900,,"T30:68","R1:3513"
"BRA","BX:6355","EAR_EMTM_SEX_NB","SEX_T","2022",1700,,"T30:68","R1:3513"
"BRA","BX:6355","EAR_EMTM_SEX_NB","SEX_T","2021",1590,,"T30:68","R1:3513"
"BRA","BX:6355","EAR_EMTM_SEX_NB","SEX_T","2020",1500,,"T30:68","R1:3513"
"BRA","BX:6355","EAR_EMTM_SEX_NB","SEX_T","2019",1500,,"T30:68","R1:3513"
"BRA","BX:6355","EAR_EMTM_SEX_NB","SEX_T","2018",1400,,"T30:68","R1:3513"
"BRA","BX:6355","EAR_EMTM_SEX_NB","SEX_T","2017",1350,,"T30:68","R1:3513"
"BRA","BX:6355","EAR_EMTM_SEX_NB","SEX_T","2016",1280,,"T30:68","R1:3513"
"BRA","BX:6355","EAR_EMTM_SEX_NB","SEX_T","2015",1194.984,,"T30:68","R1:3513"
"BRA","BX:6355","EAR_EMTM_SEX_NB","SEX_T","2014",1015,,"T30:68","R1:3513"
"BRA","BX:6355","EAR_EMTM_SEX_NB","SEX_T","2013",1000,,"T30:68","R1:3513"
"BRA","BX:6355","EAR_EMTM_SEX_NB","SEX_T","2012",900,"B","T30:68_I11:264","R1:3513"
"BRA","BX:356","EAR_EMTM_SEX_NB","SEX_T","2011",800,,"T30:68","R1:3513"
"BRA","BX:356","EAR_EMTM_SEX_NB","SEX_T","2009",620,,"T30:68","R1:3513"
"BRA","BX:356","EAR_EMTM_SEX_NB","SEX_T","2008",600,,"T30:68","R1:3513"
"BRA","BX:356","EAR_EMTM_SEX_NB","SEX_T","2007",520,,"T30:68","R1:3513"
"BRA","BX:356","EAR_EMTM_SEX_NB","SEX_T","2006",490,,"T30:68","R1:3513"
"BRA","BX:356","EAR_EMTM_SEX_NB","SEX_T","2005",450,,"T30:68","R1:3513"
"BRA","BX:356","EAR_EMTM_SEX_NB","SEX_T","2004",400,,"T30:68","R1:3513"
"BRA","BX:356","EAR_EMTM_SEX_NB","SEX_T","2003",370,,"T30:68","R1:3513"
"BRA","BX:356","EAR_EMTM_SEX_NB","SEX_T","2002",330,,"T30:68","R1:3513"
"BRA","BX:356","EAR_EMTM_SEX_NB","SEX_T","2001",300,,"T30:68","R1:3513"
"BRB","BB:15690","EAR_EMTM_SEX_NB","SEX_T","2016",2005.874,,"T30:64","R1:3513"
"BRN","BA:8230","EAR_EMTM_SEX_NB","SEX_T","2014",1115,"B","T30:116_I11:264","R1:3513"
"BTN","BA:625","EAR_EMTM_SEX_NB","SEX_T","2025",25000,,"T30:115","R1:3513"
"BTN","BA:625","EAR_EMTM_SEX_NB","SEX_T","2024",24000,,"T30:115","R1:3513"
"BTN","BA:625","EAR_EMTM_SEX_NB","SEX_T","2023",22000,,"T30:115","R1:3513"
"BTN","BA:625","EAR_EMTM_SEX_NB","SEX_T","2022",20000,,"T30:115","R1:3513"
"BTN","BA:625","EAR_EMTM_SEX_NB","SEX_T","2021",18000,,"T30:115","R1:3513"
"BTN","BA:625","EAR_EMTM_SEX_NB","SEX_T","2020",17000,,"T30:115","R1:3513"
"BTN","BA:625","EAR_EMTM_SEX_NB","SEX_T","2019",16000,,"T30:115","R1:3513"
"BTN","BA:625","EAR_EMTM_SEX_NB","SEX_T","2018",13000,,"T30:115","R1:3513"
"BWA","BX:15710","EAR_EMTM_SEX_NB","SEX_T","2024",2500,,"T30:4","R1:3513"
"BWA","BX:15710","EAR_EMTM_SEX_NB","SEX_T","2023",2500,,"T30:4","R1:3513"
"BWA","BX:15710","EAR_EMTM_SEX_NB","SEX_T","2022",2500,,"T30:4","R1:3513"
"BWA","BX:15710","EAR_EMTM_SEX_NB","SEX_T","2021",2476.453,,"T30:4","R1:3513"
"BWA","BX:15710","EAR_EMTM_SEX_NB","SEX_T","2020",2200,,"T30:4","R1:3513"
"BWA","BX:15710","EAR_EMTM_SEX_NB","SEX_T","2019",2000,"B","T30:4_I11:264","R1:3513"
"CAN","BA:147","EAR_EMTM_SEX_NB","SEX_T","2025",5026.666,,"T30:69","R1:3513"
"CAN","BA:147","EAR_EMTM_SEX_NB","SEX_T","2024",4882.15,,"T30:69","R1:3513"
"CAN","BA:147","EAR_EMTM_SEX_NB","SEX_T","2023",4680,,"T30:69","R1:3513"
"CAN","BA:147","EAR_EMTM_SEX_NB","SEX_T","2022",4446,,"T30:69","R1:3513"
"CAN","BA:147","EAR_EMTM_SEX_NB","SEX_T","2021",4324.666,,"T30:69","R1:3513"
"CAN","BA:147","EAR_EMTM_SEX_NB","SEX_T","2020",4166.933,,"T30:69","R1:3513"
"CAN","BA:147","EAR_EMTM_SEX_NB","SEX_T","2019",3906.5,,"T30:69","R1:3513"
"CAN","BA:147","EAR_EMTM_SEX_NB","SEX_T","2018",3791.667,,"T30:69","R1:3513"
"CAN","BA:147","EAR_EMTM_SEX_NB","SEX_T","2017",3700.298,,"T30:69","R1:3513"
"CAN","BA:147","EAR_EMTM_SEX_NB","SEX_T","2016",3640,,"T30:69","R1:3513"
"CAN","BA:147","EAR_EMTM_SEX_NB","SEX_T","2015",3575,,"T30:69","R1:3513"
"CAN","BA:147","EAR_EMTM_SEX_NB","SEX_T","2014",3466.667,,"T30:69","R1:3513"
"CAN","BA:147","EAR_EMTM_SEX_NB","SEX_T","2013",3423.333,,"T30:69","R1:3513"
"CAN","BA:147","EAR_EMTM_SEX_NB","SEX_T","2012",3336.667,,"T30:69","R1:3513"
"CAN","BA:147","EAR_EMTM_SEX_NB","SEX_T","2011",3293.333,,"T30:69","R1:3513"
"CAN","BA:147","EAR_EMTM_SEX_NB","SEX_T","2010",3241.333,,"T30:69","R1:3513"
"CAN","BA:147","EAR_EMTM_SEX_NB","SEX_T","2009",3154.667,,"T30:69","R1:3513"
"CAN","BA:147","EAR_EMTM_SEX_NB","SEX_T","2008",3078.4,,"T30:69","R1:3513"
"CAN","BA:147","EAR_EMTM_SEX_NB","SEX_T","2007",2946.667,,"T30:69","R1:3513"
"CAN","BA:147","EAR_EMTM_SEX_NB","SEX_T","2006",2853.5,,"T30:69","R1:3513"
"CAN","BA:147","EAR_EMTM_SEX_NB","SEX_T","2005",2749.711,,"T30:69","R1:3513"
"CAN","BA:147","EAR_EMTM_SEX_NB","SEX_T","2004",2623.671,,"T30:69","R1:3513"
"CAN","BA:147","EAR_EMTM_SEX_NB","SEX_T","2003",2600,,"T30:69","R1:3513"
"CAN","BA:147","EAR_EMTM_SEX_NB","SEX_T","2002",2575.733,,"T30:69","R1:3513"
"CAN","BA:147","EAR_EMTM_SEX_NB","SEX_T","2001",2499.467,,"T30:69","R1:3513"
"CAN","BA:147","EAR_EMTM_SEX_NB","SEX_T","2000",2437.5,,"T30:69","R1:3513"
"CHE","BA:253","EAR_EMTM_SEX_NB","SEX_T","2025",5989,,"T30:206","R1:3513"
"CHE","BA:253","EAR_EMTM_SEX_NB","SEX_T","2024",5936,,"T30:206","R1:3513"
"CHE","BA:253","EAR_EMTM_SEX_NB","SEX_T","2023",5802.655,,"T30:206","R1:3513"
"CHE","BA:253","EAR_EMTM_SEX_NB","SEX_T","2022",5666,,"T30:206","R1:3513"
"CHE","BA:253","EAR_EMTM_SEX_NB","SEX_T","2021",5659,,"T30:206","R1:3513"
"CHE","BA:253","EAR_EMTM_SEX_NB","SEX_T","2020",5633,,"T30:206","R1:3513"
"CHE","BA:253","EAR_EMTM_SEX_NB","SEX_T","2019",5546,,"T30:206","R1:3513"
"CHE","BA:253","EAR_EMTM_SEX_NB","SEX_T","2018",5500,,"T30:206","R1:3513"
"CHE","BA:253","EAR_EMTM_SEX_NB","SEX_T","2017",5416,,"T30:206","R1:3513"
"CHE","BA:253","EAR_EMTM_SEX_NB","SEX_T","2016",5416,,"T30:206","R1:3513"
"CHE","BA:253","EAR_EMTM_SEX_NB","SEX_T","2015",5416,,"T30:206","R1:3513"
"CHE","BA:253","EAR_EMTM_SEX_NB","SEX_T","2014",5404,,"T30:206","R1:3513"
"CHE","BA:253","EAR_EMTM_SEX_NB","SEX_T","2013",5365,,"T30:206","R1:3513"
"CHE","BA:253","EAR_EMTM_SEX_NB","SEX_T","2012",5308,,"T30:206","R1:3513"
"CHE","BA:253","EAR_EMTM_SEX_NB","SEX_T","2011",5250,,"T30:206","R1:3513"
"CHE","BA:253","EAR_EMTM_SEX_NB","SEX_T","2010",5208,,"T30:206","R1:3513"
"CHE","BA:253","EAR_EMTM_SEX_NB","SEX_T","2009",5350.342,,"T30:206","R1:3513"
"CHE","BA:253","EAR_EMTM_SEX_NB","SEX_T","2008",5202,,"T30:206","R1:3513"
"CHE","BA:253","EAR_EMTM_SEX_NB","SEX_T","2007",5167.418,,"T30:206","R1:3513"
"CHE","BA:253","EAR_EMTM_SEX_NB","SEX_T","2006",5062,,"T30:206","R1:3513"
"CHE","BA:253","EAR_EMTM_SEX_NB","SEX_T","2005",5001.687,,"T30:206","R1:3513"
"CHE","BA:253","EAR_EMTM_SEX_NB","SEX_T","2004",4983,,"T30:206","R1:3513"
"CHE","BA:253","EAR_EMTM_SEX_NB","SEX_T","2003",5000,,"T30:206","R1:3513"
"CHE","BA:253","EAR_EMTM_SEX_NB","SEX_T","2002",4910,,"T30:206","R1:3513"
"CHE","BA:253","EAR_EMTM_SEX_NB","SEX_T","2001",4875,,"T30:206","R1:3513"
"CHE","BA:253","EAR_EMTM_SEX_NB","SEX_T","2000",4766,,"T30:206","R1:3513"
"CHL","BB:16207","EAR_EMTM_SEX_NB","SEX_T","2024",700000,,"T30:74","R1:3513"
"CHL","BB:16207","EAR_EMTM_SEX_NB","SEX_T","2023",632779.438,,"T30:74","R1:3513"
"CHL","BX:138","EAR_EMTM_SEX_NB","SEX_T","2022",500000,,"T30:74","R1:3513"
"CHL","BB:16207","EAR_EMTM_SEX_NB","SEX_T","2021",506684,,"T30:74","R1:3513"
"CHL","BX:138","EAR_EMTM_SEX_NB","SEX_T","2020",473258.054,,"T30:74","R1:3513"
"CHL","BB:16207","EAR_EMTM_SEX_NB","SEX_T","2018",411479.781,,"T30:74","R1:3513"
"CHL","BX:138","EAR_EMTM_SEX_NB","SEX_T","2017",400000,,"T30:74","R1:3513"
"CHL","BB:16207","EAR_EMTM_SEX_NB","SEX_T","2016",388647.469,,"T30:74","R1:3513"
"CHL","BX:138","EAR_EMTM_SEX_NB","SEX_T","2015",350000,,"T30:74","R1:3513"
"CHL","BB:16207","EAR_EMTM_SEX_NB","SEX_T","2014",349934.375,,"T30:74","R1:3513"
"CHL","BX:138","EAR_EMTM_SEX_NB","SEX_T","2013",300000,,"T30:74","R1:3513"
"CHL","BB:16207","EAR_EMTM_SEX_NB","SEX_T","2012",300000,,"T30:74","R1:3513"
"CHL","BX:138","EAR_EMTM_SEX_NB","SEX_T","2011",274750,,"T30:74","R1:3513"
"CHL","BB:16207","EAR_EMTM_SEX_NB","SEX_T","2010",240234.875,,"T30:74","R1:3513"
"CHL","BX:138","EAR_EMTM_SEX_NB","SEX_T","2009",243100,,"T30:74","R1:3513"
"CHL","BX:138","EAR_EMTM_SEX_NB","SEX_T","2006",184660.666,,"T30:74","R1:3513"
"CHL","BX:138","EAR_EMTM_SEX_NB","SEX_T","2003",150000,,"T30:74","R1:3513"
"CHL","BX:138","EAR_EMTM_SEX_NB","SEX_T","2000",147000,,"T30:74","R1:3513"
"CIV","BB:16197","EAR_EMTM_SEX_NB","SEX_T","2022",81000,,"T30:13","R1:3513"
"CIV","BA:7345","EAR_EMTM_SEX_NB","SEX_T","2019",94341,,"T30:13","R1:3513"
"CIV","BA:14098","EAR_EMTM_SEX_NB","SEX_T","2017",60000,,"T30:13","R1:3513"
"CIV","BA:7345","EAR_EMTM_SEX_NB","SEX_T","2013",50000,,"T30:13","R1:3513"
"CIV","BA:7345","EAR_EMTM_SEX_NB","SEX_T","2012",45000,"B","T30:13_I11:264","R1:3513"
"CMR","BX:7419","EAR_EMTM_SEX_NB","SEX_T","2014",60000,,"T30:7","R1:3513"
"COD","BX:16939","EAR_EMTM_SEX_NB","SEX_T","2016",90000,,"T30:12","R1:3513_S4:33"
"COD","BA:3051","EAR_EMTM_SEX_NB","SEX_T","2012",56000,"B","T30:12_I11:264","R1:3513"
"COD","BA:3051","EAR_EMTM_SEX_NB","SEX_T","2005",5000,"B","T30:12_I11:264","R1:3513"
"COG","BA:2624","EAR_EMTM_SEX_NB","SEX_T","2009",80000,"B","T30:11_I11:264","R1:3513_S4:31"
"COK","BA:15665","EAR_EMTM_SEX_NB","SEX_T","2023",2066.933,,"T30:213","R1:3513"
"COK","BA:15665","EAR_EMTM_SEX_NB","SEX_T","2019",1400,"B","T30:213_I11:264","R1:3513"
"COL","BA:358","EAR_EMTM_SEX_NB","SEX_T","2025",1500000,,"T30:71","R1:3513"
"COL","BA:358","EAR_EMTM_SEX_NB","SEX_T","2024",1300000,,"T30:71","R1:3513"
"COL","BA:358","EAR_EMTM_SEX_NB","SEX_T","2023",1200000,,"T30:71","R1:3513"
"COL","BA:358","EAR_EMTM_SEX_NB","SEX_T","2022",1100000,"B","T30:71_I11:264","R1:3513"
"COL","BA:358","EAR_EMTM_SEX_NB","SEX_T","2021",908600,,"T30:71","R1:3513"
"COL","BA:358","EAR_EMTM_SEX_NB","SEX_T","2019",900000,,"T30:71","R1:3513"
"COL","BA:358","EAR_EMTM_SEX_NB","SEX_T","2018",857098.721,,"T30:71","R1:3513"
"COL","BA:358","EAR_EMTM_SEX_NB","SEX_T","2017",815000,,"T30:71","R1:3513"
"COL","BA:358","EAR_EMTM_SEX_NB","SEX_T","2016",800000,,"T30:71","R1:3513"
"COL","BA:358","EAR_EMTM_SEX_NB","SEX_T","2015",732000,,"T30:71","R1:3513"
"COL","BA:358","EAR_EMTM_SEX_NB","SEX_T","2014",700000,,"T30:71","R1:3513"
"COL","BA:358","EAR_EMTM_SEX_NB","SEX_T","2013",680000,,"T30:71","R1:3513"
"COL","BA:358","EAR_EMTM_SEX_NB","SEX_T","2012",640000,,"T30:71","R1:3513"
"COL","BA:358","EAR_EMTM_SEX_NB","SEX_T","2011",600000,,"T30:71","R1:3513"
"COL","BA:358","EAR_EMTM_SEX_NB","SEX_T","2010",580000,"B","T30:71_I11:264","R1:3513"
"COL","BX:2226","EAR_EMTM_SEX_NB","SEX_T","2005",420000,,"T30:71","R1:3513"
"COL","BX:2226","EAR_EMTM_SEX_NB","SEX_T","2004",382654.927,,"T30:71","R1:3513"
"COL","BX:2226","EAR_EMTM_SEX_NB","SEX_T","2003",342000,,"T30:71","R1:3513"
"COL","BX:2226","EAR_EMTM_SEX_NB","SEX_T","2002",316000,,"T30:71","R1:3513"
"COM","BA:14125","EAR_EMTM_SEX_NB","SEX_T","2021",75000,,"T30:10","R1:3513"
"COM","BA:14125","EAR_EMTM_SEX_NB","SEX_T","2014",70000,,"T30:10","R1:3513"
"COM","BX:13363","EAR_EMTM_SEX_NB","SEX_T","2004",65000,,"T30:10","R1:3513"
"CPV","BA:7395","EAR_EMTM_SEX_NB","SEX_T","2015",21822.921,"B","T30:8_I11:264","R1:3513_T2:85"
"CRI","BA:12883","EAR_EMTM_SEX_NB","SEX_T","2025",450000,,"T30:72","R1:3513"
"CRI","BA:12883","EAR_EMTM_SEX_NB","SEX_T","2024",433333.344,,"T30:72","R1:3513"
"CRI","BA:12883","EAR_EMTM_SEX_NB","SEX_T","2023",411666.656,,"T30:72","R1:3513"
"CRI","BA:12883","EAR_EMTM_SEX_NB","SEX_T","2022",391666.656,,"T30:72","R1:3513"
"CRI","BA:12883","EAR_EMTM_SEX_NB","SEX_T","2021",380000,,"T30:72","R1:3513"
"CRI","BA:12883","EAR_EMTM_SEX_NB","SEX_T","2020",383333.344,,"T30:72","R1:3513"
"CRI","BA:12883","EAR_EMTM_SEX_NB","SEX_T","2019",383333.344,,"T30:72","R1:3513"
"CRI","BA:12883","EAR_EMTM_SEX_NB","SEX_T","2018",373750,,"T30:72","R1:3513"
"CRI","BA:12883","EAR_EMTM_SEX_NB","SEX_T","2017",375691.265,,"T30:72","R1:3513"
"CRI","BX:142","EAR_EMTM_SEX_NB","SEX_T","2016",346666.656,,"T30:72","R1:3513"
"CRI","BX:142","EAR_EMTM_SEX_NB","SEX_T","2015",346400,,"T30:72","R1:3513"
"CRI","BX:142","EAR_EMTM_SEX_NB","SEX_T","2014",345669.009,,"T30:72","R1:3513"
"CRI","BX:142","EAR_EMTM_SEX_NB","SEX_T","2013",325000,,"T30:72","R1:3513"
"CRI","BX:142","EAR_EMTM_SEX_NB","SEX_T","2012",308268.188,,"T30:72","R1:3513"
"CRI","BX:142","EAR_EMTM_SEX_NB","SEX_T","2010",260000,,"T30:72","R1:3513"
"CRI","BX:7407","EAR_EMTM_SEX_NB","SEX_T","2007",173200,,"T30:72","R1:3513"
"CRI","BX:7407","EAR_EMTM_SEX_NB","SEX_T","2006",153846,,"T30:72","R1:3513"
"CRI","BX:7407","EAR_EMTM_SEX_NB","SEX_T","2005",131868,,"T30:72","R1:3513"
"CRI","BX:7407","EAR_EMTM_SEX_NB","SEX_T","2004",121006.4,,"T30:72","R1:3513"
"CRI","BX:7407","EAR_EMTM_SEX_NB","SEX_T","2003",109890,,"T30:72","R1:3513"
"CRI","BX:7407","EAR_EMTM_SEX_NB","SEX_T","2002",100000,,"T30:72","R1:3513"
"CRI","BX:7407","EAR_EMTM_SEX_NB","SEX_T","2001",100590.681,"B","T30:72_I11:264","R1:3513"
"CYP","BB:459","EAR_EMTM_SEX_NB","SEX_T","2025",2281.048,,"T30:168","R1:3513_T2:85"
"CYP","BB:459","EAR_EMTM_SEX_NB","SEX_T","2024",2092.877,,"T30:168","R1:3513_T2:85"
"CYP","BB:459","EAR_EMTM_SEX_NB","SEX_T","2023",1973.534,,"T30:168","R1:3513_T2:85"
"CYP","BB:459","EAR_EMTM_SEX_NB","SEX_T","2022",1916.577,,"T30:168","R1:3513_T2:85"
"CYP","BB:459","EAR_EMTM_SEX_NB","SEX_T","2021",1748.901,,"T30:168","R1:3513_T2:85"
"CYP","BB:459","EAR_EMTM_SEX_NB","SEX_T","2020",1727.132,,"T30:168","R1:3513_T2:85"
"CYP","BB:459","EAR_EMTM_SEX_NB","SEX_T","2019",1595.24,,"T30:168","R1:3513_T2:85"
"CYP","BB:459","EAR_EMTM_SEX_NB","SEX_T","2018",1574.842,,"T30:168","R1:3513_T2:85"
"CYP","BB:459","EAR_EMTM_SEX_NB","SEX_T","2017",1573.761,,"T30:168","R1:3513_T2:85"
"CYP","BB:459","EAR_EMTM_SEX_NB","SEX_T","2016",1598.33,,"T30:168","R1:3513_T2:85"
"CYP","BB:459","EAR_EMTM_SEX_NB","SEX_T","2015",1598.167,,"T30:168","R1:3513_T2:85"
"CYP","BB:459","EAR_EMTM_SEX_NB","SEX_T","2014",1666.068,,"T30:168","R1:3513_T2:85"
"CYP","BB:459","EAR_EMTM_SEX_NB","SEX_T","2013",1823.25,,"T30:168","R1:3513_T2:85"
"CYP","BB:459","EAR_EMTM_SEX_NB","SEX_T","2012",1869.873,,"T30:168","R1:3513_T2:85"
"CYP","BB:459","EAR_EMTM_SEX_NB","SEX_T","2011",1841.667,,"T30:168","R1:3513_T2:85"
"CYP","BB:459","EAR_EMTM_SEX_NB","SEX_T","2010",1775.68,,"T30:168","R1:3513_T2:85"
"CYP","BB:459","EAR_EMTM_SEX_NB","SEX_T","2009",1738.103,,"T30:168","R1:3513_T2:85"
"CYP","BB:459","EAR_EMTM_SEX_NB","SEX_T","2008",1718.866,,"T30:168","R1:3513_T2:85"
"CYP","BB:459","EAR_EMTM_SEX_NB","SEX_T","2007",1728.751,,"T30:168","R1:3513_T2:85"
"CYP","BB:459","EAR_EMTM_SEX_NB","SEX_T","2006",1396.896,,"T30:168","R1:3513_T2:85"
"CYP","BB:459","EAR_EMTM_SEX_NB","SEX_T","2005",1298.315,,"T30:168","R1:3513_T2:85"
"CZE","BB:301","EAR_EMTM_SEX_NB","SEX_T","2025",2174.71,,"T30:387","R1:3513_T2:85"
"CZE","BB:301","EAR_EMTM_SEX_NB","SEX_T","2024",2122.415,,"T30:387","R1:3513_T2:85"
"CZE","BB:301","EAR_EMTM_SEX_NB","SEX_T","2023",1960.867,,"T30:387","R1:3513_T2:85"
"CZE","BB:301","EAR_EMTM_SEX_NB","SEX_T","2022",1756.576,,"T30:387","R1:3513_T2:85"
"CZE","BB:301","EAR_EMTM_SEX_NB","SEX_T","2021",1642.832,,"T30:387","R1:3513_T2:85"
"CZE","BB:301","EAR_EMTM_SEX_NB","SEX_T","2020",1635.497,,"T30:387","R1:3513_T2:85"
"CZE","BB:301","EAR_EMTM_SEX_NB","SEX_T","2019",1495.441,,"T30:387","R1:3513_T2:85"
"CZE","BB:301","EAR_EMTM_SEX_NB","SEX_T","2018",1312.62,,"T30:387","R1:3513_T2:85"
"CZE","BB:301","EAR_EMTM_SEX_NB","SEX_T","2017",1188.953,,"T30:387","R1:3513_T2:85"
"CZE","BB:301","EAR_EMTM_SEX_NB","SEX_T","2016",1112.478,,"T30:387","R1:3513_T2:85"
"CZE","BB:301","EAR_EMTM_SEX_NB","SEX_T","2015",1059.284,,"T30:387","R1:3513_T2:85"
"CZE","BB:301","EAR_EMTM_SEX_NB","SEX_T","2014",1087.678,,"T30:387","R1:3513_T2:85"
"CZE","BB:301","EAR_EMTM_SEX_NB","SEX_T","2013",1100.4,,"T30:387","R1:3513_T2:85"
"CZE","BB:301","EAR_EMTM_SEX_NB","SEX_T","2012",1113.04,,"T30:387","R1:3513_T2:85"
"CZE","BB:301","EAR_EMTM_SEX_NB","SEX_T","2011",1057.092,,"T30:387","R1:3513_T2:85"
"CZE","BB:301","EAR_EMTM_SEX_NB","SEX_T","2010",987.202,,"T30:387","R1:3513_T2:85"
"CZE","BB:301","EAR_EMTM_SEX_NB","SEX_T","2009",1055.284,,"T30:387","R1:3513_T2:85"
"CZE","BB:301","EAR_EMTM_SEX_NB","SEX_T","2008",893.178,,"T30:387","R1:3513_T2:85"
"CZE","BB:301","EAR_EMTM_SEX_NB","SEX_T","2007",808.176,,"T30:387","R1:3513_T2:85"
"CZE","BB:301","EAR_EMTM_SEX_NB","SEX_T","2006",523.376,,"T30:387","R1:3513_T2:85"
"CZE","BB:301","EAR_EMTM_SEX_NB","SEX_T","2005",470.353,,"T30:387","R1:3513_T2:85"
"DEU","BB:5863","EAR_EMTM_SEX_NB","SEX_T","2022",3774.424,,"T30:176","R1:3513_T2:85"
"DEU","BB:5863","EAR_EMTM_SEX_NB","SEX_T","2021",3670.799,,"T30:176","R1:3513_T2:85"
"DEU","BB:5863","EAR_EMTM_SEX_NB","SEX_T","2020",3842.844,,"T30:176","R1:3513_T2:85"
"DEU","BB:5863","EAR_EMTM_SEX_NB","SEX_T","2019",2808.454,,"T30:176","R1:3513_T2:85"
"DEU","BB:5863","EAR_EMTM_SEX_NB","SEX_T","2018",2662.563,,"T30:176","R1:3513_T2:85"
"DEU","BB:5863","EAR_EMTM_SEX_NB","SEX_T","2017",2550,,"T30:176","R1:3513_T2:85"
"DEU","BB:5863","EAR_EMTM_SEX_NB","SEX_T","2016",2500,,"T30:176","R1:3513_T2:85"
"DEU","BB:5863","EAR_EMTM_SEX_NB","SEX_T","2015",2484.913,,"T30:176","R1:3513_T2:85"
"DEU","BB:5863","EAR_EMTM_SEX_NB","SEX_T","2014",2414.731,,"T30:176","R1:3513_T2:85"
"DEU","BB:5863","EAR_EMTM_SEX_NB","SEX_T","2013",2356.625,,"T30:176","R1:3513_T2:85"
"DEU","BB:5863","EAR_EMTM_SEX_NB","SEX_T","2012",2333.333,,"T30:176","R1:3513_T2:85"
"DEU","BB:5863","EAR_EMTM_SEX_NB","SEX_T","2011",2286.486,,"T30:176","R1:3513_T2:85"
"DEU","BB:5863","EAR_EMTM_SEX_NB","SEX_T","2010",2260.667,,"T30:176","R1:3513_T2:85"
"DEU","BB:5863","EAR_EMTM_SEX_NB","SEX_T","2009",2266.667,,"T30:176","R1:3513_T2:85"
"DEU","BB:5863","EAR_EMTM_SEX_NB","SEX_T","2008",2200,,"T30:176","R1:3513_T2:85"
"DEU","BB:5863","EAR_EMTM_SEX_NB","SEX_T","2007",2180.011,,"T30:176","R1:3513_T2:85"
"DEU","BB:5863","EAR_EMTM_SEX_NB","SEX_T","2006",1944.444,,"T30:176","R1:3513_T2:85"
"DEU","BB:5863","EAR_EMTM_SEX_NB","SEX_T","2005",2349.261,,"T30:176","R1:3513_T2:85"
"DJI","BX:15732","EAR_EMTM_SEX_NB","SEX_T","2017",80000,"B","T30:14_I11:264","R1:3513"
"DNK","BB:3070","EAR_EMTM_SEX_NB","SEX_T","2025",5733.394,,"T30:388","R1:3513_T2:85"
"DNK","BB:3070","EAR_EMTM_SEX_NB","SEX_T","2024",5434.795,,"T30:388","R1:3513_T2:85"
"DNK","BB:3070","EAR_EMTM_SEX_NB","SEX_T","2023",5262.724,,"T30:388","R1:3513_T2:85"
"DNK","BB:3070","EAR_EMTM_SEX_NB","SEX_T","2022",5205.701,,"T30:388","R1:3513_T2:85"
"DNK","BB:3070","EAR_EMTM_SEX_NB","SEX_T","2021",5118.295,,"T30:388","R1:3513_T2:85"
"DNK","BB:3070","EAR_EMTM_SEX_NB","SEX_T","2020",4782.063,,"T30:388","R1:3513_T2:85"
"DNK","BB:3070","EAR_EMTM_SEX_NB","SEX_T","2019",4380.522,,"T30:388","R1:3513_T2:85"
"DNK","BB:3070","EAR_EMTM_SEX_NB","SEX_T","2018",4258.408,,"T30:388","R1:3513_T2:85"
"DNK","BB:3070","EAR_EMTM_SEX_NB","SEX_T","2017",4178.783,,"T30:388","R1:3513_T2:85"
"DNK","BB:3070","EAR_EMTM_SEX_NB","SEX_T","2016",4113.79,,"T30:388","R1:3513_T2:85"
"DNK","BB:3070","EAR_EMTM_SEX_NB","SEX_T","2015",4058.693,,"T30:388","R1:3513_T2:85"
"DNK","BB:3070","EAR_EMTM_SEX_NB","SEX_T","2014",3985.44,,"T30:388","R1:3513_T2:85"
"DNK","BB:3070","EAR_EMTM_SEX_NB","SEX_T","2013",3947.237,,"T30:388","R1:3513_T2:85"
"DNK","BB:3070","EAR_EMTM_SEX_NB","SEX_T","2012",3862.516,,"T30:388","R1:3513_T2:85"
"DNK","BB:3070","EAR_EMTM_SEX_NB","SEX_T","2011",3763.245,,"T30:388","R1:3513_T2:85"
"DNK","BB:3070","EAR_EMTM_SEX_NB","SEX_T","2010",3654.871,,"T30:388","R1:3513_T2:85"
"DNK","BB:3070","EAR_EMTM_SEX_NB","SEX_T","2009",3862.258,,"T30:388","R1:3513_T2:85"
"DNK","BB:3070","EAR_EMTM_SEX_NB","SEX_T","2008",3716.634,,"T30:388","R1:3513_T2:85"
"DNK","BB:3070","EAR_EMTM_SEX_NB","SEX_T","2007",3608.657,,"T30:388","R1:3513_T2:85"
"DNK","BB:3070","EAR_EMTM_SEX_NB","SEX_T","2006",3120.974,,"T30:388","R1:3513_T2:85"
"DNK","BB:3070","EAR_EMTM_SEX_NB","SEX_T","2005",3022.279,,"T30:388","R1:3513_T2:85"
"DNK","BB:3070","EAR_EMTM_SEX_NB","SEX_T","2004",2915.269,,"T30:388","R1:3513_T2:85"
"DOM","BA:13413","EAR_EMTM_SEX_NB","SEX_T","2025",23987.502,,"T30:76","R1:3513"
"DOM","BA:13413","EAR_EMTM_SEX_NB","SEX_T","2024",21666.666,,"T30:76","R1:3513"
"DOM","BA:13413","EAR_EMTM_SEX_NB","SEX_T","2023",20083.281,,"T30:76","R1:3513"
"DOM","BA:13413","EAR_EMTM_SEX_NB","SEX_T","2022",18000,,"T30:76","R1:3513"
"DOM","BA:13413","EAR_EMTM_SEX_NB","SEX_T","2021",16000,,"T30:76","R1:3513"
"DOM","BA:13413","EAR_EMTM_SEX_NB","SEX_T","2020",14460.919,"B","T30:76_I11:264","R1:3513"
"DOM","BA:13413","EAR_EMTM_SEX_NB","SEX_T","2019",12000,,"T30:76","R1:3513"
"DOM","BA:13413","EAR_EMTM_SEX_NB","SEX_T","2018",12000,,"T30:76","R1:3513"
"DOM","BA:13413","EAR_EMTM_SEX_NB","SEX_T","2017",10000,,"T30:76","R1:3513"
"DOM","BA:13413","EAR_EMTM_SEX_NB","SEX_T","2016",10000,,"T30:76","R1:3513"
"DOM","BA:13413","EAR_EMTM_SEX_NB","SEX_T","2015",9500,"B","T30:76_I11:264","R1:3513"
"DOM","BA:3","EAR_EMTM_SEX_NB","SEX_T","2014",10000,,"T30:76","R1:3513"
"DOM","BA:3","EAR_EMTM_SEX_NB","SEX_T","2013",9200,,"T30:76","R1:3513"
"DOM","BA:3","EAR_EMTM_SEX_NB","SEX_T","2012",9000,,"T30:76","R1:3513"
"DOM","BA:3","EAR_EMTM_SEX_NB","SEX_T","2011",8000,,"T30:76","R1:3513"
"DOM","BA:3","EAR_EMTM_SEX_NB","SEX_T","2010",8000,,"T30:76","R1:3513"
"DOM","BA:3","EAR_EMTM_SEX_NB","SEX_T","2009",7400,,"T30:76","R1:3513"
"DOM","BA:3","EAR_EMTM_SEX_NB","SEX_T","2008",7000,,"T30:76","R1:3513"
"DOM","BA:3","EAR_EMTM_SEX_NB","SEX_T","2007",6000,,"T30:76","R1:3513"
"DOM","BA:3","EAR_EMTM_SEX_NB","SEX_T","2006",6000,,"T30:76","R1:3513"
"DOM","BA:3","EAR_EMTM_SEX_NB","SEX_T","2005",5275.25,,"T30:76","R1:3513"
"DOM","BA:3","EAR_EMTM_SEX_NB","SEX_T","2004",4544,,"T30:76","R1:3513"
"DOM","BA:3","EAR_EMTM_SEX_NB","SEX_T","2003",3850,,"T30:76","R1:3513"
"DOM","BA:3","EAR_EMTM_SEX_NB","SEX_T","2002",3500,,"T30:76","R1:3513"
"DOM","BA:3","EAR_EMTM_SEX_NB","SEX_T","2001",3200,,"T30:76","R1:3513"
"DOM","BA:3","EAR_EMTM_SEX_NB","SEX_T","2000",3000,"B","T30:76_I11:264","R1:3513"
"ECU","BA:19","EAR_EMTM_SEX_NB","SEX_T","2025",470,,"T30:77","R1:3513"
"ECU","BA:19","EAR_EMTM_SEX_NB","SEX_T","2024",460,,"T30:77","R1:3513"
"ECU","BA:19","EAR_EMTM_SEX_NB","SEX_T","2023",450,,"T30:77","R1:3513"
"ECU","BA:19","EAR_EMTM_SEX_NB","SEX_T","2022",420,,"T30:77","R1:3513"
"ECU","BA:19","EAR_EMTM_SEX_NB","SEX_T","2021",400,,"T30:77","R1:3513"
"ECU","BA:19","EAR_EMTM_SEX_NB","SEX_T","2020",400,"B","T30:77_I11:264","R1:3513"
"ECU","BA:19","EAR_EMTM_SEX_NB","SEX_T","2019",410.156,,"T30:77","R1:3513"
"ECU","BA:19","EAR_EMTM_SEX_NB","SEX_T","2018",405,,"T30:77","R1:3513"
"ECU","BA:19","EAR_EMTM_SEX_NB","SEX_T","2017",400,,"T30:77","R1:3513"
"ECU","BA:19","EAR_EMTM_SEX_NB","SEX_T","2016",400,,"T30:77","R1:3513"
"ECU","BA:19","EAR_EMTM_SEX_NB","SEX_T","2015",400,,"T30:77","R1:3513"
"ECU","BA:19","EAR_EMTM_SEX_NB","SEX_T","2014",380,,"T30:77","R1:3513"
"ECU","BA:19","EAR_EMTM_SEX_NB","SEX_T","2013",350,,"T30:77","R1:3513"
"ECU","BA:19","EAR_EMTM_SEX_NB","SEX_T","2012",322,"B","T30:77_I11:264","R1:3513"
"ECU","BA:19","EAR_EMTM_SEX_NB","SEX_T","2011",300,,"T30:77","R1:3513"
"ECU","BA:19","EAR_EMTM_SEX_NB","SEX_T","2010",260,,"T30:77","R1:3513"
"ECU","BA:19","EAR_EMTM_SEX_NB","SEX_T","2009",240,,"T30:77","R1:3513"
"ECU","BA:19","EAR_EMTM_SEX_NB","SEX_T","2008",220,,"T30:77","R1:3513"
"ECU","BA:19","EAR_EMTM_SEX_NB","SEX_T","2007",200,,"T30:77","R1:3513"
"ECU","BA:19","EAR_EMTM_SEX_NB","SEX_T","2006",196,"B","T30:77_I11:264","R1:3513"
"ECU","BA:19","EAR_EMTM_SEX_NB","SEX_T","2005",180,,"T30:77","R1:3513"
"ECU","BA:19","EAR_EMTM_SEX_NB","SEX_T","2004",160,,"T30:77","R1:3513"
"ECU","BA:19","EAR_EMTM_SEX_NB","SEX_T","2003",150,,"T30:77","R1:3513"
"ECU","BA:19","EAR_EMTM_SEX_NB","SEX_T","2001",112,"B","T30:77_I11:264","R1:3513"
"EGY","BA:582","EAR_EMTM_SEX_NB","SEX_T","2024",4562.5,"B","T30:15_I11:264","R1:3513"
"EGY","BA:582","EAR_EMTM_SEX_NB","SEX_T","2023",3650,,"T30:15","R1:3513"
"EGY","BA:582","EAR_EMTM_SEX_NB","SEX_T","2022",3000,,"T30:15","R1:3513"
"EGY","BA:582","EAR_EMTM_SEX_NB","SEX_T","2021",2800,,"T30:15","R1:3513"
"EGY","BA:582","EAR_EMTM_SEX_NB","SEX_T","2020",2500,,"T30:15","R1:3513"
"EGY","BA:582","EAR_EMTM_SEX_NB","SEX_T","2019",2450,,"T30:15","R1:3513"
"EGY","BA:582","EAR_EMTM_SEX_NB","SEX_T","2018",2100,,"T30:15","R1:3513"
"EGY","BA:582","EAR_EMTM_SEX_NB","SEX_T","2017",2000,,"T30:15","R1:3513"
"EGY","BA:582","EAR_EMTM_SEX_NB","SEX_T","2016",1650,"B","T30:15_I11:264","R1:3513"
"EGY","BA:582","EAR_EMTM_SEX_NB","SEX_T","2015",1600,,"T30:15","R1:3513"
"EGY","BA:582","EAR_EMTM_SEX_NB","SEX_T","2013",1250,,"T30:15","R1:3513"
"EGY","BA:582","EAR_EMTM_SEX_NB","SEX_T","2012",1100,,"T30:15","R1:3513"
"EGY","BA:582","EAR_EMTM_SEX_NB","SEX_T","2011",800,,"T30:15","R1:3513"
"EGY","BA:582","EAR_EMTM_SEX_NB","SEX_T","2010",608.333,,"T30:15","R1:3513"
"EGY","BA:582","EAR_EMTM_SEX_NB","SEX_T","2009",63.333,,"T30:15","R1:3513"
"EGY","BA:582","EAR_EMTM_SEX_NB","SEX_T","2008",50,"B","T30:15_I11:264","R1:3513"
"ESP","BB:3071","EAR_EMTM_SEX_NB","SEX_T","2025",2648.508,,"T30:171","R1:3513_T2:85"
"ESP","BB:3071","EAR_EMTM_SEX_NB","SEX_T","2024",2528.931,,"T30:171","R1:3513_T2:85"
"ESP","BB:3071","EAR_EMTM_SEX_NB","SEX_T","2023",2443.248,,"T30:171","R1:3513_T2:85"
"ESP","BB:3071","EAR_EMTM_SEX_NB","SEX_T","2022",2263.562,,"T30:171","R1:3513_T2:85"
"ESP","BB:3071","EAR_EMTM_SEX_NB","SEX_T","2021",2168.817,,"T30:171","R1:3513_T2:85"
"ESP","BB:3071","EAR_EMTM_SEX_NB","SEX_T","2020",2192.742,,"T30:171","R1:3513_T2:85"
"ESP","BB:3071","EAR_EMTM_SEX_NB","SEX_T","2019",2030.169,,"T30:171","R1:3513_T2:85"
"ESP","BB:3071","EAR_EMTM_SEX_NB","SEX_T","2018",2054.663,,"T30:171","R1:3513_T2:85"
"ESP","BB:3071","EAR_EMTM_SEX_NB","SEX_T","2017",2031.631,,"T30:171","R1:3513_T2:85"
"ESP","BB:3071","EAR_EMTM_SEX_NB","SEX_T","2016",2099.322,,"T30:171","R1:3513_T2:85"
"ESP","BB:3071","EAR_EMTM_SEX_NB","SEX_T","2015",2061.844,,"T30:171","R1:3513_T2:85"
"ESP","BB:3071","EAR_EMTM_SEX_NB","SEX_T","2014",2061.526,,"T30:171","R1:3513_T2:85"
"ESP","BB:3071","EAR_EMTM_SEX_NB","SEX_T","2013",2051.403,,"T30:171","R1:3513_T2:85"
"ESP","BB:3071","EAR_EMTM_SEX_NB","SEX_T","2012",2111.827,,"T30:171","R1:3513_T2:85"
"ESP","BB:3071","EAR_EMTM_SEX_NB","SEX_T","2011",2084.814,,"T30:171","R1:3513_T2:85"
"ESP","BB:3071","EAR_EMTM_SEX_NB","SEX_T","2010",2058.247,,"T30:171","R1:3513_T2:85"
"ESP","BB:3071","EAR_EMTM_SEX_NB","SEX_T","2009",2005.68,,"T30:171","R1:3513_T2:85"
"ESP","BB:3071","EAR_EMTM_SEX_NB","SEX_T","2008",1822.134,,"T30:171","R1:3513_T2:85"
"ESP","BB:3071","EAR_EMTM_SEX_NB","SEX_T","2007",1731.92,,"T30:171","R1:3513_T2:85"
"ESP","BB:3071","EAR_EMTM_SEX_NB","SEX_T","2006",1320,,"T30:171","R1:3513_T2:85"
"EST","BB:44","EAR_EMTM_SEX_NB","SEX_T","2025",2431.472,,"T30:172","R1:3513_T2:85"
"EST","BB:44","EAR_EMTM_SEX_NB","SEX_T","2024",2256.981,,"T30:172","R1:3513_T2:85"
"EST","BB:44","EAR_EMTM_SEX_NB","SEX_T","2023",2015.639,,"T30:172","R1:3513_T2:85"
"EST","BB:44","EAR_EMTM_SEX_NB","SEX_T","2022",1772.676,,"T30:172","R1:3513_T2:85"
"EST","BB:44","EAR_EMTM_SEX_NB","SEX_T","2021",1717.557,,"T30:172","R1:3513_T2:85"
"EST","BB:44","EAR_EMTM_SEX_NB","SEX_T","2020",1623.874,,"T30:172","R1:3513_T2:85"
"EST","BB:44","EAR_EMTM_SEX_NB","SEX_T","2019",1455.88,,"T30:172","R1:3513_T2:85"
"EST","BB:44","EAR_EMTM_SEX_NB","SEX_T","2018",1383.794,,"T30:172","R1:3513_T2:85"
"EST","BB:44","EAR_EMTM_SEX_NB","SEX_T","2017",1254.446,,"T30:172","R1:3513_T2:85"
"EST","BB:44","EAR_EMTM_SEX_NB","SEX_T","2016",1204.54,,"T30:172","R1:3513_T2:85"
"EST","BB:44","EAR_EMTM_SEX_NB","SEX_T","2015",1151.972,,"T30:172","R1:3513_T2:85"
"EST","BB:44","EAR_EMTM_SEX_NB","SEX_T","2014",1106.978,,"T30:172","R1:3513_T2:85"
"EST","BB:44","EAR_EMTM_SEX_NB","SEX_T","2013",997.236,,"T30:172","R1:3513_T2:85"
"EST","BB:44","EAR_EMTM_SEX_NB","SEX_T","2012",928.834,,"T30:172","R1:3513_T2:85"
"EST","BB:44","EAR_EMTM_SEX_NB","SEX_T","2011",842.052,,"T30:172","R1:3513_T2:85"
"EST","BB:44","EAR_EMTM_SEX_NB","SEX_T","2010",836.964,,"T30:172","R1:3513_T2:85"
"EST","BB:44","EAR_EMTM_SEX_NB","SEX_T","2009",833.439,,"T30:172","R1:3513_T2:85"
"EST","BB:44","EAR_EMTM_SEX_NB","SEX_T","2008",796.726,,"T30:172","R1:3513_T2:85"
"EST","BB:44","EAR_EMTM_SEX_NB","SEX_T","2007",629.318,,"T30:172","R1:3513_T2:85"
"EST","BB:44","EAR_EMTM_SEX_NB","SEX_T","2006",398.104,,"T30:172","R1:3513_T2:85"
"EST","BB:44","EAR_EMTM_SEX_NB","SEX_T","2005",360.822,,"T30:172","R1:3513_T2:85"
"EST","BB:44","EAR_EMTM_SEX_NB","SEX_T","2004",323.764,,"T30:172","R1:3513_T2:85"
"ETH","BA:1126","EAR_EMTM_SEX_NB","SEX_T","2021",3200,,"T30:17","R1:3513"
"ETH","BA:1126","EAR_EMTM_SEX_NB","SEX_T","2013",974,,"T30:17","R1:3513"
"ETH","BA:1126","EAR_EMTM_SEX_NB","SEX_T","2005",200,,"T30:17","R1:3513"
"FIN","BB:6210","EAR_EMTM_SEX_NB","SEX_T","2025",4448.46,,"T30:174","R1:3513_T2:85"
"FIN","BB:6210","EAR_EMTM_SEX_NB","SEX_T","2024",4354.282,,"T30:174","R1:3513_T2:85"
"FIN","BB:6210","EAR_EMTM_SEX_NB","SEX_T","2023",4134.192,,"T30:174","R1:3513_T2:85"
"FIN","BB:6210","EAR_EMTM_SEX_NB","SEX_T","2022",4027.304,,"T30:174","R1:3513_T2:85"
"FIN","BB:6210","EAR_EMTM_SEX_NB","SEX_T","2021",3826.123,,"T30:174","R1:3513_T2:85"
"FIN","BB:6210","EAR_EMTM_SEX_NB","SEX_T","2020",3730.622,,"T30:174","R1:3513_T2:85"
"FIN","BB:6210","EAR_EMTM_SEX_NB","SEX_T","2019",3667.071,,"T30:174","R1:3513_T2:85"
"FIN","BB:6210","EAR_EMTM_SEX_NB","SEX_T","2018",3626.33,,"T30:174","R1:3513_T2:85"
"FIN","BB:6210","EAR_EMTM_SEX_NB","SEX_T","2017",3650.157,,"T30:174","R1:3513_T2:85"
"FIN","BB:6210","EAR_EMTM_SEX_NB","SEX_T","2016",3632.325,,"T30:174","R1:3513_T2:85"
"FIN","BB:6210","EAR_EMTM_SEX_NB","SEX_T","2015",3587.306,,"T30:174","R1:3513_T2:85"
"FIN","BB:6210","EAR_EMTM_SEX_NB","SEX_T","2014",3524.915,,"T30:174","R1:3513_T2:85"
"FIN","BB:6210","EAR_EMTM_SEX_NB","SEX_T","2013",3454.5,,"T30:174","R1:3513_T2:85"
"FIN","BB:6210","EAR_EMTM_SEX_NB","SEX_T","2012",3342.714,,"T30:174","R1:3513_T2:85"
"FIN","BB:6210","EAR_EMTM_SEX_NB","SEX_T","2011",3238.667,,"T30:174","R1:3513_T2:85"
"FIN","BB:6210","EAR_EMTM_SEX_NB","SEX_T","2010",3114.726,,"T30:174","R1:3513_T2:85"
"FIN","BB:6210","EAR_EMTM_SEX_NB","SEX_T","2009",3062.148,,"T30:174","R1:3513_T2:85"
"FIN","BB:6210","EAR_EMTM_SEX_NB","SEX_T","2008",2869.874,,"T30:174","R1:3513_T2:85"
"FIN","BB:6210","EAR_EMTM_SEX_NB","SEX_T","2007",2785.281,,"T30:174","R1:3513_T2:85"
"FIN","BB:6210","EAR_EMTM_SEX_NB","SEX_T","2006",2118.063,,"T30:174","R1:3513_T2:85"
"FIN","BB:6210","EAR_EMTM_SEX_NB","SEX_T","2005",2085.308,,"T30:174","R1:3513_T2:85"
"FIN","BB:6210","EAR_EMTM_SEX_NB","SEX_T","2004",2037.029,,"T30:174","R1:3513_T2:85"
"FJI","BA:1135","EAR_EMTM_SEX_NB","SEX_T","2024",1082.5,,"T30:214","R1:3513"
"FJI","BA:1135","EAR_EMTM_SEX_NB","SEX_T","2016",756.167,,"T30:214","R1:3513"
"FJI","BA:1135","EAR_EMTM_SEX_NB","SEX_T","2011",582.833,,"T30:214","R1:3513"
"FJI","BA:1135","EAR_EMTM_SEX_NB","SEX_T","2005",452.833,"B","T30:214_I11:264","R1:3513"
"FRA","BB:3067","EAR_EMTM_SEX_NB","SEX_T","2025",3720.429,,"T30:175","R1:3513_T2:85"
"FRA","BA:148","EAR_EMTM_SEX_NB","SEX_T","2024",1937,,"T30:175","R1:3513"
"FRA","BA:148","EAR_EMTM_SEX_NB","SEX_T","2023",1888,,"T30:175","R1:3513"
"FRA","BA:148","EAR_EMTM_SEX_NB","SEX_T","2022",1800,,"T30:175","R1:3513"
"FRA","BA:148","EAR_EMTM_SEX_NB","SEX_T","2021",1750,,"T30:175","R1:3513"
"FRA","BA:148","EAR_EMTM_SEX_NB","SEX_T","2020",1760,,"T30:175","R1:3513"
"FRA","BA:148","EAR_EMTM_SEX_NB","SEX_T","2019",1727,,"T30:175","R1:3513"
"FRA","BA:148","EAR_EMTM_SEX_NB","SEX_T","2018",1700,,"T30:175","R1:3513"
"FRA","BA:148","EAR_EMTM_SEX_NB","SEX_T","2017",1636,,"T30:175","R1:3513"
"FRA","BA:148","EAR_EMTM_SEX_NB","SEX_T","2016",1629,,"T30:175","R1:3513"
"FRA","BA:148","EAR_EMTM_SEX_NB","SEX_T","2015",1600,,"T30:175","R1:3513"
"FRA","BA:148","EAR_EMTM_SEX_NB","SEX_T","2014",1600,,"T30:175","R1:3513"
"FRA","BA:148","EAR_EMTM_SEX_NB","SEX_T","2013",1600,,"T30:175","R1:3513"
"FRA","BA:148","EAR_EMTM_SEX_NB","SEX_T","2012",1596,,"T30:175","R1:3513"
"FRA","BA:148","EAR_EMTM_SEX_NB","SEX_T","2011",1565,,"T30:175","R1:3513"
"FRA","BA:148","EAR_EMTM_SEX_NB","SEX_T","2010",1517,,"T30:175","R1:3513"
"FRA","BA:148","EAR_EMTM_SEX_NB","SEX_T","2009",1500,,"T30:175","R1:3513"
"FRA","BA:148","EAR_EMTM_SEX_NB","SEX_T","2008",1500,,"T30:175","R1:3513"
"FRA","BA:148","EAR_EMTM_SEX_NB","SEX_T","2007",1437,,"T30:175","R1:3513"
"FRA","BA:148","EAR_EMTM_SEX_NB","SEX_T","2006",1400,,"T30:175","R1:3513"
"FRA","BA:148","EAR_EMTM_SEX_NB","SEX_T","2005",1364,"B","T30:175_I11:264","R1:3513"
"FRA","BB:3067","EAR_EMTM_SEX_NB","SEX_T","2004",1733,,"T30:175","R1:3513_T2:85"
"GBR","BA:666","EAR_EMTM_SEX_NB","SEX_T","2025",2708.333,,"T30:210","R1:3513"
"GBR","BA:666","EAR_EMTM_SEX_NB","SEX_T","2024",2582.667,,"T30:210","R1:3513"
"GBR","BA:666","EAR_EMTM_SEX_NB","SEX_T","2023",2500.333,,"T30:210","R1:3513"
"GBR","BA:666","EAR_EMTM_SEX_NB","SEX_T","2022",2331.333,,"T30:210","R1:3513"
"GBR","BA:666","EAR_EMTM_SEX_NB","SEX_T","2021",2149.333,,"T30:210","R1:3513"
"GBR","BA:666","EAR_EMTM_SEX_NB","SEX_T","2020",2101.667,,"T30:210","R1:3513"
"GBR","BA:666","EAR_EMTM_SEX_NB","SEX_T","2018",1915.333,,"T30:210","R1:3513"
"GBR","BA:666","EAR_EMTM_SEX_NB","SEX_T","2017",1833,,"T30:210","R1:3513"
"GBR","BA:666","EAR_EMTM_SEX_NB","SEX_T","2016",1789.667,,"T30:210","R1:3513"
"GBR","BA:666","EAR_EMTM_SEX_NB","SEX_T","2015",1750.667,,"T30:210","R1:3513"
"GBR","BA:666","EAR_EMTM_SEX_NB","SEX_T","2014",1733.333,,"T30:210","R1:3513"
"GBR","BA:666","EAR_EMTM_SEX_NB","SEX_T","2013",1690,,"T30:210","R1:3513"
"GBR","BA:666","EAR_EMTM_SEX_NB","SEX_T","2012",1668.333,,"T30:210","R1:3513"
"GBR","BA:666","EAR_EMTM_SEX_NB","SEX_T","2011",1625,,"T30:210","R1:3513"
"GBR","BA:666","EAR_EMTM_SEX_NB","SEX_T","2010",1599,,"T30:210","R1:3513"
"GBR","BA:666","EAR_EMTM_SEX_NB","SEX_T","2009",1581.667,,"T30:210","R1:3513"
"GBR","BA:666","EAR_EMTM_SEX_NB","SEX_T","2008",1568.667,,"T30:210","R1:3513"
"GBR","BA:666","EAR_EMTM_SEX_NB","SEX_T","2007",1499.333,,"T30:210","R1:3513"
"GBR","BA:666","EAR_EMTM_SEX_NB","SEX_T","2006",1460.333,,"T30:210","R1:3513"
"GBR","BA:666","EAR_EMTM_SEX_NB","SEX_T","2005",1399.667,"B","T30:210_I11:264","R1:3513"
"GBR","BA:666","EAR_EMTM_SEX_NB","SEX_T","2003",1300,,"T30:210","R1:3513"
"GBR","BA:666","EAR_EMTM_SEX_NB","SEX_T","2002",1256.667,,"T30:210","R1:3513"
"GBR","BA:666","EAR_EMTM_SEX_NB","SEX_T","2001",1243.667,,"T30:210","R1:3513"
"GBR","BA:666","EAR_EMTM_SEX_NB","SEX_T","2000",1165.667,,"T30:210","R1:3513"
"GEO","BB:16121","EAR_EMTM_SEX_NB","SEX_T","2023",800,,"T30:119","R1:3513"
"GEO","BB:16121","EAR_EMTM_SEX_NB","SEX_T","2022",700,,"T30:119","R1:3513"
"GEO","BB:16121","EAR_EMTM_SEX_NB","SEX_T","2021",600,,"T30:119","R1:3513"
"GEO","BB:16121","EAR_EMTM_SEX_NB","SEX_T","2020",500,,"T30:119","R1:3513"
"GEO","BB:16121","EAR_EMTM_SEX_NB","SEX_T","2019",500,,"T30:119","R1:3513"
"GEO","BB:16121","EAR_EMTM_SEX_NB","SEX_T","2018",500,,"T30:119","R1:3513"
"GEO","BB:16121","EAR_EMTM_SEX_NB","SEX_T","2017",450,,"T30:119","R1:3513"
"GHA","BA:1163","EAR_EMTM_SEX_NB","SEX_T","2025",1732,,"T30:20","R1:3513"
"GHA","BB:16203","EAR_EMTM_SEX_NB","SEX_T","2024",1825,,"T30:20","R1:3513"
"GHA","BB:16203","EAR_EMTM_SEX_NB","SEX_T","2023",1303.571,,"T30:20","R1:3513"
"GHA","BB:16203","EAR_EMTM_SEX_NB","SEX_T","2022",1067.262,,"T30:20","R1:3513"
"GHA","BB:3078","EAR_EMTM_SEX_NB","SEX_T","2017",550,"B","T30:20_I11:264","R1:3513"
"GHA","BA:1163","EAR_EMTM_SEX_NB","SEX_T","2015",566.563,"B","T30:20_I11:264","R1:3513"
"GHA","BB:3078","EAR_EMTM_SEX_NB","SEX_T","2013",320,"B","T30:20_I11:264","R1:3513"
"GHA","BB:3078","EAR_EMTM_SEX_NB","SEX_T","2006",700000,"B","T30:291_I11:264","R1:3513"
"GIN","BA:15631","EAR_EMTM_SEX_NB","SEX_T","2019",1600000,,"T30:22","R1:3513"
"GMB","BA:7014","EAR_EMTM_SEX_NB","SEX_T","2018",2750,"B","T30:19_I11:264","R1:3513"
"GMB","BA:7014","EAR_EMTM_SEX_NB","SEX_T","2012",2281.25,"B","T30:19_I11:264","R1:3513"
"GNB","BB:15952","EAR_EMTM_SEX_NB","SEX_T","2022",60000,,"T30:23","R1:3513"
"GNB","BB:15952","EAR_EMTM_SEX_NB","SEX_T","2019",60000,,"T30:23","R1:3513"
"GNQ","BB:16937","EAR_EMTM_SEX_NB","SEX_T","2023",170000,,"T30:21","R1:3513"
"GRC","BB:319","EAR_EMTM_SEX_NB","SEX_T","2025",1739.332,,"T30:178","R1:3513_T2:85"
"GRC","BB:319","EAR_EMTM_SEX_NB","SEX_T","2024",1800.63,,"T30:178","R1:3513_T2:85"
"GRC","BB:319","EAR_EMTM_SEX_NB","SEX_T","2023",1689.31,,"T30:178","R1:3513_T2:85"
"GRC","BB:319","EAR_EMTM_SEX_NB","SEX_T","2022",1670.682,,"T30:178","R1:3513_T2:85"
"GRC","BB:319","EAR_EMTM_SEX_NB","SEX_T","2021",1766.634,,"T30:178","R1:3513_T2:85"
"GRC","BA:317","EAR_EMTM_SEX_NB","SEX_T","2020",850,,"T30:178","R1:3513"
"GRC","BA:317","EAR_EMTM_SEX_NB","SEX_T","2019",820,,"T30:178","R1:3513"
"GRC","BA:317","EAR_EMTM_SEX_NB","SEX_T","2018",840,,"T30:178","R1:3513"
"GRC","BA:317","EAR_EMTM_SEX_NB","SEX_T","2017",800,,"T30:178","R1:3513"
"GRC","BA:317","EAR_EMTM_SEX_NB","SEX_T","2016",800,,"T30:178","R1:3513"
"GRC","BA:317","EAR_EMTM_SEX_NB","SEX_T","2015",820,,"T30:178","R1:3513"
"GRC","BB:319","EAR_EMTM_SEX_NB","SEX_T","2014",1778.576,,"T30:178","R1:3513_T2:85"
"GRC","BB:319","EAR_EMTM_SEX_NB","SEX_T","2013",1700.999,,"T30:178","R1:3513_T2:85"
"GRC","BB:319","EAR_EMTM_SEX_NB","SEX_T","2012",1818.131,,"T30:178","R1:3513_T2:85"
"GRC","BB:319","EAR_EMTM_SEX_NB","SEX_T","2011",1942.861,,"T30:178","R1:3513_T2:85"
"GRC","BB:319","EAR_EMTM_SEX_NB","SEX_T","2010",1955.959,,"T30:178","R1:3513_T2:85"
"GRC","BB:319","EAR_EMTM_SEX_NB","SEX_T","2009",1838.464,,"T30:178","R1:3513_T2:85"
"GRC","BB:319","EAR_EMTM_SEX_NB","SEX_T","2008",1772.333,,"T30:178","R1:3513_T2:85"
"GRC","BB:319","EAR_EMTM_SEX_NB","SEX_T","2007",1684.68,,"T30:178","R1:3513_T2:85"
"GTM","BA:660","EAR_EMTM_SEX_NB","SEX_T","2025",3296,,"T30:83","R1:3513"
"GTM","BA:660","EAR_EMTM_SEX_NB","SEX_T","2024",3000,"B","T30:83_I11:264","R1:3513"
"GTM","BB:16732","EAR_EMTM_SEX_NB","SEX_T","2023",2040,,"T30:83","R1:3513"
"GTM","BA:660","EAR_EMTM_SEX_NB","SEX_T","2022",2400,"B","T5:1429_T30:83_I11:264","R1:3513"
"GTM","BA:660","EAR_EMTM_SEX_NB","SEX_T","2021",2100,,"T30:83","R1:3513"
"GTM","BA:660","EAR_EMTM_SEX_NB","SEX_T","2019",2156.505,,"T30:83","R1:3513"
"GTM","BA:660","EAR_EMTM_SEX_NB","SEX_T","2018",2010.177,,"T30:83","R1:3513"
"GTM","BA:660","EAR_EMTM_SEX_NB","SEX_T","2017",2031.851,,"T30:83","R1:3513"
"GTM","BA:660","EAR_EMTM_SEX_NB","SEX_T","2016",2008.432,,"T30:83","R1:3513"
"GTM","BA:660","EAR_EMTM_SEX_NB","SEX_T","2015",2028.087,,"T30:83","R1:3513"
"GTM","BA:660","EAR_EMTM_SEX_NB","SEX_T","2014",2028.843,"B","T30:83_I11:264","R1:3513"
"GTM","BA:660","EAR_EMTM_SEX_NB","SEX_T","2013",2000,"B","T30:83_I11:264","R1:3513"
"GTM","BA:660","EAR_EMTM_SEX_NB","SEX_T","2012",1685.585,,"T30:83","R1:3513"
"GTM","BA:660","EAR_EMTM_SEX_NB","SEX_T","2011",1600,,"T30:83","R1:3513"
"GTM","BA:660","EAR_EMTM_SEX_NB","SEX_T","2010",1690,"B","T30:83_I11:264","R1:3513"
"GTM","BX:5867","EAR_EMTM_SEX_NB","SEX_T","2006",1600,"B","T30:83_I11:264","R1:3513"
"GTM","BA:660","EAR_EMTM_SEX_NB","SEX_T","2004",1300,"B","T30:83_I11:264","R1:3513"
"GTM","BA:660","EAR_EMTM_SEX_NB","SEX_T","2003",1350,"B","T30:83_I11:264","R1:3513"
"GTM","BA:660","EAR_EMTM_SEX_NB","SEX_T","2002",1174.605,"B","T30:83_I11:264","R1:3513"
"GUY","BA:1214","EAR_EMTM_SEX_NB","SEX_T","2024",120000,,"T30:84","R1:3513"
"GUY","BA:1214","EAR_EMTM_SEX_NB","SEX_T","2021",75000,,"T30:84","R1:3513"
"GUY","BA:1214","EAR_EMTM_SEX_NB","SEX_T","2020",72000,,"T30:84","R1:3513"
"GUY","BA:1214","EAR_EMTM_SEX_NB","SEX_T","2019",72000,,"T30:84","R1:3513"
"GUY","BA:1214","EAR_EMTM_SEX_NB","SEX_T","2018",65000,"B","T30:84_I11:264","R1:3513"
"HND","BX:504","EAR_EMTM_SEX_NB","SEX_T","2025",9000,,"T30:87","R1:3513_S3:9"
"HND","BX:504","EAR_EMTM_SEX_NB","SEX_T","2024",8000,,"T30:87","R1:3513_S3:9"
"HND","BX:504","EAR_EMTM_SEX_NB","SEX_T","2023",7300,,"T30:87","R1:3513_S3:9"
"HND","BX:504","EAR_EMTM_SEX_NB","SEX_T","2022",7650,,"T30:87","R1:3513_S3:9"
"HND","BX:504","EAR_EMTM_SEX_NB","SEX_T","2021",6375,,"T30:87","R1:3513_S3:9"
"HND","BX:504","EAR_EMTM_SEX_NB","SEX_T","2020",6167.166,"B","T30:87_I11:264","R1:3513_S3:9"
"HND","BX:504","EAR_EMTM_SEX_NB","SEX_T","2019",6000,,"T30:87","R1:3513_S3:9"
"HND","BX:504","EAR_EMTM_SEX_NB","SEX_T","2018",5200,"B","T30:87_I11:264","R1:3513_S3:9"
"HND","BX:504","EAR_EMTM_SEX_NB","SEX_T","2017",5800,,"T30:87","R1:3513_S3:9"
"HND","BX:504","EAR_EMTM_SEX_NB","SEX_T","2016",6000,,"T30:87","R1:3513"
"HND","BX:504","EAR_EMTM_SEX_NB","SEX_T","2015",5413.525,,"T30:87","R1:3513"
"HND","BX:504","EAR_EMTM_SEX_NB","SEX_T","2014",5500,,"T30:87","R1:3513"
"HND","BX:504","EAR_EMTM_SEX_NB","SEX_T","2013",4900,,"T30:87","R1:3513"
"HND","BX:504","EAR_EMTM_SEX_NB","SEX_T","2012",5416.666,,"T30:87","R1:3513"
"HND","BX:504","EAR_EMTM_SEX_NB","SEX_T","2011",5000,,"T30:87","R1:3513"
"HND","BX:504","EAR_EMTM_SEX_NB","SEX_T","2010",4766.666,,"T30:87","R1:3513"
"HND","BX:504","EAR_EMTM_SEX_NB","SEX_T","2009",4333.334,,"T30:87","R1:3513"
"HND","BX:504","EAR_EMTM_SEX_NB","SEX_T","2008",3900,"B","T30:87_I11:264","R1:3513"
"HND","BX:504","EAR_EMTM_SEX_NB","SEX_T","2007",3314.325,,"T30:87","R1:3513"
"HND","BX:504","EAR_EMTM_SEX_NB","SEX_T","2006",3033.333,,"T30:87","R1:3513"
"HND","BX:504","EAR_EMTM_SEX_NB","SEX_T","2005",2708.333,"B","T30:87_I11:264","R1:3513"
"HRV","BB:5862","EAR_EMTM_SEX_NB","SEX_T","2025",1836.417,,"T30:386","R1:3513_T2:85"
"HRV","BB:5862","EAR_EMTM_SEX_NB","SEX_T","2024",1968.374,,"T30:386","R1:3513_T2:85"
"HRV","BB:5862","EAR_EMTM_SEX_NB","SEX_T","2023",1188.787,,"T30:386","R1:3513_T2:85"
"HRV","BB:5862","EAR_EMTM_SEX_NB","SEX_T","2022",1494.1,,"T30:386","R1:3513_T2:85"
"HRV","BB:5862","EAR_EMTM_SEX_NB","SEX_T","2021",1411.393,,"T30:386","R1:3513_T2:85"
"HRV","BB:5862","EAR_EMTM_SEX_NB","SEX_T","2020",1309.542,,"T30:386","R1:3513_T2:85"
"HRV","BB:5862","EAR_EMTM_SEX_NB","SEX_T","2019",1238.666,,"T30:386","R1:3513_T2:85"
"HRV","BB:5862","EAR_EMTM_SEX_NB","SEX_T","2018",1143.703,,"T30:386","R1:3513_T2:85"
"HRV","BB:5862","EAR_EMTM_SEX_NB","SEX_T","2017",1096.294,,"T30:386","R1:3513_T2:85"
"HRV","BB:5862","EAR_EMTM_SEX_NB","SEX_T","2016",1043.605,,"T30:386","R1:3513_T2:85"
"HRV","BB:5862","EAR_EMTM_SEX_NB","SEX_T","2015",1048.369,,"T30:386","R1:3513_T2:85"
"HRV","BB:5862","EAR_EMTM_SEX_NB","SEX_T","2014",962.799,,"T30:386","R1:3513_T2:85"
"HRV","BB:5862","EAR_EMTM_SEX_NB","SEX_T","2013",965.447,,"T30:386","R1:3513_T2:85"
"HRV","BB:5862","EAR_EMTM_SEX_NB","SEX_T","2012",1032.392,,"T30:386","R1:3513_T2:85"
"HRV","BB:5862","EAR_EMTM_SEX_NB","SEX_T","2011",1029.219,,"T30:386","R1:3513_T2:85"
"HRV","BB:5862","EAR_EMTM_SEX_NB","SEX_T","2010",1059.264,,"T30:386","R1:3513_T2:85"
"HUN","BB:3062","EAR_EMTM_SEX_NB","SEX_T","2025",1010.271,,"T30:389","R1:3513_T2:85"
"HUN","BB:3062","EAR_EMTM_SEX_NB","SEX_T","2024",1036.102,,"T30:389","R1:3513_T2:85"
"HUN","BB:3062","EAR_EMTM_SEX_NB","SEX_T","2023",859.412,,"T30:389","R1:3513_T2:85"
"HUN","BB:3062","EAR_EMTM_SEX_NB","SEX_T","2022",868.313,,"T30:389","R1:3513_T2:85"
"HUN","BB:3062","EAR_EMTM_SEX_NB","SEX_T","2021",818.306,,"T30:389","R1:3513_T2:85"
"HUN","BB:3062","EAR_EMTM_SEX_NB","SEX_T","2020",873.581,,"T30:389","R1:3513_T2:85"
"HUN","BB:3062","EAR_EMTM_SEX_NB","SEX_T","2019",1108.562,,"T30:389","R1:3513_T2:85"
"HUN","BB:3062","EAR_EMTM_SEX_NB","SEX_T","2018",704.865,,"T30:389","R1:3513_T2:85"
"HUN","BB:3062","EAR_EMTM_SEX_NB","SEX_T","2017",722.544,,"T30:389","R1:3513_T2:85"
"HUN","BB:3062","EAR_EMTM_SEX_NB","SEX_T","2016",661.772,,"T30:389","R1:3513_T2:85"
"HUN","BB:3062","EAR_EMTM_SEX_NB","SEX_T","2015",639.529,,"T30:389","R1:3513_T2:85"
"HUN","BB:3062","EAR_EMTM_SEX_NB","SEX_T","2014",650.344,,"T30:389","R1:3513_T2:85"
"HUN","BB:3062","EAR_EMTM_SEX_NB","SEX_T","2013",636.647,,"T30:389","R1:3513_T2:85"
"HUN","BB:3062","EAR_EMTM_SEX_NB","SEX_T","2012",646.454,,"T30:389","R1:3513_T2:85"
"HUN","BB:3062","EAR_EMTM_SEX_NB","SEX_T","2011",635.81,,"T30:389","R1:3513_T2:85"
"HUN","BB:3062","EAR_EMTM_SEX_NB","SEX_T","2010",589.02,,"T30:389","R1:3513_T2:85"
"HUN","BB:3062","EAR_EMTM_SEX_NB","SEX_T","2009",641.128,,"T30:389","R1:3513_T2:85"
"HUN","BB:3062","EAR_EMTM_SEX_NB","SEX_T","2008",593.386,,"T30:389","R1:3513_T2:85"
"HUN","BB:3062","EAR_EMTM_SEX_NB","SEX_T","2007",519.065,,"T30:389","R1:3513_T2:85"
"HUN","BB:3062","EAR_EMTM_SEX_NB","SEX_T","2006",403.144,,"T30:389","R1:3513_T2:85"
"HUN","BB:3062","EAR_EMTM_SEX_NB","SEX_T","2005",358.665,,"T30:389","R1:3513_T2:85"
"IDN","BA:510","EAR_EMTM_SEX_NB","SEX_T","2023",2246118.189,,"T30:122","R1:3513"
"IDN","BA:510","EAR_EMTM_SEX_NB","SEX_T","2022",2101474.322,,"T30:122","R1:3513"
"IDN","BA:510","EAR_EMTM_SEX_NB","SEX_T","2021",2000000,"B","T30:122_I11:264","R1:3513"
"IDN","BA:510","EAR_EMTM_SEX_NB","SEX_T","2020",2000000,,"T30:122","R1:3513"
"IDN","BA:510","EAR_EMTM_SEX_NB","SEX_T","2019",2000000,,"T30:122","R1:3513"
"IDN","BA:510","EAR_EMTM_SEX_NB","SEX_T","2018",1902479.187,,"T30:122","R1:3513"
"IDN","BA:510","EAR_EMTM_SEX_NB","SEX_T","2017",1850938.167,,"T30:122","R1:3513"
"IDN","BA:510","EAR_EMTM_SEX_NB","SEX_T","2016",1644881.832,,"T30:122","R1:3513"
"IDN","BA:510","EAR_EMTM_SEX_NB","SEX_T","2015",1249334.943,,"T30:122","R1:3513"
"IDN","BA:510","EAR_EMTM_SEX_NB","SEX_T","2014",1199560.393,,"T30:122","R1:3513"
"IDN","BA:510","EAR_EMTM_SEX_NB","SEX_T","2013",1098836.524,"B","T30:122_I11:264","R1:3513"
"IDN","BA:510","EAR_EMTM_SEX_NB","SEX_T","2012",1001245.531,,"T30:122","R1:3513"
"IDN","BA:510","EAR_EMTM_SEX_NB","SEX_T","2011",908292.833,,"T30:122","R1:3513"
"IDN","BA:510","EAR_EMTM_SEX_NB","SEX_T","2010",978139.419,,"T30:122","R1:3513"
"IDN","BA:510","EAR_EMTM_SEX_NB","SEX_T","2009",919973.543,,"T30:122","R1:3513"
"IDN","BA:510","EAR_EMTM_SEX_NB","SEX_T","2008",805976.607,"B","T30:122_I11:264","R1:3513"
"IDN","BA:510","EAR_EMTM_SEX_NB","SEX_T","2007",800000,,"T30:122","R1:3513"
"IDN","BA:510","EAR_EMTM_SEX_NB","SEX_T","2006",750000,,"T30:122","R1:3513"
"IDN","BA:510","EAR_EMTM_SEX_NB","SEX_T","2005",700000,,"T30:122","R1:3513"
"IDN","BA:510","EAR_EMTM_SEX_NB","SEX_T","2004",700000,,"T30:122","R1:3513"
"IDN","BA:510","EAR_EMTM_SEX_NB","SEX_T","2003",650000,,"T30:122","R1:3513"
"IDN","BA:510","EAR_EMTM_SEX_NB","SEX_T","2002",596000,,"T30:122","R1:3513"
"IDN","BA:510","EAR_EMTM_SEX_NB","SEX_T","2001",450000,,"T30:122","R1:3513"
"IDN","BA:510","EAR_EMTM_SEX_NB","SEX_T","2000",350000,,"T30:122","R1:3513"
"IND","BA:14121","EAR_EMTM_SEX_NB","SEX_T","2025",15000,,"T30:121","R1:3513"
"IND","BA:14121","EAR_EMTM_SEX_NB","SEX_T","2024",15000,,"T30:121","R1:3513"
"IND","BA:14121","EAR_EMTM_SEX_NB","SEX_T","2023",13500,,"T30:121","R1:3513"
"IND","BA:14121","EAR_EMTM_SEX_NB","SEX_T","2022",12199.835,,"T30:121","R1:3513"
"IND","BA:14121","EAR_EMTM_SEX_NB","SEX_T","2021",12000,,"T30:121","R1:3513"
"IND","BA:14121","EAR_EMTM_SEX_NB","SEX_T","2020",11051.506,,"T30:121","R1:3513"
"IND","BA:14121","EAR_EMTM_SEX_NB","SEX_T","2019",10000,,"T30:121","R1:3513"
"IND","BA:14121","EAR_EMTM_SEX_NB","SEX_T","2018",10000,,"T30:121","R1:3513"
"IND","BX:2228","EAR_EMTM_SEX_NB","SEX_T","2012",6933.334,,"T30:121","R1:3513"
"IND","BX:2228","EAR_EMTM_SEX_NB","SEX_T","2010",5646.175,,"T30:121","R1:3513"
"IND","BX:2228","EAR_EMTM_SEX_NB","SEX_T","2005",3033.333,,"T30:121","R1:3513_S3:26"
"IRL","BB:3073","EAR_EMTM_SEX_NB","SEX_T","2025",3998.662,,"T30:182","R1:3513_T2:85"
"IRL","BB:3073","EAR_EMTM_SEX_NB","SEX_T","2024",3796.401,,"T30:182","R1:3513_T2:85"
"IRL","BB:3073","EAR_EMTM_SEX_NB","SEX_T","2023",3522.887,,"T30:182","R1:3513_T2:85"
"IRL","BB:3073","EAR_EMTM_SEX_NB","SEX_T","2022",3447.765,,"T30:182","R1:3513_T2:85"
"IRL","BB:3073","EAR_EMTM_SEX_NB","SEX_T","2021",3445.928,,"T30:182","R1:3513_T2:85"
"IRL","BB:3073","EAR_EMTM_SEX_NB","SEX_T","2020",3253.774,,"T30:182","R1:3513_T2:85"
"IRL","BB:3073","EAR_EMTM_SEX_NB","SEX_T","2019",2936.566,,"T30:182","R1:3513_T2:85"
"IRL","BB:3073","EAR_EMTM_SEX_NB","SEX_T","2018",3059.309,,"T30:182","R1:3513_T2:85"
"IRL","BB:3073","EAR_EMTM_SEX_NB","SEX_T","2017",2959.286,,"T30:182","R1:3513_T2:85"
"IRL","BB:3073","EAR_EMTM_SEX_NB","SEX_T","2016",2889.901,,"T30:182","R1:3513_T2:85"
"IRL","BB:3073","EAR_EMTM_SEX_NB","SEX_T","2015",2821.694,,"T30:182","R1:3513_T2:85"
"IRL","BB:3073","EAR_EMTM_SEX_NB","SEX_T","2014",2832.042,,"T30:182","R1:3513_T2:85"
"IRL","BB:3073","EAR_EMTM_SEX_NB","SEX_T","2013",2924.613,,"T30:182","R1:3513_T2:85"
"IRL","BB:3073","EAR_EMTM_SEX_NB","SEX_T","2012",2829.3,,"T30:182","R1:3513_T2:85"
"IRL","BB:3073","EAR_EMTM_SEX_NB","SEX_T","2011",2778.664,,"T30:182","R1:3513_T2:85"
"IRL","BB:3073","EAR_EMTM_SEX_NB","SEX_T","2010",2764.786,,"T30:182","R1:3513_T2:85"
"IRL","BB:3073","EAR_EMTM_SEX_NB","SEX_T","2009",2618.426,,"T30:182","R1:3513_T2:85"
"IRL","BB:3073","EAR_EMTM_SEX_NB","SEX_T","2008",2729.403,,"T30:182","R1:3513_T2:85"
"IRL","BB:3073","EAR_EMTM_SEX_NB","SEX_T","2007",2633.369,,"T30:182","R1:3513_T2:85"
"IRL","BB:3073","EAR_EMTM_SEX_NB","SEX_T","2006",2103.981,,"T30:182","R1:3513_T2:85"
"IRL","BB:3073","EAR_EMTM_SEX_NB","SEX_T","2005",2029.564,,"T30:182","R1:3513_T2:85"
"IRL","BB:3073","EAR_EMTM_SEX_NB","SEX_T","2004",1956.75,,"T30:182","R1:3513_T2:85"
"ISL","BB:3061","EAR_EMTM_SEX_NB","SEX_T","2020",4983.12,,"T30:390","R1:3513_T2:85"
"ISL","BB:3061","EAR_EMTM_SEX_NB","SEX_T","2019",5188.514,,"T30:390","R1:3513_T2:85"
"ISL","BB:3061","EAR_EMTM_SEX_NB","SEX_T","2018",5368.235,,"T30:390","R1:3513_T2:85"
"ISL","BB:3061","EAR_EMTM_SEX_NB","SEX_T","2017",4612.771,,"T30:390","R1:3513_T2:85"
"ISL","BB:3061","EAR_EMTM_SEX_NB","SEX_T","2016",3673.314,,"T30:390","R1:3513_T2:85"
"ISL","BB:3061","EAR_EMTM_SEX_NB","SEX_T","2015",2915.884,,"T30:390","R1:3513_T2:85"
"ISL","BB:3061","EAR_EMTM_SEX_NB","SEX_T","2014",2956.677,,"T30:390","R1:3513_T2:85"
"ISL","BB:3061","EAR_EMTM_SEX_NB","SEX_T","2013",2421.867,,"T30:390","R1:3513_T2:85"
"ISL","BB:3061","EAR_EMTM_SEX_NB","SEX_T","2012",2558.32,,"T30:390","R1:3513_T2:85"
"ISL","BB:3061","EAR_EMTM_SEX_NB","SEX_T","2011",2433.309,,"T30:390","R1:3513_T2:85"
"ISL","BB:3061","EAR_EMTM_SEX_NB","SEX_T","2010",2298.174,,"T30:390","R1:3513_T2:85"
"ISL","BB:3061","EAR_EMTM_SEX_NB","SEX_T","2009",2758.079,,"T30:390","R1:3513_T2:85"
"ISL","BB:3061","EAR_EMTM_SEX_NB","SEX_T","2008",4047.088,,"T30:390","R1:3513_T2:85"
"ISL","BB:3061","EAR_EMTM_SEX_NB","SEX_T","2007",3698.555,,"T30:390","R1:3513_T2:85"
"ISL","BB:3061","EAR_EMTM_SEX_NB","SEX_T","2006",3299.891,,"T30:390","R1:3513_T2:85"
"ISL","BB:3061","EAR_EMTM_SEX_NB","SEX_T","2005",2516.949,,"T30:390","R1:3513_T2:85"
"ISL","BB:3061","EAR_EMTM_SEX_NB","SEX_T","2004",2374.512,,"T30:390","R1:3513_T2:85"
"ITA","BB:3069","EAR_EMTM_SEX_NB","SEX_T","2025",3123.367,,"T30:184","R1:3513_T2:85"
"ITA","BB:3069","EAR_EMTM_SEX_NB","SEX_T","2024",2932.388,,"T30:184","R1:3513_T2:85"
"ITA","BB:3069","EAR_EMTM_SEX_NB","SEX_T","2023",2812.913,,"T30:184","R1:3513_T2:85"
"ITA","BB:3069","EAR_EMTM_SEX_NB","SEX_T","2022",2735.897,,"T30:184","R1:3513_T2:85"
"ITA","BB:3069","EAR_EMTM_SEX_NB","SEX_T","2021",2692.045,,"T30:184","R1:3513_T2:85"
"ITA","BA:325","EAR_EMTM_SEX_NB","SEX_T","2020",1340,,"T30:184","R1:3513"
"ITA","BA:325","EAR_EMTM_SEX_NB","SEX_T","2019",1310,,"T30:184","R1:3513"
"ITA","BA:325","EAR_EMTM_SEX_NB","SEX_T","2018",1300,,"T30:184","R1:3513"
"ITA","BA:325","EAR_EMTM_SEX_NB","SEX_T","2017",1300,,"T30:184","R1:3513"
"ITA","BA:325","EAR_EMTM_SEX_NB","SEX_T","2016",1300,,"T30:184","R1:3513"
"ITA","BA:325","EAR_EMTM_SEX_NB","SEX_T","2015",1300,,"T30:184","R1:3513"
"ITA","BA:325","EAR_EMTM_SEX_NB","SEX_T","2014",1250,,"T30:184","R1:3513"
"ITA","BA:325","EAR_EMTM_SEX_NB","SEX_T","2013",1200,,"T30:184","R1:3513"
"ITA","BA:325","EAR_EMTM_SEX_NB","SEX_T","2012",1200,,"T30:184","R1:3513"
"ITA","BA:325","EAR_EMTM_SEX_NB","SEX_T","2011",1200,,"T30:184","R1:3513"
"ITA","BA:325","EAR_EMTM_SEX_NB","SEX_T","2010",1200,,"T30:184","R1:3513"
"ITA","BA:325","EAR_EMTM_SEX_NB","SEX_T","2009",1200,,"T30:184","R1:3513"
"ITA","BA:325","EAR_EMTM_SEX_NB","SEX_T","2008",1180,"B","T30:184_I11:264","R1:3513"
"ITA","BB:3069","EAR_EMTM_SEX_NB","SEX_T","2007",2405.353,,"T30:184","R1:3513_T2:85"
"JAM","BA:65","EAR_EMTM_SEX_NB","SEX_T","2014",17329,,"T30:88","R1:3513"
"JAM","BA:65","EAR_EMTM_SEX_NB","SEX_T","2013",17329,,"T30:88","R1:3513"
"JAM","BA:65","EAR_EMTM_SEX_NB","SEX_T","2012",17329,,"T30:88","R1:3513"
"JAM","BA:65","EAR_EMTM_SEX_NB","SEX_T","2011",17333.334,,"T30:88","R1:3513"
"JAM","BA:65","EAR_EMTM_SEX_NB","SEX_T","2010",17333.334,,"T30:88","R1:3513"
"JAM","BA:65","EAR_EMTM_SEX_NB","SEX_T","2009",17329,,"T30:88","R1:3513"
"JAM","BA:65","EAR_EMTM_SEX_NB","SEX_T","2008",17333.334,,"T30:88","R1:3513"
"JOR","BA:682","EAR_EMTM_SEX_NB","SEX_T","2024",300,,"T30:127","R1:3513"
"JOR","BA:682","EAR_EMTM_SEX_NB","SEX_T","2023",300,,"T30:127","R1:3513"
"JOR","BA:682","EAR_EMTM_SEX_NB","SEX_T","2022",300,,"T30:127","R1:3513"
"JOR","BA:682","EAR_EMTM_SEX_NB","SEX_T","2021",300,,"T30:127","R1:3513"
"JOR","BA:682","EAR_EMTM_SEX_NB","SEX_T","2020",300,,"T30:127","R1:3513"
"JOR","BA:682","EAR_EMTM_SEX_NB","SEX_T","2019",300,,"T30:127","R1:3513"
"JOR","BA:682","EAR_EMTM_SEX_NB","SEX_T","2018",300,,"T30:127","R1:3513"
"JOR","BA:682","EAR_EMTM_SEX_NB","SEX_T","2017",320,"B","T30:127_I11:264","R1:3513"
"KEN","BX:3465","EAR_EMTM_SEX_NB","SEX_T","2019",6000,,"T30:24","R1:3513"
"KEN","BB:7021","EAR_EMTM_SEX_NB","SEX_T","2016",8000,,"T30:24","R1:3513"
"KEN","BB:7021","EAR_EMTM_SEX_NB","SEX_T","2005",4000,"B","T30:24_I11:264","R1:3513"
"KHM","BA:1321","EAR_EMTM_SEX_NB","SEX_T","2025",1040000,,"T30:117","R1:3513"
"KHM","BB:3064","EAR_EMTM_SEX_NB","SEX_T","2023",1000000,,"T30:117","R1:3513"
"KHM","BB:3064","EAR_EMTM_SEX_NB","SEX_T","2021",1000000,,"T30:117","R1:3513"
"KHM","BB:3064","EAR_EMTM_SEX_NB","SEX_T","2020",1000000,,"T30:117","R1:3513"
"KHM","BA:1321","EAR_EMTM_SEX_NB","SEX_T","2019",910000,"B","T30:117_I11:264","R1:3513"
"KHM","BB:3064","EAR_EMTM_SEX_NB","SEX_T","2016",680000,,"T30:117","R1:3513"
"KHM","BB:3064","EAR_EMTM_SEX_NB","SEX_T","2015",600000,,"T30:117","R1:3513"
"KHM","BB:3064","EAR_EMTM_SEX_NB","SEX_T","2014",520000,,"T30:117","R1:3513"
"KHM","BB:3064","EAR_EMTM_SEX_NB","SEX_T","2013",400000,,"T30:117","R1:3513"
"KHM","BA:1321","EAR_EMTM_SEX_NB","SEX_T","2012",400000,"B","T30:117_I11:264","R1:3513"
"KHM","BB:3064","EAR_EMTM_SEX_NB","SEX_T","2011",340000,,"T30:117","R1:3513"
"KHM","BB:3064","EAR_EMTM_SEX_NB","SEX_T","2010",300000,,"T30:117","R1:3513"
"KHM","BB:3064","EAR_EMTM_SEX_NB","SEX_T","2009",270000,,"T30:117","R1:3513"
"KHM","BB:3064","EAR_EMTM_SEX_NB","SEX_T","2008",250000,,"T30:117","R1:3513"
"KHM","BB:3064","EAR_EMTM_SEX_NB","SEX_T","2007",200000,"B","T30:117_I11:264","R1:3513"
"KHM","BB:3064","EAR_EMTM_SEX_NB","SEX_T","2003",140000,,"T30:117","R1:3513"
"KHM","BA:1321","EAR_EMTM_SEX_NB","SEX_T","2001",124999.5,,"T30:117","R1:3513"
"KHM","BA:1321","EAR_EMTM_SEX_NB","SEX_T","2000",124999.5,"B","T30:117_I11:264","R1:3513"
"KIR","BB:15723","EAR_EMTM_SEX_NB","SEX_T","2023",430,,"T30:217","R1:3513"
"KIR","BB:15723","EAR_EMTM_SEX_NB","SEX_T","2019",353.567,,"T30:217","R1:3513"
"KOS","BB:16127","EAR_EMTM_SEX_NB","SEX_T","2000",300,,"T30:186","R1:3513"
"LAO","BA:6651","EAR_EMTM_SEX_NB","SEX_T","2022",2000000,"B","T30:133_I11:264","R1:3513"
"LAO","BA:6651","EAR_EMTM_SEX_NB","SEX_T","2017",1800000,"B","T30:133_I11:264","R1:3513"
"LAO","BA:6651","EAR_EMTM_SEX_NB","SEX_T","2010",760416.688,"B","T30:133_I11:264","R1:3513"
"LBN","BA:14074","EAR_EMTM_SEX_NB","SEX_T","2019",1000000,"B","T30:134_I11:264","R1:3513"
"LBR","BA:16","EAR_EMTM_SEX_NB","SEX_T","2017",125,"B","T30:384_I11:264","R1:3513"
"LBR","BB:7322","EAR_EMTM_SEX_NB","SEX_T","2016",152.059,,"T30:384","R1:3513"
"LBR","BB:7322","EAR_EMTM_SEX_NB","SEX_T","2014",150,"B","T30:384_I11:264","R1:3513"
"LBR","BA:16","EAR_EMTM_SEX_NB","SEX_T","2010",90.004,"B","T30:384_I11:264","R1:3513"
"LCA","BB:16927","EAR_EMTM_SEX_NB","SEX_T","2016",1509.613,,"T30:99","R1:3513"
"LKA","BA:1359","EAR_EMTM_SEX_NB","SEX_T","2024",41152.081,,"T30:147","R1:3513"
"LKA","BA:1359","EAR_EMTM_SEX_NB","SEX_T","2023",40000,,"T30:147","R1:3513"
"LKA","BA:1359","EAR_EMTM_SEX_NB","SEX_T","2022",39536.067,,"T30:147","R1:3513"
"LKA","BA:1359","EAR_EMTM_SEX_NB","SEX_T","2021",35000,,"T30:147","R1:3513"
"LKA","BA:1359","EAR_EMTM_SEX_NB","SEX_T","2020",33000,,"T30:147","R1:3513"
"LKA","BA:1359","EAR_EMTM_SEX_NB","SEX_T","2019",32000,,"T30:147","R1:3513"
"LKA","BA:1359","EAR_EMTM_SEX_NB","SEX_T","2018",27000,,"T30:147","R1:3513"
"LKA","BA:1359","EAR_EMTM_SEX_NB","SEX_T","2017",25000,,"T30:147","R1:3513"
"LKA","BA:1359","EAR_EMTM_SEX_NB","SEX_T","2016",22500,,"T30:147","R1:3513"
"LKA","BA:1359","EAR_EMTM_SEX_NB","SEX_T","2015",20000,,"T30:147","R1:3513"
"LKA","BA:1359","EAR_EMTM_SEX_NB","SEX_T","2014",18000,,"T30:147","R1:3513"
"LKA","BA:1359","EAR_EMTM_SEX_NB","SEX_T","2013",16000,,"T30:147","R1:3513"
"LKA","BA:1359","EAR_EMTM_SEX_NB","SEX_T","2011",12500,"B","T30:147_I11:264","R1:3513"
"LKA","BA:1359","EAR_EMTM_SEX_NB","SEX_T","2010",11286.862,"B","T30:147_I11:264","R1:3513"
"LSO","BA:13","EAR_EMTM_SEX_NB","SEX_T","2024",1400,,"T30:25","R1:3513"
"LSO","BA:13","EAR_EMTM_SEX_NB","SEX_T","2019",2000,,"T30:25","R1:3513"
"LTU","BB:3065","EAR_EMTM_SEX_NB","SEX_T","2025",1938.722,,"T30:377","R1:3513_T2:85"
"LTU","BB:3065","EAR_EMTM_SEX_NB","SEX_T","2024",1772.369,,"T30:377","R1:3513_T2:85"
"LTU","BB:3065","EAR_EMTM_SEX_NB","SEX_T","2023",1521.617,,"T30:377","R1:3513_T2:85"
"LTU","BB:3065","EAR_EMTM_SEX_NB","SEX_T","2022",1290.171,,"T30:377","R1:3513_T2:85"
"LTU","BB:3065","EAR_EMTM_SEX_NB","SEX_T","2021",1210.904,,"T30:377","R1:3513_T2:85"
"LTU","BB:3065","EAR_EMTM_SEX_NB","SEX_T","2020",1080.908,,"T30:377","R1:3513_T2:85"
"LTU","BB:3065","EAR_EMTM_SEX_NB","SEX_T","2019",970.635,,"T30:377","R1:3513_T2:85"
"LTU","BB:3065","EAR_EMTM_SEX_NB","SEX_T","2018",880.045,,"T30:377","R1:3513_T2:85"
"LTU","BB:3065","EAR_EMTM_SEX_NB","SEX_T","2017",818.32,,"T30:377","R1:3513_T2:85"
"LTU","BB:3065","EAR_EMTM_SEX_NB","SEX_T","2016",778.028,,"T30:377","R1:3513_T2:85"
"LTU","BB:3065","EAR_EMTM_SEX_NB","SEX_T","2015",684.976,,"T30:377","R1:3513_T2:85"
"LTU","BB:3065","EAR_EMTM_SEX_NB","SEX_T","2014",675.712,,"T30:377","R1:3513_T2:85"
"LTU","BB:3065","EAR_EMTM_SEX_NB","SEX_T","2013",597.292,,"T30:377","R1:3513_T2:85"
"LTU","BB:3065","EAR_EMTM_SEX_NB","SEX_T","2012",587.382,,"T30:377","R1:3513_T2:85"
"LTU","BB:3065","EAR_EMTM_SEX_NB","SEX_T","2011",519.076,,"T30:377","R1:3513_T2:85"
"LTU","BB:3065","EAR_EMTM_SEX_NB","SEX_T","2010",563.424,,"T30:377","R1:3513_T2:85"
"LTU","BB:3065","EAR_EMTM_SEX_NB","SEX_T","2009",529.328,,"T30:377","R1:3513_T2:85"
"LTU","BB:3065","EAR_EMTM_SEX_NB","SEX_T","2008",464.938,,"T30:377","R1:3513_T2:85"
"LTU","BB:3065","EAR_EMTM_SEX_NB","SEX_T","2007",399.412,,"T30:377","R1:3513_T2:85"
"LTU","BB:3065","EAR_EMTM_SEX_NB","SEX_T","2006",304.181,,"T30:377","R1:3513_T2:85"
"LTU","BB:3065","EAR_EMTM_SEX_NB","SEX_T","2005",261.843,,"T30:377","R1:3513_T2:85"
"LUX","BB:6341","EAR_EMTM_SEX_NB","SEX_T","2025",6633.886,,"T30:190","R1:3513_T2:85"
"LUX","BB:6341","EAR_EMTM_SEX_NB","SEX_T","2024",6772.625,,"T30:190","R1:3513_T2:85"
"LUX","BB:6341","EAR_EMTM_SEX_NB","SEX_T","2023",6325.884,,"T30:190","R1:3513_T2:85"
"LUX","BB:6341","EAR_EMTM_SEX_NB","SEX_T","2022",5979.828,,"T30:190","R1:3513_T2:85"
"LUX","BB:6341","EAR_EMTM_SEX_NB","SEX_T","2021",5729.358,,"T30:190","R1:3513_T2:85"
"LUX","BB:6341","EAR_EMTM_SEX_NB","SEX_T","2020",5084.315,,"T30:190","R1:3513_T2:85"
"LUX","BB:6341","EAR_EMTM_SEX_NB","SEX_T","2019",5097.055,,"T30:190","R1:3513_T2:85"
"LUX","BB:6341","EAR_EMTM_SEX_NB","SEX_T","2018",4372.048,,"T30:190","R1:3513_T2:85"
"LUX","BB:6341","EAR_EMTM_SEX_NB","SEX_T","2017",4514.92,,"T30:190","R1:3513_T2:85"
"LUX","BB:6341","EAR_EMTM_SEX_NB","SEX_T","2016",4255.789,,"T30:190","R1:3513_T2:85"
"LUX","BB:6341","EAR_EMTM_SEX_NB","SEX_T","2015",3859.537,,"T30:190","R1:3513_T2:85"
"LUX","BB:6341","EAR_EMTM_SEX_NB","SEX_T","2014",4042.665,,"T30:190","R1:3513_T2:85"
"LUX","BB:6341","EAR_EMTM_SEX_NB","SEX_T","2013",4006,,"T30:190","R1:3513_T2:85"
"LUX","BB:6341","EAR_EMTM_SEX_NB","SEX_T","2012",3843.244,,"T30:190","R1:3513_T2:85"
"LUX","BB:6341","EAR_EMTM_SEX_NB","SEX_T","2011",3753.209,,"T30:190","R1:3513_T2:85"
"LUX","BB:6341","EAR_EMTM_SEX_NB","SEX_T","2010",3717.701,,"T30:190","R1:3513_T2:85"
"LUX","BB:6341","EAR_EMTM_SEX_NB","SEX_T","2009",3818.148,,"T30:190","R1:3513_T2:85"
"LUX","BB:6341","EAR_EMTM_SEX_NB","SEX_T","2008",3681.333,,"T30:190","R1:3513_T2:85"
"LUX","BB:6341","EAR_EMTM_SEX_NB","SEX_T","2007",3591.535,,"T30:190","R1:3513_T2:85"
"LUX","BB:6341","EAR_EMTM_SEX_NB","SEX_T","2006",2979.167,,"T30:190","R1:3513_T2:85"
"LUX","BB:6341","EAR_EMTM_SEX_NB","SEX_T","2005",2979.167,,"T30:190","R1:3513_T2:85"
"LUX","BB:6341","EAR_EMTM_SEX_NB","SEX_T","2004",2925,,"T30:190","R1:3513_T2:85"
"LVA","BB:3074","EAR_EMTM_SEX_NB","SEX_T","2025",1922.865,,"T30:374","R1:3513_T2:85"
"LVA","BB:3074","EAR_EMTM_SEX_NB","SEX_T","2024",1745.539,,"T30:374","R1:3513_T2:85"
"LVA","BB:3074","EAR_EMTM_SEX_NB","SEX_T","2023",1439.928,,"T30:374","R1:3513_T2:85"
"LVA","BB:3074","EAR_EMTM_SEX_NB","SEX_T","2022",1287.464,,"T30:374","R1:3513_T2:85"
"LVA","BB:3074","EAR_EMTM_SEX_NB","SEX_T","2021",1222.515,,"T30:374","R1:3513_T2:85"
"LVA","BB:3074","EAR_EMTM_SEX_NB","SEX_T","2020",1156.521,,"T30:374","R1:3513_T2:85"
"LVA","BB:3074","EAR_EMTM_SEX_NB","SEX_T","2019",1090.027,,"T30:374","R1:3513_T2:85"
"LVA","BB:3074","EAR_EMTM_SEX_NB","SEX_T","2018",992.49,,"T30:374","R1:3513_T2:85"
"LVA","BB:3074","EAR_EMTM_SEX_NB","SEX_T","2017",894.116,,"T30:374","R1:3513_T2:85"
"LVA","BB:3074","EAR_EMTM_SEX_NB","SEX_T","2016",840.272,,"T30:374","R1:3513_T2:85"
"LVA","BB:3074","EAR_EMTM_SEX_NB","SEX_T","2015",801.689,,"T30:374","R1:3513_T2:85"
"LVA","BB:3074","EAR_EMTM_SEX_NB","SEX_T","2014",729.949,,"T30:374","R1:3513_T2:85"
"LVA","BB:3074","EAR_EMTM_SEX_NB","SEX_T","2013",658.023,,"T30:374","R1:3513_T2:85"
"LVA","BB:3074","EAR_EMTM_SEX_NB","SEX_T","2012",634.93,,"T30:374","R1:3513_T2:85"
"LVA","BB:3074","EAR_EMTM_SEX_NB","SEX_T","2011",594.737,,"T30:374","R1:3513_T2:85"
"LVA","BB:3074","EAR_EMTM_SEX_NB","SEX_T","2010",649.733,,"T30:374","R1:3513_T2:85"
"LVA","BB:3074","EAR_EMTM_SEX_NB","SEX_T","2009",735.983,,"T30:374","R1:3513_T2:85"
"LVA","BB:3074","EAR_EMTM_SEX_NB","SEX_T","2008",620.954,,"T30:374","R1:3513_T2:85"
"LVA","BB:3074","EAR_EMTM_SEX_NB","SEX_T","2007",454.372,,"T30:374","R1:3513_T2:85"
"MDA","BA:571","EAR_EMTM_SEX_NB","SEX_T","2025",7200,,"T30:193","R1:3513"
"MDA","BA:571","EAR_EMTM_SEX_NB","SEX_T","2024",6200,,"T30:193","R1:3513"
"MDA","BA:571","EAR_EMTM_SEX_NB","SEX_T","2023",5800,,"T30:193","R1:3513"
"MDA","BA:571","EAR_EMTM_SEX_NB","SEX_T","2022",5000,,"T30:193","R1:3513"
"MDA","BA:571","EAR_EMTM_SEX_NB","SEX_T","2021",4500,,"T30:193","R1:3513"
"MDA","BA:571","EAR_EMTM_SEX_NB","SEX_T","2020",4000,,"T30:193","R1:3513"
"MDA","BA:571","EAR_EMTM_SEX_NB","SEX_T","2019",3800,,"T30:193","R1:3513"
"MDA","BA:571","EAR_EMTM_SEX_NB","SEX_T","2018",3100,,"T30:193","R1:3513"
"MDA","BA:571","EAR_EMTM_SEX_NB","SEX_T","2017",2800,,"T30:193","R1:3513"
"MDA","BA:571","EAR_EMTM_SEX_NB","SEX_T","2016",2600,,"T30:193","R1:3513"
"MDA","BA:571","EAR_EMTM_SEX_NB","SEX_T","2015",2500,,"T30:193","R1:3513"
"MDA","BA:571","EAR_EMTM_SEX_NB","SEX_T","2014",2200,,"T30:193","R1:3513"
"MDA","BA:571","EAR_EMTM_SEX_NB","SEX_T","2013",2100,,"T30:193","R1:3513"
"MDA","BA:571","EAR_EMTM_SEX_NB","SEX_T","2012",2000,,"T30:193","R1:3513"
"MDA","BA:571","EAR_EMTM_SEX_NB","SEX_T","2011",1900,,"T30:193","R1:3513"
"MDA","BA:571","EAR_EMTM_SEX_NB","SEX_T","2010",1800,,"T30:193","R1:3513"
"MDA","BA:571","EAR_EMTM_SEX_NB","SEX_T","2009",1600,,"T30:193","R1:3513"
"MDA","BA:571","EAR_EMTM_SEX_NB","SEX_T","2008",1500,,"T30:193","R1:3513"
"MDA","BA:571","EAR_EMTM_SEX_NB","SEX_T","2007",1200,,"T30:193","R1:3513"
"MDG","BA:7423","EAR_EMTM_SEX_NB","SEX_T","2015",136245.062,,"T30:28","R1:3513"
"MDG","BA:7423","EAR_EMTM_SEX_NB","SEX_T","2012",100000,"B","T30:28_I11:264","R1:3513"
"MDV","BB:704","EAR_EMTM_SEX_NB","SEX_T","2019",10000,,"T30:137","R1:3513"
"MDV","BB:704","EAR_EMTM_SEX_NB","SEX_T","2016",9000,"B","T30:137_I11:264","R1:3513"
"MEX","BA:463","EAR_EMTM_SEX_NB","SEX_T","2025",8764.269,,"T30:90","R1:3513"
"MEX","BA:463","EAR_EMTM_SEX_NB","SEX_T","2024",8368.505,,"T30:90","R1:3513"
"MEX","BA:463","EAR_EMTM_SEX_NB","SEX_T","2023",7631.897,,"T30:90","R1:3513"
"MEX","BA:463","EAR_EMTM_SEX_NB","SEX_T","2022",6663.92,,"T30:90","R1:3513"
"MEX","BA:463","EAR_EMTM_SEX_NB","SEX_T","2021",6331.165,,"T30:90","R1:3513"
"MEX","BA:463","EAR_EMTM_SEX_NB","SEX_T","2020",5855.107,"B","T30:90_I11:264","R1:3513"
"MEX","BA:463","EAR_EMTM_SEX_NB","SEX_T","2019",5537.329,,"T30:90","R1:3513"
"MEX","BA:463","EAR_EMTM_SEX_NB","SEX_T","2018",5160,,"T30:90","R1:3513"
"MEX","BA:463","EAR_EMTM_SEX_NB","SEX_T","2017",5119.325,,"T30:90","R1:3513"
"MEX","BA:463","EAR_EMTM_SEX_NB","SEX_T","2016",4751.706,,"T30:90","R1:3513"
"MEX","BA:463","EAR_EMTM_SEX_NB","SEX_T","2015",4300,,"T30:90","R1:3513"
"MEX","BA:463","EAR_EMTM_SEX_NB","SEX_T","2014",4300,,"T30:90","R1:3513"
"MEX","BA:463","EAR_EMTM_SEX_NB","SEX_T","2013",4300,,"T30:90","R1:3513"
"MEX","BA:463","EAR_EMTM_SEX_NB","SEX_T","2012",4119.127,,"T30:90","R1:3513"
"MEX","BA:463","EAR_EMTM_SEX_NB","SEX_T","2011",4000,,"T30:90","R1:3513"
"MEX","BA:463","EAR_EMTM_SEX_NB","SEX_T","2010",3870,,"T30:90","R1:3513"
"MEX","BA:463","EAR_EMTM_SEX_NB","SEX_T","2009",3870,,"T30:90","R1:3513"
"MEX","BA:463","EAR_EMTM_SEX_NB","SEX_T","2008",3870,,"T30:90","R1:3513"
"MEX","BA:463","EAR_EMTM_SEX_NB","SEX_T","2007",3619.15,"B","T30:90_I11:264","R1:3513"
"MEX","BA:463","EAR_EMTM_SEX_NB","SEX_T","2006",3440,,"T30:90","R1:3513"
"MEX","BA:463","EAR_EMTM_SEX_NB","SEX_T","2005",3234.153,"B","T30:90_I11:264","R1:3513"
"MEX","BA:463","EAR_EMTM_SEX_NB","SEX_T","2004",3010,,"T30:90","R1:3513"
"MEX","BA:463","EAR_EMTM_SEX_NB","SEX_T","2003",3000,,"T30:90","R1:3513"
"MEX","BA:463","EAR_EMTM_SEX_NB","SEX_T","2002",2600,"B","T30:90_I11:264","R1:3513"
"MHL","BB:14101","EAR_EMTM_SEX_NB","SEX_T","2019",600,,"T30:218","R1:3513"
"MLI","BA:219","EAR_EMTM_SEX_NB","SEX_T","2024",70000,,"T30:30","R1:3513"
"MLI","BA:219","EAR_EMTM_SEX_NB","SEX_T","2023",60000,,"T30:30","R1:3513"
"MLI","BA:219","EAR_EMTM_SEX_NB","SEX_T","2022",60000,,"T30:30","R1:3513"
"MLI","BA:219","EAR_EMTM_SEX_NB","SEX_T","2020",50000,,"T30:30","R1:3513"
"MLI","BB:16232","EAR_EMTM_SEX_NB","SEX_T","2019",57866.452,,"T30:30","R1:3513"
"MLI","BA:219","EAR_EMTM_SEX_NB","SEX_T","2018",50000,,"T30:30","R1:3513"
"MLI","BA:219","EAR_EMTM_SEX_NB","SEX_T","2017",50000,,"T30:30","R1:3513"
"MLI","BA:219","EAR_EMTM_SEX_NB","SEX_T","2016",50000,,"T30:30","R1:3513"
"MLI","BA:219","EAR_EMTM_SEX_NB","SEX_T","2015",50000,,"T30:30","R1:3513"
"MLI","BA:219","EAR_EMTM_SEX_NB","SEX_T","2014",50000,"B","T30:30_I11:264","R1:3513"
"MLI","BA:219","EAR_EMTM_SEX_NB","SEX_T","2013",35000,"B","T30:30_I11:264","R1:3513"
"MLT","BB:342","EAR_EMTM_SEX_NB","SEX_T","2021",2385.817,"U","T30:192","R1:3513_T2:85"
"MLT","BB:342","EAR_EMTM_SEX_NB","SEX_T","2020",1826.747,,"T30:192","R1:3513_T2:85"
"MLT","BB:342","EAR_EMTM_SEX_NB","SEX_T","2019",1813.887,,"T30:192","R1:3513_T2:85"
"MLT","BB:342","EAR_EMTM_SEX_NB","SEX_T","2018",1752.732,,"T30:192","R1:3513_T2:85"
"MLT","BB:342","EAR_EMTM_SEX_NB","SEX_T","2017",1759.761,,"T30:192","R1:3513_T2:85"
"MLT","BB:342","EAR_EMTM_SEX_NB","SEX_T","2016",1696.977,,"T30:192","R1:3513_T2:85"
"MLT","BB:342","EAR_EMTM_SEX_NB","SEX_T","2015",1718.389,,"T30:192","R1:3513_T2:85"
"MLT","BB:342","EAR_EMTM_SEX_NB","SEX_T","2014",1650.593,,"T30:192","R1:3513_T2:85"
"MLT","BB:342","EAR_EMTM_SEX_NB","SEX_T","2013",1591.994,,"T30:192","R1:3513_T2:85"
"MLT","BB:342","EAR_EMTM_SEX_NB","SEX_T","2012",1526.469,,"T30:192","R1:3513_T2:85"
"MLT","BB:342","EAR_EMTM_SEX_NB","SEX_T","2011",1510.211,,"T30:192","R1:3513_T2:85"
"MLT","BB:342","EAR_EMTM_SEX_NB","SEX_T","2010",1457.656,,"T30:192","R1:3513_T2:85"
"MLT","BB:342","EAR_EMTM_SEX_NB","SEX_T","2009",1441.437,,"T30:192","R1:3513_T2:85"
"MLT","BB:342","EAR_EMTM_SEX_NB","SEX_T","2008",1348.115,,"T30:320","R1:3513_T2:85"
"MLT","BB:342","EAR_EMTM_SEX_NB","SEX_T","2007",1250.565,,"T30:320","R1:3513_T2:85"
"MMR","BA:7009","EAR_EMTM_SEX_NB","SEX_T","2020",180000,,"T30:139","R1:3513_S3:6"
"MMR","BA:7009","EAR_EMTM_SEX_NB","SEX_T","2019",200000,,"T30:139","R1:3513"
"MMR","BA:7009","EAR_EMTM_SEX_NB","SEX_T","2018",180000,,"T30:139","R1:3513"
"MMR","BA:7009","EAR_EMTM_SEX_NB","SEX_T","2017",150000,"B","T30:139_I11:264","R1:3513"
"MMR","BA:7009","EAR_EMTM_SEX_NB","SEX_T","2015",91250,"B","T30:139_I11:264","R1:3513"
"MNG","BA:702","EAR_EMTM_SEX_NB","SEX_T","2025",1800000,,"T30:138","R1:3513"
"MNG","BA:702","EAR_EMTM_SEX_NB","SEX_T","2024",1500000,,"T30:138","R1:3513"
"MNG","BA:702","EAR_EMTM_SEX_NB","SEX_T","2023",1050000,,"T30:138","R1:3513"
"MNG","BA:702","EAR_EMTM_SEX_NB","SEX_T","2022",900000,,"T30:138","R1:3513"
"MNG","BA:702","EAR_EMTM_SEX_NB","SEX_T","2021",800000,,"T30:138","R1:3513"
"MNG","BA:702","EAR_EMTM_SEX_NB","SEX_T","2020",750000,,"T30:138","R1:3513"
"MNG","BA:702","EAR_EMTM_SEX_NB","SEX_T","2019",700000,"B","T30:138_I11:264","R1:3513"
"MNG","BB:7019","EAR_EMTM_SEX_NB","SEX_T","2018",500000,,"T30:138","R1:3513"
"MNG","BB:7019","EAR_EMTM_SEX_NB","SEX_T","2017",500000,,"T30:138","R1:3513"
"MNG","BB:7019","EAR_EMTM_SEX_NB","SEX_T","2016",500000,,"T30:138","R1:3513"
"MNG","BB:7019","EAR_EMTM_SEX_NB","SEX_T","2015",500000,,"T30:138","R1:3513"
"MNG","BB:7019","EAR_EMTM_SEX_NB","SEX_T","2014",500000,,"T30:138","R1:3513"
"MNG","BB:7019","EAR_EMTM_SEX_NB","SEX_T","2013",400000,,"T30:138","R1:3513"
"MNG","BB:7019","EAR_EMTM_SEX_NB","SEX_T","2012",350000,,"T30:138","R1:3513"
"MNG","BB:7019","EAR_EMTM_SEX_NB","SEX_T","2011",297500,,"T30:138","R1:3513"
"MNG","BB:7019","EAR_EMTM_SEX_NB","SEX_T","2010",233333.328,,"T30:138","R1:3513"
"MNG","BB:7019","EAR_EMTM_SEX_NB","SEX_T","2009",210000,,"T30:138","R1:3513"
"MOZ","BB:8363","EAR_EMTM_SEX_NB","SEX_T","2022",7500,,"T30:34","R1:3513"
"MRT","BB:16077","EAR_EMTM_SEX_NB","SEX_T","2019",45000,,"T30:398","R1:3513"
"MUS","BA:82","EAR_EMTM_SEX_NB","SEX_T","2024",25000,,"T30:33","R1:3513_T2:85"
"MUS","BA:82","EAR_EMTM_SEX_NB","SEX_T","2023",15000,,"T30:33","R1:3513_T2:85"
"MUS","BA:82","EAR_EMTM_SEX_NB","SEX_T","2022",18000,,"T30:33","R1:3513_T2:85"
"MUS","BA:82","EAR_EMTM_SEX_NB","SEX_T","2021",16000,,"T30:33","R1:3513_T2:85"
"MUS","BA:82","EAR_EMTM_SEX_NB","SEX_T","2020",15000,"B","T30:33_I11:264","R1:3513_T2:85_T3:94"
"MUS","BA:82","EAR_EMTM_SEX_NB","SEX_T","2019",15000,,"T30:33","R1:3513_T2:85"
"MUS","BA:82","EAR_EMTM_SEX_NB","SEX_T","2018",16000,,"T30:33","R1:3513_T2:85"
"MUS","BA:82","EAR_EMTM_SEX_NB","SEX_T","2017",15000,,"T30:33","R1:3513_T2:85"
"MUS","BA:82","EAR_EMTM_SEX_NB","SEX_T","2016",14200,,"T30:33","R1:3513_T2:85"
"MUS","BA:82","EAR_EMTM_SEX_NB","SEX_T","2015",14000,,"T30:33","R1:3513_T2:85"
"MUS","BA:82","EAR_EMTM_SEX_NB","SEX_T","2014",13000,,"T30:33","R1:3513_T2:85"
"MUS","BA:82","EAR_EMTM_SEX_NB","SEX_T","2013",11750,,"T30:33","R1:3513_T2:85"
"MUS","BA:82","EAR_EMTM_SEX_NB","SEX_T","2012",10800,,"T30:33","R1:3513_T2:85"
"MUS","BA:82","EAR_EMTM_SEX_NB","SEX_T","2011",10000,,"T30:33","R1:3513_T2:85"
"MUS","BA:82","EAR_EMTM_SEX_NB","SEX_T","2010",10000,,"T30:33","R1:3513_T2:85"
"MUS","BA:82","EAR_EMTM_SEX_NB","SEX_T","2009",9000,,"T30:33","R1:3513_T2:85"
"MUS","BA:82","EAR_EMTM_SEX_NB","SEX_T","2008",8400,,"T30:33","R1:3513_T2:85"
"MUS","BA:82","EAR_EMTM_SEX_NB","SEX_T","2007",8000,,"T30:33","R1:3513_T2:85"
"MUS","BA:82","EAR_EMTM_SEX_NB","SEX_T","2006",7400,,"T30:33","R1:3513_T2:85"
"MUS","BA:82","EAR_EMTM_SEX_NB","SEX_T","2005",7000,,"T30:33","R1:3513_T2:85"
"MUS","BA:82","EAR_EMTM_SEX_NB","SEX_T","2004",6500,,"T30:33","R1:3513_T2:85"
"MUS","BA:82","EAR_EMTM_SEX_NB","SEX_T","2003",6000,"B","T30:33_I11:264","R1:3513_T2:85"
"MUS","BA:82","EAR_EMTM_SEX_NB","SEX_T","2002",5842.322,,"T30:33","R1:3513_T2:85"
"MUS","BA:82","EAR_EMTM_SEX_NB","SEX_T","2001",5246.824,"B","T30:33_I11:264","R1:3513_T2:85"
"MWI","BA:1448","EAR_EMTM_SEX_NB","SEX_T","2013",10000,"B","T30:29_I11:264","R1:3513"
"NAM","BA:1468","EAR_EMTM_SEX_NB","SEX_T","2018",2800,,"T30:35","R1:3513"
"NAM","BA:1468","EAR_EMTM_SEX_NB","SEX_T","2016",2700,,"T30:35","R1:3513"
"NAM","BA:1468","EAR_EMTM_SEX_NB","SEX_T","2014",2400,,"T30:35","R1:3513"
"NAM","BA:1468","EAR_EMTM_SEX_NB","SEX_T","2013",2400,,"T30:35","R1:3513"
"NAM","BA:1468","EAR_EMTM_SEX_NB","SEX_T","2012",2000,"B","T30:35_I11:264","R1:3513"
"NCL","BA:15961","EAR_EMTM_SEX_NB","SEX_T","2017",192000,,"T30:224","R1:3513"
"NER","BB:13367","EAR_EMTM_SEX_NB","SEX_T","2022",50000,,"T30:36","R1:3513"
"NER","BB:13367","EAR_EMTM_SEX_NB","SEX_T","2019",55988.962,,"T30:36","R1:3513"
"NER","BB:13367","EAR_EMTM_SEX_NB","SEX_T","2014",70000,,"T30:36","R1:3513"
"NER","BA:14071","EAR_EMTM_SEX_NB","SEX_T","2012",64000,"B","T30:36_I11:264","R1:3513"
"NER","BB:13367","EAR_EMTM_SEX_NB","SEX_T","2011",25000,"B","T30:36_I11:264","R1:3513"
"NGA","BX:7338","EAR_EMTM_SEX_NB","SEX_T","2024",50000,,"T30:37","R1:3513"
"NGA","BB:16750","EAR_EMTM_SEX_NB","SEX_T","2019",30000,,"T30:37","R1:3513"
"NGA","BX:7338","EAR_EMTM_SEX_NB","SEX_T","2013",35000,,"T30:37","R1:3513"
"NGA","BX:7338","EAR_EMTM_SEX_NB","SEX_T","2011",25000,"B","T30:37_I11:264","R1:3513"
"NIC","BB:5868","EAR_EMTM_SEX_NB","SEX_T","2014",6953.007,"B","T30:93_I11:264","R1:3513"
"NIC","BA:692","EAR_EMTM_SEX_NB","SEX_T","2012",3372.067,"B","T30:93_I11:264","R1:3513"
"NIC","BB:5868","EAR_EMTM_SEX_NB","SEX_T","2005",1741.333,,"T30:93","R1:3513"
"NLD","BB:3060","EAR_EMTM_SEX_NB","SEX_T","2025",5092.278,,"T30:196","R1:3513_T2:85"
"NLD","BB:3060","EAR_EMTM_SEX_NB","SEX_T","2024",4755.57,,"T30:196","R1:3513_T2:85"
"NLD","BB:3060","EAR_EMTM_SEX_NB","SEX_T","2023",4395.386,,"T30:196","R1:3513_T2:85"
"NLD","BB:3060","EAR_EMTM_SEX_NB","SEX_T","2022",4204.527,,"T30:196","R1:3513_T2:85"
"NLD","BB:3060","EAR_EMTM_SEX_NB","SEX_T","2021",4120.761,,"T30:196","R1:3513_T2:85"
"NLD","BB:3060","EAR_EMTM_SEX_NB","SEX_T","2020",3907.667,,"T30:196","R1:3513_T2:85"
"NLD","BB:3060","EAR_EMTM_SEX_NB","SEX_T","2019",3739.106,,"T30:196","R1:3513_T2:85"
"NLD","BB:3060","EAR_EMTM_SEX_NB","SEX_T","2018",3645.653,,"T30:196","R1:3513_T2:85"
"NLD","BB:3060","EAR_EMTM_SEX_NB","SEX_T","2017",3612.749,,"T30:196","R1:3513_T2:85"
"NLD","BB:3060","EAR_EMTM_SEX_NB","SEX_T","2016",3483.907,,"T30:196","R1:3513_T2:85"
"NLD","BB:3060","EAR_EMTM_SEX_NB","SEX_T","2015",3498.416,,"T30:196","R1:3513_T2:85"
"NLD","BB:3060","EAR_EMTM_SEX_NB","SEX_T","2014",3489.833,,"T30:196","R1:3513_T2:85"
"NLD","BB:3060","EAR_EMTM_SEX_NB","SEX_T","2013",3416.064,,"T30:196","R1:3513_T2:85"
"NLD","BB:3060","EAR_EMTM_SEX_NB","SEX_T","2012",3382.983,,"T30:196","R1:3513_T2:85"
"NLD","BB:3060","EAR_EMTM_SEX_NB","SEX_T","2011",3299.724,,"T30:196","R1:3513_T2:85"
"NLD","BB:3060","EAR_EMTM_SEX_NB","SEX_T","2010",3287.253,,"T30:196","R1:3513_T2:85"
"NLD","BB:3060","EAR_EMTM_SEX_NB","SEX_T","2009",3187.178,,"T30:196","R1:3513_T2:85"
"NLD","BB:3060","EAR_EMTM_SEX_NB","SEX_T","2008",3083.796,,"T30:196","R1:3513_T2:85"
"NLD","BB:3060","EAR_EMTM_SEX_NB","SEX_T","2007",3002.276,,"T30:196","R1:3513_T2:85"
"NLD","BB:3060","EAR_EMTM_SEX_NB","SEX_T","2006",2354.825,,"T30:196","R1:3513_T2:85"
"NLD","BB:3060","EAR_EMTM_SEX_NB","SEX_T","2005",2390.735,,"T30:196","R1:3513_T2:85"
"NOR","BB:3054","EAR_EMTM_SEX_NB","SEX_T","2025",5216.666,,"T30:391","R1:3513_T2:85"
"NOR","BB:3054","EAR_EMTM_SEX_NB","SEX_T","2024",5033.334,,"T30:391","R1:3513_T2:85"
"NOR","BB:3054","EAR_EMTM_SEX_NB","SEX_T","2023",5324.338,,"T30:391","R1:3513_T2:85"
"NOR","BB:3054","EAR_EMTM_SEX_NB","SEX_T","2022",5071.197,,"T30:391","R1:3513_T2:85"
"NOR","BB:3054","EAR_EMTM_SEX_NB","SEX_T","2021",4657.315,,"T30:391","R1:3513_T2:85"
"NOR","BB:3054","EAR_EMTM_SEX_NB","SEX_T","2020",5128.324,,"T30:391","R1:3513_T2:85"
"NOR","BB:3054","EAR_EMTM_SEX_NB","SEX_T","2019",4994.13,,"T30:391","R1:3513_T2:85"
"NOR","BB:3054","EAR_EMTM_SEX_NB","SEX_T","2018",4984.598,,"T30:391","R1:3513_T2:85"
"NOR","BB:3054","EAR_EMTM_SEX_NB","SEX_T","2017",4910.004,,"T30:391","R1:3513_T2:85"
"NOR","BB:3054","EAR_EMTM_SEX_NB","SEX_T","2016",5029.126,,"T30:391","R1:3513_T2:85"
"NOR","BB:3054","EAR_EMTM_SEX_NB","SEX_T","2015",5171.599,,"T30:391","R1:3513_T2:85"
"NOR","BB:3054","EAR_EMTM_SEX_NB","SEX_T","2014",5524.282,,"T30:391","R1:3513_T2:85"
"NOR","BB:3054","EAR_EMTM_SEX_NB","SEX_T","2013",5325.6,,"T30:391","R1:3513_T2:85"
"NOR","BB:3054","EAR_EMTM_SEX_NB","SEX_T","2012",4942.302,,"T30:391","R1:3513_T2:85"
"NOR","BB:3054","EAR_EMTM_SEX_NB","SEX_T","2011",4571.412,,"T30:391","R1:3513_T2:85"
"NOR","BB:3054","EAR_EMTM_SEX_NB","SEX_T","2010",4056.913,,"T30:391","R1:3513_T2:85"
"NOR","BB:3054","EAR_EMTM_SEX_NB","SEX_T","2009",4113.214,,"T30:391","R1:3513_T2:85"
"NOR","BB:3054","EAR_EMTM_SEX_NB","SEX_T","2008",3964.058,,"T30:391","R1:3513_T2:85"
"NOR","BB:3054","EAR_EMTM_SEX_NB","SEX_T","2007",3716.79,,"T30:391","R1:3513_T2:85"
"NOR","BB:3054","EAR_EMTM_SEX_NB","SEX_T","2006",3134.53,,"T30:391","R1:3513_T2:85"
"NOR","BB:3054","EAR_EMTM_SEX_NB","SEX_T","2005",2903.633,,"T30:391","R1:3513_T2:85"
"NOR","BB:3054","EAR_EMTM_SEX_NB","SEX_T","2004",3010.235,,"T30:391","R1:3513_T2:85"
"NPL","BA:1510","EAR_EMTM_SEX_NB","SEX_T","2017",15208.333,"B","T30:140_I11:264","R1:3513"
"NPL","BA:1510","EAR_EMTM_SEX_NB","SEX_T","2008",5000,"B","T30:140_I11:264","R1:3513"
"NRU","BB:14049","EAR_EMTM_SEX_NB","SEX_T","2006",8303.441,,"T30:219","R1:3513"
"PAK","BA:538","EAR_EMTM_SEX_NB","SEX_T","2025",25980,,"T30:142","R1:3513_S3:26"
"PAK","BA:538","EAR_EMTM_SEX_NB","SEX_T","2021",18200,,"T30:142","R1:3513_S3:26"
"PAK","BB:16125","EAR_EMTM_SEX_NB","SEX_T","2020",17500,"B","T30:142_I11:264","R1:3513"
"PAK","BA:538","EAR_EMTM_SEX_NB","SEX_T","2019",16500,,"T30:142","R1:3513_S3:26"
"PAK","BA:538","EAR_EMTM_SEX_NB","SEX_T","2018",15000,,"T30:142","R1:3513_S3:26"
"PAK","BB:16125","EAR_EMTM_SEX_NB","SEX_T","2016",10000,,"T30:142","R1:3513"
"PAK","BA:538","EAR_EMTM_SEX_NB","SEX_T","2015",12000,,"T30:142","R1:3513"
"PAK","BA:538","EAR_EMTM_SEX_NB","SEX_T","2014",10000,,"T30:142","R1:3513"
"PAK","BA:538","EAR_EMTM_SEX_NB","SEX_T","2013",9000,"B","T30:142_I11:264","R1:3513"
"PAK","BB:16125","EAR_EMTM_SEX_NB","SEX_T","2012",7000,,"T30:142","R1:3513"
"PAK","BA:538","EAR_EMTM_SEX_NB","SEX_T","2011",7500,,"T30:142","R1:3513"
"PAK","BA:538","EAR_EMTM_SEX_NB","SEX_T","2010",6716.666,,"T30:142","R1:3513"
"PAK","BA:538","EAR_EMTM_SEX_NB","SEX_T","2009",6000,,"T30:142","R1:3513"
"PAK","BA:538","EAR_EMTM_SEX_NB","SEX_T","2008",5200,,"T30:142","R1:3513"
"PAK","BA:538","EAR_EMTM_SEX_NB","SEX_T","2007",4500,,"T30:142","R1:3513"
"PAK","BA:538","EAR_EMTM_SEX_NB","SEX_T","2006",3900,"B","T30:142_I11:264","R1:3513"
"PAK","BB:16125","EAR_EMTM_SEX_NB","SEX_T","2005",3000,,"T30:142","R1:3513"
"PAN","BA:511","EAR_EMTM_SEX_NB","SEX_T","2025",700,,"T30:94","R1:3513_S3:21"
"PAN","BA:511","EAR_EMTM_SEX_NB","SEX_T","2024",674.246,,"T30:94","R1:3513_S3:21"
"PAN","BA:511","EAR_EMTM_SEX_NB","SEX_T","2023",694.464,,"T30:94","R1:3513_S3:21"
"PAN","BX:16113","EAR_EMTM_SEX_NB","SEX_T","2022",605,,"T30:94","R1:3513_S3:21"
"PAN","BA:511","EAR_EMTM_SEX_NB","SEX_T","2021",650,"B","T30:94_I11:264","R1:3513_S3:21"
"PAN","BA:511","EAR_EMTM_SEX_NB","SEX_T","2020",700,"B","T30:94_I11:264","R1:3513_S3:19"
"PAN","BA:511","EAR_EMTM_SEX_NB","SEX_T","2019",653,,"T30:94","R1:3513_S3:19"
"PAN","BA:511","EAR_EMTM_SEX_NB","SEX_T","2018",630,,"T30:94","R1:3513_S3:19"
"PAN","BA:511","EAR_EMTM_SEX_NB","SEX_T","2017",610,,"T30:94","R1:3513_S3:19"
"PAN","BA:511","EAR_EMTM_SEX_NB","SEX_T","2016",600,,"T30:94","R1:3513_S3:19"
"PAN","BA:511","EAR_EMTM_SEX_NB","SEX_T","2015",575,,"T30:94","R1:3513_S3:19"
"PAN","BA:511","EAR_EMTM_SEX_NB","SEX_T","2014",550,,"T30:94","R1:3513_S3:19"
"PAN","BA:511","EAR_EMTM_SEX_NB","SEX_T","2013",500,,"T30:94","R1:3513_S3:19"
"PAN","BA:511","EAR_EMTM_SEX_NB","SEX_T","2012",464,,"T30:94","R1:3513_S3:19"
"PAN","BA:511","EAR_EMTM_SEX_NB","SEX_T","2011",416,,"T30:94","R1:3513_S3:19"
"PAN","BA:511","EAR_EMTM_SEX_NB","SEX_T","2010",400,"B","T30:94_I11:264","R1:3513_S3:19"
"PAN","BX:3055","EAR_EMTM_SEX_NB","SEX_T","2009",350,,"T30:94","R1:3513_S3:19"
"PAN","BB:16128","EAR_EMTM_SEX_NB","SEX_T","2008",328,,"T30:94","R1:3513"
"PAN","BX:3055","EAR_EMTM_SEX_NB","SEX_T","2007",300,,"T30:94","R1:3513_S3:19"
"PAN","BX:3055","EAR_EMTM_SEX_NB","SEX_T","2006",300,"B","T30:94_I11:264","R1:3513_S3:19"
"PAN","BB:16128","EAR_EMTM_SEX_NB","SEX_T","2003",275,,"T30:94","R1:3513"
"PER","BA:16208","EAR_EMTM_SEX_NB","SEX_T","2025",1520,,"T30:96","R1:3513"
"PER","BA:16208","EAR_EMTM_SEX_NB","SEX_T","2024",1490,,"T30:96","R1:3513"
"PER","BA:16208","EAR_EMTM_SEX_NB","SEX_T","2023",1400,,"T30:96","R1:3513"
"PER","BA:16208","EAR_EMTM_SEX_NB","SEX_T","2022",1275,"B","T30:96_I11:264","R1:3513"
"PER","BX:375","EAR_EMTM_SEX_NB","SEX_T","2021",1228.349,,"T30:96","R1:3513"
"PER","BX:375","EAR_EMTM_SEX_NB","SEX_T","2020",1190.845,"B","T30:96_I11:264","R1:3513"
"PER","BX:375","EAR_EMTM_SEX_NB","SEX_T","2019",1216.063,,"T30:96","R1:3513"
"PER","BX:375","EAR_EMTM_SEX_NB","SEX_T","2018",1200,,"T30:96","R1:3513"
"PER","BX:375","EAR_EMTM_SEX_NB","SEX_T","2017",1200,,"T30:96","R1:3513"
"PER","BX:375","EAR_EMTM_SEX_NB","SEX_T","2016",1135.467,,"T30:96","R1:3513"
"PER","BX:375","EAR_EMTM_SEX_NB","SEX_T","2015",1083.333,,"T30:96","R1:3513"
"PER","BX:375","EAR_EMTM_SEX_NB","SEX_T","2014",1040,,"T30:96","R1:3513"
"PER","BX:375","EAR_EMTM_SEX_NB","SEX_T","2013",1000,,"T30:96","R1:3513"
"PER","BX:375","EAR_EMTM_SEX_NB","SEX_T","2012",916.833,,"T30:96","R1:3513"
"PER","BX:375","EAR_EMTM_SEX_NB","SEX_T","2011",850,,"T30:96","R1:3513"
"PER","BX:375","EAR_EMTM_SEX_NB","SEX_T","2010",780,,"T30:96","R1:3513"
"PER","BX:375","EAR_EMTM_SEX_NB","SEX_T","2009",758.333,,"T30:96","R1:3513"
"PER","BX:375","EAR_EMTM_SEX_NB","SEX_T","2008",693.333,,"T30:96","R1:3513"
"PER","BX:375","EAR_EMTM_SEX_NB","SEX_T","2007",633.758,,"T30:96","R1:3513"
"PER","BX:375","EAR_EMTM_SEX_NB","SEX_T","2006",590.861,,"T30:96","R1:3513"
"PER","BX:375","EAR_EMTM_SEX_NB","SEX_T","2005",520,,"T30:96","R1:3513"
"PER","BX:375","EAR_EMTM_SEX_NB","SEX_T","2004",541.667,,"T30:96","R1:3513"
"PER","BX:375","EAR_EMTM_SEX_NB","SEX_T","2003",557.758,,"T30:96","R1:3513"
"PER","BX:375","EAR_EMTM_SEX_NB","SEX_T","2002",550,"B","T30:96_I11:264","R1:3513"
"PER","BX:375","EAR_EMTM_SEX_NB","SEX_T","2001",520,,"T30:96","R1:3513"
"PER","BX:375","EAR_EMTM_SEX_NB","SEX_T","2000",533.771,,"T30:96","R1:3513"
"PHL","BA:629","EAR_EMTM_SEX_NB","SEX_T","2024",15208.333,,"T30:143","R1:3513"
"PHL","BA:629","EAR_EMTM_SEX_NB","SEX_T","2023",15208.333,,"T30:143","R1:3513"
"PHL","BA:629","EAR_EMTM_SEX_NB","SEX_T","2022",13687.5,,"T30:143","R1:3513"
"PHL","BA:629","EAR_EMTM_SEX_NB","SEX_T","2021",12166.667,"B","T30:143_I11:264","R1:3513"
"PHL","BA:629","EAR_EMTM_SEX_NB","SEX_T","2020",12166.667,,"T30:143","R1:3513"
"PHL","BA:629","EAR_EMTM_SEX_NB","SEX_T","2019",12045,,"T30:143","R1:3513"
"PHL","BA:629","EAR_EMTM_SEX_NB","SEX_T","2018",10799.482,,"T30:143","R1:3513"
"PHL","BA:629","EAR_EMTM_SEX_NB","SEX_T","2017",10499.452,,"T30:143","R1:3513"
"PHL","BA:629","EAR_EMTM_SEX_NB","SEX_T","2016",9450.645,"B","T30:143_I11:264","R1:3513"
"PHL","BA:629","EAR_EMTM_SEX_NB","SEX_T","2015",9125,,"T30:143","R1:3513"
"PHL","BA:629","EAR_EMTM_SEX_NB","SEX_T","2014",9125,,"T30:143","R1:3513"
"PHL","BA:629","EAR_EMTM_SEX_NB","SEX_T","2013",8327.187,,"T30:143","R1:3513"
"PHL","BA:629","EAR_EMTM_SEX_NB","SEX_T","2012",7801.292,,"T30:143","R1:3513"
"PHL","BA:629","EAR_EMTM_SEX_NB","SEX_T","2011",7604.166,,"T30:143","R1:3513"
"PHL","BA:629","EAR_EMTM_SEX_NB","SEX_T","2010",7518.537,,"T30:143","R1:3513"
"PHL","BA:629","EAR_EMTM_SEX_NB","SEX_T","2009",7368.359,,"T30:143","R1:3513"
"PHL","BA:629","EAR_EMTM_SEX_NB","SEX_T","2008",7048.311,,"T30:143","R1:3513"
"PHL","BA:629","EAR_EMTM_SEX_NB","SEX_T","2007",6373.386,,"T30:143","R1:3513"
"PHL","BA:629","EAR_EMTM_SEX_NB","SEX_T","2006",6113.629,,"T30:143","R1:3513"
"PHL","BA:629","EAR_EMTM_SEX_NB","SEX_T","2005",6083.334,,"T30:143","R1:3513"
"PHL","BA:629","EAR_EMTM_SEX_NB","SEX_T","2004",6040.388,,"T30:143","R1:3513"
"PHL","BA:629","EAR_EMTM_SEX_NB","SEX_T","2003",6019.129,,"T30:143","R1:3513"
"PHL","BA:629","EAR_EMTM_SEX_NB","SEX_T","2001",5482.636,"B","T30:143_I11:264","R1:3513"
"PLW","BB:14046","EAR_EMTM_SEX_NB","SEX_T","2023",831.092,,"T30:225","R1:3513"
"PLW","AA:1541","EAR_EMTM_SEX_NB","SEX_T","2000",583.333,,"T30:225","R1:3513"
"POL","BB:13355","EAR_EMTM_SEX_NB","SEX_T","2025",1774.854,,"T30:392","R1:3513_T2:85"
"POL","BB:13355","EAR_EMTM_SEX_NB","SEX_T","2024",1421.493,,"T30:392","R1:3513_T2:85"
"POL","BB:13355","EAR_EMTM_SEX_NB","SEX_T","2023",1153.658,,"T30:392","R1:3513_T2:85"
"POL","BB:13355","EAR_EMTM_SEX_NB","SEX_T","2022",1089.967,,"T30:392","R1:3513_T2:85"
"POL","BB:13355","EAR_EMTM_SEX_NB","SEX_T","2021",994.242,,"T30:392","R1:3513_T2:85"
"POL","BB:13355","EAR_EMTM_SEX_NB","SEX_T","2020",975.254,,"T30:392","R1:3513_T2:85"
"POL","BB:13355","EAR_EMTM_SEX_NB","SEX_T","2019",883.746,,"T30:392","R1:3513_T2:85"
"POL","BB:13355","EAR_EMTM_SEX_NB","SEX_T","2018",804.812,,"T30:392","R1:3513_T2:85"
"POL","BB:13355","EAR_EMTM_SEX_NB","SEX_T","2017",743.606,,"T30:392","R1:3513_T2:85"
"POL","BB:13355","EAR_EMTM_SEX_NB","SEX_T","2016",739.128,,"T30:392","R1:3513_T2:85"
"POL","BB:13355","EAR_EMTM_SEX_NB","SEX_T","2015",700.754,,"T30:392","R1:3513_T2:85"
"POL","BB:13355","EAR_EMTM_SEX_NB","SEX_T","2014",713.702,,"T30:392","R1:3513_T2:85"
"POL","BB:13355","EAR_EMTM_SEX_NB","SEX_T","2013",690.682,,"T30:392","R1:3513_T2:85"
"POL","BB:13355","EAR_EMTM_SEX_NB","SEX_T","2012",686.813,,"T30:392","R1:3513_T2:85"
"POL","BB:13355","EAR_EMTM_SEX_NB","SEX_T","2011",670.087,,"T30:392","R1:3513_T2:85"
"POL","BB:13355","EAR_EMTM_SEX_NB","SEX_T","2010",593.414,,"T30:392","R1:3513_T2:85"
"POL","BB:13355","EAR_EMTM_SEX_NB","SEX_T","2009",690.987,,"T30:392","R1:3513_T2:85"
"POL","BB:13355","EAR_EMTM_SEX_NB","SEX_T","2008",595.258,,"T30:392","R1:3513_T2:85"
"POL","BB:13355","EAR_EMTM_SEX_NB","SEX_T","2007",506.661,,"T30:392","R1:3513_T2:85"
"POL","BB:13355","EAR_EMTM_SEX_NB","SEX_T","2006",420.701,,"T30:392","R1:3513_T2:85"
"POL","BB:13355","EAR_EMTM_SEX_NB","SEX_T","2005",358.634,,"T30:392","R1:3513_T2:85"
"PRI","AA:1553","EAR_EMTM_SEX_NB","SEX_T","2020",1575,,"T30:97","R1:3513"
"PRI","AA:1553","EAR_EMTM_SEX_NB","SEX_T","2015",1500,,"T30:97","R1:3513"
"PRT","BA:199","EAR_EMTM_SEX_NB","SEX_T","2025",1050,,"T30:199","R1:3513"
"PRT","BA:199","EAR_EMTM_SEX_NB","SEX_T","2024",1000,,"T30:199","R1:3513"
"PRT","BA:199","EAR_EMTM_SEX_NB","SEX_T","2023",900,,"T30:199","R1:3513"
"PRT","BA:199","EAR_EMTM_SEX_NB","SEX_T","2022",860,,"T30:199","R1:3513"
"PRT","BA:199","EAR_EMTM_SEX_NB","SEX_T","2021",830,,"T30:199","R1:3513"
"PRT","BA:199","EAR_EMTM_SEX_NB","SEX_T","2020",790,,"T30:199","R1:3513"
"PRT","BA:199","EAR_EMTM_SEX_NB","SEX_T","2019",750,,"T30:199","R1:3513"
"PRT","BA:199","EAR_EMTM_SEX_NB","SEX_T","2018",700,,"T30:199","R1:3513"
"PRT","BA:199","EAR_EMTM_SEX_NB","SEX_T","2017",700,,"T30:199","R1:3513"
"PRT","BA:199","EAR_EMTM_SEX_NB","SEX_T","2016",680,,"T30:199","R1:3513"
"PRT","BA:199","EAR_EMTM_SEX_NB","SEX_T","2015",660,,"T30:199","R1:3513"
"PRT","BA:199","EAR_EMTM_SEX_NB","SEX_T","2014",650,,"T30:199","R1:3513"
"PRT","BA:199","EAR_EMTM_SEX_NB","SEX_T","2013",650,,"T30:199","R1:3513"
"PRT","BA:199","EAR_EMTM_SEX_NB","SEX_T","2012",650,,"T30:199","R1:3513"
"PRT","BA:199","EAR_EMTM_SEX_NB","SEX_T","2011",630,,"T30:199","R1:3513"
"PRT","BA:199","EAR_EMTM_SEX_NB","SEX_T","2010",600,,"T30:199","R1:3513"
"PRT","BA:199","EAR_EMTM_SEX_NB","SEX_T","2009",600,,"T30:199","R1:3513"
"PRT","BA:199","EAR_EMTM_SEX_NB","SEX_T","2008",600,,"T30:199","R1:3513"
"PRT","BA:199","EAR_EMTM_SEX_NB","SEX_T","2007",590,,"T30:199","R1:3513"
"PRT","BA:199","EAR_EMTM_SEX_NB","SEX_T","2006",565,,"T30:199","R1:3513"
"PRT","BA:199","EAR_EMTM_SEX_NB","SEX_T","2005",550,,"T30:199","R1:3513"
"PRT","BA:199","EAR_EMTM_SEX_NB","SEX_T","2004",505,,"T30:199","R1:3513"
"PRT","BA:199","EAR_EMTM_SEX_NB","SEX_T","2003",500,,"T30:199","R1:3513"
"PRT","BA:199","EAR_EMTM_SEX_NB","SEX_T","2002",500,,"T30:199","R1:3513"
"PRT","BA:199","EAR_EMTM_SEX_NB","SEX_T","2001",94000,,"T30:330","R1:3513"
"PRT","BA:199","EAR_EMTM_SEX_NB","SEX_T","2000",90000,,"T30:330","R1:3513"
"PRY","BX:14043","EAR_EMTM_SEX_NB","SEX_T","2025",2800000,,"T30:95","R1:3513"
"PRY","BX:14043","EAR_EMTM_SEX_NB","SEX_T","2024",2660000,,"T30:95","R1:3513"
"PRY","BX:14043","EAR_EMTM_SEX_NB","SEX_T","2023",2500000,,"T30:95","R1:3513"
"PRY","BX:14043","EAR_EMTM_SEX_NB","SEX_T","2022",2300000,,"T30:95","R1:3513"
"PRY","BX:14043","EAR_EMTM_SEX_NB","SEX_T","2021",2169927.206,,"T30:95","R1:3513"
"PRY","BX:14043","EAR_EMTM_SEX_NB","SEX_T","2019",2109848.184,,"T30:95","R1:3513"
"PRY","BX:14043","EAR_EMTM_SEX_NB","SEX_T","2018",2000000,,"T30:95","R1:3513"
"PRY","BX:14043","EAR_EMTM_SEX_NB","SEX_T","2017",2000000,,"T30:95","R1:3513"
"PRY","BX:534","EAR_EMTM_SEX_NB","SEX_T","2016",1750000,,"T30:95","R1:3513"
"PRY","BX:534","EAR_EMTM_SEX_NB","SEX_T","2015",1800000,,"T30:95","R1:3513"
"PRY","BX:534","EAR_EMTM_SEX_NB","SEX_T","2014",1768292.308,,"T30:95","R1:3513"
"PRY","BX:534","EAR_EMTM_SEX_NB","SEX_T","2013",1600000,,"T30:95","R1:3513"
"PRY","BX:534","EAR_EMTM_SEX_NB","SEX_T","2012",1508991,,"T30:95","R1:3513"
"PRY","BX:534","EAR_EMTM_SEX_NB","SEX_T","2011",1500000,,"T30:95","R1:3513"
"PRY","BX:534","EAR_EMTM_SEX_NB","SEX_T","2010",1200000,,"T30:95","R1:3513"
"PRY","BX:534","EAR_EMTM_SEX_NB","SEX_T","2009",1170000,,"T30:95","R1:3513"
"PRY","BX:534","EAR_EMTM_SEX_NB","SEX_T","2008",1000000,,"T30:95","R1:3513"
"PRY","BX:534","EAR_EMTM_SEX_NB","SEX_T","2007",900000,,"T30:95","R1:3513"
"PRY","BX:534","EAR_EMTM_SEX_NB","SEX_T","2006",900000,,"T30:95","R1:3513"
"PRY","BX:534","EAR_EMTM_SEX_NB","SEX_T","2005",720000,,"T30:95","R1:3513"
"PRY","BX:534","EAR_EMTM_SEX_NB","SEX_T","2004",600000,,"T30:95","R1:3513"
"PRY","BX:534","EAR_EMTM_SEX_NB","SEX_T","2003",650000,,"T30:95","R1:3513"
"PRY","BX:534","EAR_EMTM_SEX_NB","SEX_T","2002",600000,"B","T30:95_I11:264","R1:3513"
"PRY","BX:534","EAR_EMTM_SEX_NB","SEX_T","2001",650000,"B","T30:95_I11:264","R1:3513"
"PSE","BA:592","EAR_EMTM_SEX_NB","SEX_T","2025",2499.808,,"T30:157","R1:3513_S4:6333"
"PSE","BA:592","EAR_EMTM_SEX_NB","SEX_T","2024",2499.808,"B","T30:157_I11:264","R1:3513_S4:6333"
"PSE","BA:592","EAR_EMTM_SEX_NB","SEX_T","2022",2499.808,,"T30:157","R1:3513"
"PSE","BA:592","EAR_EMTM_SEX_NB","SEX_T","2021",2499.708,,"T30:157","R1:3513"
"PSE","BA:592","EAR_EMTM_SEX_NB","SEX_T","2020",2421.889,,"T30:157","R1:3513"
"PSE","BA:592","EAR_EMTM_SEX_NB","SEX_T","2019",2249.827,,"T30:157","R1:3513"
"PSE","BA:592","EAR_EMTM_SEX_NB","SEX_T","2018",2166.5,,"T30:157","R1:3513"
"PSE","BA:592","EAR_EMTM_SEX_NB","SEX_T","2017",2083.173,,"T30:157","R1:3513"
"PSE","BA:592","EAR_EMTM_SEX_NB","SEX_T","2016",1967.048,,"T30:157","R1:3513"
"PSE","BA:592","EAR_EMTM_SEX_NB","SEX_T","2015",1916.519,,"T30:157","R1:3513"
"ROU","BB:439","EAR_EMTM_SEX_NB","SEX_T","2025",1373.812,,"T30:393","R1:3513_T2:85"
"ROU","BB:439","EAR_EMTM_SEX_NB","SEX_T","2024",1255.837,,"T30:393","R1:3513_T2:85"
"ROU","BB:439","EAR_EMTM_SEX_NB","SEX_T","2023",1134.217,,"T30:393","R1:3513_T2:85"
"ROU","BB:439","EAR_EMTM_SEX_NB","SEX_T","2022",946.205,,"T30:393","R1:3513_T2:85"
"ROU","BB:439","EAR_EMTM_SEX_NB","SEX_T","2021",794.939,,"T30:393","R1:3513_T2:85"
"ROU","BB:439","EAR_EMTM_SEX_NB","SEX_T","2020",723.153,,"T30:393","R1:3513_T2:85"
"ROU","BB:439","EAR_EMTM_SEX_NB","SEX_T","2019",694.028,,"T30:393","R1:3513_T2:85"
"ROU","BB:439","EAR_EMTM_SEX_NB","SEX_T","2018",492.73,,"T30:393","R1:3513_T2:85"
"ROU","BB:439","EAR_EMTM_SEX_NB","SEX_T","2017",404.652,,"T30:393","R1:3513_T2:85"
"ROU","BB:439","EAR_EMTM_SEX_NB","SEX_T","2016",339.67,,"T30:393","R1:3513_T2:85"
"ROU","BB:439","EAR_EMTM_SEX_NB","SEX_T","2015",307.128,,"T30:393","R1:3513_T2:85"
"ROU","BB:439","EAR_EMTM_SEX_NB","SEX_T","2014",293.02,,"T30:393","R1:3513_T2:85"
"ROU","BB:439","EAR_EMTM_SEX_NB","SEX_T","2013",285.652,,"T30:393","R1:3513_T2:85"
"ROU","BB:439","EAR_EMTM_SEX_NB","SEX_T","2012",290.553,,"T30:393","R1:3513_T2:85"
"ROU","BB:439","EAR_EMTM_SEX_NB","SEX_T","2011",284.467,,"T30:393","R1:3513_T2:85"
"ROU","BB:439","EAR_EMTM_SEX_NB","SEX_T","2010",277.585,,"T30:393","R1:3513_T2:85"
"ROU","BB:439","EAR_EMTM_SEX_NB","SEX_T","2009",297.425,,"T30:393","R1:3513_T2:85"
"ROU","BB:439","EAR_EMTM_SEX_NB","SEX_T","2008",285.239,,"T30:393","R1:3513_T2:85"
"ROU","BB:439","EAR_EMTM_SEX_NB","SEX_T","2007",241.012,,"T30:393","R1:3513_T2:85"
"RWA","BA:1590","EAR_EMTM_SEX_NB","SEX_T","2024",35000,,"T30:39","R1:3513"
"RWA","BA:1590","EAR_EMTM_SEX_NB","SEX_T","2023",21666.666,,"T30:39","R1:3513"
"RWA","BA:1590","EAR_EMTM_SEX_NB","SEX_T","2022",21666.666,,"T30:39","R1:3513"
"RWA","BA:1590","EAR_EMTM_SEX_NB","SEX_T","2021",21666.666,,"T30:39","R1:3513"
"RWA","BA:1590","EAR_EMTM_SEX_NB","SEX_T","2017",17333.334,"B","T30:39_I11:264","R1:3513"
"RWA","BB:763","EAR_EMTM_SEX_NB","SEX_T","2014",30416.666,"B","T30:39_I11:264","R1:3513"
"SDN","BA:1603","EAR_EMTM_SEX_NB","SEX_T","2022",80277.572,"B","T30:48_I11:264","R1:3513"
"SDN","BA:1603","EAR_EMTM_SEX_NB","SEX_T","2011",400,,"T30:48","R1:3513"
"SEN","BA:13368","EAR_EMTM_SEX_NB","SEX_T","2025",86666.664,,"T30:42","R1:3513"
"SEN","BA:13368","EAR_EMTM_SEX_NB","SEX_T","2024",80000,,"T30:42","R1:3513"
"SEN","BA:13368","EAR_EMTM_SEX_NB","SEX_T","2023",65000,,"T30:42","R1:3513"
"SEN","BA:13368","EAR_EMTM_SEX_NB","SEX_T","2022",65000,,"T30:42","R1:3513"
"SEN","BA:13368","EAR_EMTM_SEX_NB","SEX_T","2019",54166.668,,"T30:42","R1:3513"
"SEN","BX:1608","EAR_EMTM_SEX_NB","SEX_T","2011",50000,"B","T30:42_I11:264","R1:3513"
"SLB","BB:14050","EAR_EMTM_SEX_NB","SEX_T","2005",8591.596,,"T30:229","R1:3513"
"SLE","BX:15953","EAR_EMTM_SEX_NB","SEX_T","2018",779558.104,,"T30:44","R1:3513"
"SLV","BX:461","EAR_EMTM_SEX_NB","SEX_T","2025",433.333,,"T30:78","R1:3513"
"SLV","BX:461","EAR_EMTM_SEX_NB","SEX_T","2024",405,,"T30:78","R1:3513"
"SLV","BX:461","EAR_EMTM_SEX_NB","SEX_T","2023",390,,"T30:78","R1:3513"
"SLV","BX:461","EAR_EMTM_SEX_NB","SEX_T","2022",380,,"T30:78","R1:3513"
"SLV","BX:461","EAR_EMTM_SEX_NB","SEX_T","2021",336.772,,"T30:78","R1:3513"
"SLV","BX:461","EAR_EMTM_SEX_NB","SEX_T","2019",313.333,,"T30:78","R1:3513_T2:85"
"SLV","BX:461","EAR_EMTM_SEX_NB","SEX_T","2018",304.167,,"T30:78","R1:3513_T2:85"
"SLV","BX:461","EAR_EMTM_SEX_NB","SEX_T","2017",300,,"T30:78","R1:3513_T2:85"
"SLV","BX:461","EAR_EMTM_SEX_NB","SEX_T","2016",270.432,,"T30:78","R1:3513_T2:85"
"SLV","BX:461","EAR_EMTM_SEX_NB","SEX_T","2015",252.917,,"T30:78","R1:3513_T2:85"
"SLV","BX:461","EAR_EMTM_SEX_NB","SEX_T","2014",250,,"T30:78","R1:3513_T2:85"
"SLV","BX:461","EAR_EMTM_SEX_NB","SEX_T","2013",250,,"T30:78","R1:3513_T2:85"
"SLV","BX:461","EAR_EMTM_SEX_NB","SEX_T","2012",234.833,,"T30:78","R1:3513_T2:85"
"SLV","BX:461","EAR_EMTM_SEX_NB","SEX_T","2011",218.5,,"T30:78","R1:3513_T2:85"
"SLV","BX:461","EAR_EMTM_SEX_NB","SEX_T","2010",216.25,"B","T30:78_I11:264","R1:3513_T2:85"
"SOM","BB:16925","EAR_EMTM_SEX_NB","SEX_T","2022",192,,"T30:405","R1:3513"
"SRB","BB:6644","EAR_EMTM_SEX_NB","SEX_T","2025",1191.388,,"T30:394","R1:3513_T2:85"
"SRB","BB:6644","EAR_EMTM_SEX_NB","SEX_T","2024",947.398,,"T30:394","R1:3513_T2:85"
"SRB","BB:6644","EAR_EMTM_SEX_NB","SEX_T","2023",774.99,,"T30:394","R1:3513_T2:85"
"SRB","BB:6644","EAR_EMTM_SEX_NB","SEX_T","2022",688.951,,"T30:394","R1:3513_T2:85"
"SRB","BB:6644","EAR_EMTM_SEX_NB","SEX_T","2021",617.858,,"T30:394","R1:3513_T2:85"
"SRB","BB:6644","EAR_EMTM_SEX_NB","SEX_T","2020",593.722,,"T30:394","R1:3513_T2:85"
"SRB","BB:6644","EAR_EMTM_SEX_NB","SEX_T","2019",766.168,,"T30:394","R1:3513_T2:85"
"SRB","BB:6644","EAR_EMTM_SEX_NB","SEX_T","2018",657.211,,"T30:394","R1:3513_T2:85"
"SRB","BB:6644","EAR_EMTM_SEX_NB","SEX_T","2017",650.092,,"T30:394","R1:3513_T2:85"
"SRB","BB:6644","EAR_EMTM_SEX_NB","SEX_T","2016",606.111,,"T30:394","R1:3513_T2:85"
"SRB","BB:6644","EAR_EMTM_SEX_NB","SEX_T","2015",606.142,,"T30:394","R1:3513_T2:85"
"SRB","BB:6644","EAR_EMTM_SEX_NB","SEX_T","2014",626.592,,"T30:394","R1:3513_T2:85"
"SRB","BB:6644","EAR_EMTM_SEX_NB","SEX_T","2013",446,,"T30:394","R1:3513_T2:85"
"STP","BB:16233","EAR_EMTM_SEX_NB","SEX_T","2017",1806636.675,,"T30:41","R1:3513_T2:79"
"SUR","BB:15691","EAR_EMTM_SEX_NB","SEX_T","2016",1800,,"T30:102","R1:3513"
"SVK","BB:560","EAR_EMTM_SEX_NB","SEX_T","2025",2008.665,,"T30:204","R1:3513_T2:85"
"SVK","BB:560","EAR_EMTM_SEX_NB","SEX_T","2024",1218.565,,"T30:204","R1:3513_T2:85"
"SVK","BB:560","EAR_EMTM_SEX_NB","SEX_T","2023",1287.264,,"T30:204","R1:3513_T2:85"
"SVK","BB:560","EAR_EMTM_SEX_NB","SEX_T","2022",1205.241,,"T30:204","R1:3513_T2:85"
"SVK","BB:560","EAR_EMTM_SEX_NB","SEX_T","2021",1228.077,,"T30:204","R1:3513_T2:85"
"SVK","BB:560","EAR_EMTM_SEX_NB","SEX_T","2020",1268.003,,"T30:204","R1:3513_T2:85"
"SVK","BB:560","EAR_EMTM_SEX_NB","SEX_T","2019",1194.469,,"T30:204","R1:3513_T2:85"
"SVK","BB:560","EAR_EMTM_SEX_NB","SEX_T","2018",1105.9,,"T30:204","R1:3513_T2:85"
"SVK","BB:560","EAR_EMTM_SEX_NB","SEX_T","2017",996.368,,"T30:204","R1:3513_T2:85"
"SVK","BB:560","EAR_EMTM_SEX_NB","SEX_T","2016",986.529,,"T30:204","R1:3513_T2:85"
"SVK","BB:560","EAR_EMTM_SEX_NB","SEX_T","2015",975.565,,"T30:204","R1:3513_T2:85"
"SVK","BB:560","EAR_EMTM_SEX_NB","SEX_T","2014",964.3,,"T30:204","R1:3513_T2:85"
"SVK","BB:560","EAR_EMTM_SEX_NB","SEX_T","2013",868.694,,"T30:204","R1:3513_T2:85"
"SVK","BB:560","EAR_EMTM_SEX_NB","SEX_T","2012",887.247,,"T30:204","R1:3513_T2:85"
"SVK","BB:560","EAR_EMTM_SEX_NB","SEX_T","2011",798.33,,"T30:204","R1:3513_T2:85"
"SVK","BB:560","EAR_EMTM_SEX_NB","SEX_T","2010",827.531,,"T30:204","R1:3513_T2:85"
"SVK","BB:560","EAR_EMTM_SEX_NB","SEX_T","2009",812.941,,"T30:204","R1:3513_T2:85"
"SVK","BB:560","EAR_EMTM_SEX_NB","SEX_T","2008",680.391,,"T30:204","R1:3513_T2:85"
"SVK","BB:560","EAR_EMTM_SEX_NB","SEX_T","2007",555.363,,"T30:204","R1:3513_T2:85"
"SVK","BB:560","EAR_EMTM_SEX_NB","SEX_T","2006",336.797,,"T30:204","R1:3513_T2:85"
"SVK","BB:560","EAR_EMTM_SEX_NB","SEX_T","2005",312.33,,"T30:204","R1:3513_T2:85"
"SVN","BB:445","EAR_EMTM_SEX_NB","SEX_T","2025",2823.832,,"T30:205","R1:3513_T2:85"
"SVN","BB:445","EAR_EMTM_SEX_NB","SEX_T","2024",2666.105,,"T30:205","R1:3513_T2:85"
"SVN","BB:445","EAR_EMTM_SEX_NB","SEX_T","2023",2414.167,,"T30:205","R1:3513_T2:85"
"SVN","BB:445","EAR_EMTM_SEX_NB","SEX_T","2022",2317.799,,"T30:205","R1:3513_T2:85"
"SVN","BB:445","EAR_EMTM_SEX_NB","SEX_T","2021",2132.072,,"T30:205","R1:3513_T2:85"
"SVN","BB:445","EAR_EMTM_SEX_NB","SEX_T","2020",1979.773,,"T30:205","R1:3513_T2:85"
"SVN","BB:445","EAR_EMTM_SEX_NB","SEX_T","2019",1869.696,,"T30:205","R1:3513_T2:85"
"SVN","BB:445","EAR_EMTM_SEX_NB","SEX_T","2018",1795,,"T30:205","R1:3513_T2:85"
"SVN","BB:445","EAR_EMTM_SEX_NB","SEX_T","2017",1765.65,,"T30:205","R1:3513_T2:85"
"SVN","BB:445","EAR_EMTM_SEX_NB","SEX_T","2016",1738.333,,"T30:205","R1:3513_T2:85"
"SVN","BB:445","EAR_EMTM_SEX_NB","SEX_T","2015",1756.667,,"T30:205","R1:3513_T2:85"
"SVN","BB:445","EAR_EMTM_SEX_NB","SEX_T","2014",1671.667,,"T30:205","R1:3513_T2:85"
"SVN","BB:445","EAR_EMTM_SEX_NB","SEX_T","2013",1665.451,,"T30:205","R1:3513_T2:85"
"SVN","BB:445","EAR_EMTM_SEX_NB","SEX_T","2012",1658.796,,"T30:205","R1:3513_T2:85"
"SVN","BB:445","EAR_EMTM_SEX_NB","SEX_T","2011",1596.02,,"T30:205","R1:3513_T2:85"
"SVN","BB:445","EAR_EMTM_SEX_NB","SEX_T","2010",1555.34,,"T30:205","R1:3513_T2:85"
"SVN","BB:445","EAR_EMTM_SEX_NB","SEX_T","2009",1530.012,,"T30:205","R1:3513_T2:85"
"SVN","BB:445","EAR_EMTM_SEX_NB","SEX_T","2008",1436.637,,"T30:205","R1:3513_T2:85"
"SVN","BB:445","EAR_EMTM_SEX_NB","SEX_T","2007",1342.345,,"T30:205","R1:3513_T2:85"
"SVN","BB:445","EAR_EMTM_SEX_NB","SEX_T","2006",1052.242,,"T30:205","R1:3513_T2:85"
"SVN","BB:445","EAR_EMTM_SEX_NB","SEX_T","2005",1019.502,,"T30:205","R1:3513_T2:85"
"SWE","BB:3063","EAR_EMTM_SEX_NB","SEX_T","2025",3886.1,,"T30:395","R1:3513_T2:85"
"SWE","BB:3063","EAR_EMTM_SEX_NB","SEX_T","2024",3644.431,,"T30:395","R1:3513_T2:85"
"SWE","BB:3063","EAR_EMTM_SEX_NB","SEX_T","2023",3798.392,,"T30:395","R1:3513_T2:85"
"SWE","BB:3063","EAR_EMTM_SEX_NB","SEX_T","2022",3830.021,,"T30:395","R1:3513_T2:85"
"SWE","BB:3063","EAR_EMTM_SEX_NB","SEX_T","2021",3573.473,,"T30:395","R1:3513_T2:85"
"SWE","BB:3063","EAR_EMTM_SEX_NB","SEX_T","2020",3468.323,,"T30:395","R1:3513_T2:85"
"SWE","BB:3063","EAR_EMTM_SEX_NB","SEX_T","2019",3496.483,,"T30:395","R1:3513_T2:85"
"SWE","BB:3063","EAR_EMTM_SEX_NB","SEX_T","2018",3607.948,,"T30:395","R1:3513_T2:85"
"SWE","BB:3063","EAR_EMTM_SEX_NB","SEX_T","2017",3525.355,,"T30:395","R1:3513_T2:85"
"SWE","BB:3063","EAR_EMTM_SEX_NB","SEX_T","2016",3479.604,,"T30:395","R1:3513_T2:85"
"SWE","BB:3063","EAR_EMTM_SEX_NB","SEX_T","2015",3433.782,,"T30:395","R1:3513_T2:85"
"SWE","BB:3063","EAR_EMTM_SEX_NB","SEX_T","2014",3524.636,,"T30:395","R1:3513_T2:85"
"SWE","BB:3063","EAR_EMTM_SEX_NB","SEX_T","2013",3503.075,,"T30:395","R1:3513_T2:85"
"SWE","BB:3063","EAR_EMTM_SEX_NB","SEX_T","2012",3280.071,,"T30:395","R1:3513_T2:85"
"SWE","BB:3063","EAR_EMTM_SEX_NB","SEX_T","2011",2981.45,,"T30:395","R1:3513_T2:85"
"SWE","BB:3063","EAR_EMTM_SEX_NB","SEX_T","2010",2676.789,,"T30:395","R1:3513_T2:85"
"SWE","BB:3063","EAR_EMTM_SEX_NB","SEX_T","2009",2868.632,,"T30:395","R1:3513_T2:85"
"SWE","BB:3063","EAR_EMTM_SEX_NB","SEX_T","2008",2856.703,,"T30:395","R1:3513_T2:85"
"SWE","BB:3063","EAR_EMTM_SEX_NB","SEX_T","2007",2732.259,,"T30:395","R1:3513_T2:85"
"SWE","BB:3063","EAR_EMTM_SEX_NB","SEX_T","2006",2142.723,,"T30:395","R1:3513_T2:85"
"SWE","BB:3063","EAR_EMTM_SEX_NB","SEX_T","2005",2152.213,,"T30:395","R1:3513_T2:85"
"SWE","BB:3063","EAR_EMTM_SEX_NB","SEX_T","2004",2104.576,,"T30:395","R1:3513_T2:85"
"SWZ","BA:1672","EAR_EMTM_SEX_NB","SEX_T","2023",3000,,"T30:49","R1:3513"
"SWZ","BA:1672","EAR_EMTM_SEX_NB","SEX_T","2021",2500,,"T30:49","R1:3513"
"SWZ","BA:1672","EAR_EMTM_SEX_NB","SEX_T","2016",2000,,"T30:49","R1:3513"
"TCD","BB:15712","EAR_EMTM_SEX_NB","SEX_T","2022",75000,,"T30:53","R1:3513"
"TCD","BB:15712","EAR_EMTM_SEX_NB","SEX_T","2018",75000,,"T30:53","R1:3513"
"TGO","BB:16196","EAR_EMTM_SEX_NB","SEX_T","2022",52000,,"T30:54","R1:3513"
"TGO","BB:16196","EAR_EMTM_SEX_NB","SEX_T","2019",40000,,"T30:54","R1:3513"
"TGO","BA:14123","EAR_EMTM_SEX_NB","SEX_T","2017",45000,"B","T30:54_I11:264","R1:3513_T3:240"
"TGO","BX:686","EAR_EMTM_SEX_NB","SEX_T","2015",35000,,"T30:54","R1:3513"
"TGO","BX:686","EAR_EMTM_SEX_NB","SEX_T","2011",30000,"B","T30:54_I11:264","R1:3513"
"THA","BA:741","EAR_EMTM_SEX_NB","SEX_T","2025",13000,,"T30:151","R1:3513"
"THA","BA:741","EAR_EMTM_SEX_NB","SEX_T","2024",13000,,"T30:151","R1:3513"
"THA","BA:741","EAR_EMTM_SEX_NB","SEX_T","2023",13000,,"T30:151","R1:3513"
"THA","BA:741","EAR_EMTM_SEX_NB","SEX_T","2022",12640,,"T30:151","R1:3513"
"THA","BA:741","EAR_EMTM_SEX_NB","SEX_T","2021",12000,,"T30:151","R1:3513"
"THA","BA:741","EAR_EMTM_SEX_NB","SEX_T","2020",11530,,"T30:151","R1:3513"
"THA","BA:741","EAR_EMTM_SEX_NB","SEX_T","2019",11700,,"T30:151","R1:3513"
"THA","BA:741","EAR_EMTM_SEX_NB","SEX_T","2018",11450,,"T30:151","R1:3513"
"THA","BA:741","EAR_EMTM_SEX_NB","SEX_T","2017",11000,,"T30:151","R1:3513"
"THA","BA:741","EAR_EMTM_SEX_NB","SEX_T","2016",10800,,"T30:151","R1:3513"
"THA","BA:741","EAR_EMTM_SEX_NB","SEX_T","2015",8800,,"T30:151","R1:3513"
"THA","BA:741","EAR_EMTM_SEX_NB","SEX_T","2014",10000,,"T30:151","R1:3513"
"THA","BB:15893","EAR_EMTM_SEX_NB","SEX_T","2013",9100,,"T30:151","R1:3513"
"THA","BB:15893","EAR_EMTM_SEX_NB","SEX_T","2007",6266.666,,"T30:151","R1:3513"
"THA","BB:15893","EAR_EMTM_SEX_NB","SEX_T","2000",4505,,"T30:151","R1:3513"
"TJK","BB:2229","EAR_EMTM_SEX_NB","SEX_T","2009",200,,"T30:150","R1:3513"
"TJK","BB:2229","EAR_EMTM_SEX_NB","SEX_T","2007",140,,"T30:150","R1:3513"
"TJK","BB:2229","EAR_EMTM_SEX_NB","SEX_T","2003",23.75,,"T30:150","R1:3513"
"TKL","BB:16122","EAR_EMTM_SEX_NB","SEX_T","2016",563.374,,"T30:230","R1:3513"
"TLS","BA:3050","EAR_EMTM_SEX_NB","SEX_T","2021",200,,"T30:152","R1:3513"
"TLS","BA:3050","EAR_EMTM_SEX_NB","SEX_T","2016",225.154,,"T30:152","R1:3513"
"TLS","BA:3050","EAR_EMTM_SEX_NB","SEX_T","2013",232,"B","T30:152_I11:264","R1:3513"
"TLS","BA:3050","EAR_EMTM_SEX_NB","SEX_T","2010",150,"B","T30:152_I11:264","R1:3513"
"TLS","BB:7029","EAR_EMTM_SEX_NB","SEX_T","2007",129.935,,"T30:152","R1:3513"
"TLS","BB:7029","EAR_EMTM_SEX_NB","SEX_T","2001",1200000,,"T30:349","R1:3513"
"TON","BA:1712","EAR_EMTM_SEX_NB","SEX_T","2023",1295.197,,"T30:231","R1:3513"
"TON","BB:16119","EAR_EMTM_SEX_NB","SEX_T","2021",977.158,,"T30:231","R1:3513"
"TON","BA:1712","EAR_EMTM_SEX_NB","SEX_T","2018",975,"B","T30:231_I11:264","R1:3513"
"TTO","BA:549","EAR_EMTM_SEX_NB","SEX_T","2016",5250,,"T30:103","R1:3513"
"TTO","BA:549","EAR_EMTM_SEX_NB","SEX_T","2015",5250,,"T30:103","R1:3513"
"TTO","BA:549","EAR_EMTM_SEX_NB","SEX_T","2014",4750,,"T30:103","R1:3513"
"TTO","BA:549","EAR_EMTM_SEX_NB","SEX_T","2013",4250,,"T30:103","R1:3513"
"TTO","BA:549","EAR_EMTM_SEX_NB","SEX_T","2012",4250,,"T30:103","R1:3513"
"TTO","BA:549","EAR_EMTM_SEX_NB","SEX_T","2011",4250,,"T30:103","R1:3513"
"TTO","BA:549","EAR_EMTM_SEX_NB","SEX_T","2010",3750,"B","T30:103_I11:264","R1:3513"
"TUN","BA:743","EAR_EMTM_SEX_NB","SEX_T","2019",600,,"T30:55","R1:3513_S3:9"
"TUR","BA:622","EAR_EMTM_SEX_NB","SEX_T","2025",30000,,"T30:208","R1:3513"
"TUR","BA:622","EAR_EMTM_SEX_NB","SEX_T","2024",22000,,"T30:208","R1:3513"
"TUR","BA:622","EAR_EMTM_SEX_NB","SEX_T","2023",11500,,"T30:208","R1:3513"
"TUR","BA:622","EAR_EMTM_SEX_NB","SEX_T","2022",5500,,"T30:208","R1:3513"
"TUR","BA:622","EAR_EMTM_SEX_NB","SEX_T","2021",3200,,"T30:208","R1:3513"
"TUR","BA:622","EAR_EMTM_SEX_NB","SEX_T","2020",2700,,"T30:208","R1:3513"
"TUR","BA:622","EAR_EMTM_SEX_NB","SEX_T","2019",2350,,"T30:208","R1:3513"
"TUR","BA:622","EAR_EMTM_SEX_NB","SEX_T","2018",2000,,"T30:208","R1:3513"
"TUR","BA:622","EAR_EMTM_SEX_NB","SEX_T","2017",1700,,"T30:208","R1:3513"
"TUR","BA:622","EAR_EMTM_SEX_NB","SEX_T","2016",1500,,"T30:208","R1:3513"
"TUR","BA:622","EAR_EMTM_SEX_NB","SEX_T","2015",1300,,"T30:208","R1:3513"
"TUR","BA:622","EAR_EMTM_SEX_NB","SEX_T","2014",1200,,"T30:208","R1:3513"
"TUR","BA:622","EAR_EMTM_SEX_NB","SEX_T","2013",1000,,"T30:208","R1:3513"
"TUR","BA:622","EAR_EMTM_SEX_NB","SEX_T","2012",1000,,"T30:208","R1:3513"
"TUR","BA:622","EAR_EMTM_SEX_NB","SEX_T","2011",850,,"T30:208","R1:3513"
"TUR","BA:622","EAR_EMTM_SEX_NB","SEX_T","2010",800,,"T30:208","R1:3513"
"TUR","BA:622","EAR_EMTM_SEX_NB","SEX_T","2009",750,,"T30:208","R1:3513"
"TUR","BA:622","EAR_EMTM_SEX_NB","SEX_T","2008",700,,"T30:351","R1:3513"
"TUR","BA:622","EAR_EMTM_SEX_NB","SEX_T","2007",600,,"T30:351","R1:3513"
"TUR","BA:622","EAR_EMTM_SEX_NB","SEX_T","2006",500,,"T30:351","R1:3513"
"TUR","BA:622","EAR_EMTM_SEX_NB","SEX_T","2005",500,,"T30:351","R1:3513"
"TZA","BA:1743","EAR_EMTM_SEX_NB","SEX_T","2025",345583.29,,"T30:50","R1:3513"
"TZA","BA:1743","EAR_EMTM_SEX_NB","SEX_T","2024",300000,"B","T30:50_I11:264","R1:3513"
"TZA","BA:1743","EAR_EMTM_SEX_NB","SEX_T","2020",300000,"B","T30:50_I11:264","R1:3513"
"TZA","BB:2542","EAR_EMTM_SEX_NB","SEX_T","2014",200000,,"T30:50","R1:3513"
"TZA","BB:2542","EAR_EMTM_SEX_NB","SEX_T","2012",150000,,"T30:50","R1:3513"
"TZA","BB:2542","EAR_EMTM_SEX_NB","SEX_T","2010",120000,,"T30:50","R1:3513"
"TZA","BA:1743","EAR_EMTM_SEX_NB","SEX_T","2006",60000,"B","T30:50_I11:264","R1:3513"
"TZA","BA:1743","EAR_EMTM_SEX_NB","SEX_T","2001",42000,"B","T30:50_I11:264","R1:3513"
"UGA","BA:13047","EAR_EMTM_SEX_NB","SEX_T","2021",240000,,"T30:56","R1:3513"
"UGA","BB:268","EAR_EMTM_SEX_NB","SEX_T","2019",220000,,"T30:56","R1:3513"
"UGA","BA:13047","EAR_EMTM_SEX_NB","SEX_T","2017",216666.672,"B","T30:56_I11:264","R1:3513"
"UGA","BB:268","EAR_EMTM_SEX_NB","SEX_T","2014",400000,,"T30:56","R1:3513"
"UGA","BA:13047","EAR_EMTM_SEX_NB","SEX_T","2012",150000,"B","T30:56_I11:264","R1:3513"
"UGA","BB:268","EAR_EMTM_SEX_NB","SEX_T","2011",200000,,"T30:56","R1:3513"
"UGA","BB:268","EAR_EMTM_SEX_NB","SEX_T","2010",214544.657,,"T30:56","R1:3513"
"URY","BA:16753","EAR_EMTM_SEX_NB","SEX_T","2024",39527.16,,"T30:106","R1:3513"
"URY","BA:16753","EAR_EMTM_SEX_NB","SEX_T","2023",35000,,"T30:106","R1:3513"
"URY","BA:16753","EAR_EMTM_SEX_NB","SEX_T","2022",32000,,"T30:106","R1:3513"
"URY","BA:348","EAR_EMTM_SEX_NB","SEX_T","2020",31402.62,"B","T30:106_I11:264","R1:3513"
"URY","BA:348","EAR_EMTM_SEX_NB","SEX_T","2019",29032,"B","T30:106_I11:264","R1:3513"
"URY","BA:348","EAR_EMTM_SEX_NB","SEX_T","2018",27046,,"T30:106","R1:3513"
"URY","BA:348","EAR_EMTM_SEX_NB","SEX_T","2017",25336,,"T30:106","R1:3513"
"URY","BA:348","EAR_EMTM_SEX_NB","SEX_T","2016",22682,,"T30:106","R1:3513"
"URY","BA:348","EAR_EMTM_SEX_NB","SEX_T","2015",21096,,"T30:106","R1:3513"
"URY","BA:348","EAR_EMTM_SEX_NB","SEX_T","2014",18927,,"T30:106","R1:3513"
"URY","BA:348","EAR_EMTM_SEX_NB","SEX_T","2013",16720.131,,"T30:106","R1:3513"
"URY","BA:348","EAR_EMTM_SEX_NB","SEX_T","2012",14927.87,,"T30:106","R1:3513"
"URY","BA:348","EAR_EMTM_SEX_NB","SEX_T","2011",13026.528,,"T30:106","R1:3513"
"URY","BA:348","EAR_EMTM_SEX_NB","SEX_T","2010",11062.1,,"T30:106","R1:3513"
"URY","BA:348","EAR_EMTM_SEX_NB","SEX_T","2009",10157.489,,"T30:106","R1:3513"
"URY","BA:348","EAR_EMTM_SEX_NB","SEX_T","2008",8815.786,,"T30:106","R1:3513"
"URY","BA:348","EAR_EMTM_SEX_NB","SEX_T","2007",7717,,"T30:106","R1:3513"
"URY","BA:348","EAR_EMTM_SEX_NB","SEX_T","2006",6737,,"T30:106","R1:3513"
"URY","BA:348","EAR_EMTM_SEX_NB","SEX_T","2005",5974.93,,"T30:106","R1:3513"
"URY","BA:348","EAR_EMTM_SEX_NB","SEX_T","2004",5600,,"T30:106","R1:3513"
"URY","BA:348","EAR_EMTM_SEX_NB","SEX_T","2003",5143.9,,"T30:106","R1:3513"
"URY","BA:348","EAR_EMTM_SEX_NB","SEX_T","2002",5000,,"T30:106","R1:3513"
"URY","BA:348","EAR_EMTM_SEX_NB","SEX_T","2001",4876.7,,"T30:106","R1:3513"
"URY","BA:348","EAR_EMTM_SEX_NB","SEX_T","2000",5000,,"T30:106","R1:3513"
"USA","BA:453","EAR_EMTM_SEX_NB","SEX_T","2025",4480.666,"B","T30:105_I11:264","R1:3513_R1:2803_T2:85"
"USA","BA:453","EAR_EMTM_SEX_NB","SEX_T","2024",4333.334,,"T30:105","R1:3513_T2:85"
"USA","BA:453","EAR_EMTM_SEX_NB","SEX_T","2023",4166.63,,"T30:105","R1:3513_T2:85"
"USA","BA:453","EAR_EMTM_SEX_NB","SEX_T","2022",3999.667,,"T30:105","R1:3513_T2:85"
"USA","BA:453","EAR_EMTM_SEX_NB","SEX_T","2021",3749.98,,"T30:105","R1:3513_T2:85"
"USA","BA:453","EAR_EMTM_SEX_NB","SEX_T","2020",3640,"B","T30:105_I11:264","R1:3513_T2:85"
"USA","BA:453","EAR_EMTM_SEX_NB","SEX_T","2019",3380,,"T30:105","R1:3513_T2:85"
"USA","BA:453","EAR_EMTM_SEX_NB","SEX_T","2018",3277.733,,"T30:105","R1:3513_T2:85"
"USA","BA:453","EAR_EMTM_SEX_NB","SEX_T","2017",3120,,"T30:105","R1:3513_T2:85"
"USA","BA:453","EAR_EMTM_SEX_NB","SEX_T","2016",3033.333,,"T30:105","R1:3513_T2:85"
"USA","BA:453","EAR_EMTM_SEX_NB","SEX_T","2015",2946.667,,"T30:105","R1:3513_T2:85"
"USA","BA:453","EAR_EMTM_SEX_NB","SEX_T","2014",2902.236,,"T30:105","R1:3513_T2:85"
"USA","BA:453","EAR_EMTM_SEX_NB","SEX_T","2013",2816.667,,"T30:105","R1:3513_T2:85"
"USA","BA:453","EAR_EMTM_SEX_NB","SEX_T","2012",2773.333,,"T30:105","R1:3513_T2:85"
"USA","BA:453","EAR_EMTM_SEX_NB","SEX_T","2011",2704,,"T30:105","R1:3513_T2:85"
"USA","BA:453","EAR_EMTM_SEX_NB","SEX_T","2010",2666.647,,"T30:105","R1:3513_T2:85"
"USA","BA:453","EAR_EMTM_SEX_NB","SEX_T","2009",2665,,"T30:105","R1:3513_T2:85"
"USA","BA:453","EAR_EMTM_SEX_NB","SEX_T","2008",2665,,"T30:105","R1:3513_T2:85"
"USA","BA:453","EAR_EMTM_SEX_NB","SEX_T","2007",2600,,"T30:105","R1:3513_T2:85"
"USA","BA:453","EAR_EMTM_SEX_NB","SEX_T","2006",2499.987,,"T30:105","R1:3513_T2:85"
"USA","BA:453","EAR_EMTM_SEX_NB","SEX_T","2005",2426.667,,"T30:105","R1:3513_T2:85"
"USA","BA:453","EAR_EMTM_SEX_NB","SEX_T","2004",2383.333,,"T30:105","R1:3513_T2:85"
"USA","BA:453","EAR_EMTM_SEX_NB","SEX_T","2003",2301,,"T30:105","R1:3513_T2:85"
"USA","BA:453","EAR_EMTM_SEX_NB","SEX_T","2002",2253.333,,"T30:105","R1:3513_T2:85"
"USA","BA:453","EAR_EMTM_SEX_NB","SEX_T","2001",2166.667,,"T30:105","R1:3513_T2:85"
"USA","BA:453","EAR_EMTM_SEX_NB","SEX_T","2000",2110.333,,"T30:105","R1:3513_T2:85"
"VEN","BA:382","EAR_EMTM_SEX_NB","SEX_T","2017",250000,,"T30:107","R1:3513"
"VEN","BA:382","EAR_EMTM_SEX_NB","SEX_T","2016",18000,,"T30:107","R1:3513"
"VEN","BA:382","EAR_EMTM_SEX_NB","SEX_T","2012",2500,,"T30:107","R1:3513"
"VEN","BA:382","EAR_EMTM_SEX_NB","SEX_T","2011",2000,,"T30:107","R1:3513"
"VEN","BA:382","EAR_EMTM_SEX_NB","SEX_T","2010",1600,,"T30:107","R1:3513"
"VEN","BA:382","EAR_EMTM_SEX_NB","SEX_T","2009",1200,,"T30:107","R1:3513"
"VEN","BA:382","EAR_EMTM_SEX_NB","SEX_T","2008",1000,,"T30:107","R1:3513"
"VEN","BA:382","EAR_EMTM_SEX_NB","SEX_T","2007",720000,,"T30:358","R1:3513"
"VEN","BA:382","EAR_EMTM_SEX_NB","SEX_T","2006",520000,,"T30:358","R1:3513"
"VEN","BA:382","EAR_EMTM_SEX_NB","SEX_T","2005",405000,"B","T30:358_I11:264","R1:3513"
"VNM","BA:1788","EAR_EMTM_SEX_NB","SEX_T","2024",8000000,,"T30:156","R1:3513"
"VNM","BA:1788","EAR_EMTM_SEX_NB","SEX_T","2023",7300000,,"T30:156","R1:3513"
"VNM","BA:1788","EAR_EMTM_SEX_NB","SEX_T","2022",7000000,,"T30:156","R1:3513"
"VNM","BA:1788","EAR_EMTM_SEX_NB","SEX_T","2021",6300000,,"T30:156","R1:3513"
"VNM","BA:1788","EAR_EMTM_SEX_NB","SEX_T","2020",6300000,,"T30:156","R1:3513"
"VNM","BA:1788","EAR_EMTM_SEX_NB","SEX_T","2019",6000000,,"I20:4077_T30:156","R1:3513"
"VNM","BA:1788","EAR_EMTM_SEX_NB","SEX_T","2018",5200000,,"T30:156","R1:3513"
"VNM","BA:1788","EAR_EMTM_SEX_NB","SEX_T","2017",5000000,,"T30:156","R1:3513"
"VNM","BA:1788","EAR_EMTM_SEX_NB","SEX_T","2016",4750000,,"T30:156","R1:3513"
"VNM","BA:1788","EAR_EMTM_SEX_NB","SEX_T","2015",4500000,,"T30:156","R1:3513"
"VNM","BA:1788","EAR_EMTM_SEX_NB","SEX_T","2014",4000000,,"T30:156","R1:3513"
"VNM","BA:1788","EAR_EMTM_SEX_NB","SEX_T","2013",3600000,,"T30:156","R1:3513"
"VNM","BA:1788","EAR_EMTM_SEX_NB","SEX_T","2012",3250000,,"T30:156","R1:3513"
"VNM","BA:1788","EAR_EMTM_SEX_NB","SEX_T","2011",2700000,,"T30:156","R1:3513"
"VNM","BA:1788","EAR_EMTM_SEX_NB","SEX_T","2010",2100000,,"T30:156","R1:3513"
"VNM","BA:1788","EAR_EMTM_SEX_NB","SEX_T","2009",1948500,,"T30:156","R1:3513"
"VNM","BA:1788","EAR_EMTM_SEX_NB","SEX_T","2007",1200000,"B","T30:156_I11:264","R1:3513"
"VUT","BB:15632","EAR_EMTM_SEX_NB","SEX_T","2010",29000,,"T30:233","R1:3513"
"WLF","BB:16123","EAR_EMTM_SEX_NB","SEX_T","2019",180000,,"T30:216","R1:3513"
"WSM","BA:1794","EAR_EMTM_SEX_NB","SEX_T","2022",1125.8,"B","T30:228_I11:264","R1:3513"
"WSM","BB:7015","EAR_EMTM_SEX_NB","SEX_T","2018",211.504,,"T30:228","R1:3513"
"WSM","BA:1794","EAR_EMTM_SEX_NB","SEX_T","2017",1000,"B","T30:228_I11:264","R1:3513"
"WSM","BA:1794","EAR_EMTM_SEX_NB","SEX_T","2012",825.595,"B","T30:228_I11:264","R1:3513"
"YEM","BA:13360","EAR_EMTM_SEX_NB","SEX_T","2014",41000,"B","T30:158_I11:264","R1:3513"
"ZAF","BB:16198","EAR_EMTM_SEX_NB","SEX_T","2020",4200,,"T30:46","R1:3513"
"ZAF","BB:16198","EAR_EMTM_SEX_NB","SEX_T","2017",3965.446,,"T30:46","R1:3513"
"ZAF","BA:595","EAR_EMTM_SEX_NB","SEX_T","2015",3100,,"T30:46","R1:3513"
"ZAF","BA:595","EAR_EMTM_SEX_NB","SEX_T","2014",3100,,"T30:46","R1:3513"
"ZAF","BA:595","EAR_EMTM_SEX_NB","SEX_T","2013",3100,,"T30:46","R1:3513"
"ZAF","BA:595","EAR_EMTM_SEX_NB","SEX_T","2012",3200,,"T30:46","R1:3513"
"ZAF","BA:595","EAR_EMTM_SEX_NB","SEX_T","2011",3000,,"T30:46","R1:3513"
"ZAF","BA:595","EAR_EMTM_SEX_NB","SEX_T","2010",2950,,"T30:46","R1:3513"
"ZAF","BA:595","EAR_EMTM_SEX_NB","SEX_T","2007",2049.985,,"T30:46","R1:3513"
"ZAF","BA:595","EAR_EMTM_SEX_NB","SEX_T","2006",2000,,"T30:46","R1:3513"
"ZAF","BA:595","EAR_EMTM_SEX_NB","SEX_T","2005",1731.741,,"T30:46","R1:3513"
"ZAF","BA:595","EAR_EMTM_SEX_NB","SEX_T","2004",1549.863,,"T30:46","R1:3513"
"ZAF","BA:595","EAR_EMTM_SEX_NB","SEX_T","2003",1500,,"T30:46","R1:3513"
"ZAF","BA:595","EAR_EMTM_SEX_NB","SEX_T","2002",1500,,"T30:46","R1:3513"
"ZAF","BA:595","EAR_EMTM_SEX_NB","SEX_T","2001",1550.15,,"T30:46","R1:3513"
"ZAF","BA:595","EAR_EMTM_SEX_NB","SEX_T","2000",1370.896,"B","T30:46_I11:264","R1:3513"
"ZMB","BA:2212","EAR_EMTM_SEX_NB","SEX_T","2024",2500,,"T30:379","R1:3513"
"ZMB","BA:2212","EAR_EMTM_SEX_NB","SEX_T","2023",1500,,"T30:379","R1:3513"
"ZMB","BA:2212","EAR_EMTM_SEX_NB","SEX_T","2022",2000,,"T30:379","R1:3513"
"ZMB","BA:2212","EAR_EMTM_SEX_NB","SEX_T","2021",1600,,"T30:379","R1:3513"
"ZMB","BA:2212","EAR_EMTM_SEX_NB","SEX_T","2020",1600,,"T30:379","R1:3513"
"ZMB","BA:2212","EAR_EMTM_SEX_NB","SEX_T","2019",1300,,"T30:379","R1:3513"
"ZMB","BA:2212","EAR_EMTM_SEX_NB","SEX_T","2018",1500,"B","T30:379_I11:264","R1:3513"
"ZMB","BA:2212","EAR_EMTM_SEX_NB","SEX_T","2017",1500,"B","T30:379_I11:264","R1:3513"
"ZWE","BA:1823","EAR_EMTM_SEX_NB","SEX_T","2023",202000,,"T30:58","R1:3513"
"ZWE","BA:1823","EAR_EMTM_SEX_NB","SEX_T","2022",14000,,"T30:58","R1:3513"
"ZWE","BA:1823","EAR_EMTM_SEX_NB","SEX_T","2021",4000,,"T30:58","R1:3513"
"ZWE","BA:1823","EAR_EMTM_SEX_NB","SEX_T","2014",250,,"T30:58","R1:3513"
"ZWE","BA:1823","EAR_EMTM_SEX_NB","SEX_T","2011",150,"B","T30:58_I11:264","R1:3513"
