"ref_area","source","indicator","sex","classif1","time","obs_value","obs_status","note_indicator","note_source"
"AFG","BA:15715","EAR_EMTM_SEX_CUR_NB","SEX_T","CUR_TYPE_LCU","2020",10209.259,"B","T30:110_I11:264","R1:3513"
"AFG","BA:15715","EAR_EMTM_SEX_CUR_NB","SEX_T","CUR_TYPE_PPP","2020",646.68,"B","T30:110_I11:264","R1:3513"
"AFG","BA:15715","EAR_EMTM_SEX_CUR_NB","SEX_T","CUR_TYPE_USD","2020",132.91,"B","T30:110_I11:264","R1:3513"
"AFG","BB:6361","EAR_EMTM_SEX_CUR_NB","SEX_T","CUR_TYPE_LCU","2014",7000,,"T30:110","R1:3513"
"AFG","BB:6361","EAR_EMTM_SEX_CUR_NB","SEX_T","CUR_TYPE_PPP","2014",409.554,,"T30:110","R1:3513"
"AFG","BB:6361","EAR_EMTM_SEX_CUR_NB","SEX_T","CUR_TYPE_USD","2014",122.276,,"T30:110","R1:3513"
"AGO","BA:13951","EAR_EMTM_SEX_CUR_NB","SEX_T","CUR_TYPE_LCU","2024",60000,,"T30:2","R1:3513"
"AGO","BA:13951","EAR_EMTM_SEX_CUR_NB","SEX_T","CUR_TYPE_PPP","2024",192.811,,"T30:2","R1:3513"
"AGO","BA:13951","EAR_EMTM_SEX_CUR_NB","SEX_T","CUR_TYPE_USD","2024",68.978,,"T30:2","R1:3513"
"AGO","BA:13951","EAR_EMTM_SEX_CUR_NB","SEX_T","CUR_TYPE_LCU","2023",75000,,"T30:2","R1:3513"
"AGO","BA:13951","EAR_EMTM_SEX_CUR_NB","SEX_T","CUR_TYPE_PPP","2023",300.222,,"T30:2","R1:3513"
"AGO","BA:13951","EAR_EMTM_SEX_CUR_NB","SEX_T","CUR_TYPE_USD","2023",109.486,,"T30:2","R1:3513"
"AGO","BA:13951","EAR_EMTM_SEX_CUR_NB","SEX_T","CUR_TYPE_LCU","2022",60000,,"T30:2","R1:3513"
"AGO","BA:13951","EAR_EMTM_SEX_CUR_NB","SEX_T","CUR_TYPE_PPP","2022",262.156,,"T30:2","R1:3513"
"AGO","BA:13951","EAR_EMTM_SEX_CUR_NB","SEX_T","CUR_TYPE_USD","2022",130.274,,"T30:2","R1:3513"
"AGO","BA:13951","EAR_EMTM_SEX_CUR_NB","SEX_T","CUR_TYPE_LCU","2021",50000,,"T30:2","R1:3513"
"AGO","BA:13951","EAR_EMTM_SEX_CUR_NB","SEX_T","CUR_TYPE_PPP","2021",245.473,,"T30:2","R1:3513"
"AGO","BA:13951","EAR_EMTM_SEX_CUR_NB","SEX_T","CUR_TYPE_USD","2021",79.184,,"T30:2","R1:3513"
"AGO","BA:13951","EAR_EMTM_SEX_CUR_NB","SEX_T","CUR_TYPE_LCU","2020",50000,,"T30:2","R1:3513"
"AGO","BA:13951","EAR_EMTM_SEX_CUR_NB","SEX_T","CUR_TYPE_PPP","2020",292.149,,"T30:2","R1:3513"
"AGO","BA:13951","EAR_EMTM_SEX_CUR_NB","SEX_T","CUR_TYPE_USD","2020",86.466,,"T30:2","R1:3513"
"AGO","BA:13951","EAR_EMTM_SEX_CUR_NB","SEX_T","CUR_TYPE_LCU","2019",45000,"B","T30:2_I11:264","R1:3513"
"AGO","BA:13951","EAR_EMTM_SEX_CUR_NB","SEX_T","CUR_TYPE_PPP","2019",309.493,"B","T30:2_I11:264","R1:3513"
"AGO","BA:13951","EAR_EMTM_SEX_CUR_NB","SEX_T","CUR_TYPE_USD","2019",123.347,"B","T30:2_I11:264","R1:3513"
"ARG","BA:150","EAR_EMTM_SEX_CUR_NB","SEX_T","CUR_TYPE_LCU","2025",800000,,"T30:61","R1:3513_S4:33"
"ARG","BA:150","EAR_EMTM_SEX_CUR_NB","SEX_T","CUR_TYPE_PPP","2025",1209.76,,"T30:61","R1:3513_S4:33"
"ARG","BA:150","EAR_EMTM_SEX_CUR_NB","SEX_T","CUR_TYPE_USD","2025",644.719,,"T30:61","R1:3513_S4:33"
"ARG","BA:150","EAR_EMTM_SEX_CUR_NB","SEX_T","CUR_TYPE_LCU","2024",450000,,"T30:61","R1:3513_S4:33"
"ARG","BA:150","EAR_EMTM_SEX_CUR_NB","SEX_T","CUR_TYPE_PPP","2024",940.996,,"T30:61","R1:3513_S4:33"
"ARG","BA:150","EAR_EMTM_SEX_CUR_NB","SEX_T","CUR_TYPE_USD","2024",491.967,,"T30:61","R1:3513_S4:33"
"ARG","BA:150","EAR_EMTM_SEX_CUR_NB","SEX_T","CUR_TYPE_LCU","2023",150000,,"T30:61","R1:3513_S4:33"
"ARG","BA:150","EAR_EMTM_SEX_CUR_NB","SEX_T","CUR_TYPE_PPP","2023",974.618,,"T30:61","R1:3513_S4:33"
"ARG","BA:150","EAR_EMTM_SEX_CUR_NB","SEX_T","CUR_TYPE_USD","2023",506.315,,"T30:61","R1:3513_S4:33"
"ARG","BA:150","EAR_EMTM_SEX_CUR_NB","SEX_T","CUR_TYPE_LCU","2022",70000,,"T30:61","R1:3513_S4:33"
"ARG","BA:150","EAR_EMTM_SEX_CUR_NB","SEX_T","CUR_TYPE_PPP","2022",1019.973,,"T30:61","R1:3513_S4:33"
"ARG","BA:150","EAR_EMTM_SEX_CUR_NB","SEX_T","CUR_TYPE_USD","2022",535.92,,"T30:61","R1:3513_S4:33"
"ARG","BA:150","EAR_EMTM_SEX_CUR_NB","SEX_T","CUR_TYPE_LCU","2021",42000,,"T30:61","R1:3513_S4:33"
"ARG","BA:150","EAR_EMTM_SEX_CUR_NB","SEX_T","CUR_TYPE_PPP","2021",977.057,,"T30:61","R1:3513_S4:33"
"ARG","BA:150","EAR_EMTM_SEX_CUR_NB","SEX_T","CUR_TYPE_USD","2021",442.148,,"T30:61","R1:3513_S4:33"
"ARG","BA:150","EAR_EMTM_SEX_CUR_NB","SEX_T","CUR_TYPE_LCU","2020",30000,,"T30:61","R1:3513_S4:33"
"ARG","BA:150","EAR_EMTM_SEX_CUR_NB","SEX_T","CUR_TYPE_PPP","2020",1000.025,,"T30:61","R1:3513_S4:33"
"ARG","BA:150","EAR_EMTM_SEX_CUR_NB","SEX_T","CUR_TYPE_USD","2020",425.296,,"T30:61","R1:3513_S4:33"
"ARG","BA:150","EAR_EMTM_SEX_CUR_NB","SEX_T","CUR_TYPE_LCU","2019",21500,,"T30:61","R1:3513_S4:33"
"ARG","BA:150","EAR_EMTM_SEX_CUR_NB","SEX_T","CUR_TYPE_PPP","2019",970.12,,"T30:61","R1:3513_S4:33"
"ARG","BA:150","EAR_EMTM_SEX_CUR_NB","SEX_T","CUR_TYPE_USD","2019",446.541,,"T30:61","R1:3513_S4:33"
"ARG","BA:150","EAR_EMTM_SEX_CUR_NB","SEX_T","CUR_TYPE_LCU","2018",16000,,"T30:61","R1:3513_S4:33"
"ARG","BA:150","EAR_EMTM_SEX_CUR_NB","SEX_T","CUR_TYPE_PPP","2018",1094.199,,"T30:61","R1:3513_S4:33"
"ARG","BA:150","EAR_EMTM_SEX_CUR_NB","SEX_T","CUR_TYPE_USD","2018",569.496,,"T30:61","R1:3513_S4:33"
"ARG","BA:150","EAR_EMTM_SEX_CUR_NB","SEX_T","CUR_TYPE_LCU","2017",12000,,"T30:61","R1:3513_S4:33"
"ARG","BA:150","EAR_EMTM_SEX_CUR_NB","SEX_T","CUR_TYPE_PPP","2017",1082.825,,"T30:61","R1:3513_S4:33"
"ARG","BA:150","EAR_EMTM_SEX_CUR_NB","SEX_T","CUR_TYPE_USD","2017",724.519,,"T30:61","R1:3513_S4:33"
"ARG","BA:150","EAR_EMTM_SEX_CUR_NB","SEX_T","CUR_TYPE_LCU","2014",5600,,"T30:61_I13:3888","R1:3513_S4:33"
"ARG","BA:150","EAR_EMTM_SEX_CUR_NB","SEX_T","CUR_TYPE_PPP","2014",869.559,,"T30:61_I13:3888","R1:3513_S4:33"
"ARG","BA:150","EAR_EMTM_SEX_CUR_NB","SEX_T","CUR_TYPE_USD","2014",693.475,,"T30:61_I13:3888","R1:3513_S4:33"
"ARG","BA:150","EAR_EMTM_SEX_CUR_NB","SEX_T","CUR_TYPE_LCU","2013",4200,,"T30:61_I13:3888","R1:3513_S4:33"
"ARG","BA:150","EAR_EMTM_SEX_CUR_NB","SEX_T","CUR_TYPE_PPP","2013",912.976,,"T30:61_I13:3888","R1:3513_S4:33"
"ARG","BA:150","EAR_EMTM_SEX_CUR_NB","SEX_T","CUR_TYPE_USD","2013",769.322,,"T30:61_I13:3888","R1:3513_S4:33"
"ARG","BA:150","EAR_EMTM_SEX_CUR_NB","SEX_T","CUR_TYPE_LCU","2012",3400,,"T30:61_I13:3888","R1:3513_S4:33"
"ARG","BA:150","EAR_EMTM_SEX_CUR_NB","SEX_T","CUR_TYPE_PPP","2012",924.04,,"T30:61_I13:3888","R1:3513_S4:33"
"ARG","BA:150","EAR_EMTM_SEX_CUR_NB","SEX_T","CUR_TYPE_USD","2012",749.405,,"T30:61_I13:3888","R1:3513_S4:33"
"ARG","BA:150","EAR_EMTM_SEX_CUR_NB","SEX_T","CUR_TYPE_LCU","2011",2600,,"T30:61_I13:3888","R1:3513_S4:33"
"ARG","BA:150","EAR_EMTM_SEX_CUR_NB","SEX_T","CUR_TYPE_PPP","2011",822.482,,"T30:61_I13:3888","R1:3513_S4:33"
"ARG","BA:150","EAR_EMTM_SEX_CUR_NB","SEX_T","CUR_TYPE_USD","2011",632.582,,"T30:61_I13:3888","R1:3513_S4:33"
"ARG","BA:150","EAR_EMTM_SEX_CUR_NB","SEX_T","CUR_TYPE_LCU","2010",2000,,"T30:61_I13:3888","R1:3513_S4:33"
"ARG","BA:150","EAR_EMTM_SEX_CUR_NB","SEX_T","CUR_TYPE_USD","2010",513.308,,"T30:61_I13:3888","R1:3513_S4:33"
"ARG","BA:150","EAR_EMTM_SEX_CUR_NB","SEX_T","CUR_TYPE_LCU","2009",1600,,"T30:61_I13:3888","R1:3513_S4:33"
"ARG","BA:150","EAR_EMTM_SEX_CUR_NB","SEX_T","CUR_TYPE_USD","2009",431.254,,"T30:61_I13:3888","R1:3513_S4:33"
"ARG","BA:150","EAR_EMTM_SEX_CUR_NB","SEX_T","CUR_TYPE_LCU","2008",1370,,"T30:61_I13:3888","R1:3513_S4:33"
"ARG","BA:150","EAR_EMTM_SEX_CUR_NB","SEX_T","CUR_TYPE_USD","2008",435.728,,"T30:61_I13:3888","R1:3513_S4:33"
"ARG","BA:150","EAR_EMTM_SEX_CUR_NB","SEX_T","CUR_TYPE_LCU","2006",800,,"T30:61","R1:3513_S4:33"
"ARG","BA:150","EAR_EMTM_SEX_CUR_NB","SEX_T","CUR_TYPE_USD","2006",261.925,,"T30:61","R1:3513_S4:33"
"ARG","BA:150","EAR_EMTM_SEX_CUR_NB","SEX_T","CUR_TYPE_LCU","2005",630,,"T30:61","R1:3513_S4:33"
"ARG","BA:150","EAR_EMTM_SEX_CUR_NB","SEX_T","CUR_TYPE_USD","2005",216.968,,"T30:61","R1:3513_S4:33"
"ARG","BA:150","EAR_EMTM_SEX_CUR_NB","SEX_T","CUR_TYPE_LCU","2004",500,"B","T30:61_I11:264","R1:3513_S4:33"
"ARG","BA:150","EAR_EMTM_SEX_CUR_NB","SEX_T","CUR_TYPE_USD","2004",171.04,"B","T30:61_I11:264","R1:3513_S4:33"
"ARM","BB:173","EAR_EMTM_SEX_CUR_NB","SEX_T","CUR_TYPE_LCU","2023",140000,,"T30:111","R1:3513_T3:240"
"ARM","BB:173","EAR_EMTM_SEX_CUR_NB","SEX_T","CUR_TYPE_PPP","2023",865.224,,"T30:111","R1:3513_T3:240"
"ARM","BB:173","EAR_EMTM_SEX_CUR_NB","SEX_T","CUR_TYPE_USD","2023",356.709,,"T30:111","R1:3513_T3:240"
"ARM","BB:173","EAR_EMTM_SEX_CUR_NB","SEX_T","CUR_TYPE_LCU","2022",120000,,"T30:111","R1:3513_T3:240"
"ARM","BB:173","EAR_EMTM_SEX_CUR_NB","SEX_T","CUR_TYPE_PPP","2022",726.406,,"T30:111","R1:3513_T3:240"
"ARM","BB:173","EAR_EMTM_SEX_CUR_NB","SEX_T","CUR_TYPE_USD","2022",275.44,,"T30:111","R1:3513_T3:240"
"ARM","BB:173","EAR_EMTM_SEX_CUR_NB","SEX_T","CUR_TYPE_LCU","2021",120000,,"T30:111","R1:3513_T3:240"
"ARM","BB:173","EAR_EMTM_SEX_CUR_NB","SEX_T","CUR_TYPE_PPP","2021",730.698,,"T30:111","R1:3513_T3:240"
"ARM","BB:173","EAR_EMTM_SEX_CUR_NB","SEX_T","CUR_TYPE_USD","2021",238.204,,"T30:111","R1:3513_T3:240"
"ARM","BB:173","EAR_EMTM_SEX_CUR_NB","SEX_T","CUR_TYPE_LCU","2020",105000,,"T30:111","R1:3513_T3:240"
"ARM","BB:173","EAR_EMTM_SEX_CUR_NB","SEX_T","CUR_TYPE_PPP","2020",662.972,,"T30:111","R1:3513_T3:240"
"ARM","BB:173","EAR_EMTM_SEX_CUR_NB","SEX_T","CUR_TYPE_USD","2020",214.72,,"T30:111","R1:3513_T3:240"
"ARM","BB:173","EAR_EMTM_SEX_CUR_NB","SEX_T","CUR_TYPE_LCU","2019",100000,,"T30:111","R1:3513_T3:240"
"ARM","BB:173","EAR_EMTM_SEX_CUR_NB","SEX_T","CUR_TYPE_PPP","2019",615.074,,"T30:111","R1:3513_T3:240"
"ARM","BB:173","EAR_EMTM_SEX_CUR_NB","SEX_T","CUR_TYPE_USD","2019",208.14,,"T30:111","R1:3513_T3:240"
"ARM","BA:867","EAR_EMTM_SEX_CUR_NB","SEX_T","CUR_TYPE_LCU","2017",82500.5,,"T30:111","R1:3513_T3:240"
"ARM","BA:867","EAR_EMTM_SEX_CUR_NB","SEX_T","CUR_TYPE_PPP","2017",495.561,,"T30:111","R1:3513_T3:240"
"ARM","BA:867","EAR_EMTM_SEX_CUR_NB","SEX_T","CUR_TYPE_USD","2017",170.909,,"T30:111","R1:3513_T3:240"
"ARM","BA:867","EAR_EMTM_SEX_CUR_NB","SEX_T","CUR_TYPE_LCU","2016",82500.5,,"T30:111","R1:3513_T3:240"
"ARM","BA:867","EAR_EMTM_SEX_CUR_NB","SEX_T","CUR_TYPE_PPP","2016",476.8,,"T30:111","R1:3513_T3:240"
"ARM","BA:867","EAR_EMTM_SEX_CUR_NB","SEX_T","CUR_TYPE_USD","2016",171.701,,"T30:111","R1:3513_T3:240"
"ARM","BA:867","EAR_EMTM_SEX_CUR_NB","SEX_T","CUR_TYPE_LCU","2015",80000,,"T30:111","R1:3513_T3:240"
"ARM","BA:867","EAR_EMTM_SEX_CUR_NB","SEX_T","CUR_TYPE_PPP","2015",431.943,,"T30:111","R1:3513_T3:240"
"ARM","BA:867","EAR_EMTM_SEX_CUR_NB","SEX_T","CUR_TYPE_USD","2015",167.393,,"T30:111","R1:3513_T3:240"
"ARM","BA:867","EAR_EMTM_SEX_CUR_NB","SEX_T","CUR_TYPE_LCU","2014",80000,"B","T30:111_I11:264","R1:3513_T3:240"
"ARM","BA:867","EAR_EMTM_SEX_CUR_NB","SEX_T","CUR_TYPE_PPP","2014",435.726,"B","T30:111_I11:264","R1:3513_T3:240"
"ARM","BA:867","EAR_EMTM_SEX_CUR_NB","SEX_T","CUR_TYPE_USD","2014",192.345,"B","T30:111_I11:264","R1:3513_T3:240"
"ARM","BB:173","EAR_EMTM_SEX_CUR_NB","SEX_T","CUR_TYPE_LCU","2013",80000,,"T30:111","R1:3513_T3:240"
"ARM","BB:173","EAR_EMTM_SEX_CUR_NB","SEX_T","CUR_TYPE_PPP","2013",447.581,,"T30:111","R1:3513_T3:240"
"ARM","BB:173","EAR_EMTM_SEX_CUR_NB","SEX_T","CUR_TYPE_USD","2013",195.3,,"T30:111","R1:3513_T3:240"
"ARM","BB:173","EAR_EMTM_SEX_CUR_NB","SEX_T","CUR_TYPE_LCU","2012",75000,,"T30:111","R1:3513_T3:240"
"ARM","BB:173","EAR_EMTM_SEX_CUR_NB","SEX_T","CUR_TYPE_PPP","2012",474.454,,"T30:111","R1:3513_T3:240"
"ARM","BB:173","EAR_EMTM_SEX_CUR_NB","SEX_T","CUR_TYPE_USD","2012",186.677,,"T30:111","R1:3513_T3:240"
"ARM","BB:173","EAR_EMTM_SEX_CUR_NB","SEX_T","CUR_TYPE_LCU","2011",70000,,"T30:111","R1:3513_T3:240"
"ARM","BB:173","EAR_EMTM_SEX_CUR_NB","SEX_T","CUR_TYPE_PPP","2011",422.631,,"T30:111","R1:3513_T3:240"
"ARM","BB:173","EAR_EMTM_SEX_CUR_NB","SEX_T","CUR_TYPE_USD","2011",187.919,,"T30:111","R1:3513_T3:240"
"ARM","BB:173","EAR_EMTM_SEX_CUR_NB","SEX_T","CUR_TYPE_LCU","2010",70000,,"T30:111","R1:3513_T3:240"
"ARM","BB:173","EAR_EMTM_SEX_CUR_NB","SEX_T","CUR_TYPE_PPP","2010",441.04,,"T30:111","R1:3513_T3:240"
"ARM","BB:173","EAR_EMTM_SEX_CUR_NB","SEX_T","CUR_TYPE_USD","2010",187.336,,"T30:111","R1:3513_T3:240"
"ARM","BB:173","EAR_EMTM_SEX_CUR_NB","SEX_T","CUR_TYPE_LCU","2007",50000,"B","T30:111_I11:264","R1:3513_T3:240"
"ARM","BB:173","EAR_EMTM_SEX_CUR_NB","SEX_T","CUR_TYPE_PPP","2007",365.072,"B","T30:111_I11:264","R1:3513_T3:240"
"ARM","BB:173","EAR_EMTM_SEX_CUR_NB","SEX_T","CUR_TYPE_USD","2007",146.165,"B","T30:111_I11:264","R1:3513_T3:240"
"ATG","BA:16714","EAR_EMTM_SEX_CUR_NB","SEX_T","CUR_TYPE_LCU","2023",2500,,"T30:60","R1:3513"
"ATG","BA:16714","EAR_EMTM_SEX_CUR_NB","SEX_T","CUR_TYPE_PPP","2023",1161.553,,"T30:60","R1:3513"
"ATG","BA:16714","EAR_EMTM_SEX_CUR_NB","SEX_T","CUR_TYPE_USD","2023",925.926,,"T30:60","R1:3513"
"ATG","BA:16714","EAR_EMTM_SEX_CUR_NB","SEX_T","CUR_TYPE_LCU","2018",2200,,"T30:60","R1:3513"
"ATG","BA:16714","EAR_EMTM_SEX_CUR_NB","SEX_T","CUR_TYPE_PPP","2018",928.678,,"T30:60","R1:3513"
"ATG","BA:16714","EAR_EMTM_SEX_CUR_NB","SEX_T","CUR_TYPE_USD","2018",814.815,,"T30:60","R1:3513"
"AUS","BB:15747","EAR_EMTM_SEX_CUR_NB","SEX_T","CUR_TYPE_LCU","2021",5000,,"T30:212","R1:3513"
"AUS","BB:15747","EAR_EMTM_SEX_CUR_NB","SEX_T","CUR_TYPE_PPP","2021",3323.834,,"T30:212","R1:3513"
"AUS","BB:15747","EAR_EMTM_SEX_CUR_NB","SEX_T","CUR_TYPE_USD","2021",3755.941,,"T30:212","R1:3513"
"AUS","BB:15747","EAR_EMTM_SEX_CUR_NB","SEX_T","CUR_TYPE_LCU","2020",4800,,"T30:212","R1:3513"
"AUS","BB:15747","EAR_EMTM_SEX_CUR_NB","SEX_T","CUR_TYPE_PPP","2020",3107.631,,"T30:212","R1:3513"
"AUS","BB:15747","EAR_EMTM_SEX_CUR_NB","SEX_T","CUR_TYPE_USD","2020",3303.316,,"T30:212","R1:3513"
"AUS","BB:15747","EAR_EMTM_SEX_CUR_NB","SEX_T","CUR_TYPE_LCU","2019",4600,,"T30:212","R1:3513"
"AUS","BB:15747","EAR_EMTM_SEX_CUR_NB","SEX_T","CUR_TYPE_PPP","2019",2938.828,,"T30:212","R1:3513"
"AUS","BB:15747","EAR_EMTM_SEX_CUR_NB","SEX_T","CUR_TYPE_USD","2019",3197.761,,"T30:212","R1:3513"
"AUS","BB:15747","EAR_EMTM_SEX_CUR_NB","SEX_T","CUR_TYPE_LCU","2018",4410.149,,"T30:212","R1:3513"
"AUS","BB:15747","EAR_EMTM_SEX_CUR_NB","SEX_T","CUR_TYPE_PPP","2018",2828.18,,"T30:212","R1:3513"
"AUS","BB:15747","EAR_EMTM_SEX_CUR_NB","SEX_T","CUR_TYPE_USD","2018",3295.06,,"T30:212","R1:3513"
"AUS","BB:15747","EAR_EMTM_SEX_CUR_NB","SEX_T","CUR_TYPE_LCU","2017",4400,,"T30:212","R1:3513"
"AUS","BB:15747","EAR_EMTM_SEX_CUR_NB","SEX_T","CUR_TYPE_PPP","2017",2815.315,,"T30:212","R1:3513"
"AUS","BB:15747","EAR_EMTM_SEX_CUR_NB","SEX_T","CUR_TYPE_USD","2017",3372.273,,"T30:212","R1:3513"
"AUS","BB:15747","EAR_EMTM_SEX_CUR_NB","SEX_T","CUR_TYPE_LCU","2016",4228,,"T30:212","R1:3513"
"AUS","BB:15747","EAR_EMTM_SEX_CUR_NB","SEX_T","CUR_TYPE_PPP","2016",2757.458,,"T30:212","R1:3513"
"AUS","BB:15747","EAR_EMTM_SEX_CUR_NB","SEX_T","CUR_TYPE_USD","2016",3142.994,,"T30:212","R1:3513"
"AUS","BB:15747","EAR_EMTM_SEX_CUR_NB","SEX_T","CUR_TYPE_LCU","2015",4000,,"T30:212","R1:3513"
"AUS","BB:15747","EAR_EMTM_SEX_CUR_NB","SEX_T","CUR_TYPE_PPP","2015",2588.226,,"T30:212","R1:3513"
"AUS","BB:15747","EAR_EMTM_SEX_CUR_NB","SEX_T","CUR_TYPE_USD","2015",3005.055,,"T30:212","R1:3513"
"AUS","BB:15747","EAR_EMTM_SEX_CUR_NB","SEX_T","CUR_TYPE_LCU","2014",4000,,"T30:212","R1:3513"
"AUS","BB:15747","EAR_EMTM_SEX_CUR_NB","SEX_T","CUR_TYPE_PPP","2014",2614.01,,"T30:212","R1:3513"
"AUS","BB:15747","EAR_EMTM_SEX_CUR_NB","SEX_T","CUR_TYPE_USD","2014",3605.672,,"T30:212","R1:3513"
"AUS","BB:15747","EAR_EMTM_SEX_CUR_NB","SEX_T","CUR_TYPE_LCU","2013",3976,,"T30:212","R1:3513"
"AUS","BB:15747","EAR_EMTM_SEX_CUR_NB","SEX_T","CUR_TYPE_PPP","2013",2618.972,,"T30:212","R1:3513"
"AUS","BB:15747","EAR_EMTM_SEX_CUR_NB","SEX_T","CUR_TYPE_USD","2013",3838.419,,"T30:212","R1:3513"
"AUS","BB:15747","EAR_EMTM_SEX_CUR_NB","SEX_T","CUR_TYPE_LCU","2012",3960.76,,"T30:212","R1:3513"
"AUS","BB:15747","EAR_EMTM_SEX_CUR_NB","SEX_T","CUR_TYPE_PPP","2012",2561.606,,"T30:212","R1:3513"
"AUS","BB:15747","EAR_EMTM_SEX_CUR_NB","SEX_T","CUR_TYPE_USD","2012",4101.01,,"T30:212","R1:3513"
"AUS","BB:15747","EAR_EMTM_SEX_CUR_NB","SEX_T","CUR_TYPE_LCU","2011",3744.197,,"T30:212","R1:3513"
"AUS","BB:15747","EAR_EMTM_SEX_CUR_NB","SEX_T","CUR_TYPE_PPP","2011",2452.572,,"T30:212","R1:3513"
"AUS","BB:15747","EAR_EMTM_SEX_CUR_NB","SEX_T","CUR_TYPE_USD","2011",3862.134,,"T30:212","R1:3513"
"AUS","BB:15747","EAR_EMTM_SEX_CUR_NB","SEX_T","CUR_TYPE_LCU","2010",3699.716,,"T30:212","R1:3513"
"AUS","BB:15747","EAR_EMTM_SEX_CUR_NB","SEX_T","CUR_TYPE_PPP","2010",2379.383,,"T30:212","R1:3513"
"AUS","BB:15747","EAR_EMTM_SEX_CUR_NB","SEX_T","CUR_TYPE_USD","2010",3393.738,,"T30:212","R1:3513"
"AUS","BB:15747","EAR_EMTM_SEX_CUR_NB","SEX_T","CUR_TYPE_LCU","2009",3600,,"T30:212","R1:3513"
"AUS","BB:15747","EAR_EMTM_SEX_CUR_NB","SEX_T","CUR_TYPE_PPP","2009",2322.984,,"T30:212","R1:3513"
"AUS","BB:15747","EAR_EMTM_SEX_CUR_NB","SEX_T","CUR_TYPE_USD","2009",2807.699,,"T30:212","R1:3513"
"AUS","BB:15747","EAR_EMTM_SEX_CUR_NB","SEX_T","CUR_TYPE_LCU","2008",3416.667,,"T30:212","R1:3513"
"AUS","BB:15747","EAR_EMTM_SEX_CUR_NB","SEX_T","CUR_TYPE_PPP","2008",2232.131,,"T30:212","R1:3513"
"AUS","BB:15747","EAR_EMTM_SEX_CUR_NB","SEX_T","CUR_TYPE_USD","2008",2865.902,,"T30:212","R1:3513"
"AUS","BB:15747","EAR_EMTM_SEX_CUR_NB","SEX_T","CUR_TYPE_LCU","2007",3200,,"T30:212","R1:3513"
"AUS","BB:15747","EAR_EMTM_SEX_CUR_NB","SEX_T","CUR_TYPE_PPP","2007",2127.747,,"T30:212","R1:3513"
"AUS","BB:15747","EAR_EMTM_SEX_CUR_NB","SEX_T","CUR_TYPE_USD","2007",2677.662,,"T30:212","R1:3513"
"AUS","BB:15747","EAR_EMTM_SEX_CUR_NB","SEX_T","CUR_TYPE_LCU","2006",3040,,"T30:212","R1:3513"
"AUS","BB:15747","EAR_EMTM_SEX_CUR_NB","SEX_T","CUR_TYPE_PPP","2006",2032.533,,"T30:212","R1:3513"
"AUS","BB:15747","EAR_EMTM_SEX_CUR_NB","SEX_T","CUR_TYPE_USD","2006",2289.202,,"T30:212","R1:3513"
"AUS","BB:15747","EAR_EMTM_SEX_CUR_NB","SEX_T","CUR_TYPE_LCU","2005",2881.2,,"T30:212","R1:3513"
"AUS","BB:15747","EAR_EMTM_SEX_CUR_NB","SEX_T","CUR_TYPE_PPP","2005",1967.845,,"T30:212","R1:3513"
"AUS","BB:15747","EAR_EMTM_SEX_CUR_NB","SEX_T","CUR_TYPE_USD","2005",2200.274,,"T30:212","R1:3513"
"AUS","BB:15747","EAR_EMTM_SEX_CUR_NB","SEX_T","CUR_TYPE_LCU","2004",2740,,"T30:212","R1:3513"
"AUS","BB:15747","EAR_EMTM_SEX_CUR_NB","SEX_T","CUR_TYPE_PPP","2004",1901.728,,"T30:212","R1:3513"
"AUS","BB:15747","EAR_EMTM_SEX_CUR_NB","SEX_T","CUR_TYPE_USD","2004",2015.073,,"T30:212","R1:3513"
"AUS","BB:15747","EAR_EMTM_SEX_CUR_NB","SEX_T","CUR_TYPE_LCU","2003",2600,,"T30:212","R1:3513"
"AUS","BB:15747","EAR_EMTM_SEX_CUR_NB","SEX_T","CUR_TYPE_PPP","2003",1786.384,,"T30:212","R1:3513"
"AUS","BB:15747","EAR_EMTM_SEX_CUR_NB","SEX_T","CUR_TYPE_USD","2003",1686.216,,"T30:212","R1:3513"
"AUS","BB:15747","EAR_EMTM_SEX_CUR_NB","SEX_T","CUR_TYPE_LCU","2002",2560,,"T30:212","R1:3513"
"AUS","BB:15747","EAR_EMTM_SEX_CUR_NB","SEX_T","CUR_TYPE_PPP","2002",1798.447,,"T30:212","R1:3513"
"AUS","BB:15747","EAR_EMTM_SEX_CUR_NB","SEX_T","CUR_TYPE_USD","2002",1390.879,,"T30:212","R1:3513"
"AUS","BB:15747","EAR_EMTM_SEX_CUR_NB","SEX_T","CUR_TYPE_LCU","2001",2500,,"T30:212","R1:3513"
"AUS","BB:15747","EAR_EMTM_SEX_CUR_NB","SEX_T","CUR_TYPE_PPP","2001",1779.77,,"T30:212","R1:3513"
"AUS","BB:15747","EAR_EMTM_SEX_CUR_NB","SEX_T","CUR_TYPE_USD","2001",1293.03,,"T30:212","R1:3513"
"AUT","BB:275","EAR_EMTM_SEX_CUR_NB","SEX_T","CUR_TYPE_LCU","2025",4835.428,,"T30:161","R1:3513_T2:85"
"AUT","BB:275","EAR_EMTM_SEX_CUR_NB","SEX_T","CUR_TYPE_PPP","2025",6444.213,,"T30:161","R1:3513_T2:85"
"AUT","BB:275","EAR_EMTM_SEX_CUR_NB","SEX_T","CUR_TYPE_USD","2025",5464.034,,"T30:161","R1:3513_T2:85"
"AUT","BB:275","EAR_EMTM_SEX_CUR_NB","SEX_T","CUR_TYPE_LCU","2024",4366.127,,"T30:161","R1:3513_T2:85"
"AUT","BB:275","EAR_EMTM_SEX_CUR_NB","SEX_T","CUR_TYPE_PPP","2024",6059.967,,"T30:161","R1:3513_T2:85"
"AUT","BB:275","EAR_EMTM_SEX_CUR_NB","SEX_T","CUR_TYPE_USD","2024",4725.896,,"T30:161","R1:3513_T2:85"
"AUT","BB:275","EAR_EMTM_SEX_CUR_NB","SEX_T","CUR_TYPE_LCU","2023",3949.524,,"T30:161","R1:3513_T2:85"
"AUT","BB:275","EAR_EMTM_SEX_CUR_NB","SEX_T","CUR_TYPE_PPP","2023",5498.907,,"T30:161","R1:3513_T2:85"
"AUT","BB:275","EAR_EMTM_SEX_CUR_NB","SEX_T","CUR_TYPE_USD","2023",4270.62,,"T30:161","R1:3513_T2:85"
"AUT","BB:275","EAR_EMTM_SEX_CUR_NB","SEX_T","CUR_TYPE_LCU","2022",3750.542,,"T30:161","R1:3513_T2:85"
"AUT","BB:275","EAR_EMTM_SEX_CUR_NB","SEX_T","CUR_TYPE_PPP","2022",5238.268,,"T30:161","R1:3513_T2:85"
"AUT","BB:275","EAR_EMTM_SEX_CUR_NB","SEX_T","CUR_TYPE_USD","2022",3949.321,,"T30:161","R1:3513_T2:85"
"AUT","BB:275","EAR_EMTM_SEX_CUR_NB","SEX_T","CUR_TYPE_LCU","2021",3795.253,,"T30:161","R1:3513_T2:85"
"AUT","BB:275","EAR_EMTM_SEX_CUR_NB","SEX_T","CUR_TYPE_PPP","2021",5048.785,,"T30:161","R1:3513_T2:85"
"AUT","BB:275","EAR_EMTM_SEX_CUR_NB","SEX_T","CUR_TYPE_USD","2021",4488.645,,"T30:161","R1:3513_T2:85"
"AUT","BB:275","EAR_EMTM_SEX_CUR_NB","SEX_T","CUR_TYPE_LCU","2020",3655.832,,"T30:161","R1:3513_T2:85"
"AUT","BB:275","EAR_EMTM_SEX_CUR_NB","SEX_T","CUR_TYPE_PPP","2020",4662.195,,"T30:161","R1:3513_T2:85"
"AUT","BB:275","EAR_EMTM_SEX_CUR_NB","SEX_T","CUR_TYPE_USD","2020",4175.691,,"T30:161","R1:3513_T2:85"
"AUT","BB:275","EAR_EMTM_SEX_CUR_NB","SEX_T","CUR_TYPE_LCU","2019",3453.779,,"T30:161","R1:3513_T2:85"
"AUT","BB:275","EAR_EMTM_SEX_CUR_NB","SEX_T","CUR_TYPE_PPP","2019",4285.565,,"T30:161","R1:3513_T2:85"
"AUT","BB:275","EAR_EMTM_SEX_CUR_NB","SEX_T","CUR_TYPE_USD","2019",3866.506,,"T30:161","R1:3513_T2:85"
"AUT","BB:275","EAR_EMTM_SEX_CUR_NB","SEX_T","CUR_TYPE_LCU","2018",3336.079,,"T30:161","R1:3513_T2:85"
"AUT","BB:275","EAR_EMTM_SEX_CUR_NB","SEX_T","CUR_TYPE_PPP","2018",4030.941,,"T30:161","R1:3513_T2:85"
"AUT","BB:275","EAR_EMTM_SEX_CUR_NB","SEX_T","CUR_TYPE_USD","2018",3939.91,,"T30:161","R1:3513_T2:85"
"AUT","BB:275","EAR_EMTM_SEX_CUR_NB","SEX_T","CUR_TYPE_LCU","2017",3268.697,,"T30:161","R1:3513_T2:85"
"AUT","BB:275","EAR_EMTM_SEX_CUR_NB","SEX_T","CUR_TYPE_PPP","2017",3903.01,,"T30:161","R1:3513_T2:85"
"AUT","BB:275","EAR_EMTM_SEX_CUR_NB","SEX_T","CUR_TYPE_USD","2017",3692.647,,"T30:161","R1:3513_T2:85"
"AUT","BB:275","EAR_EMTM_SEX_CUR_NB","SEX_T","CUR_TYPE_LCU","2016",3291.232,,"T30:161","R1:3513_T2:85"
"AUT","BB:275","EAR_EMTM_SEX_CUR_NB","SEX_T","CUR_TYPE_PPP","2016",3955.555,,"T30:161","R1:3513_T2:85"
"AUT","BB:275","EAR_EMTM_SEX_CUR_NB","SEX_T","CUR_TYPE_USD","2016",3643.064,,"T30:161","R1:3513_T2:85"
"AUT","BB:275","EAR_EMTM_SEX_CUR_NB","SEX_T","CUR_TYPE_LCU","2015",3208.384,,"T30:161","R1:3513_T2:85"
"AUT","BB:275","EAR_EMTM_SEX_CUR_NB","SEX_T","CUR_TYPE_PPP","2015",3772.524,,"T30:161","R1:3513_T2:85"
"AUT","BB:275","EAR_EMTM_SEX_CUR_NB","SEX_T","CUR_TYPE_USD","2015",3559.702,,"T30:161","R1:3513_T2:85"
"AUT","BB:275","EAR_EMTM_SEX_CUR_NB","SEX_T","CUR_TYPE_LCU","2014",3199.005,,"T30:161","R1:3513_T2:85"
"AUT","BB:275","EAR_EMTM_SEX_CUR_NB","SEX_T","CUR_TYPE_PPP","2014",3783.141,,"T30:161","R1:3513_T2:85"
"AUT","BB:275","EAR_EMTM_SEX_CUR_NB","SEX_T","CUR_TYPE_USD","2014",4249.878,,"T30:161","R1:3513_T2:85"
"AUT","BB:275","EAR_EMTM_SEX_CUR_NB","SEX_T","CUR_TYPE_LCU","2013",3141.558,,"T30:161","R1:3513_T2:85"
"AUT","BB:275","EAR_EMTM_SEX_CUR_NB","SEX_T","CUR_TYPE_PPP","2013",3716.03,,"T30:161","R1:3513_T2:85"
"AUT","BB:275","EAR_EMTM_SEX_CUR_NB","SEX_T","CUR_TYPE_USD","2013",4172.303,,"T30:161","R1:3513_T2:85"
"AUT","BB:275","EAR_EMTM_SEX_CUR_NB","SEX_T","CUR_TYPE_LCU","2012",3026.466,,"T30:161","R1:3513_T2:85"
"AUT","BB:275","EAR_EMTM_SEX_CUR_NB","SEX_T","CUR_TYPE_PPP","2012",3536.463,,"T30:161","R1:3513_T2:85"
"AUT","BB:275","EAR_EMTM_SEX_CUR_NB","SEX_T","CUR_TYPE_USD","2012",3888.404,,"T30:161","R1:3513_T2:85"
"AUT","BB:275","EAR_EMTM_SEX_CUR_NB","SEX_T","CUR_TYPE_LCU","2011",2901.03,,"T30:161","R1:3513_T2:85"
"AUT","BB:275","EAR_EMTM_SEX_CUR_NB","SEX_T","CUR_TYPE_PPP","2011",3409.598,,"T30:161","R1:3513_T2:85"
"AUT","BB:275","EAR_EMTM_SEX_CUR_NB","SEX_T","CUR_TYPE_USD","2011",4038.233,,"T30:161","R1:3513_T2:85"
"AUT","BB:275","EAR_EMTM_SEX_CUR_NB","SEX_T","CUR_TYPE_LCU","2010",2849.839,,"T30:161","R1:3513_T2:85"
"AUT","BB:275","EAR_EMTM_SEX_CUR_NB","SEX_T","CUR_TYPE_PPP","2010",3324.629,,"T30:161","R1:3513_T2:85"
"AUT","BB:275","EAR_EMTM_SEX_CUR_NB","SEX_T","CUR_TYPE_USD","2010",3778.032,,"T30:161","R1:3513_T2:85"
"AUT","BB:275","EAR_EMTM_SEX_CUR_NB","SEX_T","CUR_TYPE_LCU","2009",2812.463,,"T30:161","R1:3513_T2:85"
"AUT","BB:275","EAR_EMTM_SEX_CUR_NB","SEX_T","CUR_TYPE_PPP","2009",3259.368,,"T30:161","R1:3513_T2:85"
"AUT","BB:275","EAR_EMTM_SEX_CUR_NB","SEX_T","CUR_TYPE_USD","2009",3922.824,,"T30:161","R1:3513_T2:85"
"AUT","BB:275","EAR_EMTM_SEX_CUR_NB","SEX_T","CUR_TYPE_LCU","2008",2709.517,,"T30:161","R1:3513_T2:85"
"AUT","BB:275","EAR_EMTM_SEX_CUR_NB","SEX_T","CUR_TYPE_PPP","2008",3107.12,,"T30:161","R1:3513_T2:85"
"AUT","BB:275","EAR_EMTM_SEX_CUR_NB","SEX_T","CUR_TYPE_USD","2008",3985.158,,"T30:161","R1:3513_T2:85"
"AUT","BB:275","EAR_EMTM_SEX_CUR_NB","SEX_T","CUR_TYPE_LCU","2007",2456.729,,"T30:161","R1:3513_T2:85"
"AUT","BB:275","EAR_EMTM_SEX_CUR_NB","SEX_T","CUR_TYPE_PPP","2007",2797.644,,"T30:161","R1:3513_T2:85"
"AUT","BB:275","EAR_EMTM_SEX_CUR_NB","SEX_T","CUR_TYPE_USD","2007",3366.946,,"T30:161","R1:3513_T2:85"
"AUT","BB:275","EAR_EMTM_SEX_CUR_NB","SEX_T","CUR_TYPE_LCU","2006",1983.333,,"T30:161","R1:3513_T2:85"
"AUT","BB:275","EAR_EMTM_SEX_CUR_NB","SEX_T","CUR_TYPE_PPP","2006",2258.485,,"T30:161","R1:3513_T2:85"
"AUT","BB:275","EAR_EMTM_SEX_CUR_NB","SEX_T","CUR_TYPE_USD","2006",2490.273,,"T30:161","R1:3513_T2:85"
"AUT","BB:275","EAR_EMTM_SEX_CUR_NB","SEX_T","CUR_TYPE_LCU","2005",1997.153,,"T30:161","R1:3513_T2:85"
"AUT","BB:275","EAR_EMTM_SEX_CUR_NB","SEX_T","CUR_TYPE_PPP","2005",2250.057,,"T30:161","R1:3513_T2:85"
"AUT","BB:275","EAR_EMTM_SEX_CUR_NB","SEX_T","CUR_TYPE_USD","2005",2484.658,,"T30:161","R1:3513_T2:85"
"AUT","BB:275","EAR_EMTM_SEX_CUR_NB","SEX_T","CUR_TYPE_LCU","2004",1950,,"T30:161","R1:3513_T2:85"
"AUT","BB:275","EAR_EMTM_SEX_CUR_NB","SEX_T","CUR_TYPE_PPP","2004",2181.093,,"T30:161","R1:3513_T2:85"
"AUT","BB:275","EAR_EMTM_SEX_CUR_NB","SEX_T","CUR_TYPE_USD","2004",2425.605,,"T30:161","R1:3513_T2:85"
"BDI","BB:7040","EAR_EMTM_SEX_CUR_NB","SEX_T","CUR_TYPE_LCU","2020",43300,,"T30:6","R1:3513"
"BDI","BB:7040","EAR_EMTM_SEX_CUR_NB","SEX_T","CUR_TYPE_PPP","2020",68.309,,"T30:6","R1:3513"
"BDI","BB:7040","EAR_EMTM_SEX_CUR_NB","SEX_T","CUR_TYPE_USD","2020",22.61,,"T30:6","R1:3513"
"BDI","BB:7040","EAR_EMTM_SEX_CUR_NB","SEX_T","CUR_TYPE_LCU","2014",30000,,"T30:6","R1:3513"
"BDI","BB:7040","EAR_EMTM_SEX_CUR_NB","SEX_T","CUR_TYPE_PPP","2014",53.702,,"T30:6","R1:3513"
"BDI","BB:7040","EAR_EMTM_SEX_CUR_NB","SEX_T","CUR_TYPE_USD","2014",19.396,,"T30:6","R1:3513"
"BEL","BB:276","EAR_EMTM_SEX_CUR_NB","SEX_T","CUR_TYPE_LCU","2025",5779.566,,"T30:163","R1:3513_T2:85"
"BEL","BB:276","EAR_EMTM_SEX_CUR_NB","SEX_T","CUR_TYPE_PPP","2025",7488.832,,"T30:163","R1:3513_T2:85"
"BEL","BB:276","EAR_EMTM_SEX_CUR_NB","SEX_T","CUR_TYPE_USD","2025",6530.91,,"T30:163","R1:3513_T2:85"
"BEL","BB:276","EAR_EMTM_SEX_CUR_NB","SEX_T","CUR_TYPE_LCU","2024",5663.826,,"T30:163","R1:3513_T2:85"
"BEL","BB:276","EAR_EMTM_SEX_CUR_NB","SEX_T","CUR_TYPE_PPP","2024",7530.052,,"T30:163","R1:3513_T2:85"
"BEL","BB:276","EAR_EMTM_SEX_CUR_NB","SEX_T","CUR_TYPE_USD","2024",6130.526,,"T30:163","R1:3513_T2:85"
"BEL","BB:276","EAR_EMTM_SEX_CUR_NB","SEX_T","CUR_TYPE_LCU","2023",5323.104,,"T30:163","R1:3513_T2:85"
"BEL","BB:276","EAR_EMTM_SEX_CUR_NB","SEX_T","CUR_TYPE_PPP","2023",7067.29,,"T30:163","R1:3513_T2:85"
"BEL","BB:276","EAR_EMTM_SEX_CUR_NB","SEX_T","CUR_TYPE_USD","2023",5755.873,,"T30:163","R1:3513_T2:85"
"BEL","BB:276","EAR_EMTM_SEX_CUR_NB","SEX_T","CUR_TYPE_LCU","2022",4912.643,,"T30:163","R1:3513_T2:85"
"BEL","BB:276","EAR_EMTM_SEX_CUR_NB","SEX_T","CUR_TYPE_PPP","2022",6306.135,,"T30:163","R1:3513_T2:85"
"BEL","BB:276","EAR_EMTM_SEX_CUR_NB","SEX_T","CUR_TYPE_USD","2022",5173.013,,"T30:163","R1:3513_T2:85"
"BEL","BB:276","EAR_EMTM_SEX_CUR_NB","SEX_T","CUR_TYPE_LCU","2021",4655.865,,"T30:163","R1:3513_T2:85"
"BEL","BB:276","EAR_EMTM_SEX_CUR_NB","SEX_T","CUR_TYPE_PPP","2021",5820.29,,"T30:163","R1:3513_T2:85"
"BEL","BB:276","EAR_EMTM_SEX_CUR_NB","SEX_T","CUR_TYPE_USD","2021",5506.492,,"T30:163","R1:3513_T2:85"
"BEL","BB:276","EAR_EMTM_SEX_CUR_NB","SEX_T","CUR_TYPE_LCU","2020",4624.272,,"T30:163","R1:3513_T2:85"
"BEL","BB:276","EAR_EMTM_SEX_CUR_NB","SEX_T","CUR_TYPE_PPP","2020",5798.984,,"T30:163","R1:3513_T2:85"
"BEL","BB:276","EAR_EMTM_SEX_CUR_NB","SEX_T","CUR_TYPE_USD","2020",5281.843,,"T30:163","R1:3513_T2:85"
"BEL","BB:276","EAR_EMTM_SEX_CUR_NB","SEX_T","CUR_TYPE_LCU","2019",4506.616,,"T30:163","R1:3513_T2:85"
"BEL","BB:276","EAR_EMTM_SEX_CUR_NB","SEX_T","CUR_TYPE_PPP","2019",5510.065,,"T30:163","R1:3513_T2:85"
"BEL","BB:276","EAR_EMTM_SEX_CUR_NB","SEX_T","CUR_TYPE_USD","2019",5045.156,,"T30:163","R1:3513_T2:85"
"BEL","BB:276","EAR_EMTM_SEX_CUR_NB","SEX_T","CUR_TYPE_LCU","2018",4326.635,,"T30:163","R1:3513_T2:85"
"BEL","BB:276","EAR_EMTM_SEX_CUR_NB","SEX_T","CUR_TYPE_PPP","2018",5113.126,,"T30:163","R1:3513_T2:85"
"BEL","BB:276","EAR_EMTM_SEX_CUR_NB","SEX_T","CUR_TYPE_USD","2018",5109.756,,"T30:163","R1:3513_T2:85"
"BEL","BB:276","EAR_EMTM_SEX_CUR_NB","SEX_T","CUR_TYPE_LCU","2017",4231.925,,"T30:163","R1:3513_T2:85"
"BEL","BB:276","EAR_EMTM_SEX_CUR_NB","SEX_T","CUR_TYPE_PPP","2017",4937.164,,"T30:163","R1:3513_T2:85"
"BEL","BB:276","EAR_EMTM_SEX_CUR_NB","SEX_T","CUR_TYPE_USD","2017",4780.805,,"T30:163","R1:3513_T2:85"
"BEL","BB:276","EAR_EMTM_SEX_CUR_NB","SEX_T","CUR_TYPE_LCU","2016",4202.116,,"T30:163","R1:3513_T2:85"
"BEL","BB:276","EAR_EMTM_SEX_CUR_NB","SEX_T","CUR_TYPE_PPP","2016",4920.384,,"T30:163","R1:3513_T2:85"
"BEL","BB:276","EAR_EMTM_SEX_CUR_NB","SEX_T","CUR_TYPE_USD","2016",4651.322,,"T30:163","R1:3513_T2:85"
"BEL","BB:276","EAR_EMTM_SEX_CUR_NB","SEX_T","CUR_TYPE_LCU","2015",4157.307,,"T30:163","R1:3513_T2:85"
"BEL","BB:276","EAR_EMTM_SEX_CUR_NB","SEX_T","CUR_TYPE_PPP","2015",4804.23,,"T30:163","R1:3513_T2:85"
"BEL","BB:276","EAR_EMTM_SEX_CUR_NB","SEX_T","CUR_TYPE_USD","2015",4612.532,,"T30:163","R1:3513_T2:85"
"BEL","BB:276","EAR_EMTM_SEX_CUR_NB","SEX_T","CUR_TYPE_LCU","2014",4119.854,,"T30:163","R1:3513_T2:85"
"BEL","BB:276","EAR_EMTM_SEX_CUR_NB","SEX_T","CUR_TYPE_PPP","2014",4791.113,,"T30:163","R1:3513_T2:85"
"BEL","BB:276","EAR_EMTM_SEX_CUR_NB","SEX_T","CUR_TYPE_USD","2014",5473.226,,"T30:163","R1:3513_T2:85"
"BEL","BB:276","EAR_EMTM_SEX_CUR_NB","SEX_T","CUR_TYPE_LCU","2013",4065.797,,"T30:163","R1:3513_T2:85"
"BEL","BB:276","EAR_EMTM_SEX_CUR_NB","SEX_T","CUR_TYPE_PPP","2013",4666.732,,"T30:163","R1:3513_T2:85"
"BEL","BB:276","EAR_EMTM_SEX_CUR_NB","SEX_T","CUR_TYPE_USD","2013",5399.785,,"T30:163","R1:3513_T2:85"
"BEL","BB:276","EAR_EMTM_SEX_CUR_NB","SEX_T","CUR_TYPE_LCU","2012",3867.928,,"T30:163","R1:3513_T2:85"
"BEL","BB:276","EAR_EMTM_SEX_CUR_NB","SEX_T","CUR_TYPE_PPP","2012",4379.844,,"T30:163","R1:3513_T2:85"
"BEL","BB:276","EAR_EMTM_SEX_CUR_NB","SEX_T","CUR_TYPE_USD","2012",4969.514,,"T30:163","R1:3513_T2:85"
"BEL","BB:276","EAR_EMTM_SEX_CUR_NB","SEX_T","CUR_TYPE_LCU","2011",3767.175,,"T30:163","R1:3513_T2:85"
"BEL","BB:276","EAR_EMTM_SEX_CUR_NB","SEX_T","CUR_TYPE_PPP","2011",4277.405,,"T30:163","R1:3513_T2:85"
"BEL","BB:276","EAR_EMTM_SEX_CUR_NB","SEX_T","CUR_TYPE_USD","2011",5243.907,,"T30:163","R1:3513_T2:85"
"BEL","BB:276","EAR_EMTM_SEX_CUR_NB","SEX_T","CUR_TYPE_LCU","2010",3675.581,,"T30:163","R1:3513_T2:85"
"BEL","BB:276","EAR_EMTM_SEX_CUR_NB","SEX_T","CUR_TYPE_PPP","2010",4108.18,,"T30:163","R1:3513_T2:85"
"BEL","BB:276","EAR_EMTM_SEX_CUR_NB","SEX_T","CUR_TYPE_USD","2010",4872.717,,"T30:163","R1:3513_T2:85"
"BEL","BB:276","EAR_EMTM_SEX_CUR_NB","SEX_T","CUR_TYPE_LCU","2009",3567.478,,"T30:163","R1:3513_T2:85"
"BEL","BB:276","EAR_EMTM_SEX_CUR_NB","SEX_T","CUR_TYPE_PPP","2009",3952.99,,"T30:163","R1:3513_T2:85"
"BEL","BB:276","EAR_EMTM_SEX_CUR_NB","SEX_T","CUR_TYPE_USD","2009",4975.919,,"T30:163","R1:3513_T2:85"
"BEL","BB:276","EAR_EMTM_SEX_CUR_NB","SEX_T","CUR_TYPE_LCU","2008",3438.654,,"T30:163","R1:3513_T2:85"
"BEL","BB:276","EAR_EMTM_SEX_CUR_NB","SEX_T","CUR_TYPE_PPP","2008",3750.149,,"T30:163","R1:3513_T2:85"
"BEL","BB:276","EAR_EMTM_SEX_CUR_NB","SEX_T","CUR_TYPE_USD","2008",5057.573,,"T30:163","R1:3513_T2:85"
"BEL","BB:276","EAR_EMTM_SEX_CUR_NB","SEX_T","CUR_TYPE_LCU","2007",3420.359,,"T30:163","R1:3513_T2:85"
"BEL","BB:276","EAR_EMTM_SEX_CUR_NB","SEX_T","CUR_TYPE_PPP","2007",3695.025,,"T30:163","R1:3513_T2:85"
"BEL","BB:276","EAR_EMTM_SEX_CUR_NB","SEX_T","CUR_TYPE_USD","2007",4687.602,,"T30:163","R1:3513_T2:85"
"BEL","BB:276","EAR_EMTM_SEX_CUR_NB","SEX_T","CUR_TYPE_LCU","2006",2391.997,,"T30:163","R1:3513_T2:85"
"BEL","BB:276","EAR_EMTM_SEX_CUR_NB","SEX_T","CUR_TYPE_PPP","2006",2593.136,,"T30:163","R1:3513_T2:85"
"BEL","BB:276","EAR_EMTM_SEX_CUR_NB","SEX_T","CUR_TYPE_USD","2006",3003.392,,"T30:163","R1:3513_T2:85"
"BEL","BB:276","EAR_EMTM_SEX_CUR_NB","SEX_T","CUR_TYPE_LCU","2005",2357.724,,"T30:163","R1:3513_T2:85"
"BEL","BB:276","EAR_EMTM_SEX_CUR_NB","SEX_T","CUR_TYPE_PPP","2005",2552.589,,"T30:163","R1:3513_T2:85"
"BEL","BB:276","EAR_EMTM_SEX_CUR_NB","SEX_T","CUR_TYPE_USD","2005",2933.245,,"T30:163","R1:3513_T2:85"
"BEL","BB:276","EAR_EMTM_SEX_CUR_NB","SEX_T","CUR_TYPE_LCU","2004",2263.989,,"T30:163","R1:3513_T2:85"
"BEL","BB:276","EAR_EMTM_SEX_CUR_NB","SEX_T","CUR_TYPE_PPP","2004",2455.618,,"T30:163","R1:3513_T2:85"
"BEL","BB:276","EAR_EMTM_SEX_CUR_NB","SEX_T","CUR_TYPE_USD","2004",2816.175,,"T30:163","R1:3513_T2:85"
"BEN","BB:426","EAR_EMTM_SEX_CUR_NB","SEX_T","CUR_TYPE_LCU","2022",60000,,"T30:3","R1:3513"
"BEN","BB:426","EAR_EMTM_SEX_CUR_NB","SEX_T","CUR_TYPE_PPP","2022",291.94,,"T30:3","R1:3513"
"BEN","BB:426","EAR_EMTM_SEX_CUR_NB","SEX_T","CUR_TYPE_USD","2022",96.322,,"T30:3","R1:3513"
"BEN","BB:426","EAR_EMTM_SEX_CUR_NB","SEX_T","CUR_TYPE_LCU","2019",50000,,"T30:3","R1:3513"
"BEN","BB:426","EAR_EMTM_SEX_CUR_NB","SEX_T","CUR_TYPE_PPP","2019",234.382,,"T30:3","R1:3513"
"BEN","BB:426","EAR_EMTM_SEX_CUR_NB","SEX_T","CUR_TYPE_USD","2019",85.331,,"T30:3","R1:3513"
"BEN","BB:426","EAR_EMTM_SEX_CUR_NB","SEX_T","CUR_TYPE_LCU","2011",50000,,"T30:3","R1:3513"
"BEN","BB:426","EAR_EMTM_SEX_CUR_NB","SEX_T","CUR_TYPE_PPP","2011",221.816,,"T30:3","R1:3513"
"BEN","BB:426","EAR_EMTM_SEX_CUR_NB","SEX_T","CUR_TYPE_USD","2011",106.101,,"T30:3","R1:3513"
"BFA","BA:904","EAR_EMTM_SEX_CUR_NB","SEX_T","CUR_TYPE_LCU","2025",50000,,"T30:5","R1:3513"
"BFA","BA:904","EAR_EMTM_SEX_CUR_NB","SEX_T","CUR_TYPE_PPP","2025",258.923,,"T30:5","R1:3513"
"BFA","BA:904","EAR_EMTM_SEX_CUR_NB","SEX_T","CUR_TYPE_USD","2025",85.921,,"T30:5","R1:3513"
"BFA","BA:904","EAR_EMTM_SEX_CUR_NB","SEX_T","CUR_TYPE_LCU","2024",60000,,"T30:5","R1:3513"
"BFA","BA:904","EAR_EMTM_SEX_CUR_NB","SEX_T","CUR_TYPE_PPP","2024",300.771,,"T30:5","R1:3513"
"BFA","BA:904","EAR_EMTM_SEX_CUR_NB","SEX_T","CUR_TYPE_USD","2024",98.954,,"T30:5","R1:3513"
"BFA","BA:15678","EAR_EMTM_SEX_CUR_NB","SEX_T","CUR_TYPE_LCU","2023",51781.798,,"T30:5","R1:3513"
"BFA","BA:15678","EAR_EMTM_SEX_CUR_NB","SEX_T","CUR_TYPE_PPP","2023",262.704,,"T30:5","R1:3513"
"BFA","BA:15678","EAR_EMTM_SEX_CUR_NB","SEX_T","CUR_TYPE_USD","2023",85.368,,"T30:5","R1:3513"
"BFA","BB:16126","EAR_EMTM_SEX_CUR_NB","SEX_T","CUR_TYPE_LCU","2022",50000,,"T30:5","R1:3513"
"BFA","BB:16126","EAR_EMTM_SEX_CUR_NB","SEX_T","CUR_TYPE_PPP","2022",245.446,,"T30:5","R1:3513"
"BFA","BB:16126","EAR_EMTM_SEX_CUR_NB","SEX_T","CUR_TYPE_USD","2022",80.159,,"T30:5","R1:3513"
"BFA","BB:16126","EAR_EMTM_SEX_CUR_NB","SEX_T","CUR_TYPE_LCU","2019",60000,,"T30:5","R1:3513"
"BFA","BB:16126","EAR_EMTM_SEX_CUR_NB","SEX_T","CUR_TYPE_PPP","2019",315.648,,"T30:5","R1:3513"
"BFA","BB:16126","EAR_EMTM_SEX_CUR_NB","SEX_T","CUR_TYPE_USD","2019",102.405,,"T30:5","R1:3513"
"BFA","BA:15678","EAR_EMTM_SEX_CUR_NB","SEX_T","CUR_TYPE_LCU","2018",60000,,"T30:5","R1:3513"
"BFA","BA:15678","EAR_EMTM_SEX_CUR_NB","SEX_T","CUR_TYPE_PPP","2018",306.211,,"T30:5","R1:3513"
"BFA","BA:15678","EAR_EMTM_SEX_CUR_NB","SEX_T","CUR_TYPE_USD","2018",108.021,,"T30:5","R1:3513"
"BGD","BA:673","EAR_EMTM_SEX_CUR_NB","SEX_T","CUR_TYPE_LCU","2024",14000,,"T30:114","R1:3513"
"BGD","BA:673","EAR_EMTM_SEX_CUR_NB","SEX_T","CUR_TYPE_PPP","2024",424.364,,"T30:114","R1:3513"
"BGD","BA:673","EAR_EMTM_SEX_CUR_NB","SEX_T","CUR_TYPE_USD","2024",121.103,,"T30:114","R1:3513"
"BGD","BA:673","EAR_EMTM_SEX_CUR_NB","SEX_T","CUR_TYPE_LCU","2023",12000,,"T30:114","R1:3513"
"BGD","BA:673","EAR_EMTM_SEX_CUR_NB","SEX_T","CUR_TYPE_PPP","2023",390.297,,"T30:114","R1:3513"
"BGD","BA:673","EAR_EMTM_SEX_CUR_NB","SEX_T","CUR_TYPE_USD","2023",112.878,,"T30:114","R1:3513"
"BGD","BA:673","EAR_EMTM_SEX_CUR_NB","SEX_T","CUR_TYPE_LCU","2022",11200,,"T30:114","R1:3513"
"BGD","BA:673","EAR_EMTM_SEX_CUR_NB","SEX_T","CUR_TYPE_PPP","2022",384.455,,"T30:114","R1:3513"
"BGD","BA:673","EAR_EMTM_SEX_CUR_NB","SEX_T","CUR_TYPE_USD","2022",122.077,,"T30:114","R1:3513"
"BGD","BA:673","EAR_EMTM_SEX_CUR_NB","SEX_T","CUR_TYPE_LCU","2017",9000,,"T30:114","R1:3513"
"BGD","BA:673","EAR_EMTM_SEX_CUR_NB","SEX_T","CUR_TYPE_PPP","2017",310.23,,"T30:114","R1:3513"
"BGD","BA:673","EAR_EMTM_SEX_CUR_NB","SEX_T","CUR_TYPE_USD","2017",111.888,,"T30:114","R1:3513"
"BGD","BA:673","EAR_EMTM_SEX_CUR_NB","SEX_T","CUR_TYPE_LCU","2013",10000,"B","T30:114_I11:264","R1:3513"
"BGD","BA:673","EAR_EMTM_SEX_CUR_NB","SEX_T","CUR_TYPE_PPP","2013",388.693,"B","T30:114_I11:264","R1:3513"
"BGD","BA:673","EAR_EMTM_SEX_CUR_NB","SEX_T","CUR_TYPE_USD","2013",128.036,"B","T30:114_I11:264","R1:3513"
"BGR","BB:3058","EAR_EMTM_SEX_CUR_NB","SEX_T","CUR_TYPE_LCU","2025",1066.245,,"T30:385","R1:3513_T2:85"
"BGR","BB:3058","EAR_EMTM_SEX_CUR_NB","SEX_T","CUR_TYPE_PPP","2025",2571.639,,"T30:385","R1:3513_T2:85"
"BGR","BB:3058","EAR_EMTM_SEX_CUR_NB","SEX_T","CUR_TYPE_USD","2025",1204.857,,"T30:385","R1:3513_T2:85"
"BGR","BB:3058","EAR_EMTM_SEX_CUR_NB","SEX_T","CUR_TYPE_LCU","2024",943.172,,"T30:385","R1:3513_T2:85"
"BGR","BB:3058","EAR_EMTM_SEX_CUR_NB","SEX_T","CUR_TYPE_PPP","2024",2418.482,,"T30:385","R1:3513_T2:85"
"BGR","BB:3058","EAR_EMTM_SEX_CUR_NB","SEX_T","CUR_TYPE_USD","2024",1020.89,,"T30:385","R1:3513_T2:85"
"BGR","BB:3058","EAR_EMTM_SEX_CUR_NB","SEX_T","CUR_TYPE_LCU","2023",793.654,,"T30:385","R1:3513_T2:85"
"BGR","BB:3058","EAR_EMTM_SEX_CUR_NB","SEX_T","CUR_TYPE_PPP","2023",2082.625,,"T30:385","R1:3513_T2:85"
"BGR","BB:3058","EAR_EMTM_SEX_CUR_NB","SEX_T","CUR_TYPE_USD","2023",858.178,,"T30:385","R1:3513_T2:85"
"BGR","BB:3058","EAR_EMTM_SEX_CUR_NB","SEX_T","CUR_TYPE_LCU","2022",695.086,,"T30:385","R1:3513_T2:85"
"BGR","BB:3058","EAR_EMTM_SEX_CUR_NB","SEX_T","CUR_TYPE_PPP","2022",1799.618,,"T30:385","R1:3513_T2:85"
"BGR","BB:3058","EAR_EMTM_SEX_CUR_NB","SEX_T","CUR_TYPE_USD","2022",731.925,,"T30:385","R1:3513_T2:85"
"BGR","BB:3058","EAR_EMTM_SEX_CUR_NB","SEX_T","CUR_TYPE_LCU","2021",614.529,,"T30:385","R1:3513_T2:85"
"BGR","BB:3058","EAR_EMTM_SEX_CUR_NB","SEX_T","CUR_TYPE_PPP","2021",1596.882,,"T30:385","R1:3513_T2:85"
"BGR","BB:3058","EAR_EMTM_SEX_CUR_NB","SEX_T","CUR_TYPE_USD","2021",726.804,,"T30:385","R1:3513_T2:85"
"BGR","BB:3058","EAR_EMTM_SEX_CUR_NB","SEX_T","CUR_TYPE_LCU","2020",571.909,,"T30:385","R1:3513_T2:85"
"BGR","BB:3058","EAR_EMTM_SEX_CUR_NB","SEX_T","CUR_TYPE_PPP","2020",1476.729,,"T30:385","R1:3513_T2:85"
"BGR","BB:3058","EAR_EMTM_SEX_CUR_NB","SEX_T","CUR_TYPE_USD","2020",653.235,,"T30:385","R1:3513_T2:85"
"BGR","BB:3058","EAR_EMTM_SEX_CUR_NB","SEX_T","CUR_TYPE_LCU","2019",515.31,,"T30:385","R1:3513_T2:85"
"BGR","BB:3058","EAR_EMTM_SEX_CUR_NB","SEX_T","CUR_TYPE_PPP","2019",1351.027,,"T30:385","R1:3513_T2:85"
"BGR","BB:3058","EAR_EMTM_SEX_CUR_NB","SEX_T","CUR_TYPE_USD","2019",576.89,,"T30:385","R1:3513_T2:85"
"BGR","BB:3058","EAR_EMTM_SEX_CUR_NB","SEX_T","CUR_TYPE_LCU","2018",426.28,,"T30:385","R1:3513_T2:85"
"BGR","BB:3058","EAR_EMTM_SEX_CUR_NB","SEX_T","CUR_TYPE_PPP","2018",1113.788,,"T30:385","R1:3513_T2:85"
"BGR","BB:3058","EAR_EMTM_SEX_CUR_NB","SEX_T","CUR_TYPE_USD","2018",503.436,,"T30:385","R1:3513_T2:85"
"BGR","BB:3058","EAR_EMTM_SEX_CUR_NB","SEX_T","CUR_TYPE_LCU","2017",435.503,,"T30:385","R1:3513_T2:85"
"BGR","BB:3058","EAR_EMTM_SEX_CUR_NB","SEX_T","CUR_TYPE_PPP","2017",1134.077,,"T30:385","R1:3513_T2:85"
"BGR","BB:3058","EAR_EMTM_SEX_CUR_NB","SEX_T","CUR_TYPE_USD","2017",491.987,,"T30:385","R1:3513_T2:85"
"BGR","BB:3058","EAR_EMTM_SEX_CUR_NB","SEX_T","CUR_TYPE_LCU","2016",418.141,,"T30:385","R1:3513_T2:85"
"BGR","BB:3058","EAR_EMTM_SEX_CUR_NB","SEX_T","CUR_TYPE_PPP","2016",1117.192,,"T30:385","R1:3513_T2:85"
"BGR","BB:3058","EAR_EMTM_SEX_CUR_NB","SEX_T","CUR_TYPE_USD","2016",462.84,,"T30:385","R1:3513_T2:85"
"BGR","BB:3058","EAR_EMTM_SEX_CUR_NB","SEX_T","CUR_TYPE_LCU","2015",405.534,,"T30:385","R1:3513_T2:85"
"BGR","BB:3058","EAR_EMTM_SEX_CUR_NB","SEX_T","CUR_TYPE_PPP","2015",1047.957,,"T30:385","R1:3513_T2:85"
"BGR","BB:3058","EAR_EMTM_SEX_CUR_NB","SEX_T","CUR_TYPE_USD","2015",449.939,,"T30:385","R1:3513_T2:85"
"BGR","BB:3058","EAR_EMTM_SEX_CUR_NB","SEX_T","CUR_TYPE_LCU","2014",369.701,,"T30:385","R1:3513_T2:85"
"BGR","BB:3058","EAR_EMTM_SEX_CUR_NB","SEX_T","CUR_TYPE_PPP","2014",968.985,,"T30:385","R1:3513_T2:85"
"BGR","BB:3058","EAR_EMTM_SEX_CUR_NB","SEX_T","CUR_TYPE_USD","2014",491.147,,"T30:385","R1:3513_T2:85"
"BGR","BB:3058","EAR_EMTM_SEX_CUR_NB","SEX_T","CUR_TYPE_LCU","2013",349.294,,"T30:385","R1:3513_T2:85"
"BGR","BB:3058","EAR_EMTM_SEX_CUR_NB","SEX_T","CUR_TYPE_PPP","2013",882.256,,"T30:385","R1:3513_T2:85"
"BGR","BB:3058","EAR_EMTM_SEX_CUR_NB","SEX_T","CUR_TYPE_USD","2013",463.898,,"T30:385","R1:3513_T2:85"
"BGR","BB:3058","EAR_EMTM_SEX_CUR_NB","SEX_T","CUR_TYPE_LCU","2012",378.291,,"T30:385","R1:3513_T2:85"
"BGR","BB:3058","EAR_EMTM_SEX_CUR_NB","SEX_T","CUR_TYPE_PPP","2012",921.729,,"T30:385","R1:3513_T2:85"
"BGR","BB:3058","EAR_EMTM_SEX_CUR_NB","SEX_T","CUR_TYPE_USD","2012",486.028,,"T30:385","R1:3513_T2:85"
"BGR","BB:3058","EAR_EMTM_SEX_CUR_NB","SEX_T","CUR_TYPE_LCU","2011",295.353,,"T30:385","R1:3513_T2:85"
"BGR","BB:3058","EAR_EMTM_SEX_CUR_NB","SEX_T","CUR_TYPE_PPP","2011",716.627,,"T30:385","R1:3513_T2:85"
"BGR","BB:3058","EAR_EMTM_SEX_CUR_NB","SEX_T","CUR_TYPE_USD","2011",411.132,,"T30:385","R1:3513_T2:85"
"BGR","BB:3058","EAR_EMTM_SEX_CUR_NB","SEX_T","CUR_TYPE_LCU","2010",309.539,,"T30:385","R1:3513_T2:85"
"BGR","BB:3058","EAR_EMTM_SEX_CUR_NB","SEX_T","CUR_TYPE_PPP","2010",726.43,,"T30:385","R1:3513_T2:85"
"BGR","BB:3058","EAR_EMTM_SEX_CUR_NB","SEX_T","CUR_TYPE_USD","2010",410.356,,"T30:385","R1:3513_T2:85"
"BGR","BB:3058","EAR_EMTM_SEX_CUR_NB","SEX_T","CUR_TYPE_LCU","2009",313.557,,"T30:385","R1:3513_T2:85"
"BGR","BB:3058","EAR_EMTM_SEX_CUR_NB","SEX_T","CUR_TYPE_PPP","2009",722.152,,"T30:385","R1:3513_T2:85"
"BGR","BB:3058","EAR_EMTM_SEX_CUR_NB","SEX_T","CUR_TYPE_USD","2009",437.349,,"T30:385","R1:3513_T2:85"
"BGR","BB:3058","EAR_EMTM_SEX_CUR_NB","SEX_T","CUR_TYPE_LCU","2008",248.094,,"T30:385","R1:3513_T2:85"
"BGR","BB:3058","EAR_EMTM_SEX_CUR_NB","SEX_T","CUR_TYPE_PPP","2008",583.864,,"T30:385","R1:3513_T2:85"
"BGR","BB:3058","EAR_EMTM_SEX_CUR_NB","SEX_T","CUR_TYPE_USD","2008",364.896,,"T30:385","R1:3513_T2:85"
"BGR","BB:3058","EAR_EMTM_SEX_CUR_NB","SEX_T","CUR_TYPE_LCU","2007",212.191,,"T30:385","R1:3513_T2:85"
"BGR","BB:3058","EAR_EMTM_SEX_CUR_NB","SEX_T","CUR_TYPE_PPP","2007",525.972,,"T30:385","R1:3513_T2:85"
"BGR","BB:3058","EAR_EMTM_SEX_CUR_NB","SEX_T","CUR_TYPE_USD","2007",290.808,,"T30:385","R1:3513_T2:85"
"BHS","BA:17","EAR_EMTM_SEX_CUR_NB","SEX_T","CUR_TYPE_LCU","2024",1700,,"T30:63","R1:3513"
"BHS","BA:17","EAR_EMTM_SEX_CUR_NB","SEX_T","CUR_TYPE_PPP","2024",1536.018,,"T30:63","R1:3513"
"BHS","BA:17","EAR_EMTM_SEX_CUR_NB","SEX_T","CUR_TYPE_USD","2024",1700,,"T30:63","R1:3513"
"BHS","BA:17","EAR_EMTM_SEX_CUR_NB","SEX_T","CUR_TYPE_LCU","2023",1666.667,,"T30:63","R1:3513"
"BHS","BA:17","EAR_EMTM_SEX_CUR_NB","SEX_T","CUR_TYPE_PPP","2023",1468.741,,"T30:63","R1:3513"
"BHS","BA:17","EAR_EMTM_SEX_CUR_NB","SEX_T","CUR_TYPE_USD","2023",1666.667,,"T30:63","R1:3513"
"BHS","BA:17","EAR_EMTM_SEX_CUR_NB","SEX_T","CUR_TYPE_LCU","2019",2000,,"T30:63","R1:3513"
"BHS","BA:17","EAR_EMTM_SEX_CUR_NB","SEX_T","CUR_TYPE_PPP","2019",1702.117,,"T30:63","R1:3513"
"BHS","BA:17","EAR_EMTM_SEX_CUR_NB","SEX_T","CUR_TYPE_USD","2019",2000,,"T30:63","R1:3513"
"BIH","BA:493","EAR_EMTM_SEX_CUR_NB","SEX_T","CUR_TYPE_LCU","2025",2000,,"T30:164","R1:3513"
"BIH","BA:493","EAR_EMTM_SEX_CUR_NB","SEX_T","CUR_TYPE_PPP","2025",2600.68,,"T30:164","R1:3513"
"BIH","BA:493","EAR_EMTM_SEX_CUR_NB","SEX_T","CUR_TYPE_USD","2025",1152.121,,"T30:164","R1:3513"
"BIH","BA:493","EAR_EMTM_SEX_CUR_NB","SEX_T","CUR_TYPE_LCU","2024",2000,,"T30:164","R1:3513"
"BIH","BA:493","EAR_EMTM_SEX_CUR_NB","SEX_T","CUR_TYPE_PPP","2024",2716.012,,"T30:164","R1:3513"
"BIH","BA:493","EAR_EMTM_SEX_CUR_NB","SEX_T","CUR_TYPE_USD","2024",1106.462,,"T30:164","R1:3513"
"BIH","BA:493","EAR_EMTM_SEX_CUR_NB","SEX_T","CUR_TYPE_LCU","2023",1200,"B","T30:164_I11:264","R1:3513"
"BIH","BA:493","EAR_EMTM_SEX_CUR_NB","SEX_T","CUR_TYPE_PPP","2023",1629.396,"B","T30:164_I11:264","R1:3513"
"BIH","BA:493","EAR_EMTM_SEX_CUR_NB","SEX_T","CUR_TYPE_USD","2023",663.276,"B","T30:164_I11:264","R1:3513"
"BIH","BA:493","EAR_EMTM_SEX_CUR_NB","SEX_T","CUR_TYPE_LCU","2022",1200,"B","T30:164_I11:264","R1:3513"
"BIH","BA:493","EAR_EMTM_SEX_CUR_NB","SEX_T","CUR_TYPE_PPP","2022",1584.272,"B","T30:164_I11:264","R1:3513"
"BIH","BA:493","EAR_EMTM_SEX_CUR_NB","SEX_T","CUR_TYPE_USD","2022",645.395,"B","T30:164_I11:264","R1:3513"
"BIH","BA:493","EAR_EMTM_SEX_CUR_NB","SEX_T","CUR_TYPE_LCU","2021",1200,"B","T30:164_I11:264","R1:3513"
"BIH","BA:493","EAR_EMTM_SEX_CUR_NB","SEX_T","CUR_TYPE_PPP","2021",1574.573,"B","T30:164_I11:264","R1:3513"
"BIH","BA:493","EAR_EMTM_SEX_CUR_NB","SEX_T","CUR_TYPE_USD","2021",725.687,"B","T30:164_I11:264","R1:3513"
"BIH","BA:493","EAR_EMTM_SEX_CUR_NB","SEX_T","CUR_TYPE_LCU","2020",1200,"B","I20:4077_T30:164_I11:264","R1:3513"
"BIH","BA:493","EAR_EMTM_SEX_CUR_NB","SEX_T","CUR_TYPE_PPP","2020",1557.093,"B","I20:4077_T30:164_I11:264","R1:3513"
"BIH","BA:493","EAR_EMTM_SEX_CUR_NB","SEX_T","CUR_TYPE_USD","2020",698.905,"B","I20:4077_T30:164_I11:264","R1:3513"
"BIH","BA:493","EAR_EMTM_SEX_CUR_NB","SEX_T","CUR_TYPE_LCU","2016",600,,"T30:164","R1:3513"
"BIH","BA:493","EAR_EMTM_SEX_CUR_NB","SEX_T","CUR_TYPE_PPP","2016",763.946,,"T30:164","R1:3513"
"BIH","BA:493","EAR_EMTM_SEX_CUR_NB","SEX_T","CUR_TYPE_USD","2016",339.34,,"T30:164","R1:3513"
"BIH","BA:493","EAR_EMTM_SEX_CUR_NB","SEX_T","CUR_TYPE_LCU","2015",600,,"T30:164","R1:3513"
"BIH","BA:493","EAR_EMTM_SEX_CUR_NB","SEX_T","CUR_TYPE_PPP","2015",732.628,,"T30:164","R1:3513"
"BIH","BA:493","EAR_EMTM_SEX_CUR_NB","SEX_T","CUR_TYPE_USD","2015",340.234,,"T30:164","R1:3513"
"BIH","BA:493","EAR_EMTM_SEX_CUR_NB","SEX_T","CUR_TYPE_LCU","2014",600,,"T30:164","R1:3513"
"BIH","BA:493","EAR_EMTM_SEX_CUR_NB","SEX_T","CUR_TYPE_PPP","2014",728.095,,"T30:164","R1:3513"
"BIH","BA:493","EAR_EMTM_SEX_CUR_NB","SEX_T","CUR_TYPE_USD","2014",407.009,,"T30:164","R1:3513"
"BIH","BA:493","EAR_EMTM_SEX_CUR_NB","SEX_T","CUR_TYPE_LCU","2013",600,,"T30:164","R1:3513"
"BIH","BA:493","EAR_EMTM_SEX_CUR_NB","SEX_T","CUR_TYPE_PPP","2013",724.249,,"T30:164","R1:3513"
"BIH","BA:493","EAR_EMTM_SEX_CUR_NB","SEX_T","CUR_TYPE_USD","2013",407.318,,"T30:164","R1:3513"
"BIH","BA:493","EAR_EMTM_SEX_CUR_NB","SEX_T","CUR_TYPE_LCU","2012",600,,"T30:164","R1:3513"
"BIH","BA:493","EAR_EMTM_SEX_CUR_NB","SEX_T","CUR_TYPE_PPP","2012",703.802,,"T30:164","R1:3513"
"BIH","BA:493","EAR_EMTM_SEX_CUR_NB","SEX_T","CUR_TYPE_USD","2012",394.164,,"T30:164","R1:3513"
"BIH","BA:493","EAR_EMTM_SEX_CUR_NB","SEX_T","CUR_TYPE_LCU","2011",600,,"T30:164","R1:3513"
"BIH","BA:493","EAR_EMTM_SEX_CUR_NB","SEX_T","CUR_TYPE_PPP","2011",693.533,,"T30:164","R1:3513"
"BIH","BA:493","EAR_EMTM_SEX_CUR_NB","SEX_T","CUR_TYPE_USD","2011",426.458,,"T30:164","R1:3513"
"BIH","BA:493","EAR_EMTM_SEX_CUR_NB","SEX_T","CUR_TYPE_LCU","2010",600,,"T30:164","R1:3513"
"BIH","BA:493","EAR_EMTM_SEX_CUR_NB","SEX_T","CUR_TYPE_PPP","2010",680.766,,"T30:164","R1:3513"
"BIH","BA:493","EAR_EMTM_SEX_CUR_NB","SEX_T","CUR_TYPE_USD","2010",406.3,,"T30:164","R1:3513"
"BIH","BA:493","EAR_EMTM_SEX_CUR_NB","SEX_T","CUR_TYPE_LCU","2009",600,,"T30:164","R1:3513"
"BIH","BA:493","EAR_EMTM_SEX_CUR_NB","SEX_T","CUR_TYPE_PPP","2009",668.289,,"T30:164","R1:3513"
"BIH","BA:493","EAR_EMTM_SEX_CUR_NB","SEX_T","CUR_TYPE_USD","2009",426.169,,"T30:164","R1:3513"
"BIH","BA:493","EAR_EMTM_SEX_CUR_NB","SEX_T","CUR_TYPE_LCU","2008",600,,"T30:164","R1:3513"
"BIH","BA:493","EAR_EMTM_SEX_CUR_NB","SEX_T","CUR_TYPE_PPP","2008",651.728,,"T30:164","R1:3513"
"BIH","BA:493","EAR_EMTM_SEX_CUR_NB","SEX_T","CUR_TYPE_USD","2008",449.372,,"T30:164","R1:3513"
"BIH","BA:493","EAR_EMTM_SEX_CUR_NB","SEX_T","CUR_TYPE_LCU","2007",450,,"T30:164","R1:3513"
"BIH","BA:493","EAR_EMTM_SEX_CUR_NB","SEX_T","CUR_TYPE_PPP","2007",501.49,,"T30:164","R1:3513"
"BIH","BA:493","EAR_EMTM_SEX_CUR_NB","SEX_T","CUR_TYPE_USD","2007",314.905,,"T30:164","R1:3513"
"BIH","BA:493","EAR_EMTM_SEX_CUR_NB","SEX_T","CUR_TYPE_LCU","2006",450,"B","T30:164_I11:264","R1:3513"
"BIH","BA:493","EAR_EMTM_SEX_CUR_NB","SEX_T","CUR_TYPE_PPP","2006",505.938,"B","T30:164_I11:264","R1:3513"
"BIH","BA:493","EAR_EMTM_SEX_CUR_NB","SEX_T","CUR_TYPE_USD","2006",288.633,"B","T30:164_I11:264","R1:3513"
"BIH","BB:15892","EAR_EMTM_SEX_CUR_NB","SEX_T","CUR_TYPE_LCU","2001",300,,"T30:164","R1:3513"
"BIH","BB:15892","EAR_EMTM_SEX_CUR_NB","SEX_T","CUR_TYPE_USD","2001",137.258,,"T30:164","R1:3513"
"BLZ","BA:934","EAR_EMTM_SEX_CUR_NB","SEX_T","CUR_TYPE_LCU","2019",1080.901,,"T30:65","R1:3513"
"BLZ","BA:934","EAR_EMTM_SEX_CUR_NB","SEX_T","CUR_TYPE_PPP","2019",846.571,,"T30:65","R1:3513"
"BLZ","BA:934","EAR_EMTM_SEX_CUR_NB","SEX_T","CUR_TYPE_USD","2019",540.451,,"T30:65","R1:3513"
"BLZ","BA:934","EAR_EMTM_SEX_CUR_NB","SEX_T","CUR_TYPE_LCU","2018",1020,,"T30:65","R1:3513"
"BLZ","BA:934","EAR_EMTM_SEX_CUR_NB","SEX_T","CUR_TYPE_PPP","2018",746.06,,"T30:65","R1:3513"
"BLZ","BA:934","EAR_EMTM_SEX_CUR_NB","SEX_T","CUR_TYPE_USD","2018",510,,"T30:65","R1:3513"
"BLZ","BA:934","EAR_EMTM_SEX_CUR_NB","SEX_T","CUR_TYPE_LCU","2017",1020,,"T30:65","R1:3513"
"BLZ","BA:934","EAR_EMTM_SEX_CUR_NB","SEX_T","CUR_TYPE_PPP","2017",704.732,,"T30:65","R1:3513"
"BLZ","BA:934","EAR_EMTM_SEX_CUR_NB","SEX_T","CUR_TYPE_USD","2017",510,,"T30:65","R1:3513"
"BLZ","BA:934","EAR_EMTM_SEX_CUR_NB","SEX_T","CUR_TYPE_LCU","2016",1020,,"T30:65","R1:3513"
"BLZ","BA:934","EAR_EMTM_SEX_CUR_NB","SEX_T","CUR_TYPE_PPP","2016",738.429,,"T30:65","R1:3513"
"BLZ","BA:934","EAR_EMTM_SEX_CUR_NB","SEX_T","CUR_TYPE_USD","2016",510,,"T30:65","R1:3513"
"BLZ","BA:934","EAR_EMTM_SEX_CUR_NB","SEX_T","CUR_TYPE_LCU","2015",1020,,"T30:65","R1:3513"
"BLZ","BA:934","EAR_EMTM_SEX_CUR_NB","SEX_T","CUR_TYPE_PPP","2015",765.268,,"T30:65","R1:3513"
"BLZ","BA:934","EAR_EMTM_SEX_CUR_NB","SEX_T","CUR_TYPE_USD","2015",510,,"T30:65","R1:3513"
"BLZ","BA:934","EAR_EMTM_SEX_CUR_NB","SEX_T","CUR_TYPE_LCU","2014",1197.568,,"T30:65","R1:3513"
"BLZ","BA:934","EAR_EMTM_SEX_CUR_NB","SEX_T","CUR_TYPE_PPP","2014",928.517,,"T30:65","R1:3513"
"BLZ","BA:934","EAR_EMTM_SEX_CUR_NB","SEX_T","CUR_TYPE_USD","2014",598.784,,"T30:65","R1:3513"
"BOL","BA:74","EAR_EMTM_SEX_CUR_NB","SEX_T","CUR_TYPE_LCU","2025",2800,,"T30:67","R1:3513"
"BOL","BA:74","EAR_EMTM_SEX_CUR_NB","SEX_T","CUR_TYPE_PPP","2025",1037.331,,"T30:67","R1:3513"
"BOL","BA:74","EAR_EMTM_SEX_CUR_NB","SEX_T","CUR_TYPE_USD","2025",405.21,,"T30:67","R1:3513"
"BOL","BA:74","EAR_EMTM_SEX_CUR_NB","SEX_T","CUR_TYPE_LCU","2024",2700,,"T30:67","R1:3513"
"BOL","BA:74","EAR_EMTM_SEX_CUR_NB","SEX_T","CUR_TYPE_PPP","2024",1164.1,,"T30:67","R1:3513"
"BOL","BA:74","EAR_EMTM_SEX_CUR_NB","SEX_T","CUR_TYPE_USD","2024",390.738,,"T30:67","R1:3513"
"BOL","BA:74","EAR_EMTM_SEX_CUR_NB","SEX_T","CUR_TYPE_LCU","2023",2598,,"T30:67","R1:3513"
"BOL","BA:74","EAR_EMTM_SEX_CUR_NB","SEX_T","CUR_TYPE_PPP","2023",1143.518,,"T30:67","R1:3513"
"BOL","BA:74","EAR_EMTM_SEX_CUR_NB","SEX_T","CUR_TYPE_USD","2023",375.977,,"T30:67","R1:3513"
"BOL","BA:74","EAR_EMTM_SEX_CUR_NB","SEX_T","CUR_TYPE_LCU","2022",2598,,"T30:67","R1:3513"
"BOL","BA:74","EAR_EMTM_SEX_CUR_NB","SEX_T","CUR_TYPE_PPP","2022",1126.61,,"T30:67","R1:3513"
"BOL","BA:74","EAR_EMTM_SEX_CUR_NB","SEX_T","CUR_TYPE_USD","2022",375.977,,"T30:67","R1:3513"
"BOL","BA:74","EAR_EMTM_SEX_CUR_NB","SEX_T","CUR_TYPE_LCU","2021",2598,"B","T30:67_I11:264","R1:3513"
"BOL","BA:74","EAR_EMTM_SEX_CUR_NB","SEX_T","CUR_TYPE_PPP","2021",1061.347,"B","T30:67_I11:264","R1:3513"
"BOL","BA:74","EAR_EMTM_SEX_CUR_NB","SEX_T","CUR_TYPE_USD","2021",375.977,"B","T30:67_I11:264","R1:3513"
"BOL","BB:73","EAR_EMTM_SEX_CUR_NB","SEX_T","CUR_TYPE_LCU","2020",2814.5,,"T30:67","R1:3513"
"BOL","BB:73","EAR_EMTM_SEX_CUR_NB","SEX_T","CUR_TYPE_PPP","2020",1103.126,,"T30:67","R1:3513"
"BOL","BB:73","EAR_EMTM_SEX_CUR_NB","SEX_T","CUR_TYPE_USD","2020",407.308,,"T30:67","R1:3513"
"BOL","BA:74","EAR_EMTM_SEX_CUR_NB","SEX_T","CUR_TYPE_LCU","2019",2739.375,,"T30:67","R1:3513"
"BOL","BA:74","EAR_EMTM_SEX_CUR_NB","SEX_T","CUR_TYPE_PPP","2019",1060.229,,"T30:67","R1:3513"
"BOL","BA:74","EAR_EMTM_SEX_CUR_NB","SEX_T","CUR_TYPE_USD","2019",396.436,,"T30:67","R1:3513"
"BOL","BA:74","EAR_EMTM_SEX_CUR_NB","SEX_T","CUR_TYPE_LCU","2018",2600,,"T30:67","R1:3513"
"BOL","BA:74","EAR_EMTM_SEX_CUR_NB","SEX_T","CUR_TYPE_PPP","2018",999.498,,"T30:67","R1:3513"
"BOL","BA:74","EAR_EMTM_SEX_CUR_NB","SEX_T","CUR_TYPE_USD","2018",376.266,,"T30:67","R1:3513"
"BOL","BA:74","EAR_EMTM_SEX_CUR_NB","SEX_T","CUR_TYPE_LCU","2017",2598,,"T30:67","R1:3513"
"BOL","BA:74","EAR_EMTM_SEX_CUR_NB","SEX_T","CUR_TYPE_PPP","2017",1028.644,,"T30:67","R1:3513"
"BOL","BA:74","EAR_EMTM_SEX_CUR_NB","SEX_T","CUR_TYPE_USD","2017",375.977,,"T30:67","R1:3513"
"BOL","BA:74","EAR_EMTM_SEX_CUR_NB","SEX_T","CUR_TYPE_LCU","2016",2500,"B","T30:67_I11:264","R1:3513"
"BOL","BA:74","EAR_EMTM_SEX_CUR_NB","SEX_T","CUR_TYPE_PPP","2016",964.747,"B","T30:67_I11:264","R1:3513"
"BOL","BA:74","EAR_EMTM_SEX_CUR_NB","SEX_T","CUR_TYPE_USD","2016",361.795,"B","T30:67_I11:264","R1:3513"
"BOL","BB:73","EAR_EMTM_SEX_CUR_NB","SEX_T","CUR_TYPE_LCU","2015",2500,,"T30:67","R1:3513"
"BOL","BB:73","EAR_EMTM_SEX_CUR_NB","SEX_T","CUR_TYPE_PPP","2015",935.494,,"T30:67","R1:3513"
"BOL","BB:73","EAR_EMTM_SEX_CUR_NB","SEX_T","CUR_TYPE_USD","2015",361.795,,"T30:67","R1:3513"
"BOL","BB:73","EAR_EMTM_SEX_CUR_NB","SEX_T","CUR_TYPE_LCU","2014",2200,,"T30:67","R1:3513"
"BOL","BB:73","EAR_EMTM_SEX_CUR_NB","SEX_T","CUR_TYPE_PPP","2014",807.78,,"T30:67","R1:3513"
"BOL","BB:73","EAR_EMTM_SEX_CUR_NB","SEX_T","CUR_TYPE_USD","2014",318.379,,"T30:67","R1:3513"
"BOL","BB:73","EAR_EMTM_SEX_CUR_NB","SEX_T","CUR_TYPE_LCU","2013",2100,,"T30:67","R1:3513"
"BOL","BB:73","EAR_EMTM_SEX_CUR_NB","SEX_T","CUR_TYPE_PPP","2013",763.357,,"T30:67","R1:3513"
"BOL","BB:73","EAR_EMTM_SEX_CUR_NB","SEX_T","CUR_TYPE_USD","2013",303.907,,"T30:67","R1:3513"
"BOL","BB:73","EAR_EMTM_SEX_CUR_NB","SEX_T","CUR_TYPE_LCU","2012",1916.076,,"T30:67","R1:3513"
"BOL","BB:73","EAR_EMTM_SEX_CUR_NB","SEX_T","CUR_TYPE_PPP","2012",703.174,,"T30:67","R1:3513"
"BOL","BB:73","EAR_EMTM_SEX_CUR_NB","SEX_T","CUR_TYPE_USD","2012",277.29,,"T30:67","R1:3513"
"BOL","BB:73","EAR_EMTM_SEX_CUR_NB","SEX_T","CUR_TYPE_LCU","2011",1700,,"T30:67","R1:3513"
"BOL","BB:73","EAR_EMTM_SEX_CUR_NB","SEX_T","CUR_TYPE_PPP","2011",588.027,,"T30:67","R1:3513"
"BOL","BB:73","EAR_EMTM_SEX_CUR_NB","SEX_T","CUR_TYPE_USD","2011",245.064,,"T30:67","R1:3513"
"BOL","BB:73","EAR_EMTM_SEX_CUR_NB","SEX_T","CUR_TYPE_LCU","2009",1400,,"T30:67","R1:3513"
"BOL","BB:73","EAR_EMTM_SEX_CUR_NB","SEX_T","CUR_TYPE_PPP","2009",520.22,,"T30:67","R1:3513"
"BOL","BB:73","EAR_EMTM_SEX_CUR_NB","SEX_T","CUR_TYPE_USD","2009",199.43,,"T30:67","R1:3513"
"BOL","BB:73","EAR_EMTM_SEX_CUR_NB","SEX_T","CUR_TYPE_LCU","2008",1200,,"T30:67","R1:3513"
"BOL","BB:73","EAR_EMTM_SEX_CUR_NB","SEX_T","CUR_TYPE_PPP","2008",462.469,,"T30:67","R1:3513"
"BOL","BB:73","EAR_EMTM_SEX_CUR_NB","SEX_T","CUR_TYPE_USD","2008",165.784,,"T30:67","R1:3513"
"BOL","BB:73","EAR_EMTM_SEX_CUR_NB","SEX_T","CUR_TYPE_LCU","2007",1000,,"T30:67","R1:3513"
"BOL","BB:73","EAR_EMTM_SEX_CUR_NB","SEX_T","CUR_TYPE_PPP","2007",423.128,,"T30:67","R1:3513"
"BOL","BB:73","EAR_EMTM_SEX_CUR_NB","SEX_T","CUR_TYPE_USD","2007",127.368,,"T30:67","R1:3513"
"BOL","BB:73","EAR_EMTM_SEX_CUR_NB","SEX_T","CUR_TYPE_LCU","2006",900,,"T30:67","R1:3513"
"BOL","BB:73","EAR_EMTM_SEX_CUR_NB","SEX_T","CUR_TYPE_PPP","2006",402.486,,"T30:67","R1:3513"
"BOL","BB:73","EAR_EMTM_SEX_CUR_NB","SEX_T","CUR_TYPE_USD","2006",112.337,,"T30:67","R1:3513"
"BOL","BB:73","EAR_EMTM_SEX_CUR_NB","SEX_T","CUR_TYPE_LCU","2005",850.096,"B","T30:67_I11:264","R1:3513"
"BOL","BB:73","EAR_EMTM_SEX_CUR_NB","SEX_T","CUR_TYPE_PPP","2005",384.059,"B","T30:67_I11:264","R1:3513"
"BOL","BB:73","EAR_EMTM_SEX_CUR_NB","SEX_T","CUR_TYPE_USD","2005",105.392,"B","T30:67_I11:264","R1:3513"
"BOL","BB:15890","EAR_EMTM_SEX_CUR_NB","SEX_T","CUR_TYPE_LCU","2004",733.7,"B","T30:67_I11:264","R1:3513"
"BOL","BB:15890","EAR_EMTM_SEX_CUR_NB","SEX_T","CUR_TYPE_PPP","2004",337.887,"B","T30:67_I11:264","R1:3513"
"BOL","BB:15890","EAR_EMTM_SEX_CUR_NB","SEX_T","CUR_TYPE_USD","2004",92.449,"B","T30:67_I11:264","R1:3513"
"BOL","BX:15722","EAR_EMTM_SEX_CUR_NB","SEX_T","CUR_TYPE_LCU","2002",800,,"T30:67","R1:3513"
"BOL","BX:15722","EAR_EMTM_SEX_CUR_NB","SEX_T","CUR_TYPE_PPP","2002",378.646,,"T30:67","R1:3513"
"BOL","BX:15722","EAR_EMTM_SEX_CUR_NB","SEX_T","CUR_TYPE_USD","2002",111.576,,"T30:67","R1:3513"
"BOL","BX:15722","EAR_EMTM_SEX_CUR_NB","SEX_T","CUR_TYPE_LCU","2001",779.4,,"T30:67","R1:3513"
"BOL","BX:15722","EAR_EMTM_SEX_CUR_NB","SEX_T","CUR_TYPE_PPP","2001",366.507,,"T30:67","R1:3513"
"BOL","BX:15722","EAR_EMTM_SEX_CUR_NB","SEX_T","CUR_TYPE_USD","2001",117.967,,"T30:67","R1:3513"
"BOL","BX:15722","EAR_EMTM_SEX_CUR_NB","SEX_T","CUR_TYPE_LCU","2000",800,,"T30:67","R1:3513"
"BOL","BX:15722","EAR_EMTM_SEX_CUR_NB","SEX_T","CUR_TYPE_PPP","2000",371.67,,"T30:67","R1:3513"
"BOL","BX:15722","EAR_EMTM_SEX_CUR_NB","SEX_T","CUR_TYPE_USD","2000",129.376,,"T30:67","R1:3513"
"BRA","BX:6355","EAR_EMTM_SEX_CUR_NB","SEX_T","CUR_TYPE_LCU","2025",2200,,"T30:68","R1:3513"
"BRA","BX:6355","EAR_EMTM_SEX_CUR_NB","SEX_T","CUR_TYPE_PPP","2025",852.221,,"T30:68","R1:3513"
"BRA","BX:6355","EAR_EMTM_SEX_CUR_NB","SEX_T","CUR_TYPE_USD","2025",393.751,,"T30:68","R1:3513"
"BRA","BX:6355","EAR_EMTM_SEX_CUR_NB","SEX_T","CUR_TYPE_LCU","2024",2000,,"T30:68","R1:3513"
"BRA","BX:6355","EAR_EMTM_SEX_CUR_NB","SEX_T","CUR_TYPE_PPP","2024",792.237,,"T30:68","R1:3513"
"BRA","BX:6355","EAR_EMTM_SEX_CUR_NB","SEX_T","CUR_TYPE_USD","2024",371.131,,"T30:68","R1:3513"
"BRA","BX:6355","EAR_EMTM_SEX_CUR_NB","SEX_T","CUR_TYPE_LCU","2023",1900,,"T30:68","R1:3513"
"BRA","BX:6355","EAR_EMTM_SEX_CUR_NB","SEX_T","CUR_TYPE_PPP","2023",762.991,,"T30:68","R1:3513"
"BRA","BX:6355","EAR_EMTM_SEX_CUR_NB","SEX_T","CUR_TYPE_USD","2023",380.428,,"T30:68","R1:3513"
"BRA","BX:6355","EAR_EMTM_SEX_CUR_NB","SEX_T","CUR_TYPE_LCU","2022",1700,,"T30:68","R1:3513"
"BRA","BX:6355","EAR_EMTM_SEX_CUR_NB","SEX_T","CUR_TYPE_PPP","2022",685.806,,"T30:68","R1:3513"
"BRA","BX:6355","EAR_EMTM_SEX_CUR_NB","SEX_T","CUR_TYPE_USD","2022",329.204,,"T30:68","R1:3513"
"BRA","BX:6355","EAR_EMTM_SEX_CUR_NB","SEX_T","CUR_TYPE_LCU","2021",1590,,"T30:68","R1:3513"
"BRA","BX:6355","EAR_EMTM_SEX_CUR_NB","SEX_T","CUR_TYPE_PPP","2021",649.016,,"T30:68","R1:3513"
"BRA","BX:6355","EAR_EMTM_SEX_CUR_NB","SEX_T","CUR_TYPE_USD","2021",294.75,,"T30:68","R1:3513"
"BRA","BX:6355","EAR_EMTM_SEX_CUR_NB","SEX_T","CUR_TYPE_LCU","2020",1500,,"T30:68","R1:3513"
"BRA","BX:6355","EAR_EMTM_SEX_CUR_NB","SEX_T","CUR_TYPE_PPP","2020",639.953,,"T30:68","R1:3513"
"BRA","BX:6355","EAR_EMTM_SEX_CUR_NB","SEX_T","CUR_TYPE_USD","2020",290.969,,"T30:68","R1:3513"
"BRA","BX:6355","EAR_EMTM_SEX_CUR_NB","SEX_T","CUR_TYPE_LCU","2019",1500,,"T30:68","R1:3513"
"BRA","BX:6355","EAR_EMTM_SEX_CUR_NB","SEX_T","CUR_TYPE_PPP","2019",641.165,,"T30:68","R1:3513"
"BRA","BX:6355","EAR_EMTM_SEX_CUR_NB","SEX_T","CUR_TYPE_USD","2019",380.279,,"T30:68","R1:3513"
"BRA","BX:6355","EAR_EMTM_SEX_CUR_NB","SEX_T","CUR_TYPE_LCU","2018",1400,,"T30:68","R1:3513"
"BRA","BX:6355","EAR_EMTM_SEX_CUR_NB","SEX_T","CUR_TYPE_PPP","2018",597.025,,"T30:68","R1:3513"
"BRA","BX:6355","EAR_EMTM_SEX_CUR_NB","SEX_T","CUR_TYPE_USD","2018",383.16,,"T30:68","R1:3513"
"BRA","BX:6355","EAR_EMTM_SEX_CUR_NB","SEX_T","CUR_TYPE_LCU","2017",1350,,"T30:68","R1:3513"
"BRA","BX:6355","EAR_EMTM_SEX_CUR_NB","SEX_T","CUR_TYPE_PPP","2017",567.359,,"T30:68","R1:3513"
"BRA","BX:6355","EAR_EMTM_SEX_CUR_NB","SEX_T","CUR_TYPE_USD","2017",423.013,,"T30:68","R1:3513"
"BRA","BX:6355","EAR_EMTM_SEX_CUR_NB","SEX_T","CUR_TYPE_LCU","2016",1280,,"T30:68","R1:3513"
"BRA","BX:6355","EAR_EMTM_SEX_CUR_NB","SEX_T","CUR_TYPE_PPP","2016",558.738,,"T30:68","R1:3513"
"BRA","BX:6355","EAR_EMTM_SEX_CUR_NB","SEX_T","CUR_TYPE_USD","2016",366.624,,"T30:68","R1:3513"
"BRA","BX:6355","EAR_EMTM_SEX_CUR_NB","SEX_T","CUR_TYPE_LCU","2015",1194.984,,"T30:68","R1:3513"
"BRA","BX:6355","EAR_EMTM_SEX_CUR_NB","SEX_T","CUR_TYPE_PPP","2015",565.295,,"T30:68","R1:3513"
"BRA","BX:6355","EAR_EMTM_SEX_CUR_NB","SEX_T","CUR_TYPE_USD","2015",359.188,,"T30:68","R1:3513"
"BRA","BX:6355","EAR_EMTM_SEX_CUR_NB","SEX_T","CUR_TYPE_LCU","2014",1015,,"T30:68","R1:3513"
"BRA","BX:6355","EAR_EMTM_SEX_CUR_NB","SEX_T","CUR_TYPE_PPP","2014",528.123,,"T30:68","R1:3513"
"BRA","BX:6355","EAR_EMTM_SEX_CUR_NB","SEX_T","CUR_TYPE_USD","2014",431.373,,"T30:68","R1:3513"
"BRA","BX:6355","EAR_EMTM_SEX_CUR_NB","SEX_T","CUR_TYPE_LCU","2013",1000,,"T30:68","R1:3513"
"BRA","BX:6355","EAR_EMTM_SEX_CUR_NB","SEX_T","CUR_TYPE_PPP","2013",554.035,,"T30:68","R1:3513"
"BRA","BX:6355","EAR_EMTM_SEX_CUR_NB","SEX_T","CUR_TYPE_USD","2013",463.803,,"T30:68","R1:3513"
"BRA","BX:6355","EAR_EMTM_SEX_CUR_NB","SEX_T","CUR_TYPE_LCU","2012",900,"B","T30:68_I11:264","R1:3513"
"BRA","BX:6355","EAR_EMTM_SEX_CUR_NB","SEX_T","CUR_TYPE_PPP","2012",539.31,"B","T30:68_I11:264","R1:3513"
"BRA","BX:6355","EAR_EMTM_SEX_CUR_NB","SEX_T","CUR_TYPE_USD","2012",460.813,"B","T30:68_I11:264","R1:3513"
"BRA","BX:356","EAR_EMTM_SEX_CUR_NB","SEX_T","CUR_TYPE_LCU","2011",800,,"T30:68","R1:3513"
"BRA","BX:356","EAR_EMTM_SEX_CUR_NB","SEX_T","CUR_TYPE_PPP","2011",484.49,,"T30:68","R1:3513"
"BRA","BX:356","EAR_EMTM_SEX_CUR_NB","SEX_T","CUR_TYPE_USD","2011",478.232,,"T30:68","R1:3513"
"BRA","BX:356","EAR_EMTM_SEX_CUR_NB","SEX_T","CUR_TYPE_LCU","2009",620,,"T30:68","R1:3513"
"BRA","BX:356","EAR_EMTM_SEX_CUR_NB","SEX_T","CUR_TYPE_PPP","2009",401.124,,"T30:68","R1:3513"
"BRA","BX:356","EAR_EMTM_SEX_CUR_NB","SEX_T","CUR_TYPE_USD","2009",310.089,,"T30:68","R1:3513"
"BRA","BX:356","EAR_EMTM_SEX_CUR_NB","SEX_T","CUR_TYPE_LCU","2008",600,,"T30:68","R1:3513"
"BRA","BX:356","EAR_EMTM_SEX_CUR_NB","SEX_T","CUR_TYPE_PPP","2008",408.612,,"T30:68","R1:3513"
"BRA","BX:356","EAR_EMTM_SEX_CUR_NB","SEX_T","CUR_TYPE_USD","2008",327.195,,"T30:68","R1:3513"
"BRA","BX:356","EAR_EMTM_SEX_CUR_NB","SEX_T","CUR_TYPE_LCU","2007",520,,"T30:68","R1:3513"
"BRA","BX:356","EAR_EMTM_SEX_CUR_NB","SEX_T","CUR_TYPE_PPP","2007",360.404,,"T30:68","R1:3513"
"BRA","BX:356","EAR_EMTM_SEX_CUR_NB","SEX_T","CUR_TYPE_USD","2007",267.07,,"T30:68","R1:3513"
"BRA","BX:356","EAR_EMTM_SEX_CUR_NB","SEX_T","CUR_TYPE_LCU","2006",490,,"T30:68","R1:3513"
"BRA","BX:356","EAR_EMTM_SEX_CUR_NB","SEX_T","CUR_TYPE_PPP","2006",342.215,,"T30:68","R1:3513"
"BRA","BX:356","EAR_EMTM_SEX_CUR_NB","SEX_T","CUR_TYPE_USD","2006",225.254,,"T30:68","R1:3513"
"BRA","BX:356","EAR_EMTM_SEX_CUR_NB","SEX_T","CUR_TYPE_LCU","2005",450,,"T30:68","R1:3513"
"BRA","BX:356","EAR_EMTM_SEX_CUR_NB","SEX_T","CUR_TYPE_PPP","2005",317.195,,"T30:68","R1:3513"
"BRA","BX:356","EAR_EMTM_SEX_CUR_NB","SEX_T","CUR_TYPE_USD","2005",184.851,,"T30:68","R1:3513"
"BRA","BX:356","EAR_EMTM_SEX_CUR_NB","SEX_T","CUR_TYPE_LCU","2004",400,,"T30:68","R1:3513"
"BRA","BX:356","EAR_EMTM_SEX_CUR_NB","SEX_T","CUR_TYPE_PPP","2004",291.432,,"T30:68","R1:3513"
"BRA","BX:356","EAR_EMTM_SEX_CUR_NB","SEX_T","CUR_TYPE_USD","2004",136.747,,"T30:68","R1:3513"
"BRA","BX:356","EAR_EMTM_SEX_CUR_NB","SEX_T","CUR_TYPE_LCU","2003",370,,"T30:68","R1:3513"
"BRA","BX:356","EAR_EMTM_SEX_CUR_NB","SEX_T","CUR_TYPE_PPP","2003",279.866,,"T30:68","R1:3513"
"BRA","BX:356","EAR_EMTM_SEX_CUR_NB","SEX_T","CUR_TYPE_USD","2003",120.228,,"T30:68","R1:3513"
"BRA","BX:356","EAR_EMTM_SEX_CUR_NB","SEX_T","CUR_TYPE_LCU","2002",330,,"T30:68","R1:3513"
"BRA","BX:356","EAR_EMTM_SEX_CUR_NB","SEX_T","CUR_TYPE_PPP","2002",279.985,,"T30:68","R1:3513"
"BRA","BX:356","EAR_EMTM_SEX_CUR_NB","SEX_T","CUR_TYPE_USD","2002",113,,"T30:68","R1:3513"
"BRA","BX:356","EAR_EMTM_SEX_CUR_NB","SEX_T","CUR_TYPE_LCU","2001",300,,"T30:68","R1:3513"
"BRA","BX:356","EAR_EMTM_SEX_CUR_NB","SEX_T","CUR_TYPE_PPP","2001",271.73,,"T30:68","R1:3513"
"BRA","BX:356","EAR_EMTM_SEX_CUR_NB","SEX_T","CUR_TYPE_USD","2001",127.68,,"T30:68","R1:3513"
"BRB","BB:15690","EAR_EMTM_SEX_CUR_NB","SEX_T","CUR_TYPE_LCU","2016",2005.874,,"T30:64","R1:3513"
"BRB","BB:15690","EAR_EMTM_SEX_CUR_NB","SEX_T","CUR_TYPE_PPP","2016",835.846,,"T30:64","R1:3513"
"BRB","BB:15690","EAR_EMTM_SEX_CUR_NB","SEX_T","CUR_TYPE_USD","2016",1002.937,,"T30:64","R1:3513"
"BRN","BA:8230","EAR_EMTM_SEX_CUR_NB","SEX_T","CUR_TYPE_LCU","2014",1115,"B","T30:116_I11:264","R1:3513"
"BRN","BA:8230","EAR_EMTM_SEX_CUR_NB","SEX_T","CUR_TYPE_PPP","2014",1472.056,"B","T30:116_I11:264","R1:3513"
"BRN","BA:8230","EAR_EMTM_SEX_CUR_NB","SEX_T","CUR_TYPE_USD","2014",880.004,"B","T30:116_I11:264","R1:3513"
"BTN","BA:625","EAR_EMTM_SEX_CUR_NB","SEX_T","CUR_TYPE_LCU","2025",25000,,"T30:115","R1:3513"
"BTN","BA:625","EAR_EMTM_SEX_CUR_NB","SEX_T","CUR_TYPE_PPP","2025",1187.518,,"T30:115","R1:3513"
"BTN","BA:625","EAR_EMTM_SEX_CUR_NB","SEX_T","CUR_TYPE_USD","2025",286.834,,"T30:115","R1:3513"
"BTN","BA:625","EAR_EMTM_SEX_CUR_NB","SEX_T","CUR_TYPE_LCU","2024",24000,,"T30:115","R1:3513"
"BTN","BA:625","EAR_EMTM_SEX_CUR_NB","SEX_T","CUR_TYPE_PPP","2024",1149.529,,"T30:115","R1:3513"
"BTN","BA:625","EAR_EMTM_SEX_CUR_NB","SEX_T","CUR_TYPE_USD","2024",286.844,,"T30:115","R1:3513"
"BTN","BA:625","EAR_EMTM_SEX_CUR_NB","SEX_T","CUR_TYPE_LCU","2023",22000,,"T30:115","R1:3513"
"BTN","BA:625","EAR_EMTM_SEX_CUR_NB","SEX_T","CUR_TYPE_PPP","2023",1051.809,,"T30:115","R1:3513"
"BTN","BA:625","EAR_EMTM_SEX_CUR_NB","SEX_T","CUR_TYPE_USD","2023",266.346,,"T30:115","R1:3513"
"BTN","BA:625","EAR_EMTM_SEX_CUR_NB","SEX_T","CUR_TYPE_LCU","2022",20000,,"T30:115","R1:3513"
"BTN","BA:625","EAR_EMTM_SEX_CUR_NB","SEX_T","CUR_TYPE_PPP","2022",957.228,,"T30:115","R1:3513"
"BTN","BA:625","EAR_EMTM_SEX_CUR_NB","SEX_T","CUR_TYPE_USD","2022",254.438,,"T30:115","R1:3513"
"BTN","BA:625","EAR_EMTM_SEX_CUR_NB","SEX_T","CUR_TYPE_LCU","2021",18000,,"T30:115","R1:3513"
"BTN","BA:625","EAR_EMTM_SEX_CUR_NB","SEX_T","CUR_TYPE_PPP","2021",842.651,,"T30:115","R1:3513"
"BTN","BA:625","EAR_EMTM_SEX_CUR_NB","SEX_T","CUR_TYPE_USD","2021",243.513,,"T30:115","R1:3513"
"BTN","BA:625","EAR_EMTM_SEX_CUR_NB","SEX_T","CUR_TYPE_LCU","2020",17000,,"T30:115","R1:3513"
"BTN","BA:625","EAR_EMTM_SEX_CUR_NB","SEX_T","CUR_TYPE_PPP","2020",820.305,,"T30:115","R1:3513"
"BTN","BA:625","EAR_EMTM_SEX_CUR_NB","SEX_T","CUR_TYPE_USD","2020",229.421,,"T30:115","R1:3513"
"BTN","BA:625","EAR_EMTM_SEX_CUR_NB","SEX_T","CUR_TYPE_LCU","2019",16000,,"T30:115","R1:3513"
"BTN","BA:625","EAR_EMTM_SEX_CUR_NB","SEX_T","CUR_TYPE_PPP","2019",783.196,,"T30:115","R1:3513"
"BTN","BA:625","EAR_EMTM_SEX_CUR_NB","SEX_T","CUR_TYPE_USD","2019",227.207,,"T30:115","R1:3513"
"BTN","BA:625","EAR_EMTM_SEX_CUR_NB","SEX_T","CUR_TYPE_LCU","2018",13000,,"T30:115","R1:3513"
"BTN","BA:625","EAR_EMTM_SEX_CUR_NB","SEX_T","CUR_TYPE_PPP","2018",641.364,,"T30:115","R1:3513"
"BTN","BA:625","EAR_EMTM_SEX_CUR_NB","SEX_T","CUR_TYPE_USD","2018",190.088,,"T30:115","R1:3513"
"BWA","BX:15710","EAR_EMTM_SEX_CUR_NB","SEX_T","CUR_TYPE_LCU","2024",2500,,"T30:4","R1:3513"
"BWA","BX:15710","EAR_EMTM_SEX_CUR_NB","SEX_T","CUR_TYPE_PPP","2024",470.569,,"T30:4","R1:3513"
"BWA","BX:15710","EAR_EMTM_SEX_CUR_NB","SEX_T","CUR_TYPE_USD","2024",184.323,,"T30:4","R1:3513"
"BWA","BX:15710","EAR_EMTM_SEX_CUR_NB","SEX_T","CUR_TYPE_LCU","2023",2500,,"T30:4","R1:3513"
"BWA","BX:15710","EAR_EMTM_SEX_CUR_NB","SEX_T","CUR_TYPE_PPP","2023",469.97,,"T30:4","R1:3513"
"BWA","BX:15710","EAR_EMTM_SEX_CUR_NB","SEX_T","CUR_TYPE_USD","2023",183.872,,"T30:4","R1:3513"
"BWA","BX:15710","EAR_EMTM_SEX_CUR_NB","SEX_T","CUR_TYPE_LCU","2022",2500,,"T30:4","R1:3513"
"BWA","BX:15710","EAR_EMTM_SEX_CUR_NB","SEX_T","CUR_TYPE_PPP","2022",474.264,,"T30:4","R1:3513"
"BWA","BX:15710","EAR_EMTM_SEX_CUR_NB","SEX_T","CUR_TYPE_USD","2022",202.121,,"T30:4","R1:3513"
"BWA","BX:15710","EAR_EMTM_SEX_CUR_NB","SEX_T","CUR_TYPE_LCU","2021",2476.453,,"T30:4","R1:3513"
"BWA","BX:15710","EAR_EMTM_SEX_CUR_NB","SEX_T","CUR_TYPE_PPP","2021",485.729,,"T30:4","R1:3513"
"BWA","BX:15710","EAR_EMTM_SEX_CUR_NB","SEX_T","CUR_TYPE_USD","2021",223.36,,"T30:4","R1:3513"
"BWA","BX:15710","EAR_EMTM_SEX_CUR_NB","SEX_T","CUR_TYPE_LCU","2020",2200,,"T30:4","R1:3513"
"BWA","BX:15710","EAR_EMTM_SEX_CUR_NB","SEX_T","CUR_TYPE_PPP","2020",435.486,,"T30:4","R1:3513"
"BWA","BX:15710","EAR_EMTM_SEX_CUR_NB","SEX_T","CUR_TYPE_USD","2020",192.035,,"T30:4","R1:3513"
"BWA","BX:15710","EAR_EMTM_SEX_CUR_NB","SEX_T","CUR_TYPE_LCU","2019",2000,"B","T30:4_I11:264","R1:3513"
"BWA","BX:15710","EAR_EMTM_SEX_CUR_NB","SEX_T","CUR_TYPE_PPP","2019",388.262,"B","T30:4_I11:264","R1:3513"
"BWA","BX:15710","EAR_EMTM_SEX_CUR_NB","SEX_T","CUR_TYPE_USD","2019",185.945,"B","T30:4_I11:264","R1:3513"
"CAN","BA:147","EAR_EMTM_SEX_CUR_NB","SEX_T","CUR_TYPE_LCU","2025",5026.666,,"T30:69","R1:3513"
"CAN","BA:147","EAR_EMTM_SEX_CUR_NB","SEX_T","CUR_TYPE_PPP","2025",3987.889,,"T30:69","R1:3513"
"CAN","BA:147","EAR_EMTM_SEX_CUR_NB","SEX_T","CUR_TYPE_USD","2025",3595.341,,"T30:69","R1:3513"
"CAN","BA:147","EAR_EMTM_SEX_CUR_NB","SEX_T","CUR_TYPE_LCU","2024",4882.15,,"T30:69","R1:3513"
"CAN","BA:147","EAR_EMTM_SEX_CUR_NB","SEX_T","CUR_TYPE_PPP","2024",3934.353,,"T30:69","R1:3513"
"CAN","BA:147","EAR_EMTM_SEX_CUR_NB","SEX_T","CUR_TYPE_USD","2024",3565.279,,"T30:69","R1:3513"
"CAN","BA:147","EAR_EMTM_SEX_CUR_NB","SEX_T","CUR_TYPE_LCU","2023",4680,,"T30:69","R1:3513"
"CAN","BA:147","EAR_EMTM_SEX_CUR_NB","SEX_T","CUR_TYPE_PPP","2023",3813.68,,"T30:69","R1:3513"
"CAN","BA:147","EAR_EMTM_SEX_CUR_NB","SEX_T","CUR_TYPE_USD","2023",3466.901,,"T30:69","R1:3513"
"CAN","BA:147","EAR_EMTM_SEX_CUR_NB","SEX_T","CUR_TYPE_LCU","2022",4446,,"T30:69","R1:3513"
"CAN","BA:147","EAR_EMTM_SEX_CUR_NB","SEX_T","CUR_TYPE_PPP","2022",3616.642,,"T30:69","R1:3513"
"CAN","BA:147","EAR_EMTM_SEX_CUR_NB","SEX_T","CUR_TYPE_USD","2022",3415.915,,"T30:69","R1:3513"
"CAN","BA:147","EAR_EMTM_SEX_CUR_NB","SEX_T","CUR_TYPE_LCU","2021",4324.666,,"T30:69","R1:3513"
"CAN","BA:147","EAR_EMTM_SEX_CUR_NB","SEX_T","CUR_TYPE_PPP","2021",3476.806,,"T30:69","R1:3513"
"CAN","BA:147","EAR_EMTM_SEX_CUR_NB","SEX_T","CUR_TYPE_USD","2021",3449.036,,"T30:69","R1:3513"
"CAN","BA:147","EAR_EMTM_SEX_CUR_NB","SEX_T","CUR_TYPE_LCU","2020",4166.933,,"T30:69","R1:3513"
"CAN","BA:147","EAR_EMTM_SEX_CUR_NB","SEX_T","CUR_TYPE_PPP","2020",3239.175,,"T30:69","R1:3513"
"CAN","BA:147","EAR_EMTM_SEX_CUR_NB","SEX_T","CUR_TYPE_USD","2020",3106.979,,"T30:69","R1:3513"
"CAN","BA:147","EAR_EMTM_SEX_CUR_NB","SEX_T","CUR_TYPE_LCU","2019",3906.5,,"T30:69","R1:3513"
"CAN","BA:147","EAR_EMTM_SEX_CUR_NB","SEX_T","CUR_TYPE_PPP","2019",2981.572,,"T30:69","R1:3513"
"CAN","BA:147","EAR_EMTM_SEX_CUR_NB","SEX_T","CUR_TYPE_USD","2019",2944.317,,"T30:69","R1:3513"
"CAN","BA:147","EAR_EMTM_SEX_CUR_NB","SEX_T","CUR_TYPE_LCU","2018",3791.667,,"T30:69","R1:3513"
"CAN","BA:147","EAR_EMTM_SEX_CUR_NB","SEX_T","CUR_TYPE_PPP","2018",2945.915,,"T30:69","R1:3513"
"CAN","BA:147","EAR_EMTM_SEX_CUR_NB","SEX_T","CUR_TYPE_USD","2018",2926.08,,"T30:69","R1:3513"
"CAN","BA:147","EAR_EMTM_SEX_CUR_NB","SEX_T","CUR_TYPE_LCU","2017",3700.298,,"T30:69","R1:3513"
"CAN","BA:147","EAR_EMTM_SEX_CUR_NB","SEX_T","CUR_TYPE_PPP","2017",2849.768,,"T30:69","R1:3513"
"CAN","BA:147","EAR_EMTM_SEX_CUR_NB","SEX_T","CUR_TYPE_USD","2017",2850.91,,"T30:69","R1:3513"
"CAN","BA:147","EAR_EMTM_SEX_CUR_NB","SEX_T","CUR_TYPE_LCU","2016",3640,,"T30:69","R1:3513"
"CAN","BA:147","EAR_EMTM_SEX_CUR_NB","SEX_T","CUR_TYPE_PPP","2016",2798.409,,"T30:69","R1:3513"
"CAN","BA:147","EAR_EMTM_SEX_CUR_NB","SEX_T","CUR_TYPE_USD","2016",2745.895,,"T30:69","R1:3513"
"CAN","BA:147","EAR_EMTM_SEX_CUR_NB","SEX_T","CUR_TYPE_LCU","2015",3575,,"T30:69","R1:3513"
"CAN","BA:147","EAR_EMTM_SEX_CUR_NB","SEX_T","CUR_TYPE_PPP","2015",2667.361,,"T30:69","R1:3513"
"CAN","BA:147","EAR_EMTM_SEX_CUR_NB","SEX_T","CUR_TYPE_USD","2015",2795.62,,"T30:69","R1:3513"
"CAN","BA:147","EAR_EMTM_SEX_CUR_NB","SEX_T","CUR_TYPE_LCU","2014",3466.667,,"T30:69","R1:3513"
"CAN","BA:147","EAR_EMTM_SEX_CUR_NB","SEX_T","CUR_TYPE_PPP","2014",2643.735,,"T30:69","R1:3513"
"CAN","BA:147","EAR_EMTM_SEX_CUR_NB","SEX_T","CUR_TYPE_USD","2014",3137.973,,"T30:69","R1:3513"
"CAN","BA:147","EAR_EMTM_SEX_CUR_NB","SEX_T","CUR_TYPE_LCU","2013",3423.333,,"T30:69","R1:3513"
"CAN","BA:147","EAR_EMTM_SEX_CUR_NB","SEX_T","CUR_TYPE_PPP","2013",2627.127,,"T30:69","R1:3513"
"CAN","BA:147","EAR_EMTM_SEX_CUR_NB","SEX_T","CUR_TYPE_USD","2013",3323.181,,"T30:69","R1:3513"
"CAN","BA:147","EAR_EMTM_SEX_CUR_NB","SEX_T","CUR_TYPE_LCU","2012",3336.667,,"T30:69","R1:3513"
"CAN","BA:147","EAR_EMTM_SEX_CUR_NB","SEX_T","CUR_TYPE_PPP","2012",2598.318,,"T30:69","R1:3513"
"CAN","BA:147","EAR_EMTM_SEX_CUR_NB","SEX_T","CUR_TYPE_USD","2012",3338.788,,"T30:69","R1:3513"
"CAN","BA:147","EAR_EMTM_SEX_CUR_NB","SEX_T","CUR_TYPE_LCU","2011",3293.333,,"T30:69","R1:3513"
"CAN","BA:147","EAR_EMTM_SEX_CUR_NB","SEX_T","CUR_TYPE_PPP","2011",2563.735,,"T30:69","R1:3513"
"CAN","BA:147","EAR_EMTM_SEX_CUR_NB","SEX_T","CUR_TYPE_USD","2011",3329.094,,"T30:69","R1:3513"
"CAN","BA:147","EAR_EMTM_SEX_CUR_NB","SEX_T","CUR_TYPE_LCU","2010",3241.333,,"T30:69","R1:3513"
"CAN","BA:147","EAR_EMTM_SEX_CUR_NB","SEX_T","CUR_TYPE_PPP","2010",2501.417,,"T30:69","R1:3513"
"CAN","BA:147","EAR_EMTM_SEX_CUR_NB","SEX_T","CUR_TYPE_USD","2010",3146.581,,"T30:69","R1:3513"
"CAN","BA:147","EAR_EMTM_SEX_CUR_NB","SEX_T","CUR_TYPE_LCU","2009",3154.667,,"T30:69","R1:3513"
"CAN","BA:147","EAR_EMTM_SEX_CUR_NB","SEX_T","CUR_TYPE_PPP","2009",2423.646,,"T30:69","R1:3513"
"CAN","BA:147","EAR_EMTM_SEX_CUR_NB","SEX_T","CUR_TYPE_USD","2009",2763.529,,"T30:69","R1:3513"
"CAN","BA:147","EAR_EMTM_SEX_CUR_NB","SEX_T","CUR_TYPE_LCU","2008",3078.4,,"T30:69","R1:3513"
"CAN","BA:147","EAR_EMTM_SEX_CUR_NB","SEX_T","CUR_TYPE_PPP","2008",2364.582,,"T30:69","R1:3513"
"CAN","BA:147","EAR_EMTM_SEX_CUR_NB","SEX_T","CUR_TYPE_USD","2008",2884.863,,"T30:69","R1:3513"
"CAN","BA:147","EAR_EMTM_SEX_CUR_NB","SEX_T","CUR_TYPE_LCU","2007",2946.667,,"T30:69","R1:3513"
"CAN","BA:147","EAR_EMTM_SEX_CUR_NB","SEX_T","CUR_TYPE_PPP","2007",2313.463,,"T30:69","R1:3513"
"CAN","BA:147","EAR_EMTM_SEX_CUR_NB","SEX_T","CUR_TYPE_USD","2007",2743.521,,"T30:69","R1:3513"
"CAN","BA:147","EAR_EMTM_SEX_CUR_NB","SEX_T","CUR_TYPE_LCU","2006",2853.5,,"T30:69","R1:3513"
"CAN","BA:147","EAR_EMTM_SEX_CUR_NB","SEX_T","CUR_TYPE_PPP","2006",2217.821,,"T30:69","R1:3513"
"CAN","BA:147","EAR_EMTM_SEX_CUR_NB","SEX_T","CUR_TYPE_USD","2006",2515.549,,"T30:69","R1:3513"
"CAN","BA:147","EAR_EMTM_SEX_CUR_NB","SEX_T","CUR_TYPE_LCU","2005",2749.711,,"T30:69","R1:3513"
"CAN","BA:147","EAR_EMTM_SEX_CUR_NB","SEX_T","CUR_TYPE_PPP","2005",2182.322,,"T30:69","R1:3513"
"CAN","BA:147","EAR_EMTM_SEX_CUR_NB","SEX_T","CUR_TYPE_USD","2005",2269.852,,"T30:69","R1:3513"
"CAN","BA:147","EAR_EMTM_SEX_CUR_NB","SEX_T","CUR_TYPE_LCU","2004",2623.671,,"T30:69","R1:3513"
"CAN","BA:147","EAR_EMTM_SEX_CUR_NB","SEX_T","CUR_TYPE_PPP","2004",2061.608,,"T30:69","R1:3513"
"CAN","BA:147","EAR_EMTM_SEX_CUR_NB","SEX_T","CUR_TYPE_USD","2004",2016.22,,"T30:69","R1:3513"
"CAN","BA:147","EAR_EMTM_SEX_CUR_NB","SEX_T","CUR_TYPE_LCU","2003",2600,,"T30:69","R1:3513"
"CAN","BA:147","EAR_EMTM_SEX_CUR_NB","SEX_T","CUR_TYPE_PPP","2003",2023.754,,"T30:69","R1:3513"
"CAN","BA:147","EAR_EMTM_SEX_CUR_NB","SEX_T","CUR_TYPE_USD","2003",1855.798,,"T30:69","R1:3513"
"CAN","BA:147","EAR_EMTM_SEX_CUR_NB","SEX_T","CUR_TYPE_LCU","2002",2575.733,,"T30:69","R1:3513"
"CAN","BA:147","EAR_EMTM_SEX_CUR_NB","SEX_T","CUR_TYPE_PPP","2002",2001.31,,"T30:69","R1:3513"
"CAN","BA:147","EAR_EMTM_SEX_CUR_NB","SEX_T","CUR_TYPE_USD","2002",1640.236,,"T30:69","R1:3513"
"CAN","BA:147","EAR_EMTM_SEX_CUR_NB","SEX_T","CUR_TYPE_LCU","2001",2499.467,,"T30:69","R1:3513"
"CAN","BA:147","EAR_EMTM_SEX_CUR_NB","SEX_T","CUR_TYPE_PPP","2001",1966.416,,"T30:69","R1:3513"
"CAN","BA:147","EAR_EMTM_SEX_CUR_NB","SEX_T","CUR_TYPE_USD","2001",1613.767,,"T30:69","R1:3513"
"CAN","BA:147","EAR_EMTM_SEX_CUR_NB","SEX_T","CUR_TYPE_LCU","2000",2437.5,,"T30:69","R1:3513"
"CAN","BA:147","EAR_EMTM_SEX_CUR_NB","SEX_T","CUR_TYPE_PPP","2000",1919.186,,"T30:69","R1:3513"
"CAN","BA:147","EAR_EMTM_SEX_CUR_NB","SEX_T","CUR_TYPE_USD","2000",1640.979,,"T30:69","R1:3513"
"CHE","BA:253","EAR_EMTM_SEX_CUR_NB","SEX_T","CUR_TYPE_LCU","2025",5989,,"T30:206","R1:3513"
"CHE","BA:253","EAR_EMTM_SEX_CUR_NB","SEX_T","CUR_TYPE_PPP","2025",5620.603,,"T30:206","R1:3513"
"CHE","BA:253","EAR_EMTM_SEX_CUR_NB","SEX_T","CUR_TYPE_USD","2025",7203.895,,"T30:206","R1:3513"
"CHE","BA:253","EAR_EMTM_SEX_CUR_NB","SEX_T","CUR_TYPE_LCU","2024",5936,,"T30:206","R1:3513"
"CHE","BA:253","EAR_EMTM_SEX_CUR_NB","SEX_T","CUR_TYPE_PPP","2024",5361.228,,"T30:206","R1:3513"
"CHE","BA:253","EAR_EMTM_SEX_CUR_NB","SEX_T","CUR_TYPE_USD","2024",6742.077,,"T30:206","R1:3513"
"CHE","BA:253","EAR_EMTM_SEX_CUR_NB","SEX_T","CUR_TYPE_LCU","2023",5802.655,,"T30:206","R1:3513"
"CHE","BA:253","EAR_EMTM_SEX_CUR_NB","SEX_T","CUR_TYPE_PPP","2023",4999.156,,"T30:206","R1:3513"
"CHE","BA:253","EAR_EMTM_SEX_CUR_NB","SEX_T","CUR_TYPE_USD","2023",6458.23,,"T30:206","R1:3513"
"CHE","BA:253","EAR_EMTM_SEX_CUR_NB","SEX_T","CUR_TYPE_LCU","2022",5666,,"T30:206","R1:3513"
"CHE","BA:253","EAR_EMTM_SEX_CUR_NB","SEX_T","CUR_TYPE_PPP","2022",4836.968,,"T30:206","R1:3513"
"CHE","BA:253","EAR_EMTM_SEX_CUR_NB","SEX_T","CUR_TYPE_USD","2022",5934.025,,"T30:206","R1:3513"
"CHE","BA:253","EAR_EMTM_SEX_CUR_NB","SEX_T","CUR_TYPE_LCU","2021",5659,,"T30:206","R1:3513"
"CHE","BA:253","EAR_EMTM_SEX_CUR_NB","SEX_T","CUR_TYPE_PPP","2021",4546.667,,"T30:206","R1:3513"
"CHE","BA:253","EAR_EMTM_SEX_CUR_NB","SEX_T","CUR_TYPE_USD","2021",6192.511,,"T30:206","R1:3513"
"CHE","BA:253","EAR_EMTM_SEX_CUR_NB","SEX_T","CUR_TYPE_LCU","2020",5633,,"T30:206","R1:3513"
"CHE","BA:253","EAR_EMTM_SEX_CUR_NB","SEX_T","CUR_TYPE_PPP","2020",4371.635,,"T30:206","R1:3513"
"CHE","BA:253","EAR_EMTM_SEX_CUR_NB","SEX_T","CUR_TYPE_USD","2020",5999.159,,"T30:206","R1:3513"
"CHE","BA:253","EAR_EMTM_SEX_CUR_NB","SEX_T","CUR_TYPE_LCU","2019",5546,,"T30:206","R1:3513"
"CHE","BA:253","EAR_EMTM_SEX_CUR_NB","SEX_T","CUR_TYPE_PPP","2019",4245.69,,"T30:206","R1:3513"
"CHE","BA:253","EAR_EMTM_SEX_CUR_NB","SEX_T","CUR_TYPE_USD","2019",5581.11,,"T30:206","R1:3513"
"CHE","BA:253","EAR_EMTM_SEX_CUR_NB","SEX_T","CUR_TYPE_LCU","2018",5500,,"T30:206","R1:3513"
"CHE","BA:253","EAR_EMTM_SEX_CUR_NB","SEX_T","CUR_TYPE_PPP","2018",4059.978,,"T30:206","R1:3513"
"CHE","BA:253","EAR_EMTM_SEX_CUR_NB","SEX_T","CUR_TYPE_USD","2018",5624.345,,"T30:206","R1:3513"
"CHE","BA:253","EAR_EMTM_SEX_CUR_NB","SEX_T","CUR_TYPE_LCU","2017",5416,,"T30:206","R1:3513"
"CHE","BA:253","EAR_EMTM_SEX_CUR_NB","SEX_T","CUR_TYPE_PPP","2017",3942.166,,"T30:206","R1:3513"
"CHE","BA:253","EAR_EMTM_SEX_CUR_NB","SEX_T","CUR_TYPE_USD","2017",5500.199,,"T30:206","R1:3513"
"CHE","BA:253","EAR_EMTM_SEX_CUR_NB","SEX_T","CUR_TYPE_LCU","2016",5416,,"T30:206","R1:3513"
"CHE","BA:253","EAR_EMTM_SEX_CUR_NB","SEX_T","CUR_TYPE_PPP","2016",3919.454,,"T30:206","R1:3513"
"CHE","BA:253","EAR_EMTM_SEX_CUR_NB","SEX_T","CUR_TYPE_USD","2016",5496.276,,"T30:206","R1:3513"
"CHE","BA:253","EAR_EMTM_SEX_CUR_NB","SEX_T","CUR_TYPE_LCU","2015",5416,,"T30:206","R1:3513"
"CHE","BA:253","EAR_EMTM_SEX_CUR_NB","SEX_T","CUR_TYPE_PPP","2015",3832.543,,"T30:206","R1:3513"
"CHE","BA:253","EAR_EMTM_SEX_CUR_NB","SEX_T","CUR_TYPE_USD","2015",5627.707,,"T30:206","R1:3513"
"CHE","BA:253","EAR_EMTM_SEX_CUR_NB","SEX_T","CUR_TYPE_LCU","2014",5404,,"T30:206","R1:3513"
"CHE","BA:253","EAR_EMTM_SEX_CUR_NB","SEX_T","CUR_TYPE_PPP","2014",3771.728,,"T30:206","R1:3513"
"CHE","BA:253","EAR_EMTM_SEX_CUR_NB","SEX_T","CUR_TYPE_USD","2014",5898.591,,"T30:206","R1:3513"
"CHE","BA:253","EAR_EMTM_SEX_CUR_NB","SEX_T","CUR_TYPE_LCU","2013",5365,,"T30:206","R1:3513"
"CHE","BA:253","EAR_EMTM_SEX_CUR_NB","SEX_T","CUR_TYPE_PPP","2013",3691.436,,"T30:206","R1:3513"
"CHE","BA:253","EAR_EMTM_SEX_CUR_NB","SEX_T","CUR_TYPE_USD","2013",5788.089,,"T30:206","R1:3513"
"CHE","BA:253","EAR_EMTM_SEX_CUR_NB","SEX_T","CUR_TYPE_LCU","2012",5308,,"T30:206","R1:3513"
"CHE","BA:253","EAR_EMTM_SEX_CUR_NB","SEX_T","CUR_TYPE_PPP","2012",3523.864,,"T30:206","R1:3513"
"CHE","BA:253","EAR_EMTM_SEX_CUR_NB","SEX_T","CUR_TYPE_USD","2012",5660.753,,"T30:206","R1:3513"
"CHE","BA:253","EAR_EMTM_SEX_CUR_NB","SEX_T","CUR_TYPE_LCU","2011",5250,,"T30:206","R1:3513"
"CHE","BA:253","EAR_EMTM_SEX_CUR_NB","SEX_T","CUR_TYPE_PPP","2011",3415.021,,"T30:206","R1:3513"
"CHE","BA:253","EAR_EMTM_SEX_CUR_NB","SEX_T","CUR_TYPE_USD","2011",5911.882,,"T30:206","R1:3513"
"CHE","BA:253","EAR_EMTM_SEX_CUR_NB","SEX_T","CUR_TYPE_LCU","2010",5208,,"T30:206","R1:3513"
"CHE","BA:253","EAR_EMTM_SEX_CUR_NB","SEX_T","CUR_TYPE_PPP","2010",3291.449,,"T30:206","R1:3513"
"CHE","BA:253","EAR_EMTM_SEX_CUR_NB","SEX_T","CUR_TYPE_USD","2010",4993.74,,"T30:206","R1:3513"
"CHE","BA:253","EAR_EMTM_SEX_CUR_NB","SEX_T","CUR_TYPE_LCU","2009",5350.342,,"T30:206","R1:3513"
"CHE","BA:253","EAR_EMTM_SEX_CUR_NB","SEX_T","CUR_TYPE_PPP","2009",3377.219,,"T30:206","R1:3513"
"CHE","BA:253","EAR_EMTM_SEX_CUR_NB","SEX_T","CUR_TYPE_USD","2009",4916.954,,"T30:206","R1:3513"
"CHE","BA:253","EAR_EMTM_SEX_CUR_NB","SEX_T","CUR_TYPE_LCU","2008",5202,,"T30:206","R1:3513"
"CHE","BA:253","EAR_EMTM_SEX_CUR_NB","SEX_T","CUR_TYPE_PPP","2008",3222.106,,"T30:206","R1:3513"
"CHE","BA:253","EAR_EMTM_SEX_CUR_NB","SEX_T","CUR_TYPE_USD","2008",4802.925,,"T30:206","R1:3513"
"CHE","BA:253","EAR_EMTM_SEX_CUR_NB","SEX_T","CUR_TYPE_LCU","2007",5167.418,,"T30:206","R1:3513"
"CHE","BA:253","EAR_EMTM_SEX_CUR_NB","SEX_T","CUR_TYPE_PPP","2007",3110.946,,"T30:206","R1:3513"
"CHE","BA:253","EAR_EMTM_SEX_CUR_NB","SEX_T","CUR_TYPE_USD","2007",4304.87,,"T30:206","R1:3513"
"CHE","BA:253","EAR_EMTM_SEX_CUR_NB","SEX_T","CUR_TYPE_LCU","2006",5062,,"T30:206","R1:3513"
"CHE","BA:253","EAR_EMTM_SEX_CUR_NB","SEX_T","CUR_TYPE_PPP","2006",2928.22,,"T30:206","R1:3513"
"CHE","BA:253","EAR_EMTM_SEX_CUR_NB","SEX_T","CUR_TYPE_USD","2006",4037.187,,"T30:206","R1:3513"
"CHE","BA:253","EAR_EMTM_SEX_CUR_NB","SEX_T","CUR_TYPE_LCU","2005",5001.687,,"T30:206","R1:3513"
"CHE","BA:253","EAR_EMTM_SEX_CUR_NB","SEX_T","CUR_TYPE_PPP","2005",2813.506,,"T30:206","R1:3513"
"CHE","BA:253","EAR_EMTM_SEX_CUR_NB","SEX_T","CUR_TYPE_USD","2005",4016.849,,"T30:206","R1:3513"
"CHE","BA:253","EAR_EMTM_SEX_CUR_NB","SEX_T","CUR_TYPE_LCU","2004",4983,,"T30:206","R1:3513"
"CHE","BA:253","EAR_EMTM_SEX_CUR_NB","SEX_T","CUR_TYPE_PPP","2004",2792.794,,"T30:206","R1:3513"
"CHE","BA:253","EAR_EMTM_SEX_CUR_NB","SEX_T","CUR_TYPE_USD","2004",4007.251,,"T30:206","R1:3513"
"CHE","BA:253","EAR_EMTM_SEX_CUR_NB","SEX_T","CUR_TYPE_LCU","2003",5000,,"T30:206","R1:3513"
"CHE","BA:253","EAR_EMTM_SEX_CUR_NB","SEX_T","CUR_TYPE_PPP","2003",2758.817,,"T30:206","R1:3513"
"CHE","BA:253","EAR_EMTM_SEX_CUR_NB","SEX_T","CUR_TYPE_USD","2003",3712.915,,"T30:206","R1:3513"
"CHE","BA:253","EAR_EMTM_SEX_CUR_NB","SEX_T","CUR_TYPE_LCU","2002",4910,,"T30:206","R1:3513"
"CHE","BA:253","EAR_EMTM_SEX_CUR_NB","SEX_T","CUR_TYPE_PPP","2002",2711.787,,"T30:206","R1:3513"
"CHE","BA:253","EAR_EMTM_SEX_CUR_NB","SEX_T","CUR_TYPE_USD","2002",3150.248,,"T30:206","R1:3513"
"CHE","BA:253","EAR_EMTM_SEX_CUR_NB","SEX_T","CUR_TYPE_LCU","2001",4875,,"T30:206","R1:3513"
"CHE","BA:253","EAR_EMTM_SEX_CUR_NB","SEX_T","CUR_TYPE_PPP","2001",2620.842,,"T30:206","R1:3513"
"CHE","BA:253","EAR_EMTM_SEX_CUR_NB","SEX_T","CUR_TYPE_USD","2001",2888.692,,"T30:206","R1:3513"
"CHE","BA:253","EAR_EMTM_SEX_CUR_NB","SEX_T","CUR_TYPE_LCU","2000",4766,,"T30:206","R1:3513"
"CHE","BA:253","EAR_EMTM_SEX_CUR_NB","SEX_T","CUR_TYPE_PPP","2000",2524.168,,"T30:206","R1:3513"
"CHE","BA:253","EAR_EMTM_SEX_CUR_NB","SEX_T","CUR_TYPE_USD","2000",2822.051,,"T30:206","R1:3513"
"CHL","BB:16207","EAR_EMTM_SEX_CUR_NB","SEX_T","CUR_TYPE_LCU","2024",700000,,"T30:74","R1:3513"
"CHL","BB:16207","EAR_EMTM_SEX_CUR_NB","SEX_T","CUR_TYPE_PPP","2024",1505.778,,"T30:74","R1:3513"
"CHL","BB:16207","EAR_EMTM_SEX_CUR_NB","SEX_T","CUR_TYPE_USD","2024",741.862,,"T30:74","R1:3513"
"CHL","BB:16207","EAR_EMTM_SEX_CUR_NB","SEX_T","CUR_TYPE_LCU","2023",632779.438,,"T30:74","R1:3513"
"CHL","BB:16207","EAR_EMTM_SEX_CUR_NB","SEX_T","CUR_TYPE_PPP","2023",1339.506,,"T30:74","R1:3513"
"CHL","BB:16207","EAR_EMTM_SEX_CUR_NB","SEX_T","CUR_TYPE_USD","2023",753.249,,"T30:74","R1:3513"
"CHL","BX:138","EAR_EMTM_SEX_CUR_NB","SEX_T","CUR_TYPE_LCU","2022",500000,,"T30:74","R1:3513"
"CHL","BX:138","EAR_EMTM_SEX_CUR_NB","SEX_T","CUR_TYPE_PPP","2022",1018.862,,"T30:74","R1:3513"
"CHL","BX:138","EAR_EMTM_SEX_CUR_NB","SEX_T","CUR_TYPE_USD","2022",572.532,,"T30:74","R1:3513"
"CHL","BB:16207","EAR_EMTM_SEX_CUR_NB","SEX_T","CUR_TYPE_LCU","2021",506684,,"T30:74","R1:3513"
"CHL","BB:16207","EAR_EMTM_SEX_CUR_NB","SEX_T","CUR_TYPE_PPP","2021",1053.111,,"T30:74","R1:3513"
"CHL","BB:16207","EAR_EMTM_SEX_CUR_NB","SEX_T","CUR_TYPE_USD","2021",667.607,,"T30:74","R1:3513"
"CHL","BX:138","EAR_EMTM_SEX_CUR_NB","SEX_T","CUR_TYPE_LCU","2020",473258.054,,"T30:74","R1:3513"
"CHL","BX:138","EAR_EMTM_SEX_CUR_NB","SEX_T","CUR_TYPE_PPP","2020",1016.959,,"T30:74","R1:3513"
"CHL","BX:138","EAR_EMTM_SEX_CUR_NB","SEX_T","CUR_TYPE_USD","2020",597,,"T30:74","R1:3513"
"CHL","BB:16207","EAR_EMTM_SEX_CUR_NB","SEX_T","CUR_TYPE_LCU","2018",411479.781,,"T30:74","R1:3513"
"CHL","BB:16207","EAR_EMTM_SEX_CUR_NB","SEX_T","CUR_TYPE_PPP","2018",897.815,,"T30:74","R1:3513"
"CHL","BB:16207","EAR_EMTM_SEX_CUR_NB","SEX_T","CUR_TYPE_USD","2018",641.657,,"T30:74","R1:3513"
"CHL","BX:138","EAR_EMTM_SEX_CUR_NB","SEX_T","CUR_TYPE_LCU","2017",400000,,"T30:74","R1:3513"
"CHL","BX:138","EAR_EMTM_SEX_CUR_NB","SEX_T","CUR_TYPE_PPP","2017",863.499,,"T30:74","R1:3513"
"CHL","BX:138","EAR_EMTM_SEX_CUR_NB","SEX_T","CUR_TYPE_USD","2017",616.491,,"T30:74","R1:3513"
"CHL","BB:16207","EAR_EMTM_SEX_CUR_NB","SEX_T","CUR_TYPE_LCU","2016",388647.469,,"T30:74","R1:3513"
"CHL","BB:16207","EAR_EMTM_SEX_CUR_NB","SEX_T","CUR_TYPE_PPP","2016",858.088,,"T30:74","R1:3513"
"CHL","BB:16207","EAR_EMTM_SEX_CUR_NB","SEX_T","CUR_TYPE_USD","2016",574.109,,"T30:74","R1:3513"
"CHL","BX:138","EAR_EMTM_SEX_CUR_NB","SEX_T","CUR_TYPE_LCU","2015",350000,,"T30:74","R1:3513"
"CHL","BX:138","EAR_EMTM_SEX_CUR_NB","SEX_T","CUR_TYPE_PPP","2015",782.531,,"T30:74","R1:3513"
"CHL","BX:138","EAR_EMTM_SEX_CUR_NB","SEX_T","CUR_TYPE_USD","2015",535.067,,"T30:74","R1:3513"
"CHL","BB:16207","EAR_EMTM_SEX_CUR_NB","SEX_T","CUR_TYPE_LCU","2014",349934.375,,"T30:74","R1:3513"
"CHL","BB:16207","EAR_EMTM_SEX_CUR_NB","SEX_T","CUR_TYPE_PPP","2014",852.104,,"T30:74","R1:3513"
"CHL","BB:16207","EAR_EMTM_SEX_CUR_NB","SEX_T","CUR_TYPE_USD","2014",613.545,,"T30:74","R1:3513"
"CHL","BX:138","EAR_EMTM_SEX_CUR_NB","SEX_T","CUR_TYPE_LCU","2013",300000,,"T30:74","R1:3513"
"CHL","BX:138","EAR_EMTM_SEX_CUR_NB","SEX_T","CUR_TYPE_PPP","2013",768.913,,"T30:74","R1:3513"
"CHL","BX:138","EAR_EMTM_SEX_CUR_NB","SEX_T","CUR_TYPE_USD","2013",605.727,,"T30:74","R1:3513"
"CHL","BB:16207","EAR_EMTM_SEX_CUR_NB","SEX_T","CUR_TYPE_LCU","2012",300000,,"T30:74","R1:3513"
"CHL","BB:16207","EAR_EMTM_SEX_CUR_NB","SEX_T","CUR_TYPE_PPP","2012",766.142,,"T30:74","R1:3513"
"CHL","BB:16207","EAR_EMTM_SEX_CUR_NB","SEX_T","CUR_TYPE_USD","2012",616.686,,"T30:74","R1:3513"
"CHL","BX:138","EAR_EMTM_SEX_CUR_NB","SEX_T","CUR_TYPE_LCU","2011",274750,,"T30:74","R1:3513"
"CHL","BX:138","EAR_EMTM_SEX_CUR_NB","SEX_T","CUR_TYPE_PPP","2011",742.169,,"T30:74","R1:3513"
"CHL","BX:138","EAR_EMTM_SEX_CUR_NB","SEX_T","CUR_TYPE_USD","2011",568.056,,"T30:74","R1:3513"
"CHL","BB:16207","EAR_EMTM_SEX_CUR_NB","SEX_T","CUR_TYPE_LCU","2010",240234.875,,"T30:74","R1:3513"
"CHL","BB:16207","EAR_EMTM_SEX_CUR_NB","SEX_T","CUR_TYPE_PPP","2010",640.453,,"T30:74","R1:3513"
"CHL","BB:16207","EAR_EMTM_SEX_CUR_NB","SEX_T","CUR_TYPE_USD","2010",470.819,,"T30:74","R1:3513"
"CHL","BX:138","EAR_EMTM_SEX_CUR_NB","SEX_T","CUR_TYPE_LCU","2009",243100,,"T30:74","R1:3513"
"CHL","BX:138","EAR_EMTM_SEX_CUR_NB","SEX_T","CUR_TYPE_PPP","2009",657.725,,"T30:74","R1:3513"
"CHL","BX:138","EAR_EMTM_SEX_CUR_NB","SEX_T","CUR_TYPE_USD","2009",433.442,,"T30:74","R1:3513"
"CHL","BX:138","EAR_EMTM_SEX_CUR_NB","SEX_T","CUR_TYPE_LCU","2006",184660.666,,"T30:74","R1:3513"
"CHL","BX:138","EAR_EMTM_SEX_CUR_NB","SEX_T","CUR_TYPE_PPP","2006",541.651,,"T30:74","R1:3513"
"CHL","BX:138","EAR_EMTM_SEX_CUR_NB","SEX_T","CUR_TYPE_USD","2006",348.236,,"T30:74","R1:3513"
"CHL","BX:138","EAR_EMTM_SEX_CUR_NB","SEX_T","CUR_TYPE_LCU","2003",150000,,"T30:74","R1:3513"
"CHL","BX:138","EAR_EMTM_SEX_CUR_NB","SEX_T","CUR_TYPE_PPP","2003",388.863,,"T30:74","R1:3513"
"CHL","BX:138","EAR_EMTM_SEX_CUR_NB","SEX_T","CUR_TYPE_USD","2003",216.952,,"T30:74","R1:3513"
"CHL","BX:138","EAR_EMTM_SEX_CUR_NB","SEX_T","CUR_TYPE_LCU","2000",147000,,"T30:74","R1:3513"
"CHL","BX:138","EAR_EMTM_SEX_CUR_NB","SEX_T","CUR_TYPE_PPP","2000",401.352,,"T30:74","R1:3513"
"CHL","BX:138","EAR_EMTM_SEX_CUR_NB","SEX_T","CUR_TYPE_USD","2000",272.43,,"T30:74","R1:3513"
"CIV","BB:16197","EAR_EMTM_SEX_CUR_NB","SEX_T","CUR_TYPE_LCU","2022",81000,,"T30:13","R1:3513"
"CIV","BB:16197","EAR_EMTM_SEX_CUR_NB","SEX_T","CUR_TYPE_PPP","2022",348.502,,"T30:13","R1:3513"
"CIV","BB:16197","EAR_EMTM_SEX_CUR_NB","SEX_T","CUR_TYPE_USD","2022",129.858,,"T30:13","R1:3513"
"CIV","BA:7345","EAR_EMTM_SEX_CUR_NB","SEX_T","CUR_TYPE_LCU","2019",94341,,"T30:13","R1:3513"
"CIV","BA:7345","EAR_EMTM_SEX_CUR_NB","SEX_T","CUR_TYPE_PPP","2019",406.45,,"T30:13","R1:3513"
"CIV","BA:7345","EAR_EMTM_SEX_CUR_NB","SEX_T","CUR_TYPE_USD","2019",161.016,,"T30:13","R1:3513"
"CIV","BA:14098","EAR_EMTM_SEX_CUR_NB","SEX_T","CUR_TYPE_LCU","2017",60000,,"T30:13","R1:3513"
"CIV","BA:14098","EAR_EMTM_SEX_CUR_NB","SEX_T","CUR_TYPE_PPP","2017",247.255,,"T30:13","R1:3513"
"CIV","BA:14098","EAR_EMTM_SEX_CUR_NB","SEX_T","CUR_TYPE_USD","2017",103.331,,"T30:13","R1:3513"
"CIV","BA:7345","EAR_EMTM_SEX_CUR_NB","SEX_T","CUR_TYPE_LCU","2013",50000,,"T30:13","R1:3513"
"CIV","BA:7345","EAR_EMTM_SEX_CUR_NB","SEX_T","CUR_TYPE_PPP","2013",206.183,,"T30:13","R1:3513"
"CIV","BA:7345","EAR_EMTM_SEX_CUR_NB","SEX_T","CUR_TYPE_USD","2013",101.235,,"T30:13","R1:3513"
"CIV","BA:7345","EAR_EMTM_SEX_CUR_NB","SEX_T","CUR_TYPE_LCU","2012",45000,"B","T30:13_I11:264","R1:3513"
"CIV","BA:7345","EAR_EMTM_SEX_CUR_NB","SEX_T","CUR_TYPE_PPP","2012",191.711,"B","T30:13_I11:264","R1:3513"
"CIV","BA:7345","EAR_EMTM_SEX_CUR_NB","SEX_T","CUR_TYPE_USD","2012",88.139,"B","T30:13_I11:264","R1:3513"
"CMR","BX:7419","EAR_EMTM_SEX_CUR_NB","SEX_T","CUR_TYPE_LCU","2014",60000,,"T30:7","R1:3513"
"CMR","BX:7419","EAR_EMTM_SEX_CUR_NB","SEX_T","CUR_TYPE_PPP","2014",250.763,,"T30:7","R1:3513"
"CMR","BX:7419","EAR_EMTM_SEX_CUR_NB","SEX_T","CUR_TYPE_USD","2014",121.517,,"T30:7","R1:3513"
"COD","BX:16939","EAR_EMTM_SEX_CUR_NB","SEX_T","CUR_TYPE_LCU","2016",90000,,"T30:12","R1:3513_S4:33"
"COD","BX:16939","EAR_EMTM_SEX_CUR_NB","SEX_T","CUR_TYPE_PPP","2016",183.327,,"T30:12","R1:3513_S4:33"
"COD","BX:16939","EAR_EMTM_SEX_CUR_NB","SEX_T","CUR_TYPE_USD","2016",89.082,,"T30:12","R1:3513_S4:33"
"COD","BA:3051","EAR_EMTM_SEX_CUR_NB","SEX_T","CUR_TYPE_LCU","2012",56000,"B","T30:12_I11:264","R1:3513"
"COD","BA:3051","EAR_EMTM_SEX_CUR_NB","SEX_T","CUR_TYPE_PPP","2012",100.111,"B","T30:12_I11:264","R1:3513"
"COD","BA:3051","EAR_EMTM_SEX_CUR_NB","SEX_T","CUR_TYPE_USD","2012",60.886,"B","T30:12_I11:264","R1:3513"
"COD","BA:3051","EAR_EMTM_SEX_CUR_NB","SEX_T","CUR_TYPE_LCU","2005",5000,"B","T30:12_I11:264","R1:3513"
"COD","BA:3051","EAR_EMTM_SEX_CUR_NB","SEX_T","CUR_TYPE_PPP","2005",15.633,"B","T30:12_I11:264","R1:3513"
"COD","BA:3051","EAR_EMTM_SEX_CUR_NB","SEX_T","CUR_TYPE_USD","2005",10.551,"B","T30:12_I11:264","R1:3513"
"COG","BA:2624","EAR_EMTM_SEX_CUR_NB","SEX_T","CUR_TYPE_LCU","2009",80000,"B","T30:11_I11:264","R1:3513_S4:31"
"COG","BA:2624","EAR_EMTM_SEX_CUR_NB","SEX_T","CUR_TYPE_PPP","2009",256.638,"B","T30:11_I11:264","R1:3513_S4:31"
"COG","BA:2624","EAR_EMTM_SEX_CUR_NB","SEX_T","CUR_TYPE_USD","2009",170.107,"B","T30:11_I11:264","R1:3513_S4:31"
"COK","BA:15665","EAR_EMTM_SEX_CUR_NB","SEX_T","CUR_TYPE_LCU","2023",2066.933,,"T30:213","R1:3513"
"COK","BA:15665","EAR_EMTM_SEX_CUR_NB","SEX_T","CUR_TYPE_LCU","2019",1400,"B","T30:213_I11:264","R1:3513"
"COL","BA:358","EAR_EMTM_SEX_CUR_NB","SEX_T","CUR_TYPE_LCU","2025",1500000,,"T30:71","R1:3513"
"COL","BA:358","EAR_EMTM_SEX_CUR_NB","SEX_T","CUR_TYPE_PPP","2025",900.58,,"T30:71","R1:3513"
"COL","BA:358","EAR_EMTM_SEX_CUR_NB","SEX_T","CUR_TYPE_USD","2025",370.084,,"T30:71","R1:3513"
"COL","BA:358","EAR_EMTM_SEX_CUR_NB","SEX_T","CUR_TYPE_LCU","2024",1300000,,"T30:71","R1:3513"
"COL","BA:358","EAR_EMTM_SEX_CUR_NB","SEX_T","CUR_TYPE_PPP","2024",842.955,,"T30:71","R1:3513"
"COL","BA:358","EAR_EMTM_SEX_CUR_NB","SEX_T","CUR_TYPE_USD","2024",319.063,,"T30:71","R1:3513"
"COL","BA:358","EAR_EMTM_SEX_CUR_NB","SEX_T","CUR_TYPE_LCU","2023",1200000,,"T30:71","R1:3513"
"COL","BA:358","EAR_EMTM_SEX_CUR_NB","SEX_T","CUR_TYPE_PPP","2023",789.358,,"T30:71","R1:3513"
"COL","BA:358","EAR_EMTM_SEX_CUR_NB","SEX_T","CUR_TYPE_USD","2023",277.395,,"T30:71","R1:3513"
"COL","BA:358","EAR_EMTM_SEX_CUR_NB","SEX_T","CUR_TYPE_LCU","2022",1100000,"B","T30:71_I11:264","R1:3513"
"COL","BA:358","EAR_EMTM_SEX_CUR_NB","SEX_T","CUR_TYPE_PPP","2022",709.945,"B","T30:71_I11:264","R1:3513"
"COL","BA:358","EAR_EMTM_SEX_CUR_NB","SEX_T","CUR_TYPE_USD","2022",258.447,"B","T30:71_I11:264","R1:3513"
"COL","BA:358","EAR_EMTM_SEX_CUR_NB","SEX_T","CUR_TYPE_LCU","2021",908600,,"T30:71","R1:3513"
"COL","BA:358","EAR_EMTM_SEX_CUR_NB","SEX_T","CUR_TYPE_PPP","2021",587.458,,"T30:71","R1:3513"
"COL","BA:358","EAR_EMTM_SEX_CUR_NB","SEX_T","CUR_TYPE_USD","2021",242.666,,"T30:71","R1:3513"
"COL","BA:358","EAR_EMTM_SEX_CUR_NB","SEX_T","CUR_TYPE_LCU","2019",900000,,"T30:71","R1:3513"
"COL","BA:358","EAR_EMTM_SEX_CUR_NB","SEX_T","CUR_TYPE_PPP","2019",601.949,,"T30:71","R1:3513"
"COL","BA:358","EAR_EMTM_SEX_CUR_NB","SEX_T","CUR_TYPE_USD","2019",274.255,,"T30:71","R1:3513"
"COL","BA:358","EAR_EMTM_SEX_CUR_NB","SEX_T","CUR_TYPE_LCU","2018",857098.721,,"T30:71","R1:3513"
"COL","BA:358","EAR_EMTM_SEX_CUR_NB","SEX_T","CUR_TYPE_PPP","2018",585.285,,"T30:71","R1:3513"
"COL","BA:358","EAR_EMTM_SEX_CUR_NB","SEX_T","CUR_TYPE_USD","2018",289.981,,"T30:71","R1:3513"
"COL","BA:358","EAR_EMTM_SEX_CUR_NB","SEX_T","CUR_TYPE_LCU","2017",815000,,"T30:71","R1:3513"
"COL","BA:358","EAR_EMTM_SEX_CUR_NB","SEX_T","CUR_TYPE_PPP","2017",555.449,,"T30:71","R1:3513"
"COL","BA:358","EAR_EMTM_SEX_CUR_NB","SEX_T","CUR_TYPE_USD","2017",276.132,,"T30:71","R1:3513"
"COL","BA:358","EAR_EMTM_SEX_CUR_NB","SEX_T","CUR_TYPE_LCU","2016",800000,,"T30:71","R1:3513"
"COL","BA:358","EAR_EMTM_SEX_CUR_NB","SEX_T","CUR_TYPE_PPP","2016",570.082,,"T30:71","R1:3513"
"COL","BA:358","EAR_EMTM_SEX_CUR_NB","SEX_T","CUR_TYPE_USD","2016",261.844,,"T30:71","R1:3513"
"COL","BA:358","EAR_EMTM_SEX_CUR_NB","SEX_T","CUR_TYPE_LCU","2015",732000,,"T30:71","R1:3513"
"COL","BA:358","EAR_EMTM_SEX_CUR_NB","SEX_T","CUR_TYPE_PPP","2015",554.773,,"T30:71","R1:3513"
"COL","BA:358","EAR_EMTM_SEX_CUR_NB","SEX_T","CUR_TYPE_USD","2015",266.98,,"T30:71","R1:3513"
"COL","BA:358","EAR_EMTM_SEX_CUR_NB","SEX_T","CUR_TYPE_LCU","2014",700000,,"T30:71","R1:3513"
"COL","BA:358","EAR_EMTM_SEX_CUR_NB","SEX_T","CUR_TYPE_PPP","2014",556.076,,"T30:71","R1:3513"
"COL","BA:358","EAR_EMTM_SEX_CUR_NB","SEX_T","CUR_TYPE_USD","2014",349.807,,"T30:71","R1:3513"
"COL","BA:358","EAR_EMTM_SEX_CUR_NB","SEX_T","CUR_TYPE_LCU","2013",680000,,"T30:71","R1:3513"
"COL","BA:358","EAR_EMTM_SEX_CUR_NB","SEX_T","CUR_TYPE_PPP","2013",554.066,,"T30:71","R1:3513"
"COL","BA:358","EAR_EMTM_SEX_CUR_NB","SEX_T","CUR_TYPE_USD","2013",363.851,,"T30:71","R1:3513"
"COL","BA:358","EAR_EMTM_SEX_CUR_NB","SEX_T","CUR_TYPE_LCU","2012",640000,,"T30:71","R1:3513"
"COL","BA:358","EAR_EMTM_SEX_CUR_NB","SEX_T","CUR_TYPE_PPP","2012",536.639,,"T30:71","R1:3513"
"COL","BA:358","EAR_EMTM_SEX_CUR_NB","SEX_T","CUR_TYPE_USD","2012",355.949,,"T30:71","R1:3513"
"COL","BA:358","EAR_EMTM_SEX_CUR_NB","SEX_T","CUR_TYPE_LCU","2011",600000,,"T30:71","R1:3513"
"COL","BA:358","EAR_EMTM_SEX_CUR_NB","SEX_T","CUR_TYPE_PPP","2011",495.461,,"T30:71","R1:3513"
"COL","BA:358","EAR_EMTM_SEX_CUR_NB","SEX_T","CUR_TYPE_USD","2011",324.672,,"T30:71","R1:3513"
"COL","BA:358","EAR_EMTM_SEX_CUR_NB","SEX_T","CUR_TYPE_LCU","2010",580000,"B","T30:71_I11:264","R1:3513"
"COL","BA:358","EAR_EMTM_SEX_CUR_NB","SEX_T","CUR_TYPE_PPP","2010",480.144,"B","T30:71_I11:264","R1:3513"
"COL","BA:358","EAR_EMTM_SEX_CUR_NB","SEX_T","CUR_TYPE_USD","2010",305.424,"B","T30:71_I11:264","R1:3513"
"COL","BX:2226","EAR_EMTM_SEX_CUR_NB","SEX_T","CUR_TYPE_LCU","2005",420000,,"T30:71","R1:3513"
"COL","BX:2226","EAR_EMTM_SEX_CUR_NB","SEX_T","CUR_TYPE_PPP","2005",390.848,,"T30:71","R1:3513"
"COL","BX:2226","EAR_EMTM_SEX_CUR_NB","SEX_T","CUR_TYPE_USD","2005",180.946,,"T30:71","R1:3513"
"COL","BX:2226","EAR_EMTM_SEX_CUR_NB","SEX_T","CUR_TYPE_LCU","2004",382654.927,,"T30:71","R1:3513"
"COL","BX:2226","EAR_EMTM_SEX_CUR_NB","SEX_T","CUR_TYPE_PPP","2004",361.806,,"T30:71","R1:3513"
"COL","BX:2226","EAR_EMTM_SEX_CUR_NB","SEX_T","CUR_TYPE_USD","2004",145.586,,"T30:71","R1:3513"
"COL","BX:2226","EAR_EMTM_SEX_CUR_NB","SEX_T","CUR_TYPE_LCU","2003",342000,,"T30:71","R1:3513"
"COL","BX:2226","EAR_EMTM_SEX_CUR_NB","SEX_T","CUR_TYPE_PPP","2003",333.529,,"T30:71","R1:3513"
"COL","BX:2226","EAR_EMTM_SEX_CUR_NB","SEX_T","CUR_TYPE_USD","2003",118.851,,"T30:71","R1:3513"
"COL","BX:2226","EAR_EMTM_SEX_CUR_NB","SEX_T","CUR_TYPE_LCU","2002",316000,,"T30:71","R1:3513"
"COL","BX:2226","EAR_EMTM_SEX_CUR_NB","SEX_T","CUR_TYPE_PPP","2002",322.817,,"T30:71","R1:3513"
"COL","BX:2226","EAR_EMTM_SEX_CUR_NB","SEX_T","CUR_TYPE_USD","2002",126.164,,"T30:71","R1:3513"
"COM","BA:14125","EAR_EMTM_SEX_CUR_NB","SEX_T","CUR_TYPE_LCU","2021",75000,,"T30:10","R1:3513"
"COM","BA:14125","EAR_EMTM_SEX_CUR_NB","SEX_T","CUR_TYPE_PPP","2021",328.878,,"T30:10","R1:3513"
"COM","BA:14125","EAR_EMTM_SEX_CUR_NB","SEX_T","CUR_TYPE_USD","2021",180.308,,"T30:10","R1:3513"
"COM","BA:14125","EAR_EMTM_SEX_CUR_NB","SEX_T","CUR_TYPE_LCU","2014",70000,,"T30:10","R1:3513"
"COM","BA:14125","EAR_EMTM_SEX_CUR_NB","SEX_T","CUR_TYPE_PPP","2014",314.744,,"T30:10","R1:3513"
"COM","BA:14125","EAR_EMTM_SEX_CUR_NB","SEX_T","CUR_TYPE_USD","2014",189.027,,"T30:10","R1:3513"
"COM","BX:13363","EAR_EMTM_SEX_CUR_NB","SEX_T","CUR_TYPE_LCU","2004",65000,,"T30:10","R1:3513"
"COM","BX:13363","EAR_EMTM_SEX_CUR_NB","SEX_T","CUR_TYPE_PPP","2004",287.918,,"T30:10","R1:3513"
"COM","BX:13363","EAR_EMTM_SEX_CUR_NB","SEX_T","CUR_TYPE_USD","2004",164.347,,"T30:10","R1:3513"
"CPV","BA:7395","EAR_EMTM_SEX_CUR_NB","SEX_T","CUR_TYPE_LCU","2015",21822.921,"B","T30:8_I11:264","R1:3513_T2:85"
"CPV","BA:7395","EAR_EMTM_SEX_CUR_NB","SEX_T","CUR_TYPE_PPP","2015",433.233,"B","T30:8_I11:264","R1:3513_T2:85"
"CPV","BA:7395","EAR_EMTM_SEX_CUR_NB","SEX_T","CUR_TYPE_USD","2015",219.578,"B","T30:8_I11:264","R1:3513_T2:85"
"CRI","BA:12883","EAR_EMTM_SEX_CUR_NB","SEX_T","CUR_TYPE_LCU","2025",450000,,"T30:72","R1:3513"
"CRI","BA:12883","EAR_EMTM_SEX_CUR_NB","SEX_T","CUR_TYPE_PPP","2025",1430.666,,"T30:72","R1:3513"
"CRI","BA:12883","EAR_EMTM_SEX_CUR_NB","SEX_T","CUR_TYPE_USD","2025",893.749,,"T30:72","R1:3513"
"CRI","BA:12883","EAR_EMTM_SEX_CUR_NB","SEX_T","CUR_TYPE_LCU","2024",433333.344,,"T30:72","R1:3513"
"CRI","BA:12883","EAR_EMTM_SEX_CUR_NB","SEX_T","CUR_TYPE_PPP","2024",1320.951,,"T30:72","R1:3513"
"CRI","BA:12883","EAR_EMTM_SEX_CUR_NB","SEX_T","CUR_TYPE_USD","2024",841.245,,"T30:72","R1:3513"
"CRI","BA:12883","EAR_EMTM_SEX_CUR_NB","SEX_T","CUR_TYPE_LCU","2023",411666.656,,"T30:72","R1:3513"
"CRI","BA:12883","EAR_EMTM_SEX_CUR_NB","SEX_T","CUR_TYPE_PPP","2023",1211.049,,"T30:72","R1:3513"
"CRI","BA:12883","EAR_EMTM_SEX_CUR_NB","SEX_T","CUR_TYPE_USD","2023",756.67,,"T30:72","R1:3513"
"CRI","BA:12883","EAR_EMTM_SEX_CUR_NB","SEX_T","CUR_TYPE_LCU","2022",391666.656,,"T30:72","R1:3513"
"CRI","BA:12883","EAR_EMTM_SEX_CUR_NB","SEX_T","CUR_TYPE_PPP","2022",1053.297,,"T30:72","R1:3513"
"CRI","BA:12883","EAR_EMTM_SEX_CUR_NB","SEX_T","CUR_TYPE_USD","2022",605.231,,"T30:72","R1:3513"
"CRI","BA:12883","EAR_EMTM_SEX_CUR_NB","SEX_T","CUR_TYPE_LCU","2021",380000,,"T30:72","R1:3513"
"CRI","BA:12883","EAR_EMTM_SEX_CUR_NB","SEX_T","CUR_TYPE_PPP","2021",1045.88,,"T30:72","R1:3513"
"CRI","BA:12883","EAR_EMTM_SEX_CUR_NB","SEX_T","CUR_TYPE_USD","2021",612.128,,"T30:72","R1:3513"
"CRI","BA:12883","EAR_EMTM_SEX_CUR_NB","SEX_T","CUR_TYPE_LCU","2020",383333.344,,"T30:72","R1:3513"
"CRI","BA:12883","EAR_EMTM_SEX_CUR_NB","SEX_T","CUR_TYPE_PPP","2020",1035.583,,"T30:72","R1:3513"
"CRI","BA:12883","EAR_EMTM_SEX_CUR_NB","SEX_T","CUR_TYPE_USD","2020",655.382,,"T30:72","R1:3513"
"CRI","BA:12883","EAR_EMTM_SEX_CUR_NB","SEX_T","CUR_TYPE_LCU","2019",383333.344,,"T30:72","R1:3513"
"CRI","BA:12883","EAR_EMTM_SEX_CUR_NB","SEX_T","CUR_TYPE_PPP","2019",1074.257,,"T30:72","R1:3513"
"CRI","BA:12883","EAR_EMTM_SEX_CUR_NB","SEX_T","CUR_TYPE_USD","2019",652.71,,"T30:72","R1:3513"
"CRI","BA:12883","EAR_EMTM_SEX_CUR_NB","SEX_T","CUR_TYPE_LCU","2018",373750,,"T30:72","R1:3513"
"CRI","BA:12883","EAR_EMTM_SEX_CUR_NB","SEX_T","CUR_TYPE_PPP","2018",1028.478,,"T30:72","R1:3513"
"CRI","BA:12883","EAR_EMTM_SEX_CUR_NB","SEX_T","CUR_TYPE_USD","2018",647.778,,"T30:72","R1:3513"
"CRI","BA:12883","EAR_EMTM_SEX_CUR_NB","SEX_T","CUR_TYPE_LCU","2017",375691.265,,"T30:72","R1:3513"
"CRI","BA:12883","EAR_EMTM_SEX_CUR_NB","SEX_T","CUR_TYPE_PPP","2017",1040.389,,"T30:72","R1:3513"
"CRI","BA:12883","EAR_EMTM_SEX_CUR_NB","SEX_T","CUR_TYPE_USD","2017",661.996,,"T30:72","R1:3513"
"CRI","BX:142","EAR_EMTM_SEX_CUR_NB","SEX_T","CUR_TYPE_LCU","2016",346666.656,,"T30:72","R1:3513"
"CRI","BX:142","EAR_EMTM_SEX_CUR_NB","SEX_T","CUR_TYPE_PPP","2016",957.038,,"T30:72","R1:3513"
"CRI","BX:142","EAR_EMTM_SEX_CUR_NB","SEX_T","CUR_TYPE_USD","2016",636.39,,"T30:72","R1:3513"
"CRI","BX:142","EAR_EMTM_SEX_CUR_NB","SEX_T","CUR_TYPE_LCU","2015",346400,,"T30:72","R1:3513"
"CRI","BX:142","EAR_EMTM_SEX_CUR_NB","SEX_T","CUR_TYPE_PPP","2015",940.7,,"T30:72","R1:3513"
"CRI","BX:142","EAR_EMTM_SEX_CUR_NB","SEX_T","CUR_TYPE_USD","2015",648.003,,"T30:72","R1:3513"
"CRI","BX:142","EAR_EMTM_SEX_CUR_NB","SEX_T","CUR_TYPE_LCU","2014",345669.009,,"T30:72","R1:3513"
"CRI","BX:142","EAR_EMTM_SEX_CUR_NB","SEX_T","CUR_TYPE_PPP","2014",929.399,,"T30:72","R1:3513"
"CRI","BX:142","EAR_EMTM_SEX_CUR_NB","SEX_T","CUR_TYPE_USD","2014",642.129,,"T30:72","R1:3513"
"CRI","BX:142","EAR_EMTM_SEX_CUR_NB","SEX_T","CUR_TYPE_LCU","2013",325000,,"T30:72","R1:3513"
"CRI","BX:142","EAR_EMTM_SEX_CUR_NB","SEX_T","CUR_TYPE_PPP","2013",896.57,,"T30:72","R1:3513"
"CRI","BX:142","EAR_EMTM_SEX_CUR_NB","SEX_T","CUR_TYPE_USD","2013",650.303,,"T30:72","R1:3513"
"CRI","BX:142","EAR_EMTM_SEX_CUR_NB","SEX_T","CUR_TYPE_LCU","2012",308268.188,,"T30:72","R1:3513"
"CRI","BX:142","EAR_EMTM_SEX_CUR_NB","SEX_T","CUR_TYPE_PPP","2012",896.682,,"T30:72","R1:3513"
"CRI","BX:142","EAR_EMTM_SEX_CUR_NB","SEX_T","CUR_TYPE_USD","2012",612.979,,"T30:72","R1:3513"
"CRI","BX:142","EAR_EMTM_SEX_CUR_NB","SEX_T","CUR_TYPE_LCU","2010",260000,,"T30:72","R1:3513"
"CRI","BX:142","EAR_EMTM_SEX_CUR_NB","SEX_T","CUR_TYPE_PPP","2010",756.534,,"T30:72","R1:3513"
"CRI","BX:142","EAR_EMTM_SEX_CUR_NB","SEX_T","CUR_TYPE_USD","2010",494.457,,"T30:72","R1:3513"
"CRI","BX:7407","EAR_EMTM_SEX_CUR_NB","SEX_T","CUR_TYPE_LCU","2007",173200,,"T30:72","R1:3513"
"CRI","BX:7407","EAR_EMTM_SEX_CUR_NB","SEX_T","CUR_TYPE_PPP","2007",619.36,,"T30:72","R1:3513"
"CRI","BX:7407","EAR_EMTM_SEX_CUR_NB","SEX_T","CUR_TYPE_USD","2007",335.258,,"T30:72","R1:3513"
"CRI","BX:7407","EAR_EMTM_SEX_CUR_NB","SEX_T","CUR_TYPE_LCU","2006",153846,,"T30:72","R1:3513"
"CRI","BX:7407","EAR_EMTM_SEX_CUR_NB","SEX_T","CUR_TYPE_PPP","2006",584.943,,"T30:72","R1:3513"
"CRI","BX:7407","EAR_EMTM_SEX_CUR_NB","SEX_T","CUR_TYPE_USD","2006",300.891,,"T30:72","R1:3513"
"CRI","BX:7407","EAR_EMTM_SEX_CUR_NB","SEX_T","CUR_TYPE_LCU","2005",131868,,"T30:72","R1:3513"
"CRI","BX:7407","EAR_EMTM_SEX_CUR_NB","SEX_T","CUR_TYPE_PPP","2005",541.425,,"T30:72","R1:3513"
"CRI","BX:7407","EAR_EMTM_SEX_CUR_NB","SEX_T","CUR_TYPE_USD","2005",275.998,,"T30:72","R1:3513"
"CRI","BX:7407","EAR_EMTM_SEX_CUR_NB","SEX_T","CUR_TYPE_LCU","2004",121006.4,,"T30:72","R1:3513"
"CRI","BX:7407","EAR_EMTM_SEX_CUR_NB","SEX_T","CUR_TYPE_PPP","2004",546.831,,"T30:72","R1:3513"
"CRI","BX:7407","EAR_EMTM_SEX_CUR_NB","SEX_T","CUR_TYPE_USD","2004",276.311,,"T30:72","R1:3513"
"CRI","BX:7407","EAR_EMTM_SEX_CUR_NB","SEX_T","CUR_TYPE_LCU","2003",109890,,"T30:72","R1:3513"
"CRI","BX:7407","EAR_EMTM_SEX_CUR_NB","SEX_T","CUR_TYPE_PPP","2003",543.207,,"T30:72","R1:3513"
"CRI","BX:7407","EAR_EMTM_SEX_CUR_NB","SEX_T","CUR_TYPE_USD","2003",275.647,,"T30:72","R1:3513"
"CRI","BX:7407","EAR_EMTM_SEX_CUR_NB","SEX_T","CUR_TYPE_LCU","2002",100000,,"T30:72","R1:3513"
"CRI","BX:7407","EAR_EMTM_SEX_CUR_NB","SEX_T","CUR_TYPE_PPP","2002",529.011,,"T30:72","R1:3513"
"CRI","BX:7407","EAR_EMTM_SEX_CUR_NB","SEX_T","CUR_TYPE_USD","2002",277.919,,"T30:72","R1:3513"
"CRI","BX:7407","EAR_EMTM_SEX_CUR_NB","SEX_T","CUR_TYPE_LCU","2001",100590.681,"B","T30:72_I11:264","R1:3513"
"CRI","BX:7407","EAR_EMTM_SEX_CUR_NB","SEX_T","CUR_TYPE_PPP","2001",571.85,"B","T30:72_I11:264","R1:3513"
"CRI","BX:7407","EAR_EMTM_SEX_CUR_NB","SEX_T","CUR_TYPE_USD","2001",305.867,"B","T30:72_I11:264","R1:3513"
"CYP","BB:459","EAR_EMTM_SEX_CUR_NB","SEX_T","CUR_TYPE_LCU","2025",2281.048,,"T30:168","R1:3513_T2:85"
"CYP","BB:459","EAR_EMTM_SEX_CUR_NB","SEX_T","CUR_TYPE_PPP","2025",3851.49,,"T30:168","R1:3513_T2:85"
"CYP","BB:459","EAR_EMTM_SEX_CUR_NB","SEX_T","CUR_TYPE_USD","2025",2577.585,,"T30:168","R1:3513_T2:85"
"CYP","BB:459","EAR_EMTM_SEX_CUR_NB","SEX_T","CUR_TYPE_LCU","2024",2092.877,,"T30:168","R1:3513_T2:85"
"CYP","BB:459","EAR_EMTM_SEX_CUR_NB","SEX_T","CUR_TYPE_PPP","2024",3542.524,,"T30:168","R1:3513_T2:85"
"CYP","BB:459","EAR_EMTM_SEX_CUR_NB","SEX_T","CUR_TYPE_USD","2024",2265.33,,"T30:168","R1:3513_T2:85"
"CYP","BB:459","EAR_EMTM_SEX_CUR_NB","SEX_T","CUR_TYPE_LCU","2023",1973.534,,"T30:168","R1:3513_T2:85"
"CYP","BB:459","EAR_EMTM_SEX_CUR_NB","SEX_T","CUR_TYPE_PPP","2023",3326.436,,"T30:168","R1:3513_T2:85"
"CYP","BB:459","EAR_EMTM_SEX_CUR_NB","SEX_T","CUR_TYPE_USD","2023",2133.982,,"T30:168","R1:3513_T2:85"
"CYP","BB:459","EAR_EMTM_SEX_CUR_NB","SEX_T","CUR_TYPE_LCU","2022",1916.577,,"T30:168","R1:3513_T2:85"
"CYP","BB:459","EAR_EMTM_SEX_CUR_NB","SEX_T","CUR_TYPE_PPP","2022",3094.614,,"T30:168","R1:3513_T2:85"
"CYP","BB:459","EAR_EMTM_SEX_CUR_NB","SEX_T","CUR_TYPE_USD","2022",2018.156,,"T30:168","R1:3513_T2:85"
"CYP","BB:459","EAR_EMTM_SEX_CUR_NB","SEX_T","CUR_TYPE_LCU","2021",1748.901,,"T30:168","R1:3513_T2:85"
"CYP","BB:459","EAR_EMTM_SEX_CUR_NB","SEX_T","CUR_TYPE_PPP","2021",2726.015,,"T30:168","R1:3513_T2:85"
"CYP","BB:459","EAR_EMTM_SEX_CUR_NB","SEX_T","CUR_TYPE_USD","2021",2068.425,,"T30:168","R1:3513_T2:85"
"CYP","BB:459","EAR_EMTM_SEX_CUR_NB","SEX_T","CUR_TYPE_LCU","2020",1727.132,,"T30:168","R1:3513_T2:85"
"CYP","BB:459","EAR_EMTM_SEX_CUR_NB","SEX_T","CUR_TYPE_PPP","2020",2713.502,,"T30:168","R1:3513_T2:85"
"CYP","BB:459","EAR_EMTM_SEX_CUR_NB","SEX_T","CUR_TYPE_USD","2020",1972.73,,"T30:168","R1:3513_T2:85"
"CYP","BB:459","EAR_EMTM_SEX_CUR_NB","SEX_T","CUR_TYPE_LCU","2019",1595.24,,"T30:168","R1:3513_T2:85"
"CYP","BB:459","EAR_EMTM_SEX_CUR_NB","SEX_T","CUR_TYPE_PPP","2019",2453.604,,"T30:168","R1:3513_T2:85"
"CYP","BB:459","EAR_EMTM_SEX_CUR_NB","SEX_T","CUR_TYPE_USD","2019",1785.871,,"T30:168","R1:3513_T2:85"
"CYP","BB:459","EAR_EMTM_SEX_CUR_NB","SEX_T","CUR_TYPE_LCU","2018",1574.842,,"T30:168","R1:3513_T2:85"
"CYP","BB:459","EAR_EMTM_SEX_CUR_NB","SEX_T","CUR_TYPE_PPP","2018",2347.8,,"T30:168","R1:3513_T2:85"
"CYP","BB:459","EAR_EMTM_SEX_CUR_NB","SEX_T","CUR_TYPE_USD","2018",1859.888,,"T30:168","R1:3513_T2:85"
"CYP","BB:459","EAR_EMTM_SEX_CUR_NB","SEX_T","CUR_TYPE_LCU","2017",1573.761,,"T30:168","R1:3513_T2:85"
"CYP","BB:459","EAR_EMTM_SEX_CUR_NB","SEX_T","CUR_TYPE_PPP","2017",2335.712,,"T30:168","R1:3513_T2:85"
"CYP","BB:459","EAR_EMTM_SEX_CUR_NB","SEX_T","CUR_TYPE_USD","2017",1777.878,,"T30:168","R1:3513_T2:85"
"CYP","BB:459","EAR_EMTM_SEX_CUR_NB","SEX_T","CUR_TYPE_LCU","2016",1598.33,,"T30:168","R1:3513_T2:85"
"CYP","BB:459","EAR_EMTM_SEX_CUR_NB","SEX_T","CUR_TYPE_PPP","2016",2369.46,,"T30:168","R1:3513_T2:85"
"CYP","BB:459","EAR_EMTM_SEX_CUR_NB","SEX_T","CUR_TYPE_USD","2016",1769.191,,"T30:168","R1:3513_T2:85"
"CYP","BB:459","EAR_EMTM_SEX_CUR_NB","SEX_T","CUR_TYPE_LCU","2015",1598.167,,"T30:168","R1:3513_T2:85"
"CYP","BB:459","EAR_EMTM_SEX_CUR_NB","SEX_T","CUR_TYPE_PPP","2015",2226.348,,"T30:168","R1:3513_T2:85"
"CYP","BB:459","EAR_EMTM_SEX_CUR_NB","SEX_T","CUR_TYPE_USD","2015",1773.166,,"T30:168","R1:3513_T2:85"
"CYP","BB:459","EAR_EMTM_SEX_CUR_NB","SEX_T","CUR_TYPE_LCU","2014",1666.068,,"T30:168","R1:3513_T2:85"
"CYP","BB:459","EAR_EMTM_SEX_CUR_NB","SEX_T","CUR_TYPE_PPP","2014",2274.05,,"T30:168","R1:3513_T2:85"
"CYP","BB:459","EAR_EMTM_SEX_CUR_NB","SEX_T","CUR_TYPE_USD","2014",2213.371,,"T30:168","R1:3513_T2:85"
"CYP","BB:459","EAR_EMTM_SEX_CUR_NB","SEX_T","CUR_TYPE_LCU","2013",1823.25,,"T30:168","R1:3513_T2:85"
"CYP","BB:459","EAR_EMTM_SEX_CUR_NB","SEX_T","CUR_TYPE_PPP","2013",2437.992,,"T30:168","R1:3513_T2:85"
"CYP","BB:459","EAR_EMTM_SEX_CUR_NB","SEX_T","CUR_TYPE_USD","2013",2421.458,,"T30:168","R1:3513_T2:85"
"CYP","BB:459","EAR_EMTM_SEX_CUR_NB","SEX_T","CUR_TYPE_LCU","2012",1869.873,,"T30:168","R1:3513_T2:85"
"CYP","BB:459","EAR_EMTM_SEX_CUR_NB","SEX_T","CUR_TYPE_PPP","2012",2435.451,,"T30:168","R1:3513_T2:85"
"CYP","BB:459","EAR_EMTM_SEX_CUR_NB","SEX_T","CUR_TYPE_USD","2012",2402.413,,"T30:168","R1:3513_T2:85"
"CYP","BB:459","EAR_EMTM_SEX_CUR_NB","SEX_T","CUR_TYPE_LCU","2011",1841.667,,"T30:168","R1:3513_T2:85"
"CYP","BB:459","EAR_EMTM_SEX_CUR_NB","SEX_T","CUR_TYPE_PPP","2011",2415.205,,"T30:168","R1:3513_T2:85"
"CYP","BB:459","EAR_EMTM_SEX_CUR_NB","SEX_T","CUR_TYPE_USD","2011",2563.6,,"T30:168","R1:3513_T2:85"
"CYP","BB:459","EAR_EMTM_SEX_CUR_NB","SEX_T","CUR_TYPE_LCU","2010",1775.68,,"T30:168","R1:3513_T2:85"
"CYP","BB:459","EAR_EMTM_SEX_CUR_NB","SEX_T","CUR_TYPE_PPP","2010",2324.538,,"T30:168","R1:3513_T2:85"
"CYP","BB:459","EAR_EMTM_SEX_CUR_NB","SEX_T","CUR_TYPE_USD","2010",2354.019,,"T30:168","R1:3513_T2:85"
"CYP","BB:459","EAR_EMTM_SEX_CUR_NB","SEX_T","CUR_TYPE_LCU","2009",1738.103,,"T30:168","R1:3513_T2:85"
"CYP","BB:459","EAR_EMTM_SEX_CUR_NB","SEX_T","CUR_TYPE_PPP","2009",2313.503,,"T30:168","R1:3513_T2:85"
"CYP","BB:459","EAR_EMTM_SEX_CUR_NB","SEX_T","CUR_TYPE_USD","2009",2424.307,,"T30:168","R1:3513_T2:85"
"CYP","BB:459","EAR_EMTM_SEX_CUR_NB","SEX_T","CUR_TYPE_LCU","2008",1718.866,,"T30:168","R1:3513_T2:85"
"CYP","BB:459","EAR_EMTM_SEX_CUR_NB","SEX_T","CUR_TYPE_PPP","2008",2288.204,,"T30:168","R1:3513_T2:85"
"CYP","BB:459","EAR_EMTM_SEX_CUR_NB","SEX_T","CUR_TYPE_USD","2008",2528.108,,"T30:168","R1:3513_T2:85"
"CYP","BB:459","EAR_EMTM_SEX_CUR_NB","SEX_T","CUR_TYPE_LCU","2007",1728.751,,"T30:168","R1:3513_T2:85"
"CYP","BB:459","EAR_EMTM_SEX_CUR_NB","SEX_T","CUR_TYPE_PPP","2007",2277.864,,"T30:168","R1:3513_T2:85"
"CYP","BB:459","EAR_EMTM_SEX_CUR_NB","SEX_T","CUR_TYPE_USD","2007",2369.253,,"T30:168","R1:3513_T2:85"
"CYP","BB:459","EAR_EMTM_SEX_CUR_NB","SEX_T","CUR_TYPE_LCU","2006",1396.896,,"T30:168","R1:3513_T2:85"
"CYP","BB:459","EAR_EMTM_SEX_CUR_NB","SEX_T","CUR_TYPE_PPP","2006",1803.306,,"T30:168","R1:3513_T2:85"
"CYP","BB:459","EAR_EMTM_SEX_CUR_NB","SEX_T","CUR_TYPE_USD","2006",1753.943,,"T30:168","R1:3513_T2:85"
"CYP","BB:459","EAR_EMTM_SEX_CUR_NB","SEX_T","CUR_TYPE_LCU","2005",1298.315,,"T30:168","R1:3513_T2:85"
"CYP","BB:459","EAR_EMTM_SEX_CUR_NB","SEX_T","CUR_TYPE_PPP","2005",1677.528,,"T30:168","R1:3513_T2:85"
"CYP","BB:459","EAR_EMTM_SEX_CUR_NB","SEX_T","CUR_TYPE_USD","2005",1615.234,,"T30:168","R1:3513_T2:85"
"CZE","BB:301","EAR_EMTM_SEX_CUR_NB","SEX_T","CUR_TYPE_LCU","2025",2174.71,,"T30:387","R1:3513_T2:85"
"CZE","BB:301","EAR_EMTM_SEX_CUR_NB","SEX_T","CUR_TYPE_PPP","2025",3668.603,,"T30:387","R1:3513_T2:85"
"CZE","BB:301","EAR_EMTM_SEX_CUR_NB","SEX_T","CUR_TYPE_USD","2025",2457.423,,"T30:387","R1:3513_T2:85"
"CZE","BB:301","EAR_EMTM_SEX_CUR_NB","SEX_T","CUR_TYPE_LCU","2024",2122.415,,"T30:387","R1:3513_T2:85"
"CZE","BB:301","EAR_EMTM_SEX_CUR_NB","SEX_T","CUR_TYPE_PPP","2024",3722.929,,"T30:387","R1:3513_T2:85"
"CZE","BB:301","EAR_EMTM_SEX_CUR_NB","SEX_T","CUR_TYPE_USD","2024",2297.302,,"T30:387","R1:3513_T2:85"
"CZE","BB:301","EAR_EMTM_SEX_CUR_NB","SEX_T","CUR_TYPE_LCU","2023",1960.867,,"T30:387","R1:3513_T2:85"
"CZE","BB:301","EAR_EMTM_SEX_CUR_NB","SEX_T","CUR_TYPE_PPP","2023",3317.522,,"T30:387","R1:3513_T2:85"
"CZE","BB:301","EAR_EMTM_SEX_CUR_NB","SEX_T","CUR_TYPE_USD","2023",2120.286,,"T30:387","R1:3513_T2:85"
"CZE","BB:301","EAR_EMTM_SEX_CUR_NB","SEX_T","CUR_TYPE_LCU","2022",1756.576,,"T30:387","R1:3513_T2:85"
"CZE","BB:301","EAR_EMTM_SEX_CUR_NB","SEX_T","CUR_TYPE_PPP","2022",2958.007,,"T30:387","R1:3513_T2:85"
"CZE","BB:301","EAR_EMTM_SEX_CUR_NB","SEX_T","CUR_TYPE_USD","2022",1849.674,,"T30:387","R1:3513_T2:85"
"CZE","BB:301","EAR_EMTM_SEX_CUR_NB","SEX_T","CUR_TYPE_LCU","2021",1642.832,,"T30:387","R1:3513_T2:85"
"CZE","BB:301","EAR_EMTM_SEX_CUR_NB","SEX_T","CUR_TYPE_PPP","2021",2845.554,,"T30:387","R1:3513_T2:85"
"CZE","BB:301","EAR_EMTM_SEX_CUR_NB","SEX_T","CUR_TYPE_USD","2021",1942.977,,"T30:387","R1:3513_T2:85"
"CZE","BB:301","EAR_EMTM_SEX_CUR_NB","SEX_T","CUR_TYPE_LCU","2020",1635.497,,"T30:387","R1:3513_T2:85"
"CZE","BB:301","EAR_EMTM_SEX_CUR_NB","SEX_T","CUR_TYPE_PPP","2020",3059.563,,"T30:387","R1:3513_T2:85"
"CZE","BB:301","EAR_EMTM_SEX_CUR_NB","SEX_T","CUR_TYPE_USD","2020",1868.065,,"T30:387","R1:3513_T2:85"
"CZE","BB:301","EAR_EMTM_SEX_CUR_NB","SEX_T","CUR_TYPE_LCU","2019",1495.441,,"T30:387","R1:3513_T2:85"
"CZE","BB:301","EAR_EMTM_SEX_CUR_NB","SEX_T","CUR_TYPE_PPP","2019",2798.588,,"T30:387","R1:3513_T2:85"
"CZE","BB:301","EAR_EMTM_SEX_CUR_NB","SEX_T","CUR_TYPE_USD","2019",1674.146,,"T30:387","R1:3513_T2:85"
"CZE","BB:301","EAR_EMTM_SEX_CUR_NB","SEX_T","CUR_TYPE_LCU","2018",1312.62,,"T30:387","R1:3513_T2:85"
"CZE","BB:301","EAR_EMTM_SEX_CUR_NB","SEX_T","CUR_TYPE_PPP","2018",2405.233,,"T30:387","R1:3513_T2:85"
"CZE","BB:301","EAR_EMTM_SEX_CUR_NB","SEX_T","CUR_TYPE_USD","2018",1550.205,,"T30:387","R1:3513_T2:85"
"CZE","BB:301","EAR_EMTM_SEX_CUR_NB","SEX_T","CUR_TYPE_LCU","2017",1188.953,,"T30:387","R1:3513_T2:85"
"CZE","BB:301","EAR_EMTM_SEX_CUR_NB","SEX_T","CUR_TYPE_PPP","2017",2254.74,,"T30:387","R1:3513_T2:85"
"CZE","BB:301","EAR_EMTM_SEX_CUR_NB","SEX_T","CUR_TYPE_USD","2017",1343.161,,"T30:387","R1:3513_T2:85"
"CZE","BB:301","EAR_EMTM_SEX_CUR_NB","SEX_T","CUR_TYPE_LCU","2016",1112.478,,"T30:387","R1:3513_T2:85"
"CZE","BB:301","EAR_EMTM_SEX_CUR_NB","SEX_T","CUR_TYPE_PPP","2016",2163.714,,"T30:387","R1:3513_T2:85"
"CZE","BB:301","EAR_EMTM_SEX_CUR_NB","SEX_T","CUR_TYPE_USD","2016",1231.402,,"T30:387","R1:3513_T2:85"
"CZE","BB:301","EAR_EMTM_SEX_CUR_NB","SEX_T","CUR_TYPE_LCU","2015",1059.284,,"T30:387","R1:3513_T2:85"
"CZE","BB:301","EAR_EMTM_SEX_CUR_NB","SEX_T","CUR_TYPE_PPP","2015",2037.562,,"T30:387","R1:3513_T2:85"
"CZE","BB:301","EAR_EMTM_SEX_CUR_NB","SEX_T","CUR_TYPE_USD","2015",1175.276,,"T30:387","R1:3513_T2:85"
"CZE","BB:301","EAR_EMTM_SEX_CUR_NB","SEX_T","CUR_TYPE_LCU","2014",1087.678,,"T30:387","R1:3513_T2:85"
"CZE","BB:301","EAR_EMTM_SEX_CUR_NB","SEX_T","CUR_TYPE_PPP","2014",2153.446,,"T30:387","R1:3513_T2:85"
"CZE","BB:301","EAR_EMTM_SEX_CUR_NB","SEX_T","CUR_TYPE_USD","2014",1444.98,,"T30:387","R1:3513_T2:85"
"CZE","BB:301","EAR_EMTM_SEX_CUR_NB","SEX_T","CUR_TYPE_LCU","2013",1100.4,,"T30:387","R1:3513_T2:85"
"CZE","BB:301","EAR_EMTM_SEX_CUR_NB","SEX_T","CUR_TYPE_PPP","2013",2014.178,,"T30:387","R1:3513_T2:85"
"CZE","BB:301","EAR_EMTM_SEX_CUR_NB","SEX_T","CUR_TYPE_USD","2013",1461.442,,"T30:387","R1:3513_T2:85"
"CZE","BB:301","EAR_EMTM_SEX_CUR_NB","SEX_T","CUR_TYPE_LCU","2012",1113.04,,"T30:387","R1:3513_T2:85"
"CZE","BB:301","EAR_EMTM_SEX_CUR_NB","SEX_T","CUR_TYPE_PPP","2012",1910.772,,"T30:387","R1:3513_T2:85"
"CZE","BB:301","EAR_EMTM_SEX_CUR_NB","SEX_T","CUR_TYPE_USD","2012",1430.034,,"T30:387","R1:3513_T2:85"
"CZE","BB:301","EAR_EMTM_SEX_CUR_NB","SEX_T","CUR_TYPE_LCU","2011",1057.092,,"T30:387","R1:3513_T2:85"
"CZE","BB:301","EAR_EMTM_SEX_CUR_NB","SEX_T","CUR_TYPE_PPP","2011",1784.191,,"T30:387","R1:3513_T2:85"
"CZE","BB:301","EAR_EMTM_SEX_CUR_NB","SEX_T","CUR_TYPE_USD","2011",1471.472,,"T30:387","R1:3513_T2:85"
"CZE","BB:301","EAR_EMTM_SEX_CUR_NB","SEX_T","CUR_TYPE_LCU","2010",987.202,,"T30:387","R1:3513_T2:85"
"CZE","BB:301","EAR_EMTM_SEX_CUR_NB","SEX_T","CUR_TYPE_PPP","2010",1685.134,,"T30:387","R1:3513_T2:85"
"CZE","BB:301","EAR_EMTM_SEX_CUR_NB","SEX_T","CUR_TYPE_USD","2010",1308.733,,"T30:387","R1:3513_T2:85"
"CZE","BB:301","EAR_EMTM_SEX_CUR_NB","SEX_T","CUR_TYPE_LCU","2009",1055.284,,"T30:387","R1:3513_T2:85"
"CZE","BB:301","EAR_EMTM_SEX_CUR_NB","SEX_T","CUR_TYPE_PPP","2009",1883.577,,"T30:387","R1:3513_T2:85"
"CZE","BB:301","EAR_EMTM_SEX_CUR_NB","SEX_T","CUR_TYPE_USD","2009",1471.91,,"T30:387","R1:3513_T2:85"
"CZE","BB:301","EAR_EMTM_SEX_CUR_NB","SEX_T","CUR_TYPE_LCU","2008",893.178,,"T30:387","R1:3513_T2:85"
"CZE","BB:301","EAR_EMTM_SEX_CUR_NB","SEX_T","CUR_TYPE_PPP","2008",1467.132,,"T30:387","R1:3513_T2:85"
"CZE","BB:301","EAR_EMTM_SEX_CUR_NB","SEX_T","CUR_TYPE_USD","2008",1313.687,,"T30:387","R1:3513_T2:85"
"CZE","BB:301","EAR_EMTM_SEX_CUR_NB","SEX_T","CUR_TYPE_LCU","2007",808.176,,"T30:387","R1:3513_T2:85"
"CZE","BB:301","EAR_EMTM_SEX_CUR_NB","SEX_T","CUR_TYPE_PPP","2007",1459.197,,"T30:387","R1:3513_T2:85"
"CZE","BB:301","EAR_EMTM_SEX_CUR_NB","SEX_T","CUR_TYPE_USD","2007",1107.604,,"T30:387","R1:3513_T2:85"
"CZE","BB:301","EAR_EMTM_SEX_CUR_NB","SEX_T","CUR_TYPE_LCU","2006",523.376,,"T30:387","R1:3513_T2:85"
"CZE","BB:301","EAR_EMTM_SEX_CUR_NB","SEX_T","CUR_TYPE_PPP","2006",952.904,,"T30:387","R1:3513_T2:85"
"CZE","BB:301","EAR_EMTM_SEX_CUR_NB","SEX_T","CUR_TYPE_USD","2006",657.151,,"T30:387","R1:3513_T2:85"
"CZE","BB:301","EAR_EMTM_SEX_CUR_NB","SEX_T","CUR_TYPE_LCU","2005",470.353,,"T30:387","R1:3513_T2:85"
"CZE","BB:301","EAR_EMTM_SEX_CUR_NB","SEX_T","CUR_TYPE_PPP","2005",908.607,,"T30:387","R1:3513_T2:85"
"CZE","BB:301","EAR_EMTM_SEX_CUR_NB","SEX_T","CUR_TYPE_USD","2005",585.165,,"T30:387","R1:3513_T2:85"
"DEU","BB:5863","EAR_EMTM_SEX_CUR_NB","SEX_T","CUR_TYPE_LCU","2022",3774.424,,"T30:176","R1:3513_T2:85"
"DEU","BB:5863","EAR_EMTM_SEX_CUR_NB","SEX_T","CUR_TYPE_PPP","2022",5247.562,,"T30:176","R1:3513_T2:85"
"DEU","BB:5863","EAR_EMTM_SEX_CUR_NB","SEX_T","CUR_TYPE_USD","2022",3974.469,,"T30:176","R1:3513_T2:85"
"DEU","BB:5863","EAR_EMTM_SEX_CUR_NB","SEX_T","CUR_TYPE_LCU","2021",3670.799,,"T30:176","R1:3513_T2:85"
"DEU","BB:5863","EAR_EMTM_SEX_CUR_NB","SEX_T","CUR_TYPE_PPP","2021",4942.758,,"T30:176","R1:3513_T2:85"
"DEU","BB:5863","EAR_EMTM_SEX_CUR_NB","SEX_T","CUR_TYPE_USD","2021",4341.454,,"T30:176","R1:3513_T2:85"
"DEU","BB:5863","EAR_EMTM_SEX_CUR_NB","SEX_T","CUR_TYPE_LCU","2020",3842.844,,"T30:176","R1:3513_T2:85"
"DEU","BB:5863","EAR_EMTM_SEX_CUR_NB","SEX_T","CUR_TYPE_PPP","2020",5121.592,,"T30:176","R1:3513_T2:85"
"DEU","BB:5863","EAR_EMTM_SEX_CUR_NB","SEX_T","CUR_TYPE_USD","2020",4389.296,,"T30:176","R1:3513_T2:85"
"DEU","BB:5863","EAR_EMTM_SEX_CUR_NB","SEX_T","CUR_TYPE_LCU","2019",2808.454,,"T30:176","R1:3513_T2:85"
"DEU","BB:5863","EAR_EMTM_SEX_CUR_NB","SEX_T","CUR_TYPE_PPP","2019",3686.138,,"T30:176","R1:3513_T2:85"
"DEU","BB:5863","EAR_EMTM_SEX_CUR_NB","SEX_T","CUR_TYPE_USD","2019",3144.064,,"T30:176","R1:3513_T2:85"
"DEU","BB:5863","EAR_EMTM_SEX_CUR_NB","SEX_T","CUR_TYPE_LCU","2018",2662.563,,"T30:176","R1:3513_T2:85"
"DEU","BB:5863","EAR_EMTM_SEX_CUR_NB","SEX_T","CUR_TYPE_PPP","2018",3410.756,,"T30:176","R1:3513_T2:85"
"DEU","BB:5863","EAR_EMTM_SEX_CUR_NB","SEX_T","CUR_TYPE_USD","2018",3144.486,,"T30:176","R1:3513_T2:85"
"DEU","BB:5863","EAR_EMTM_SEX_CUR_NB","SEX_T","CUR_TYPE_LCU","2017",2550,,"T30:176","R1:3513_T2:85"
"DEU","BB:5863","EAR_EMTM_SEX_CUR_NB","SEX_T","CUR_TYPE_PPP","2017",3190.778,,"T30:176","R1:3513_T2:85"
"DEU","BB:5863","EAR_EMTM_SEX_CUR_NB","SEX_T","CUR_TYPE_USD","2017",2880.735,,"T30:176","R1:3513_T2:85"
"DEU","BB:5863","EAR_EMTM_SEX_CUR_NB","SEX_T","CUR_TYPE_LCU","2016",2500,,"T30:176","R1:3513_T2:85"
"DEU","BB:5863","EAR_EMTM_SEX_CUR_NB","SEX_T","CUR_TYPE_PPP","2016",3097.943,,"T30:176","R1:3513_T2:85"
"DEU","BB:5863","EAR_EMTM_SEX_CUR_NB","SEX_T","CUR_TYPE_USD","2016",2767.25,,"T30:176","R1:3513_T2:85"
"DEU","BB:5863","EAR_EMTM_SEX_CUR_NB","SEX_T","CUR_TYPE_LCU","2015",2484.913,,"T30:176","R1:3513_T2:85"
"DEU","BB:5863","EAR_EMTM_SEX_CUR_NB","SEX_T","CUR_TYPE_PPP","2015",2983.4,,"T30:176","R1:3513_T2:85"
"DEU","BB:5863","EAR_EMTM_SEX_CUR_NB","SEX_T","CUR_TYPE_USD","2015",2757.011,,"T30:176","R1:3513_T2:85"
"DEU","BB:5863","EAR_EMTM_SEX_CUR_NB","SEX_T","CUR_TYPE_LCU","2014",2414.731,,"T30:176","R1:3513_T2:85"
"DEU","BB:5863","EAR_EMTM_SEX_CUR_NB","SEX_T","CUR_TYPE_PPP","2014",2946.239,,"T30:176","R1:3513_T2:85"
"DEU","BB:5863","EAR_EMTM_SEX_CUR_NB","SEX_T","CUR_TYPE_USD","2014",3207.971,,"T30:176","R1:3513_T2:85"
"DEU","BB:5863","EAR_EMTM_SEX_CUR_NB","SEX_T","CUR_TYPE_LCU","2013",2356.625,,"T30:176","R1:3513_T2:85"
"DEU","BB:5863","EAR_EMTM_SEX_CUR_NB","SEX_T","CUR_TYPE_PPP","2013",2850.017,,"T30:176","R1:3513_T2:85"
"DEU","BB:5863","EAR_EMTM_SEX_CUR_NB","SEX_T","CUR_TYPE_USD","2013",3129.833,,"T30:176","R1:3513_T2:85"
"DEU","BB:5863","EAR_EMTM_SEX_CUR_NB","SEX_T","CUR_TYPE_LCU","2012",2333.333,,"T30:176","R1:3513_T2:85"
"DEU","BB:5863","EAR_EMTM_SEX_CUR_NB","SEX_T","CUR_TYPE_PPP","2012",2808.082,,"T30:176","R1:3513_T2:85"
"DEU","BB:5863","EAR_EMTM_SEX_CUR_NB","SEX_T","CUR_TYPE_USD","2012",2997.867,,"T30:176","R1:3513_T2:85"
"DEU","BB:5863","EAR_EMTM_SEX_CUR_NB","SEX_T","CUR_TYPE_LCU","2011",2286.486,,"T30:176","R1:3513_T2:85"
"DEU","BB:5863","EAR_EMTM_SEX_CUR_NB","SEX_T","CUR_TYPE_PPP","2011",2752.826,,"T30:176","R1:3513_T2:85"
"DEU","BB:5863","EAR_EMTM_SEX_CUR_NB","SEX_T","CUR_TYPE_USD","2011",3182.789,,"T30:176","R1:3513_T2:85"
"DEU","BB:5863","EAR_EMTM_SEX_CUR_NB","SEX_T","CUR_TYPE_LCU","2010",2260.667,,"T30:176","R1:3513_T2:85"
"DEU","BB:5863","EAR_EMTM_SEX_CUR_NB","SEX_T","CUR_TYPE_PPP","2010",2650.633,,"T30:176","R1:3513_T2:85"
"DEU","BB:5863","EAR_EMTM_SEX_CUR_NB","SEX_T","CUR_TYPE_USD","2010",2996.966,,"T30:176","R1:3513_T2:85"
"DEU","BB:5863","EAR_EMTM_SEX_CUR_NB","SEX_T","CUR_TYPE_LCU","2009",2266.667,,"T30:176","R1:3513_T2:85"
"DEU","BB:5863","EAR_EMTM_SEX_CUR_NB","SEX_T","CUR_TYPE_PPP","2009",2623.253,,"T30:176","R1:3513_T2:85"
"DEU","BB:5863","EAR_EMTM_SEX_CUR_NB","SEX_T","CUR_TYPE_USD","2009",3161.547,,"T30:176","R1:3513_T2:85"
"DEU","BB:5863","EAR_EMTM_SEX_CUR_NB","SEX_T","CUR_TYPE_LCU","2008",2200,,"T30:176","R1:3513_T2:85"
"DEU","BB:5863","EAR_EMTM_SEX_CUR_NB","SEX_T","CUR_TYPE_PPP","2008",2510.178,,"T30:176","R1:3513_T2:85"
"DEU","BB:5863","EAR_EMTM_SEX_CUR_NB","SEX_T","CUR_TYPE_USD","2008",3235.76,,"T30:176","R1:3513_T2:85"
"DEU","BB:5863","EAR_EMTM_SEX_CUR_NB","SEX_T","CUR_TYPE_LCU","2007",2180.011,,"T30:176","R1:3513_T2:85"
"DEU","BB:5863","EAR_EMTM_SEX_CUR_NB","SEX_T","CUR_TYPE_PPP","2007",2448.155,,"T30:176","R1:3513_T2:85"
"DEU","BB:5863","EAR_EMTM_SEX_CUR_NB","SEX_T","CUR_TYPE_USD","2007",2987.706,,"T30:176","R1:3513_T2:85"
"DEU","BB:5863","EAR_EMTM_SEX_CUR_NB","SEX_T","CUR_TYPE_LCU","2006",1944.444,,"T30:176","R1:3513_T2:85"
"DEU","BB:5863","EAR_EMTM_SEX_CUR_NB","SEX_T","CUR_TYPE_PPP","2006",2165.146,,"T30:176","R1:3513_T2:85"
"DEU","BB:5863","EAR_EMTM_SEX_CUR_NB","SEX_T","CUR_TYPE_USD","2006",2441.444,,"T30:176","R1:3513_T2:85"
"DEU","BB:5863","EAR_EMTM_SEX_CUR_NB","SEX_T","CUR_TYPE_LCU","2005",2349.261,,"T30:176","R1:3513_T2:85"
"DEU","BB:5863","EAR_EMTM_SEX_CUR_NB","SEX_T","CUR_TYPE_PPP","2005",2587.383,,"T30:176","R1:3513_T2:85"
"DEU","BB:5863","EAR_EMTM_SEX_CUR_NB","SEX_T","CUR_TYPE_USD","2005",2922.716,,"T30:176","R1:3513_T2:85"
"DJI","BX:15732","EAR_EMTM_SEX_CUR_NB","SEX_T","CUR_TYPE_LCU","2017",80000,"B","T30:14_I11:264","R1:3513"
"DJI","BX:15732","EAR_EMTM_SEX_CUR_NB","SEX_T","CUR_TYPE_PPP","2017",812.331,"B","T30:14_I11:264","R1:3513"
"DJI","BX:15732","EAR_EMTM_SEX_CUR_NB","SEX_T","CUR_TYPE_USD","2017",450.144,"B","T30:14_I11:264","R1:3513"
"DNK","BB:3070","EAR_EMTM_SEX_CUR_NB","SEX_T","CUR_TYPE_LCU","2025",5733.394,,"T30:388","R1:3513_T2:85"
"DNK","BB:3070","EAR_EMTM_SEX_CUR_NB","SEX_T","CUR_TYPE_PPP","2025",6198.085,,"T30:388","R1:3513_T2:85"
"DNK","BB:3070","EAR_EMTM_SEX_CUR_NB","SEX_T","CUR_TYPE_USD","2025",6478.736,,"T30:388","R1:3513_T2:85"
"DNK","BB:3070","EAR_EMTM_SEX_CUR_NB","SEX_T","CUR_TYPE_LCU","2024",5434.795,,"T30:388","R1:3513_T2:85"
"DNK","BB:3070","EAR_EMTM_SEX_CUR_NB","SEX_T","CUR_TYPE_PPP","2024",5995.736,,"T30:388","R1:3513_T2:85"
"DNK","BB:3070","EAR_EMTM_SEX_CUR_NB","SEX_T","CUR_TYPE_USD","2024",5882.622,,"T30:388","R1:3513_T2:85"
"DNK","BB:3070","EAR_EMTM_SEX_CUR_NB","SEX_T","CUR_TYPE_LCU","2023",5262.724,,"T30:388","R1:3513_T2:85"
"DNK","BB:3070","EAR_EMTM_SEX_CUR_NB","SEX_T","CUR_TYPE_PPP","2023",5768.24,,"T30:388","R1:3513_T2:85"
"DNK","BB:3070","EAR_EMTM_SEX_CUR_NB","SEX_T","CUR_TYPE_USD","2023",5690.584,,"T30:388","R1:3513_T2:85"
"DNK","BB:3070","EAR_EMTM_SEX_CUR_NB","SEX_T","CUR_TYPE_LCU","2022",5205.701,,"T30:388","R1:3513_T2:85"
"DNK","BB:3070","EAR_EMTM_SEX_CUR_NB","SEX_T","CUR_TYPE_PPP","2022",5370.557,,"T30:388","R1:3513_T2:85"
"DNK","BB:3070","EAR_EMTM_SEX_CUR_NB","SEX_T","CUR_TYPE_USD","2022",5481.603,,"T30:388","R1:3513_T2:85"
"DNK","BB:3070","EAR_EMTM_SEX_CUR_NB","SEX_T","CUR_TYPE_LCU","2021",5118.295,,"T30:388","R1:3513_T2:85"
"DNK","BB:3070","EAR_EMTM_SEX_CUR_NB","SEX_T","CUR_TYPE_PPP","2021",5245.276,,"T30:388","R1:3513_T2:85"
"DNK","BB:3070","EAR_EMTM_SEX_CUR_NB","SEX_T","CUR_TYPE_USD","2021",6053.407,,"T30:388","R1:3513_T2:85"
"DNK","BB:3070","EAR_EMTM_SEX_CUR_NB","SEX_T","CUR_TYPE_LCU","2020",4782.063,,"T30:388","R1:3513_T2:85"
"DNK","BB:3070","EAR_EMTM_SEX_CUR_NB","SEX_T","CUR_TYPE_PPP","2020",4789.36,,"T30:388","R1:3513_T2:85"
"DNK","BB:3070","EAR_EMTM_SEX_CUR_NB","SEX_T","CUR_TYPE_USD","2020",5462.072,,"T30:388","R1:3513_T2:85"
"DNK","BB:3070","EAR_EMTM_SEX_CUR_NB","SEX_T","CUR_TYPE_LCU","2019",4380.522,,"T30:388","R1:3513_T2:85"
"DNK","BB:3070","EAR_EMTM_SEX_CUR_NB","SEX_T","CUR_TYPE_PPP","2019",4290.969,,"T30:388","R1:3513_T2:85"
"DNK","BB:3070","EAR_EMTM_SEX_CUR_NB","SEX_T","CUR_TYPE_USD","2019",4903.995,,"T30:388","R1:3513_T2:85"
"DNK","BB:3070","EAR_EMTM_SEX_CUR_NB","SEX_T","CUR_TYPE_LCU","2018",4258.408,,"T30:388","R1:3513_T2:85"
"DNK","BB:3070","EAR_EMTM_SEX_CUR_NB","SEX_T","CUR_TYPE_PPP","2018",4083.351,,"T30:388","R1:3513_T2:85"
"DNK","BB:3070","EAR_EMTM_SEX_CUR_NB","SEX_T","CUR_TYPE_USD","2018",5029.18,,"T30:388","R1:3513_T2:85"
"DNK","BB:3070","EAR_EMTM_SEX_CUR_NB","SEX_T","CUR_TYPE_LCU","2017",4178.783,,"T30:388","R1:3513_T2:85"
"DNK","BB:3070","EAR_EMTM_SEX_CUR_NB","SEX_T","CUR_TYPE_PPP","2017",3903.628,,"T30:388","R1:3513_T2:85"
"DNK","BB:3070","EAR_EMTM_SEX_CUR_NB","SEX_T","CUR_TYPE_USD","2017",4720.771,,"T30:388","R1:3513_T2:85"
"DNK","BB:3070","EAR_EMTM_SEX_CUR_NB","SEX_T","CUR_TYPE_LCU","2016",4113.79,,"T30:388","R1:3513_T2:85"
"DNK","BB:3070","EAR_EMTM_SEX_CUR_NB","SEX_T","CUR_TYPE_PPP","2016",3738.985,,"T30:388","R1:3513_T2:85"
"DNK","BB:3070","EAR_EMTM_SEX_CUR_NB","SEX_T","CUR_TYPE_USD","2016",4553.554,,"T30:388","R1:3513_T2:85"
"DNK","BB:3070","EAR_EMTM_SEX_CUR_NB","SEX_T","CUR_TYPE_LCU","2015",4058.693,,"T30:388","R1:3513_T2:85"
"DNK","BB:3070","EAR_EMTM_SEX_CUR_NB","SEX_T","CUR_TYPE_PPP","2015",3654.326,,"T30:388","R1:3513_T2:85"
"DNK","BB:3070","EAR_EMTM_SEX_CUR_NB","SEX_T","CUR_TYPE_USD","2015",4503.12,,"T30:388","R1:3513_T2:85"
"DNK","BB:3070","EAR_EMTM_SEX_CUR_NB","SEX_T","CUR_TYPE_LCU","2014",3985.44,,"T30:388","R1:3513_T2:85"
"DNK","BB:3070","EAR_EMTM_SEX_CUR_NB","SEX_T","CUR_TYPE_PPP","2014",3587.884,,"T30:388","R1:3513_T2:85"
"DNK","BB:3070","EAR_EMTM_SEX_CUR_NB","SEX_T","CUR_TYPE_USD","2014",5294.657,,"T30:388","R1:3513_T2:85"
"DNK","BB:3070","EAR_EMTM_SEX_CUR_NB","SEX_T","CUR_TYPE_LCU","2013",3947.237,,"T30:388","R1:3513_T2:85"
"DNK","BB:3070","EAR_EMTM_SEX_CUR_NB","SEX_T","CUR_TYPE_PPP","2013",3563.788,,"T30:388","R1:3513_T2:85"
"DNK","BB:3070","EAR_EMTM_SEX_CUR_NB","SEX_T","CUR_TYPE_USD","2013",5242.325,,"T30:388","R1:3513_T2:85"
"DNK","BB:3070","EAR_EMTM_SEX_CUR_NB","SEX_T","CUR_TYPE_LCU","2012",3862.516,,"T30:388","R1:3513_T2:85"
"DNK","BB:3070","EAR_EMTM_SEX_CUR_NB","SEX_T","CUR_TYPE_PPP","2012",3418.73,,"T30:388","R1:3513_T2:85"
"DNK","BB:3070","EAR_EMTM_SEX_CUR_NB","SEX_T","CUR_TYPE_USD","2012",4962.561,,"T30:388","R1:3513_T2:85"
"DNK","BB:3070","EAR_EMTM_SEX_CUR_NB","SEX_T","CUR_TYPE_LCU","2011",3763.245,,"T30:388","R1:3513_T2:85"
"DNK","BB:3070","EAR_EMTM_SEX_CUR_NB","SEX_T","CUR_TYPE_PPP","2011",3363.945,,"T30:388","R1:3513_T2:85"
"DNK","BB:3070","EAR_EMTM_SEX_CUR_NB","SEX_T","CUR_TYPE_USD","2011",5238.437,,"T30:388","R1:3513_T2:85"
"DNK","BB:3070","EAR_EMTM_SEX_CUR_NB","SEX_T","CUR_TYPE_LCU","2010",3654.871,,"T30:388","R1:3513_T2:85"
"DNK","BB:3070","EAR_EMTM_SEX_CUR_NB","SEX_T","CUR_TYPE_PPP","2010",3248.545,,"T30:388","R1:3513_T2:85"
"DNK","BB:3070","EAR_EMTM_SEX_CUR_NB","SEX_T","CUR_TYPE_USD","2010",4845.263,,"T30:388","R1:3513_T2:85"
"DNK","BB:3070","EAR_EMTM_SEX_CUR_NB","SEX_T","CUR_TYPE_LCU","2009",3862.258,,"T30:388","R1:3513_T2:85"
"DNK","BB:3070","EAR_EMTM_SEX_CUR_NB","SEX_T","CUR_TYPE_PPP","2009",3419.196,,"T30:388","R1:3513_T2:85"
"DNK","BB:3070","EAR_EMTM_SEX_CUR_NB","SEX_T","CUR_TYPE_USD","2009",5387.078,,"T30:388","R1:3513_T2:85"
"DNK","BB:3070","EAR_EMTM_SEX_CUR_NB","SEX_T","CUR_TYPE_LCU","2008",3716.634,,"T30:388","R1:3513_T2:85"
"DNK","BB:3070","EAR_EMTM_SEX_CUR_NB","SEX_T","CUR_TYPE_PPP","2008",3261.15,,"T30:388","R1:3513_T2:85"
"DNK","BB:3070","EAR_EMTM_SEX_CUR_NB","SEX_T","CUR_TYPE_USD","2008",5466.425,,"T30:388","R1:3513_T2:85"
"DNK","BB:3070","EAR_EMTM_SEX_CUR_NB","SEX_T","CUR_TYPE_LCU","2007",3608.657,,"T30:388","R1:3513_T2:85"
"DNK","BB:3070","EAR_EMTM_SEX_CUR_NB","SEX_T","CUR_TYPE_PPP","2007",3109.623,,"T30:388","R1:3513_T2:85"
"DNK","BB:3070","EAR_EMTM_SEX_CUR_NB","SEX_T","CUR_TYPE_USD","2007",4945.665,,"T30:388","R1:3513_T2:85"
"DNK","BB:3070","EAR_EMTM_SEX_CUR_NB","SEX_T","CUR_TYPE_LCU","2006",3120.974,,"T30:388","R1:3513_T2:85"
"DNK","BB:3070","EAR_EMTM_SEX_CUR_NB","SEX_T","CUR_TYPE_PPP","2006",2629.993,,"T30:388","R1:3513_T2:85"
"DNK","BB:3070","EAR_EMTM_SEX_CUR_NB","SEX_T","CUR_TYPE_USD","2006",3918.695,,"T30:388","R1:3513_T2:85"
"DNK","BB:3070","EAR_EMTM_SEX_CUR_NB","SEX_T","CUR_TYPE_LCU","2005",3022.279,,"T30:388","R1:3513_T2:85"
"DNK","BB:3070","EAR_EMTM_SEX_CUR_NB","SEX_T","CUR_TYPE_PPP","2005",2487.133,,"T30:388","R1:3513_T2:85"
"DNK","BB:3070","EAR_EMTM_SEX_CUR_NB","SEX_T","CUR_TYPE_USD","2005",3760.018,,"T30:388","R1:3513_T2:85"
"DNK","BB:3070","EAR_EMTM_SEX_CUR_NB","SEX_T","CUR_TYPE_LCU","2004",2915.269,,"T30:388","R1:3513_T2:85"
"DNK","BB:3070","EAR_EMTM_SEX_CUR_NB","SEX_T","CUR_TYPE_PPP","2004",2418.563,,"T30:388","R1:3513_T2:85"
"DNK","BB:3070","EAR_EMTM_SEX_CUR_NB","SEX_T","CUR_TYPE_USD","2004",3626.303,,"T30:388","R1:3513_T2:85"
"DOM","BA:13413","EAR_EMTM_SEX_CUR_NB","SEX_T","CUR_TYPE_LCU","2025",23987.502,,"T30:76","R1:3513"
"DOM","BA:13413","EAR_EMTM_SEX_CUR_NB","SEX_T","CUR_TYPE_PPP","2025",1007.52,,"T30:76","R1:3513"
"DOM","BA:13413","EAR_EMTM_SEX_CUR_NB","SEX_T","CUR_TYPE_USD","2025",386.979,,"T30:76","R1:3513"
"DOM","BA:13413","EAR_EMTM_SEX_CUR_NB","SEX_T","CUR_TYPE_LCU","2024",21666.666,,"T30:76","R1:3513"
"DOM","BA:13413","EAR_EMTM_SEX_CUR_NB","SEX_T","CUR_TYPE_PPP","2024",920.451,,"T30:76","R1:3513"
"DOM","BA:13413","EAR_EMTM_SEX_CUR_NB","SEX_T","CUR_TYPE_USD","2024",363.748,,"T30:76","R1:3513"
"DOM","BA:13413","EAR_EMTM_SEX_CUR_NB","SEX_T","CUR_TYPE_LCU","2023",20083.281,,"T30:76","R1:3513"
"DOM","BA:13413","EAR_EMTM_SEX_CUR_NB","SEX_T","CUR_TYPE_PPP","2023",856.109,,"T30:76","R1:3513"
"DOM","BA:13413","EAR_EMTM_SEX_CUR_NB","SEX_T","CUR_TYPE_USD","2023",357.624,,"T30:76","R1:3513"
"DOM","BA:13413","EAR_EMTM_SEX_CUR_NB","SEX_T","CUR_TYPE_LCU","2022",18000,,"T30:76","R1:3513"
"DOM","BA:13413","EAR_EMTM_SEX_CUR_NB","SEX_T","CUR_TYPE_PPP","2022",772.235,,"T30:76","R1:3513"
"DOM","BA:13413","EAR_EMTM_SEX_CUR_NB","SEX_T","CUR_TYPE_USD","2022",326.436,,"T30:76","R1:3513"
"DOM","BA:13413","EAR_EMTM_SEX_CUR_NB","SEX_T","CUR_TYPE_LCU","2021",16000,,"T30:76","R1:3513"
"DOM","BA:13413","EAR_EMTM_SEX_CUR_NB","SEX_T","CUR_TYPE_PPP","2021",691.568,,"T30:76","R1:3513"
"DOM","BA:13413","EAR_EMTM_SEX_CUR_NB","SEX_T","CUR_TYPE_USD","2021",279.617,,"T30:76","R1:3513"
"DOM","BA:13413","EAR_EMTM_SEX_CUR_NB","SEX_T","CUR_TYPE_LCU","2020",14460.919,"B","T30:76_I11:264","R1:3513"
"DOM","BA:13413","EAR_EMTM_SEX_CUR_NB","SEX_T","CUR_TYPE_PPP","2020",630.834,"B","T30:76_I11:264","R1:3513"
"DOM","BA:13413","EAR_EMTM_SEX_CUR_NB","SEX_T","CUR_TYPE_USD","2020",255.834,"B","T30:76_I11:264","R1:3513"
"DOM","BA:13413","EAR_EMTM_SEX_CUR_NB","SEX_T","CUR_TYPE_LCU","2019",12000,,"T30:76","R1:3513"
"DOM","BA:13413","EAR_EMTM_SEX_CUR_NB","SEX_T","CUR_TYPE_PPP","2019",513.216,,"T30:76","R1:3513"
"DOM","BA:13413","EAR_EMTM_SEX_CUR_NB","SEX_T","CUR_TYPE_USD","2019",233.942,,"T30:76","R1:3513"
"DOM","BA:13413","EAR_EMTM_SEX_CUR_NB","SEX_T","CUR_TYPE_LCU","2018",12000,,"T30:76","R1:3513"
"DOM","BA:13413","EAR_EMTM_SEX_CUR_NB","SEX_T","CUR_TYPE_PPP","2018",495.622,,"T30:76","R1:3513"
"DOM","BA:13413","EAR_EMTM_SEX_CUR_NB","SEX_T","CUR_TYPE_USD","2018",242.375,,"T30:76","R1:3513"
"DOM","BA:13413","EAR_EMTM_SEX_CUR_NB","SEX_T","CUR_TYPE_LCU","2017",10000,,"T30:76","R1:3513"
"DOM","BA:13413","EAR_EMTM_SEX_CUR_NB","SEX_T","CUR_TYPE_PPP","2017",416.995,,"T30:76","R1:3513"
"DOM","BA:13413","EAR_EMTM_SEX_CUR_NB","SEX_T","CUR_TYPE_USD","2017",210.374,,"T30:76","R1:3513"
"DOM","BA:13413","EAR_EMTM_SEX_CUR_NB","SEX_T","CUR_TYPE_LCU","2016",10000,,"T30:76","R1:3513"
"DOM","BA:13413","EAR_EMTM_SEX_CUR_NB","SEX_T","CUR_TYPE_PPP","2016",434.079,,"T30:76","R1:3513"
"DOM","BA:13413","EAR_EMTM_SEX_CUR_NB","SEX_T","CUR_TYPE_USD","2016",217.087,,"T30:76","R1:3513"
"DOM","BA:13413","EAR_EMTM_SEX_CUR_NB","SEX_T","CUR_TYPE_LCU","2015",9500,"B","T30:76_I11:264","R1:3513"
"DOM","BA:13413","EAR_EMTM_SEX_CUR_NB","SEX_T","CUR_TYPE_PPP","2015",417.111,"B","T30:76_I11:264","R1:3513"
"DOM","BA:13413","EAR_EMTM_SEX_CUR_NB","SEX_T","CUR_TYPE_USD","2015",210.898,"B","T30:76_I11:264","R1:3513"
"DOM","BA:3","EAR_EMTM_SEX_CUR_NB","SEX_T","CUR_TYPE_LCU","2014",10000,,"T30:76","R1:3513"
"DOM","BA:3","EAR_EMTM_SEX_CUR_NB","SEX_T","CUR_TYPE_PPP","2014",444.545,,"T30:76","R1:3513"
"DOM","BA:3","EAR_EMTM_SEX_CUR_NB","SEX_T","CUR_TYPE_USD","2014",229.623,,"T30:76","R1:3513"
"DOM","BA:3","EAR_EMTM_SEX_CUR_NB","SEX_T","CUR_TYPE_LCU","2013",9200,,"T30:76","R1:3513"
"DOM","BA:3","EAR_EMTM_SEX_CUR_NB","SEX_T","CUR_TYPE_PPP","2013",420.337,,"T30:76","R1:3513"
"DOM","BA:3","EAR_EMTM_SEX_CUR_NB","SEX_T","CUR_TYPE_USD","2013",220.125,,"T30:76","R1:3513"
"DOM","BA:3","EAR_EMTM_SEX_CUR_NB","SEX_T","CUR_TYPE_LCU","2012",9000,,"T30:76","R1:3513"
"DOM","BA:3","EAR_EMTM_SEX_CUR_NB","SEX_T","CUR_TYPE_PPP","2012",436.554,,"T30:76","R1:3513"
"DOM","BA:3","EAR_EMTM_SEX_CUR_NB","SEX_T","CUR_TYPE_USD","2012",228.889,,"T30:76","R1:3513"
"DOM","BA:3","EAR_EMTM_SEX_CUR_NB","SEX_T","CUR_TYPE_LCU","2011",8000,,"T30:76","R1:3513"
"DOM","BA:3","EAR_EMTM_SEX_CUR_NB","SEX_T","CUR_TYPE_PPP","2011",385.264,,"T30:76","R1:3513"
"DOM","BA:3","EAR_EMTM_SEX_CUR_NB","SEX_T","CUR_TYPE_USD","2011",210.042,,"T30:76","R1:3513"
"DOM","BA:3","EAR_EMTM_SEX_CUR_NB","SEX_T","CUR_TYPE_LCU","2010",8000,,"T30:76","R1:3513"
"DOM","BA:3","EAR_EMTM_SEX_CUR_NB","SEX_T","CUR_TYPE_PPP","2010",395.124,,"T30:76","R1:3513"
"DOM","BA:3","EAR_EMTM_SEX_CUR_NB","SEX_T","CUR_TYPE_USD","2010",217.266,,"T30:76","R1:3513"
"DOM","BA:3","EAR_EMTM_SEX_CUR_NB","SEX_T","CUR_TYPE_LCU","2009",7400,,"T30:76","R1:3513"
"DOM","BA:3","EAR_EMTM_SEX_CUR_NB","SEX_T","CUR_TYPE_PPP","2009",382.354,,"T30:76","R1:3513"
"DOM","BA:3","EAR_EMTM_SEX_CUR_NB","SEX_T","CUR_TYPE_USD","2009",205.716,,"T30:76","R1:3513"
"DOM","BA:3","EAR_EMTM_SEX_CUR_NB","SEX_T","CUR_TYPE_LCU","2008",7000,,"T30:76","R1:3513"
"DOM","BA:3","EAR_EMTM_SEX_CUR_NB","SEX_T","CUR_TYPE_PPP","2008",368.211,,"T30:76","R1:3513"
"DOM","BA:3","EAR_EMTM_SEX_CUR_NB","SEX_T","CUR_TYPE_USD","2008",202.726,,"T30:76","R1:3513"
"DOM","BA:3","EAR_EMTM_SEX_CUR_NB","SEX_T","CUR_TYPE_LCU","2007",6000,,"T30:76","R1:3513"
"DOM","BA:3","EAR_EMTM_SEX_CUR_NB","SEX_T","CUR_TYPE_PPP","2007",336.295,,"T30:76","R1:3513"
"DOM","BA:3","EAR_EMTM_SEX_CUR_NB","SEX_T","CUR_TYPE_USD","2007",180.876,,"T30:76","R1:3513"
"DOM","BA:3","EAR_EMTM_SEX_CUR_NB","SEX_T","CUR_TYPE_LCU","2006",6000,,"T30:76","R1:3513"
"DOM","BA:3","EAR_EMTM_SEX_CUR_NB","SEX_T","CUR_TYPE_PPP","2006",347.055,,"T30:76","R1:3513"
"DOM","BA:3","EAR_EMTM_SEX_CUR_NB","SEX_T","CUR_TYPE_USD","2006",180.18,,"T30:76","R1:3513"
"DOM","BA:3","EAR_EMTM_SEX_CUR_NB","SEX_T","CUR_TYPE_LCU","2005",5275.25,,"T30:76","R1:3513"
"DOM","BA:3","EAR_EMTM_SEX_CUR_NB","SEX_T","CUR_TYPE_PPP","2005",317.983,,"T30:76","R1:3513"
"DOM","BA:3","EAR_EMTM_SEX_CUR_NB","SEX_T","CUR_TYPE_USD","2005",174.2,,"T30:76","R1:3513"
"DOM","BA:3","EAR_EMTM_SEX_CUR_NB","SEX_T","CUR_TYPE_LCU","2004",4544,,"T30:76","R1:3513"
"DOM","BA:3","EAR_EMTM_SEX_CUR_NB","SEX_T","CUR_TYPE_PPP","2004",276.017,,"T30:76","R1:3513"
"DOM","BA:3","EAR_EMTM_SEX_CUR_NB","SEX_T","CUR_TYPE_USD","2004",108.37,,"T30:76","R1:3513"
"DOM","BA:3","EAR_EMTM_SEX_CUR_NB","SEX_T","CUR_TYPE_LCU","2003",3850,,"T30:76","R1:3513"
"DOM","BA:3","EAR_EMTM_SEX_CUR_NB","SEX_T","CUR_TYPE_PPP","2003",344.972,,"T30:76","R1:3513"
"DOM","BA:3","EAR_EMTM_SEX_CUR_NB","SEX_T","CUR_TYPE_USD","2003",131.086,,"T30:76","R1:3513"
"DOM","BA:3","EAR_EMTM_SEX_CUR_NB","SEX_T","CUR_TYPE_LCU","2002",3500,,"T30:76","R1:3513"
"DOM","BA:3","EAR_EMTM_SEX_CUR_NB","SEX_T","CUR_TYPE_PPP","2002",390.824,,"T30:76","R1:3513"
"DOM","BA:3","EAR_EMTM_SEX_CUR_NB","SEX_T","CUR_TYPE_USD","2002",198.942,,"T30:76","R1:3513"
"DOM","BA:3","EAR_EMTM_SEX_CUR_NB","SEX_T","CUR_TYPE_LCU","2001",3200,,"T30:76","R1:3513"
"DOM","BA:3","EAR_EMTM_SEX_CUR_NB","SEX_T","CUR_TYPE_PPP","2001",370.119,,"T30:76","R1:3513"
"DOM","BA:3","EAR_EMTM_SEX_CUR_NB","SEX_T","CUR_TYPE_USD","2001",191.72,,"T30:76","R1:3513"
"DOM","BA:3","EAR_EMTM_SEX_CUR_NB","SEX_T","CUR_TYPE_LCU","2000",3000,"B","T30:76_I11:264","R1:3513"
"DOM","BA:3","EAR_EMTM_SEX_CUR_NB","SEX_T","CUR_TYPE_PPP","2000",367.426,"B","T30:76_I11:264","R1:3513"
"DOM","BA:3","EAR_EMTM_SEX_CUR_NB","SEX_T","CUR_TYPE_USD","2000",185.397,"B","T30:76_I11:264","R1:3513"
"ECU","BA:19","EAR_EMTM_SEX_CUR_NB","SEX_T","CUR_TYPE_LCU","2025",470,,"T30:77","R1:3513"
"ECU","BA:19","EAR_EMTM_SEX_CUR_NB","SEX_T","CUR_TYPE_PPP","2025",1064.538,,"T30:77","R1:3513"
"ECU","BA:19","EAR_EMTM_SEX_CUR_NB","SEX_T","CUR_TYPE_USD","2025",470,,"T30:77","R1:3513"
"ECU","BA:19","EAR_EMTM_SEX_CUR_NB","SEX_T","CUR_TYPE_LCU","2024",460,,"T30:77","R1:3513"
"ECU","BA:19","EAR_EMTM_SEX_CUR_NB","SEX_T","CUR_TYPE_PPP","2024",1021.722,,"T30:77","R1:3513"
"ECU","BA:19","EAR_EMTM_SEX_CUR_NB","SEX_T","CUR_TYPE_USD","2024",460,,"T30:77","R1:3513"
"ECU","BA:19","EAR_EMTM_SEX_CUR_NB","SEX_T","CUR_TYPE_LCU","2023",450,,"T30:77","R1:3513"
"ECU","BA:19","EAR_EMTM_SEX_CUR_NB","SEX_T","CUR_TYPE_PPP","2023",985.897,,"T30:77","R1:3513"
"ECU","BA:19","EAR_EMTM_SEX_CUR_NB","SEX_T","CUR_TYPE_USD","2023",450,,"T30:77","R1:3513"
"ECU","BA:19","EAR_EMTM_SEX_CUR_NB","SEX_T","CUR_TYPE_LCU","2022",420,,"T30:77","R1:3513"
"ECU","BA:19","EAR_EMTM_SEX_CUR_NB","SEX_T","CUR_TYPE_PPP","2022",903.373,,"T30:77","R1:3513"
"ECU","BA:19","EAR_EMTM_SEX_CUR_NB","SEX_T","CUR_TYPE_USD","2022",420,,"T30:77","R1:3513"
"ECU","BA:19","EAR_EMTM_SEX_CUR_NB","SEX_T","CUR_TYPE_LCU","2021",400,,"T30:77","R1:3513"
"ECU","BA:19","EAR_EMTM_SEX_CUR_NB","SEX_T","CUR_TYPE_PPP","2021",824.216,,"T30:77","R1:3513"
"ECU","BA:19","EAR_EMTM_SEX_CUR_NB","SEX_T","CUR_TYPE_USD","2021",400,,"T30:77","R1:3513"
"ECU","BA:19","EAR_EMTM_SEX_CUR_NB","SEX_T","CUR_TYPE_LCU","2020",400,"B","T30:77_I11:264","R1:3513"
"ECU","BA:19","EAR_EMTM_SEX_CUR_NB","SEX_T","CUR_TYPE_PPP","2020",779.291,"B","T30:77_I11:264","R1:3513"
"ECU","BA:19","EAR_EMTM_SEX_CUR_NB","SEX_T","CUR_TYPE_USD","2020",400,"B","T30:77_I11:264","R1:3513"
"ECU","BA:19","EAR_EMTM_SEX_CUR_NB","SEX_T","CUR_TYPE_LCU","2019",410.156,,"T30:77","R1:3513"
"ECU","BA:19","EAR_EMTM_SEX_CUR_NB","SEX_T","CUR_TYPE_PPP","2019",764.759,,"T30:77","R1:3513"
"ECU","BA:19","EAR_EMTM_SEX_CUR_NB","SEX_T","CUR_TYPE_USD","2019",410.156,,"T30:77","R1:3513"
"ECU","BA:19","EAR_EMTM_SEX_CUR_NB","SEX_T","CUR_TYPE_LCU","2018",405,,"T30:77","R1:3513"
"ECU","BA:19","EAR_EMTM_SEX_CUR_NB","SEX_T","CUR_TYPE_PPP","2018",728.857,,"T30:77","R1:3513"
"ECU","BA:19","EAR_EMTM_SEX_CUR_NB","SEX_T","CUR_TYPE_USD","2018",405,,"T30:77","R1:3513"
"ECU","BA:19","EAR_EMTM_SEX_CUR_NB","SEX_T","CUR_TYPE_LCU","2017",400,,"T30:77","R1:3513"
"ECU","BA:19","EAR_EMTM_SEX_CUR_NB","SEX_T","CUR_TYPE_PPP","2017",695.353,,"T30:77","R1:3513"
"ECU","BA:19","EAR_EMTM_SEX_CUR_NB","SEX_T","CUR_TYPE_USD","2017",400,,"T30:77","R1:3513"
"ECU","BA:19","EAR_EMTM_SEX_CUR_NB","SEX_T","CUR_TYPE_LCU","2016",400,,"T30:77","R1:3513"
"ECU","BA:19","EAR_EMTM_SEX_CUR_NB","SEX_T","CUR_TYPE_PPP","2016",691.359,,"T30:77","R1:3513"
"ECU","BA:19","EAR_EMTM_SEX_CUR_NB","SEX_T","CUR_TYPE_USD","2016",400,,"T30:77","R1:3513"
"ECU","BA:19","EAR_EMTM_SEX_CUR_NB","SEX_T","CUR_TYPE_LCU","2015",400,,"T30:77","R1:3513"
"ECU","BA:19","EAR_EMTM_SEX_CUR_NB","SEX_T","CUR_TYPE_PPP","2015",688.744,,"T30:77","R1:3513"
"ECU","BA:19","EAR_EMTM_SEX_CUR_NB","SEX_T","CUR_TYPE_USD","2015",400,,"T30:77","R1:3513"
"ECU","BA:19","EAR_EMTM_SEX_CUR_NB","SEX_T","CUR_TYPE_LCU","2014",380,,"T30:77","R1:3513"
"ECU","BA:19","EAR_EMTM_SEX_CUR_NB","SEX_T","CUR_TYPE_PPP","2014",672.88,,"T30:77","R1:3513"
"ECU","BA:19","EAR_EMTM_SEX_CUR_NB","SEX_T","CUR_TYPE_USD","2014",380,,"T30:77","R1:3513"
"ECU","BA:19","EAR_EMTM_SEX_CUR_NB","SEX_T","CUR_TYPE_LCU","2013",350,,"T30:77","R1:3513"
"ECU","BA:19","EAR_EMTM_SEX_CUR_NB","SEX_T","CUR_TYPE_PPP","2013",630.971,,"T30:77","R1:3513"
"ECU","BA:19","EAR_EMTM_SEX_CUR_NB","SEX_T","CUR_TYPE_USD","2013",350,,"T30:77","R1:3513"
"ECU","BA:19","EAR_EMTM_SEX_CUR_NB","SEX_T","CUR_TYPE_LCU","2012",322,"B","T30:77_I11:264","R1:3513"
"ECU","BA:19","EAR_EMTM_SEX_CUR_NB","SEX_T","CUR_TYPE_PPP","2012",594.739,"B","T30:77_I11:264","R1:3513"
"ECU","BA:19","EAR_EMTM_SEX_CUR_NB","SEX_T","CUR_TYPE_USD","2012",322,"B","T30:77_I11:264","R1:3513"
"ECU","BA:19","EAR_EMTM_SEX_CUR_NB","SEX_T","CUR_TYPE_LCU","2011",300,,"T30:77","R1:3513"
"ECU","BA:19","EAR_EMTM_SEX_CUR_NB","SEX_T","CUR_TYPE_PPP","2011",547.69,,"T30:77","R1:3513"
"ECU","BA:19","EAR_EMTM_SEX_CUR_NB","SEX_T","CUR_TYPE_USD","2011",300,,"T30:77","R1:3513"
"ECU","BA:19","EAR_EMTM_SEX_CUR_NB","SEX_T","CUR_TYPE_LCU","2010",260,,"T30:77","R1:3513"
"ECU","BA:19","EAR_EMTM_SEX_CUR_NB","SEX_T","CUR_TYPE_PPP","2010",480.728,,"T30:77","R1:3513"
"ECU","BA:19","EAR_EMTM_SEX_CUR_NB","SEX_T","CUR_TYPE_USD","2010",260,,"T30:77","R1:3513"
"ECU","BA:19","EAR_EMTM_SEX_CUR_NB","SEX_T","CUR_TYPE_LCU","2009",240,,"T30:77","R1:3513"
"ECU","BA:19","EAR_EMTM_SEX_CUR_NB","SEX_T","CUR_TYPE_PPP","2009",452.106,,"T30:77","R1:3513"
"ECU","BA:19","EAR_EMTM_SEX_CUR_NB","SEX_T","CUR_TYPE_USD","2009",240,,"T30:77","R1:3513"
"ECU","BA:19","EAR_EMTM_SEX_CUR_NB","SEX_T","CUR_TYPE_LCU","2008",220,,"T30:77","R1:3513"
"ECU","BA:19","EAR_EMTM_SEX_CUR_NB","SEX_T","CUR_TYPE_PPP","2008",437.37,,"T30:77","R1:3513"
"ECU","BA:19","EAR_EMTM_SEX_CUR_NB","SEX_T","CUR_TYPE_USD","2008",220,,"T30:77","R1:3513"
"ECU","BA:19","EAR_EMTM_SEX_CUR_NB","SEX_T","CUR_TYPE_LCU","2007",200,,"T30:77","R1:3513"
"ECU","BA:19","EAR_EMTM_SEX_CUR_NB","SEX_T","CUR_TYPE_PPP","2007",415.074,,"T30:77","R1:3513"
"ECU","BA:19","EAR_EMTM_SEX_CUR_NB","SEX_T","CUR_TYPE_USD","2007",200,,"T30:77","R1:3513"
"ECU","BA:19","EAR_EMTM_SEX_CUR_NB","SEX_T","CUR_TYPE_LCU","2006",196,"B","T30:77_I11:264","R1:3513"
"ECU","BA:19","EAR_EMTM_SEX_CUR_NB","SEX_T","CUR_TYPE_PPP","2006",404.493,"B","T30:77_I11:264","R1:3513"
"ECU","BA:19","EAR_EMTM_SEX_CUR_NB","SEX_T","CUR_TYPE_USD","2006",196,"B","T30:77_I11:264","R1:3513"
"ECU","BA:19","EAR_EMTM_SEX_CUR_NB","SEX_T","CUR_TYPE_LCU","2005",180,,"T30:77","R1:3513"
"ECU","BA:19","EAR_EMTM_SEX_CUR_NB","SEX_T","CUR_TYPE_PPP","2005",371.735,,"T30:77","R1:3513"
"ECU","BA:19","EAR_EMTM_SEX_CUR_NB","SEX_T","CUR_TYPE_USD","2005",180,,"T30:77","R1:3513"
"ECU","BA:19","EAR_EMTM_SEX_CUR_NB","SEX_T","CUR_TYPE_LCU","2004",160,,"T30:77","R1:3513"
"ECU","BA:19","EAR_EMTM_SEX_CUR_NB","SEX_T","CUR_TYPE_PPP","2004",326.518,,"T30:77","R1:3513"
"ECU","BA:19","EAR_EMTM_SEX_CUR_NB","SEX_T","CUR_TYPE_USD","2004",160,,"T30:77","R1:3513"
"ECU","BA:19","EAR_EMTM_SEX_CUR_NB","SEX_T","CUR_TYPE_LCU","2003",150,,"T30:77","R1:3513"
"ECU","BA:19","EAR_EMTM_SEX_CUR_NB","SEX_T","CUR_TYPE_PPP","2003",306.307,,"T30:77","R1:3513"
"ECU","BA:19","EAR_EMTM_SEX_CUR_NB","SEX_T","CUR_TYPE_USD","2003",150,,"T30:77","R1:3513"
"ECU","BA:19","EAR_EMTM_SEX_CUR_NB","SEX_T","CUR_TYPE_LCU","2001",112,"B","T30:77_I11:264","R1:3513"
"ECU","BA:19","EAR_EMTM_SEX_CUR_NB","SEX_T","CUR_TYPE_PPP","2001",267.258,"B","T30:77_I11:264","R1:3513"
"ECU","BA:19","EAR_EMTM_SEX_CUR_NB","SEX_T","CUR_TYPE_USD","2001",112,"B","T30:77_I11:264","R1:3513"
"EGY","BA:582","EAR_EMTM_SEX_CUR_NB","SEX_T","CUR_TYPE_LCU","2024",4562.5,"B","T30:15_I11:264","R1:3513"
"EGY","BA:582","EAR_EMTM_SEX_CUR_NB","SEX_T","CUR_TYPE_PPP","2024",656.302,"B","T30:15_I11:264","R1:3513"
"EGY","BA:582","EAR_EMTM_SEX_CUR_NB","SEX_T","CUR_TYPE_USD","2024",100.719,"B","T30:15_I11:264","R1:3513"
"EGY","BA:582","EAR_EMTM_SEX_CUR_NB","SEX_T","CUR_TYPE_LCU","2023",3650,,"T30:15","R1:3513"
"EGY","BA:582","EAR_EMTM_SEX_CUR_NB","SEX_T","CUR_TYPE_PPP","2023",654.179,,"T30:15","R1:3513"
"EGY","BA:582","EAR_EMTM_SEX_CUR_NB","SEX_T","CUR_TYPE_USD","2023",119.178,,"T30:15","R1:3513"
"EGY","BA:582","EAR_EMTM_SEX_CUR_NB","SEX_T","CUR_TYPE_LCU","2022",3000,,"T30:15","R1:3513"
"EGY","BA:582","EAR_EMTM_SEX_CUR_NB","SEX_T","CUR_TYPE_PPP","2022",691.412,,"T30:15","R1:3513"
"EGY","BA:582","EAR_EMTM_SEX_CUR_NB","SEX_T","CUR_TYPE_USD","2022",156.573,,"T30:15","R1:3513"
"EGY","BA:582","EAR_EMTM_SEX_CUR_NB","SEX_T","CUR_TYPE_LCU","2021",2800,,"T30:15","R1:3513"
"EGY","BA:582","EAR_EMTM_SEX_CUR_NB","SEX_T","CUR_TYPE_PPP","2021",680.528,,"T30:15","R1:3513"
"EGY","BA:582","EAR_EMTM_SEX_CUR_NB","SEX_T","CUR_TYPE_USD","2021",178.976,,"T30:15","R1:3513"
"EGY","BA:582","EAR_EMTM_SEX_CUR_NB","SEX_T","CUR_TYPE_LCU","2020",2500,,"T30:15","R1:3513"
"EGY","BA:582","EAR_EMTM_SEX_CUR_NB","SEX_T","CUR_TYPE_PPP","2020",613.75,,"T30:15","R1:3513"
"EGY","BA:582","EAR_EMTM_SEX_CUR_NB","SEX_T","CUR_TYPE_USD","2020",158.638,,"T30:15","R1:3513"
"EGY","BA:582","EAR_EMTM_SEX_CUR_NB","SEX_T","CUR_TYPE_LCU","2019",2450,,"T30:15","R1:3513"
"EGY","BA:582","EAR_EMTM_SEX_CUR_NB","SEX_T","CUR_TYPE_PPP","2019",616.1,,"T30:15","R1:3513"
"EGY","BA:582","EAR_EMTM_SEX_CUR_NB","SEX_T","CUR_TYPE_USD","2019",146.089,,"T30:15","R1:3513"
"EGY","BA:582","EAR_EMTM_SEX_CUR_NB","SEX_T","CUR_TYPE_LCU","2018",2100,,"T30:15","R1:3513"
"EGY","BA:582","EAR_EMTM_SEX_CUR_NB","SEX_T","CUR_TYPE_PPP","2018",572.584,,"T30:15","R1:3513"
"EGY","BA:582","EAR_EMTM_SEX_CUR_NB","SEX_T","CUR_TYPE_USD","2018",118.195,,"T30:15","R1:3513"
"EGY","BA:582","EAR_EMTM_SEX_CUR_NB","SEX_T","CUR_TYPE_LCU","2017",2000,,"T30:15","R1:3513"
"EGY","BA:582","EAR_EMTM_SEX_CUR_NB","SEX_T","CUR_TYPE_PPP","2017",584.478,,"T30:15","R1:3513"
"EGY","BA:582","EAR_EMTM_SEX_CUR_NB","SEX_T","CUR_TYPE_USD","2017",112.47,,"T30:15","R1:3513"
"EGY","BA:582","EAR_EMTM_SEX_CUR_NB","SEX_T","CUR_TYPE_LCU","2016",1650,"B","T30:15_I11:264","R1:3513"
"EGY","BA:582","EAR_EMTM_SEX_CUR_NB","SEX_T","CUR_TYPE_PPP","2016",622.036,"B","T30:15_I11:264","R1:3513"
"EGY","BA:582","EAR_EMTM_SEX_CUR_NB","SEX_T","CUR_TYPE_USD","2016",164.582,"B","T30:15_I11:264","R1:3513"
"EGY","BA:582","EAR_EMTM_SEX_CUR_NB","SEX_T","CUR_TYPE_LCU","2015",1600,,"T30:15","R1:3513"
"EGY","BA:582","EAR_EMTM_SEX_CUR_NB","SEX_T","CUR_TYPE_PPP","2015",681.795,,"T30:15","R1:3513"
"EGY","BA:582","EAR_EMTM_SEX_CUR_NB","SEX_T","CUR_TYPE_USD","2015",208.028,,"T30:15","R1:3513"
"EGY","BA:582","EAR_EMTM_SEX_CUR_NB","SEX_T","CUR_TYPE_LCU","2013",1250,,"T30:15","R1:3513"
"EGY","BA:582","EAR_EMTM_SEX_CUR_NB","SEX_T","CUR_TYPE_PPP","2013",651.658,,"T30:15","R1:3513"
"EGY","BA:582","EAR_EMTM_SEX_CUR_NB","SEX_T","CUR_TYPE_USD","2013",181.942,,"T30:15","R1:3513"
"EGY","BA:582","EAR_EMTM_SEX_CUR_NB","SEX_T","CUR_TYPE_LCU","2012",1100,,"T30:15","R1:3513"
"EGY","BA:582","EAR_EMTM_SEX_CUR_NB","SEX_T","CUR_TYPE_PPP","2012",636.78,,"T30:15","R1:3513"
"EGY","BA:582","EAR_EMTM_SEX_CUR_NB","SEX_T","CUR_TYPE_USD","2012",181.636,,"T30:15","R1:3513"
"EGY","BA:582","EAR_EMTM_SEX_CUR_NB","SEX_T","CUR_TYPE_LCU","2011",800,,"T30:15","R1:3513"
"EGY","BA:582","EAR_EMTM_SEX_CUR_NB","SEX_T","CUR_TYPE_PPP","2011",466.556,,"T30:15","R1:3513"
"EGY","BA:582","EAR_EMTM_SEX_CUR_NB","SEX_T","CUR_TYPE_USD","2011",134.843,,"T30:15","R1:3513"
"EGY","BA:582","EAR_EMTM_SEX_CUR_NB","SEX_T","CUR_TYPE_LCU","2010",608.333,,"T30:15","R1:3513"
"EGY","BA:582","EAR_EMTM_SEX_CUR_NB","SEX_T","CUR_TYPE_PPP","2010",378.535,,"T30:15","R1:3513"
"EGY","BA:582","EAR_EMTM_SEX_CUR_NB","SEX_T","CUR_TYPE_USD","2010",108.207,,"T30:15","R1:3513"
"EGY","BA:582","EAR_EMTM_SEX_CUR_NB","SEX_T","CUR_TYPE_LCU","2009",63.333,,"T30:15","R1:3513"
"EGY","BA:582","EAR_EMTM_SEX_CUR_NB","SEX_T","CUR_TYPE_PPP","2009",43.141,,"T30:15","R1:3513"
"EGY","BA:582","EAR_EMTM_SEX_CUR_NB","SEX_T","CUR_TYPE_USD","2009",11.423,,"T30:15","R1:3513"
"EGY","BA:582","EAR_EMTM_SEX_CUR_NB","SEX_T","CUR_TYPE_LCU","2008",50,"B","T30:15_I11:264","R1:3513"
"EGY","BA:582","EAR_EMTM_SEX_CUR_NB","SEX_T","CUR_TYPE_PPP","2008",38.201,"B","T30:15_I11:264","R1:3513"
"EGY","BA:582","EAR_EMTM_SEX_CUR_NB","SEX_T","CUR_TYPE_USD","2008",9.204,"B","T30:15_I11:264","R1:3513"
"ESP","BB:3071","EAR_EMTM_SEX_CUR_NB","SEX_T","CUR_TYPE_LCU","2025",2648.508,,"T30:171","R1:3513_T2:85"
"ESP","BB:3071","EAR_EMTM_SEX_CUR_NB","SEX_T","CUR_TYPE_PPP","2025",4357.131,,"T30:171","R1:3513_T2:85"
"ESP","BB:3071","EAR_EMTM_SEX_CUR_NB","SEX_T","CUR_TYPE_USD","2025",2992.814,,"T30:171","R1:3513_T2:85"
"ESP","BB:3071","EAR_EMTM_SEX_CUR_NB","SEX_T","CUR_TYPE_LCU","2024",2528.931,,"T30:171","R1:3513_T2:85"
"ESP","BB:3071","EAR_EMTM_SEX_CUR_NB","SEX_T","CUR_TYPE_PPP","2024",4297.388,,"T30:171","R1:3513_T2:85"
"ESP","BB:3071","EAR_EMTM_SEX_CUR_NB","SEX_T","CUR_TYPE_USD","2024",2737.315,,"T30:171","R1:3513_T2:85"
"ESP","BB:3071","EAR_EMTM_SEX_CUR_NB","SEX_T","CUR_TYPE_LCU","2023",2443.248,,"T30:171","R1:3513_T2:85"
"ESP","BB:3071","EAR_EMTM_SEX_CUR_NB","SEX_T","CUR_TYPE_PPP","2023",4201.392,,"T30:171","R1:3513_T2:85"
"ESP","BB:3071","EAR_EMTM_SEX_CUR_NB","SEX_T","CUR_TYPE_USD","2023",2641.884,,"T30:171","R1:3513_T2:85"
"ESP","BB:3071","EAR_EMTM_SEX_CUR_NB","SEX_T","CUR_TYPE_LCU","2022",2263.562,,"T30:171","R1:3513_T2:85"
"ESP","BB:3071","EAR_EMTM_SEX_CUR_NB","SEX_T","CUR_TYPE_PPP","2022",3636.04,,"T30:171","R1:3513_T2:85"
"ESP","BB:3071","EAR_EMTM_SEX_CUR_NB","SEX_T","CUR_TYPE_USD","2022",2383.531,,"T30:171","R1:3513_T2:85"
"ESP","BB:3071","EAR_EMTM_SEX_CUR_NB","SEX_T","CUR_TYPE_LCU","2021",2168.817,,"T30:171","R1:3513_T2:85"
"ESP","BB:3071","EAR_EMTM_SEX_CUR_NB","SEX_T","CUR_TYPE_PPP","2021",3313.584,,"T30:171","R1:3513_T2:85"
"ESP","BB:3071","EAR_EMTM_SEX_CUR_NB","SEX_T","CUR_TYPE_USD","2021",2565.06,,"T30:171","R1:3513_T2:85"
"ESP","BB:3071","EAR_EMTM_SEX_CUR_NB","SEX_T","CUR_TYPE_LCU","2020",2192.742,,"T30:171","R1:3513_T2:85"
"ESP","BB:3071","EAR_EMTM_SEX_CUR_NB","SEX_T","CUR_TYPE_PPP","2020",3194.052,,"T30:171","R1:3513_T2:85"
"ESP","BB:3071","EAR_EMTM_SEX_CUR_NB","SEX_T","CUR_TYPE_USD","2020",2504.55,,"T30:171","R1:3513_T2:85"
"ESP","BB:3071","EAR_EMTM_SEX_CUR_NB","SEX_T","CUR_TYPE_LCU","2019",2030.169,,"T30:171","R1:3513_T2:85"
"ESP","BB:3071","EAR_EMTM_SEX_CUR_NB","SEX_T","CUR_TYPE_PPP","2019",2972.573,,"T30:171","R1:3513_T2:85"
"ESP","BB:3071","EAR_EMTM_SEX_CUR_NB","SEX_T","CUR_TYPE_USD","2019",2272.774,,"T30:171","R1:3513_T2:85"
"ESP","BB:3071","EAR_EMTM_SEX_CUR_NB","SEX_T","CUR_TYPE_LCU","2018",2054.663,,"T30:171","R1:3513_T2:85"
"ESP","BB:3071","EAR_EMTM_SEX_CUR_NB","SEX_T","CUR_TYPE_PPP","2018",2889.086,,"T30:171","R1:3513_T2:85"
"ESP","BB:3071","EAR_EMTM_SEX_CUR_NB","SEX_T","CUR_TYPE_USD","2018",2426.558,,"T30:171","R1:3513_T2:85"
"ESP","BB:3071","EAR_EMTM_SEX_CUR_NB","SEX_T","CUR_TYPE_LCU","2017",2031.631,,"T30:171","R1:3513_T2:85"
"ESP","BB:3071","EAR_EMTM_SEX_CUR_NB","SEX_T","CUR_TYPE_PPP","2017",2858.92,,"T30:171","R1:3513_T2:85"
"ESP","BB:3071","EAR_EMTM_SEX_CUR_NB","SEX_T","CUR_TYPE_USD","2017",2295.134,,"T30:171","R1:3513_T2:85"
"ESP","BB:3071","EAR_EMTM_SEX_CUR_NB","SEX_T","CUR_TYPE_LCU","2016",2099.322,,"T30:171","R1:3513_T2:85"
"ESP","BB:3071","EAR_EMTM_SEX_CUR_NB","SEX_T","CUR_TYPE_PPP","2016",2922.26,,"T30:171","R1:3513_T2:85"
"ESP","BB:3071","EAR_EMTM_SEX_CUR_NB","SEX_T","CUR_TYPE_USD","2016",2323.74,,"T30:171","R1:3513_T2:85"
"ESP","BB:3071","EAR_EMTM_SEX_CUR_NB","SEX_T","CUR_TYPE_LCU","2015",2061.844,,"T30:171","R1:3513_T2:85"
"ESP","BB:3071","EAR_EMTM_SEX_CUR_NB","SEX_T","CUR_TYPE_PPP","2015",2793.157,,"T30:171","R1:3513_T2:85"
"ESP","BB:3071","EAR_EMTM_SEX_CUR_NB","SEX_T","CUR_TYPE_USD","2015",2287.616,,"T30:171","R1:3513_T2:85"
"ESP","BB:3071","EAR_EMTM_SEX_CUR_NB","SEX_T","CUR_TYPE_LCU","2014",2061.526,,"T30:171","R1:3513_T2:85"
"ESP","BB:3071","EAR_EMTM_SEX_CUR_NB","SEX_T","CUR_TYPE_PPP","2014",2770.019,,"T30:171","R1:3513_T2:85"
"ESP","BB:3071","EAR_EMTM_SEX_CUR_NB","SEX_T","CUR_TYPE_USD","2014",2738.737,,"T30:171","R1:3513_T2:85"
"ESP","BB:3071","EAR_EMTM_SEX_CUR_NB","SEX_T","CUR_TYPE_LCU","2013",2051.403,,"T30:171","R1:3513_T2:85"
"ESP","BB:3071","EAR_EMTM_SEX_CUR_NB","SEX_T","CUR_TYPE_PPP","2013",2704.705,,"T30:171","R1:3513_T2:85"
"ESP","BB:3071","EAR_EMTM_SEX_CUR_NB","SEX_T","CUR_TYPE_USD","2013",2724.468,,"T30:171","R1:3513_T2:85"
"ESP","BB:3071","EAR_EMTM_SEX_CUR_NB","SEX_T","CUR_TYPE_LCU","2012",2111.827,,"T30:171","R1:3513_T2:85"
"ESP","BB:3071","EAR_EMTM_SEX_CUR_NB","SEX_T","CUR_TYPE_PPP","2012",2687.418,,"T30:171","R1:3513_T2:85"
"ESP","BB:3071","EAR_EMTM_SEX_CUR_NB","SEX_T","CUR_TYPE_USD","2012",2713.275,,"T30:171","R1:3513_T2:85"
"ESP","BB:3071","EAR_EMTM_SEX_CUR_NB","SEX_T","CUR_TYPE_LCU","2011",2084.814,,"T30:171","R1:3513_T2:85"
"ESP","BB:3071","EAR_EMTM_SEX_CUR_NB","SEX_T","CUR_TYPE_PPP","2011",2633.522,,"T30:171","R1:3513_T2:85"
"ESP","BB:3071","EAR_EMTM_SEX_CUR_NB","SEX_T","CUR_TYPE_USD","2011",2902.061,,"T30:171","R1:3513_T2:85"
"ESP","BB:3071","EAR_EMTM_SEX_CUR_NB","SEX_T","CUR_TYPE_LCU","2010",2058.247,,"T30:171","R1:3513_T2:85"
"ESP","BB:3071","EAR_EMTM_SEX_CUR_NB","SEX_T","CUR_TYPE_PPP","2010",2568.849,,"T30:171","R1:3513_T2:85"
"ESP","BB:3071","EAR_EMTM_SEX_CUR_NB","SEX_T","CUR_TYPE_USD","2010",2728.617,,"T30:171","R1:3513_T2:85"
"ESP","BB:3071","EAR_EMTM_SEX_CUR_NB","SEX_T","CUR_TYPE_LCU","2009",2005.68,,"T30:171","R1:3513_T2:85"
"ESP","BB:3071","EAR_EMTM_SEX_CUR_NB","SEX_T","CUR_TYPE_PPP","2009",2505.663,,"T30:171","R1:3513_T2:85"
"ESP","BB:3071","EAR_EMTM_SEX_CUR_NB","SEX_T","CUR_TYPE_USD","2009",2797.523,,"T30:171","R1:3513_T2:85"
"ESP","BB:3071","EAR_EMTM_SEX_CUR_NB","SEX_T","CUR_TYPE_LCU","2008",1822.134,,"T30:171","R1:3513_T2:85"
"ESP","BB:3071","EAR_EMTM_SEX_CUR_NB","SEX_T","CUR_TYPE_PPP","2008",2271.52,,"T30:171","R1:3513_T2:85"
"ESP","BB:3071","EAR_EMTM_SEX_CUR_NB","SEX_T","CUR_TYPE_USD","2008",2679.994,,"T30:171","R1:3513_T2:85"
"ESP","BB:3071","EAR_EMTM_SEX_CUR_NB","SEX_T","CUR_TYPE_LCU","2007",1731.92,,"T30:171","R1:3513_T2:85"
"ESP","BB:3071","EAR_EMTM_SEX_CUR_NB","SEX_T","CUR_TYPE_PPP","2007",2143.027,,"T30:171","R1:3513_T2:85"
"ESP","BB:3071","EAR_EMTM_SEX_CUR_NB","SEX_T","CUR_TYPE_USD","2007",2373.596,,"T30:171","R1:3513_T2:85"
"ESP","BB:3071","EAR_EMTM_SEX_CUR_NB","SEX_T","CUR_TYPE_LCU","2006",1320,,"T30:171","R1:3513_T2:85"
"ESP","BB:3071","EAR_EMTM_SEX_CUR_NB","SEX_T","CUR_TYPE_PPP","2006",1669.059,,"T30:171","R1:3513_T2:85"
"ESP","BB:3071","EAR_EMTM_SEX_CUR_NB","SEX_T","CUR_TYPE_USD","2006",1657.392,,"T30:171","R1:3513_T2:85"
"EST","BB:44","EAR_EMTM_SEX_CUR_NB","SEX_T","CUR_TYPE_LCU","2025",2431.472,,"T30:172","R1:3513_T2:85"
"EST","BB:44","EAR_EMTM_SEX_CUR_NB","SEX_T","CUR_TYPE_PPP","2025",3619.657,,"T30:172","R1:3513_T2:85"
"EST","BB:44","EAR_EMTM_SEX_CUR_NB","SEX_T","CUR_TYPE_USD","2025",2747.563,,"T30:172","R1:3513_T2:85"
"EST","BB:44","EAR_EMTM_SEX_CUR_NB","SEX_T","CUR_TYPE_LCU","2024",2256.981,,"T30:172","R1:3513_T2:85"
"EST","BB:44","EAR_EMTM_SEX_CUR_NB","SEX_T","CUR_TYPE_PPP","2024",3493.356,,"T30:172","R1:3513_T2:85"
"EST","BB:44","EAR_EMTM_SEX_CUR_NB","SEX_T","CUR_TYPE_USD","2024",2442.956,,"T30:172","R1:3513_T2:85"
"EST","BB:44","EAR_EMTM_SEX_CUR_NB","SEX_T","CUR_TYPE_LCU","2023",2015.639,,"T30:172","R1:3513_T2:85"
"EST","BB:44","EAR_EMTM_SEX_CUR_NB","SEX_T","CUR_TYPE_PPP","2023",3135.625,,"T30:172","R1:3513_T2:85"
"EST","BB:44","EAR_EMTM_SEX_CUR_NB","SEX_T","CUR_TYPE_USD","2023",2179.511,,"T30:172","R1:3513_T2:85"
"EST","BB:44","EAR_EMTM_SEX_CUR_NB","SEX_T","CUR_TYPE_LCU","2022",1772.676,,"T30:172","R1:3513_T2:85"
"EST","BB:44","EAR_EMTM_SEX_CUR_NB","SEX_T","CUR_TYPE_PPP","2022",2682.219,,"T30:172","R1:3513_T2:85"
"EST","BB:44","EAR_EMTM_SEX_CUR_NB","SEX_T","CUR_TYPE_USD","2022",1866.628,,"T30:172","R1:3513_T2:85"
"EST","BB:44","EAR_EMTM_SEX_CUR_NB","SEX_T","CUR_TYPE_LCU","2021",1717.557,,"T30:172","R1:3513_T2:85"
"EST","BB:44","EAR_EMTM_SEX_CUR_NB","SEX_T","CUR_TYPE_PPP","2021",2722.706,,"T30:172","R1:3513_T2:85"
"EST","BB:44","EAR_EMTM_SEX_CUR_NB","SEX_T","CUR_TYPE_USD","2021",2031.354,,"T30:172","R1:3513_T2:85"
"EST","BB:44","EAR_EMTM_SEX_CUR_NB","SEX_T","CUR_TYPE_LCU","2020",1623.874,,"T30:172","R1:3513_T2:85"
"EST","BB:44","EAR_EMTM_SEX_CUR_NB","SEX_T","CUR_TYPE_PPP","2020",2691.867,,"T30:172","R1:3513_T2:85"
"EST","BB:44","EAR_EMTM_SEX_CUR_NB","SEX_T","CUR_TYPE_USD","2020",1854.789,,"T30:172","R1:3513_T2:85"
"EST","BB:44","EAR_EMTM_SEX_CUR_NB","SEX_T","CUR_TYPE_LCU","2019",1455.88,,"T30:172","R1:3513_T2:85"
"EST","BB:44","EAR_EMTM_SEX_CUR_NB","SEX_T","CUR_TYPE_PPP","2019",2409.495,,"T30:172","R1:3513_T2:85"
"EST","BB:44","EAR_EMTM_SEX_CUR_NB","SEX_T","CUR_TYPE_USD","2019",1629.857,,"T30:172","R1:3513_T2:85"
"EST","BB:44","EAR_EMTM_SEX_CUR_NB","SEX_T","CUR_TYPE_LCU","2018",1383.794,,"T30:172","R1:3513_T2:85"
"EST","BB:44","EAR_EMTM_SEX_CUR_NB","SEX_T","CUR_TYPE_PPP","2018",2259.533,,"T30:172","R1:3513_T2:85"
"EST","BB:44","EAR_EMTM_SEX_CUR_NB","SEX_T","CUR_TYPE_USD","2018",1634.261,,"T30:172","R1:3513_T2:85"
"EST","BB:44","EAR_EMTM_SEX_CUR_NB","SEX_T","CUR_TYPE_LCU","2017",1254.446,,"T30:172","R1:3513_T2:85"
"EST","BB:44","EAR_EMTM_SEX_CUR_NB","SEX_T","CUR_TYPE_PPP","2017",2068.254,,"T30:172","R1:3513_T2:85"
"EST","BB:44","EAR_EMTM_SEX_CUR_NB","SEX_T","CUR_TYPE_USD","2017",1417.147,,"T30:172","R1:3513_T2:85"
"EST","BB:44","EAR_EMTM_SEX_CUR_NB","SEX_T","CUR_TYPE_LCU","2016",1204.54,,"T30:172","R1:3513_T2:85"
"EST","BB:44","EAR_EMTM_SEX_CUR_NB","SEX_T","CUR_TYPE_PPP","2016",2028.996,,"T30:172","R1:3513_T2:85"
"EST","BB:44","EAR_EMTM_SEX_CUR_NB","SEX_T","CUR_TYPE_USD","2016",1333.305,,"T30:172","R1:3513_T2:85"
"EST","BB:44","EAR_EMTM_SEX_CUR_NB","SEX_T","CUR_TYPE_LCU","2015",1151.972,,"T30:172","R1:3513_T2:85"
"EST","BB:44","EAR_EMTM_SEX_CUR_NB","SEX_T","CUR_TYPE_PPP","2015",1909.746,,"T30:172","R1:3513_T2:85"
"EST","BB:44","EAR_EMTM_SEX_CUR_NB","SEX_T","CUR_TYPE_USD","2015",1278.113,,"T30:172","R1:3513_T2:85"
"EST","BB:44","EAR_EMTM_SEX_CUR_NB","SEX_T","CUR_TYPE_LCU","2014",1106.978,,"T30:172","R1:3513_T2:85"
"EST","BB:44","EAR_EMTM_SEX_CUR_NB","SEX_T","CUR_TYPE_PPP","2014",1848.108,,"T30:172","R1:3513_T2:85"
"EST","BB:44","EAR_EMTM_SEX_CUR_NB","SEX_T","CUR_TYPE_USD","2014",1470.62,,"T30:172","R1:3513_T2:85"
"EST","BB:44","EAR_EMTM_SEX_CUR_NB","SEX_T","CUR_TYPE_LCU","2013",997.236,,"T30:172","R1:3513_T2:85"
"EST","BB:44","EAR_EMTM_SEX_CUR_NB","SEX_T","CUR_TYPE_PPP","2013",1667.145,,"T30:172","R1:3513_T2:85"
"EST","BB:44","EAR_EMTM_SEX_CUR_NB","SEX_T","CUR_TYPE_USD","2013",1324.429,,"T30:172","R1:3513_T2:85"
"EST","BB:44","EAR_EMTM_SEX_CUR_NB","SEX_T","CUR_TYPE_LCU","2012",928.834,,"T30:172","R1:3513_T2:85"
"EST","BB:44","EAR_EMTM_SEX_CUR_NB","SEX_T","CUR_TYPE_PPP","2012",1553.078,,"T30:172","R1:3513_T2:85"
"EST","BB:44","EAR_EMTM_SEX_CUR_NB","SEX_T","CUR_TYPE_USD","2012",1193.366,,"T30:172","R1:3513_T2:85"
"EST","BB:44","EAR_EMTM_SEX_CUR_NB","SEX_T","CUR_TYPE_LCU","2011",842.052,,"T30:172","R1:3513_T2:85"
"EST","BB:44","EAR_EMTM_SEX_CUR_NB","SEX_T","CUR_TYPE_PPP","2011",1432.475,,"T30:172","R1:3513_T2:85"
"EST","BB:44","EAR_EMTM_SEX_CUR_NB","SEX_T","CUR_TYPE_USD","2011",1172.136,,"T30:172","R1:3513_T2:85"
"EST","BB:44","EAR_EMTM_SEX_CUR_NB","SEX_T","CUR_TYPE_LCU","2010",836.964,,"T30:172","R1:3513_T2:85"
"EST","BB:44","EAR_EMTM_SEX_CUR_NB","SEX_T","CUR_TYPE_PPP","2010",1425.791,,"T30:172","R1:3513_T2:85"
"EST","BB:44","EAR_EMTM_SEX_CUR_NB","SEX_T","CUR_TYPE_USD","2010",1109.563,,"T30:172","R1:3513_T2:85"
"EST","BB:44","EAR_EMTM_SEX_CUR_NB","SEX_T","CUR_TYPE_LCU","2009",833.439,,"T30:172","R1:3513_T2:85"
"EST","BB:44","EAR_EMTM_SEX_CUR_NB","SEX_T","CUR_TYPE_PPP","2009",1392.312,,"T30:172","R1:3513_T2:85"
"EST","BB:44","EAR_EMTM_SEX_CUR_NB","SEX_T","CUR_TYPE_USD","2009",1162.481,,"T30:172","R1:3513_T2:85"
"EST","BB:44","EAR_EMTM_SEX_CUR_NB","SEX_T","CUR_TYPE_LCU","2008",796.726,,"T30:172","R1:3513_T2:85"
"EST","BB:44","EAR_EMTM_SEX_CUR_NB","SEX_T","CUR_TYPE_PPP","2008",1274.522,,"T30:172","R1:3513_T2:85"
"EST","BB:44","EAR_EMTM_SEX_CUR_NB","SEX_T","CUR_TYPE_USD","2008",1171.824,,"T30:172","R1:3513_T2:85"
"EST","BB:44","EAR_EMTM_SEX_CUR_NB","SEX_T","CUR_TYPE_LCU","2007",629.318,,"T30:172","R1:3513_T2:85"
"EST","BB:44","EAR_EMTM_SEX_CUR_NB","SEX_T","CUR_TYPE_PPP","2007",1024.069,,"T30:172","R1:3513_T2:85"
"EST","BB:44","EAR_EMTM_SEX_CUR_NB","SEX_T","CUR_TYPE_USD","2007",862.481,,"T30:172","R1:3513_T2:85"
"EST","BB:44","EAR_EMTM_SEX_CUR_NB","SEX_T","CUR_TYPE_LCU","2006",398.104,,"T30:172","R1:3513_T2:85"
"EST","BB:44","EAR_EMTM_SEX_CUR_NB","SEX_T","CUR_TYPE_PPP","2006",680.654,,"T30:172","R1:3513_T2:85"
"EST","BB:44","EAR_EMTM_SEX_CUR_NB","SEX_T","CUR_TYPE_USD","2006",499.86,,"T30:172","R1:3513_T2:85"
"EST","BB:44","EAR_EMTM_SEX_CUR_NB","SEX_T","CUR_TYPE_LCU","2005",360.822,,"T30:172","R1:3513_T2:85"
"EST","BB:44","EAR_EMTM_SEX_CUR_NB","SEX_T","CUR_TYPE_PPP","2005",651.181,,"T30:172","R1:3513_T2:85"
"EST","BB:44","EAR_EMTM_SEX_CUR_NB","SEX_T","CUR_TYPE_USD","2005",448.899,,"T30:172","R1:3513_T2:85"
"EST","BB:44","EAR_EMTM_SEX_CUR_NB","SEX_T","CUR_TYPE_LCU","2004",323.764,,"T30:172","R1:3513_T2:85"
"EST","BB:44","EAR_EMTM_SEX_CUR_NB","SEX_T","CUR_TYPE_PPP","2004",600.925,,"T30:172","R1:3513_T2:85"
"EST","BB:44","EAR_EMTM_SEX_CUR_NB","SEX_T","CUR_TYPE_USD","2004",402.73,,"T30:172","R1:3513_T2:85"
"ETH","BA:1126","EAR_EMTM_SEX_CUR_NB","SEX_T","CUR_TYPE_LCU","2021",3200,,"T30:17","R1:3513"
"ETH","BA:1126","EAR_EMTM_SEX_CUR_NB","SEX_T","CUR_TYPE_PPP","2021",238.153,,"T30:17","R1:3513"
"ETH","BA:1126","EAR_EMTM_SEX_CUR_NB","SEX_T","CUR_TYPE_USD","2021",73.17,,"T30:17","R1:3513"
"ETH","BA:1126","EAR_EMTM_SEX_CUR_NB","SEX_T","CUR_TYPE_LCU","2013",974,,"T30:17","R1:3513"
"ETH","BA:1126","EAR_EMTM_SEX_CUR_NB","SEX_T","CUR_TYPE_PPP","2013",135.928,,"T30:17","R1:3513"
"ETH","BA:1126","EAR_EMTM_SEX_CUR_NB","SEX_T","CUR_TYPE_USD","2013",52.291,,"T30:17","R1:3513"
"ETH","BA:1126","EAR_EMTM_SEX_CUR_NB","SEX_T","CUR_TYPE_LCU","2005",200,,"T30:17","R1:3513"
"ETH","BA:1126","EAR_EMTM_SEX_CUR_NB","SEX_T","CUR_TYPE_PPP","2005",92.549,,"T30:17","R1:3513"
"ETH","BA:1126","EAR_EMTM_SEX_CUR_NB","SEX_T","CUR_TYPE_USD","2005",23.078,,"T30:17","R1:3513"
"FIN","BB:6210","EAR_EMTM_SEX_CUR_NB","SEX_T","CUR_TYPE_LCU","2025",4448.46,,"T30:174","R1:3513_T2:85"
"FIN","BB:6210","EAR_EMTM_SEX_CUR_NB","SEX_T","CUR_TYPE_PPP","2025",5546.639,,"T30:174","R1:3513_T2:85"
"FIN","BB:6210","EAR_EMTM_SEX_CUR_NB","SEX_T","CUR_TYPE_USD","2025",5026.76,,"T30:174","R1:3513_T2:85"
"FIN","BB:6210","EAR_EMTM_SEX_CUR_NB","SEX_T","CUR_TYPE_LCU","2024",4354.282,,"T30:174","R1:3513_T2:85"
"FIN","BB:6210","EAR_EMTM_SEX_CUR_NB","SEX_T","CUR_TYPE_PPP","2024",5524.084,,"T30:174","R1:3513_T2:85"
"FIN","BB:6210","EAR_EMTM_SEX_CUR_NB","SEX_T","CUR_TYPE_USD","2024",4713.075,,"T30:174","R1:3513_T2:85"
"FIN","BB:6210","EAR_EMTM_SEX_CUR_NB","SEX_T","CUR_TYPE_LCU","2023",4134.192,,"T30:174","R1:3513_T2:85"
"FIN","BB:6210","EAR_EMTM_SEX_CUR_NB","SEX_T","CUR_TYPE_PPP","2023",5184.889,,"T30:174","R1:3513_T2:85"
"FIN","BB:6210","EAR_EMTM_SEX_CUR_NB","SEX_T","CUR_TYPE_USD","2023",4470.302,,"T30:174","R1:3513_T2:85"
"FIN","BB:6210","EAR_EMTM_SEX_CUR_NB","SEX_T","CUR_TYPE_LCU","2022",4027.304,,"T30:174","R1:3513_T2:85"
"FIN","BB:6210","EAR_EMTM_SEX_CUR_NB","SEX_T","CUR_TYPE_PPP","2022",4852.489,,"T30:174","R1:3513_T2:85"
"FIN","BB:6210","EAR_EMTM_SEX_CUR_NB","SEX_T","CUR_TYPE_USD","2022",4240.751,,"T30:174","R1:3513_T2:85"
"FIN","BB:6210","EAR_EMTM_SEX_CUR_NB","SEX_T","CUR_TYPE_LCU","2021",3826.123,,"T30:174","R1:3513_T2:85"
"FIN","BB:6210","EAR_EMTM_SEX_CUR_NB","SEX_T","CUR_TYPE_PPP","2021",4388.369,,"T30:174","R1:3513_T2:85"
"FIN","BB:6210","EAR_EMTM_SEX_CUR_NB","SEX_T","CUR_TYPE_USD","2021",4525.155,,"T30:174","R1:3513_T2:85"
"FIN","BB:6210","EAR_EMTM_SEX_CUR_NB","SEX_T","CUR_TYPE_LCU","2020",3730.622,,"T30:174","R1:3513_T2:85"
"FIN","BB:6210","EAR_EMTM_SEX_CUR_NB","SEX_T","CUR_TYPE_PPP","2020",4206.206,,"T30:174","R1:3513_T2:85"
"FIN","BB:6210","EAR_EMTM_SEX_CUR_NB","SEX_T","CUR_TYPE_USD","2020",4261.117,,"T30:174","R1:3513_T2:85"
"FIN","BB:6210","EAR_EMTM_SEX_CUR_NB","SEX_T","CUR_TYPE_LCU","2019",3667.071,,"T30:174","R1:3513_T2:85"
"FIN","BB:6210","EAR_EMTM_SEX_CUR_NB","SEX_T","CUR_TYPE_PPP","2019",4079.564,,"T30:174","R1:3513_T2:85"
"FIN","BB:6210","EAR_EMTM_SEX_CUR_NB","SEX_T","CUR_TYPE_USD","2019",4105.286,,"T30:174","R1:3513_T2:85"
"FIN","BB:6210","EAR_EMTM_SEX_CUR_NB","SEX_T","CUR_TYPE_LCU","2018",3626.33,,"T30:174","R1:3513_T2:85"
"FIN","BB:6210","EAR_EMTM_SEX_CUR_NB","SEX_T","CUR_TYPE_PPP","2018",3908.947,,"T30:174","R1:3513_T2:85"
"FIN","BB:6210","EAR_EMTM_SEX_CUR_NB","SEX_T","CUR_TYPE_USD","2018",4282.696,,"T30:174","R1:3513_T2:85"
"FIN","BB:6210","EAR_EMTM_SEX_CUR_NB","SEX_T","CUR_TYPE_LCU","2017",3650.157,,"T30:174","R1:3513_T2:85"
"FIN","BB:6210","EAR_EMTM_SEX_CUR_NB","SEX_T","CUR_TYPE_PPP","2017",3889.622,,"T30:174","R1:3513_T2:85"
"FIN","BB:6210","EAR_EMTM_SEX_CUR_NB","SEX_T","CUR_TYPE_USD","2017",4123.583,,"T30:174","R1:3513_T2:85"
"FIN","BB:6210","EAR_EMTM_SEX_CUR_NB","SEX_T","CUR_TYPE_LCU","2016",3632.325,,"T30:174","R1:3513_T2:85"
"FIN","BB:6210","EAR_EMTM_SEX_CUR_NB","SEX_T","CUR_TYPE_PPP","2016",3823.315,,"T30:174","R1:3513_T2:85"
"FIN","BB:6210","EAR_EMTM_SEX_CUR_NB","SEX_T","CUR_TYPE_USD","2016",4020.62,,"T30:174","R1:3513_T2:85"
"FIN","BB:6210","EAR_EMTM_SEX_CUR_NB","SEX_T","CUR_TYPE_LCU","2015",3587.306,,"T30:174","R1:3513_T2:85"
"FIN","BB:6210","EAR_EMTM_SEX_CUR_NB","SEX_T","CUR_TYPE_PPP","2015",3662.983,,"T30:174","R1:3513_T2:85"
"FIN","BB:6210","EAR_EMTM_SEX_CUR_NB","SEX_T","CUR_TYPE_USD","2015",3980.116,,"T30:174","R1:3513_T2:85"
"FIN","BB:6210","EAR_EMTM_SEX_CUR_NB","SEX_T","CUR_TYPE_LCU","2014",3524.915,,"T30:174","R1:3513_T2:85"
"FIN","BB:6210","EAR_EMTM_SEX_CUR_NB","SEX_T","CUR_TYPE_PPP","2014",3602.531,,"T30:174","R1:3513_T2:85"
"FIN","BB:6210","EAR_EMTM_SEX_CUR_NB","SEX_T","CUR_TYPE_USD","2014",4682.849,,"T30:174","R1:3513_T2:85"
"FIN","BB:6210","EAR_EMTM_SEX_CUR_NB","SEX_T","CUR_TYPE_LCU","2013",3454.5,,"T30:174","R1:3513_T2:85"
"FIN","BB:6210","EAR_EMTM_SEX_CUR_NB","SEX_T","CUR_TYPE_PPP","2013",3515.215,,"T30:174","R1:3513_T2:85"
"FIN","BB:6210","EAR_EMTM_SEX_CUR_NB","SEX_T","CUR_TYPE_USD","2013",4587.921,,"T30:174","R1:3513_T2:85"
"FIN","BB:6210","EAR_EMTM_SEX_CUR_NB","SEX_T","CUR_TYPE_LCU","2012",3342.714,,"T30:174","R1:3513_T2:85"
"FIN","BB:6210","EAR_EMTM_SEX_CUR_NB","SEX_T","CUR_TYPE_PPP","2012",3375.183,,"T30:174","R1:3513_T2:85"
"FIN","BB:6210","EAR_EMTM_SEX_CUR_NB","SEX_T","CUR_TYPE_USD","2012",4294.719,,"T30:174","R1:3513_T2:85"
"FIN","BB:6210","EAR_EMTM_SEX_CUR_NB","SEX_T","CUR_TYPE_LCU","2011",3238.667,,"T30:174","R1:3513_T2:85"
"FIN","BB:6210","EAR_EMTM_SEX_CUR_NB","SEX_T","CUR_TYPE_PPP","2011",3325.461,,"T30:174","R1:3513_T2:85"
"FIN","BB:6210","EAR_EMTM_SEX_CUR_NB","SEX_T","CUR_TYPE_USD","2011",4508.224,,"T30:174","R1:3513_T2:85"
"FIN","BB:6210","EAR_EMTM_SEX_CUR_NB","SEX_T","CUR_TYPE_LCU","2010",3114.726,,"T30:174","R1:3513_T2:85"
"FIN","BB:6210","EAR_EMTM_SEX_CUR_NB","SEX_T","CUR_TYPE_PPP","2010",3180.281,,"T30:174","R1:3513_T2:85"
"FIN","BB:6210","EAR_EMTM_SEX_CUR_NB","SEX_T","CUR_TYPE_USD","2010",4129.192,,"T30:174","R1:3513_T2:85"
"FIN","BB:6210","EAR_EMTM_SEX_CUR_NB","SEX_T","CUR_TYPE_LCU","2009",3062.148,,"T30:174","R1:3513_T2:85"
"FIN","BB:6210","EAR_EMTM_SEX_CUR_NB","SEX_T","CUR_TYPE_PPP","2009",3111.398,,"T30:174","R1:3513_T2:85"
"FIN","BB:6210","EAR_EMTM_SEX_CUR_NB","SEX_T","CUR_TYPE_USD","2009",4271.084,,"T30:174","R1:3513_T2:85"
"FIN","BB:6210","EAR_EMTM_SEX_CUR_NB","SEX_T","CUR_TYPE_LCU","2008",2869.874,,"T30:174","R1:3513_T2:85"
"FIN","BB:6210","EAR_EMTM_SEX_CUR_NB","SEX_T","CUR_TYPE_PPP","2008",2892.28,,"T30:174","R1:3513_T2:85"
"FIN","BB:6210","EAR_EMTM_SEX_CUR_NB","SEX_T","CUR_TYPE_USD","2008",4221.01,,"T30:174","R1:3513_T2:85"
"FIN","BB:6210","EAR_EMTM_SEX_CUR_NB","SEX_T","CUR_TYPE_LCU","2007",2785.281,,"T30:174","R1:3513_T2:85"
"FIN","BB:6210","EAR_EMTM_SEX_CUR_NB","SEX_T","CUR_TYPE_PPP","2007",2754.955,,"T30:174","R1:3513_T2:85"
"FIN","BB:6210","EAR_EMTM_SEX_CUR_NB","SEX_T","CUR_TYPE_USD","2007",3817.228,,"T30:174","R1:3513_T2:85"
"FIN","BB:6210","EAR_EMTM_SEX_CUR_NB","SEX_T","CUR_TYPE_LCU","2006",2118.063,,"T30:174","R1:3513_T2:85"
"FIN","BB:6210","EAR_EMTM_SEX_CUR_NB","SEX_T","CUR_TYPE_PPP","2006",2027.617,,"T30:174","R1:3513_T2:85"
"FIN","BB:6210","EAR_EMTM_SEX_CUR_NB","SEX_T","CUR_TYPE_USD","2006",2659.44,,"T30:174","R1:3513_T2:85"
"FIN","BB:6210","EAR_EMTM_SEX_CUR_NB","SEX_T","CUR_TYPE_LCU","2005",2085.308,,"T30:174","R1:3513_T2:85"
"FIN","BB:6210","EAR_EMTM_SEX_CUR_NB","SEX_T","CUR_TYPE_PPP","2005",1952.517,,"T30:174","R1:3513_T2:85"
"FIN","BB:6210","EAR_EMTM_SEX_CUR_NB","SEX_T","CUR_TYPE_USD","2005",2594.331,,"T30:174","R1:3513_T2:85"
"FIN","BB:6210","EAR_EMTM_SEX_CUR_NB","SEX_T","CUR_TYPE_LCU","2004",2037.029,,"T30:174","R1:3513_T2:85"
"FIN","BB:6210","EAR_EMTM_SEX_CUR_NB","SEX_T","CUR_TYPE_PPP","2004",1914.708,,"T30:174","R1:3513_T2:85"
"FIN","BB:6210","EAR_EMTM_SEX_CUR_NB","SEX_T","CUR_TYPE_USD","2004",2533.861,,"T30:174","R1:3513_T2:85"
"FJI","BA:1135","EAR_EMTM_SEX_CUR_NB","SEX_T","CUR_TYPE_LCU","2024",1082.5,,"T30:214","R1:3513"
"FJI","BA:1135","EAR_EMTM_SEX_CUR_NB","SEX_T","CUR_TYPE_PPP","2024",1168.676,,"T30:214","R1:3513"
"FJI","BA:1135","EAR_EMTM_SEX_CUR_NB","SEX_T","CUR_TYPE_USD","2024",477.23,,"T30:214","R1:3513"
"FJI","BA:1135","EAR_EMTM_SEX_CUR_NB","SEX_T","CUR_TYPE_LCU","2016",756.167,,"T30:214","R1:3513"
"FJI","BA:1135","EAR_EMTM_SEX_CUR_NB","SEX_T","CUR_TYPE_PPP","2016",767.482,,"T30:214","R1:3513"
"FJI","BA:1135","EAR_EMTM_SEX_CUR_NB","SEX_T","CUR_TYPE_USD","2016",360.991,,"T30:214","R1:3513"
"FJI","BA:1135","EAR_EMTM_SEX_CUR_NB","SEX_T","CUR_TYPE_LCU","2011",582.833,,"T30:214","R1:3513"
"FJI","BA:1135","EAR_EMTM_SEX_CUR_NB","SEX_T","CUR_TYPE_PPP","2011",573.516,,"T30:214","R1:3513"
"FJI","BA:1135","EAR_EMTM_SEX_CUR_NB","SEX_T","CUR_TYPE_USD","2011",325.444,,"T30:214","R1:3513"
"FJI","BA:1135","EAR_EMTM_SEX_CUR_NB","SEX_T","CUR_TYPE_LCU","2005",452.833,"B","T30:214_I11:264","R1:3513"
"FJI","BA:1135","EAR_EMTM_SEX_CUR_NB","SEX_T","CUR_TYPE_PPP","2005",513.569,"B","T30:214_I11:264","R1:3513"
"FJI","BA:1135","EAR_EMTM_SEX_CUR_NB","SEX_T","CUR_TYPE_USD","2005",267.783,"B","T30:214_I11:264","R1:3513"
"FRA","BB:3067","EAR_EMTM_SEX_CUR_NB","SEX_T","CUR_TYPE_LCU","2025",3720.429,,"T30:175","R1:3513_T2:85"
"FRA","BB:3067","EAR_EMTM_SEX_CUR_NB","SEX_T","CUR_TYPE_PPP","2025",5079.077,,"T30:175","R1:3513_T2:85"
"FRA","BB:3067","EAR_EMTM_SEX_CUR_NB","SEX_T","CUR_TYPE_USD","2025",4204.084,,"T30:175","R1:3513_T2:85"
"FRA","BA:148","EAR_EMTM_SEX_CUR_NB","SEX_T","CUR_TYPE_LCU","2024",1937,,"T30:175","R1:3513"
"FRA","BA:148","EAR_EMTM_SEX_CUR_NB","SEX_T","CUR_TYPE_PPP","2024",2701.783,,"T30:175","R1:3513"
"FRA","BA:148","EAR_EMTM_SEX_CUR_NB","SEX_T","CUR_TYPE_USD","2024",2096.609,,"T30:175","R1:3513"
"FRA","BA:148","EAR_EMTM_SEX_CUR_NB","SEX_T","CUR_TYPE_LCU","2023",1888,,"T30:175","R1:3513"
"FRA","BA:148","EAR_EMTM_SEX_CUR_NB","SEX_T","CUR_TYPE_PPP","2023",2624.256,,"T30:175","R1:3513"
"FRA","BA:148","EAR_EMTM_SEX_CUR_NB","SEX_T","CUR_TYPE_USD","2023",2041.494,,"T30:175","R1:3513"
"FRA","BA:148","EAR_EMTM_SEX_CUR_NB","SEX_T","CUR_TYPE_LCU","2022",1800,,"T30:175","R1:3513"
"FRA","BA:148","EAR_EMTM_SEX_CUR_NB","SEX_T","CUR_TYPE_PPP","2022",2418.357,,"T30:175","R1:3513"
"FRA","BA:148","EAR_EMTM_SEX_CUR_NB","SEX_T","CUR_TYPE_USD","2022",1895.4,,"T30:175","R1:3513"
"FRA","BA:148","EAR_EMTM_SEX_CUR_NB","SEX_T","CUR_TYPE_LCU","2021",1750,,"T30:175","R1:3513"
"FRA","BA:148","EAR_EMTM_SEX_CUR_NB","SEX_T","CUR_TYPE_PPP","2021",2209.058,,"T30:175","R1:3513"
"FRA","BA:148","EAR_EMTM_SEX_CUR_NB","SEX_T","CUR_TYPE_USD","2021",2069.725,,"T30:175","R1:3513"
"FRA","BA:148","EAR_EMTM_SEX_CUR_NB","SEX_T","CUR_TYPE_LCU","2020",1760,,"T30:175","R1:3513"
"FRA","BA:148","EAR_EMTM_SEX_CUR_NB","SEX_T","CUR_TYPE_PPP","2020",2220.308,,"T30:175","R1:3513"
"FRA","BA:148","EAR_EMTM_SEX_CUR_NB","SEX_T","CUR_TYPE_USD","2020",2010.272,,"T30:175","R1:3513"
"FRA","BA:148","EAR_EMTM_SEX_CUR_NB","SEX_T","CUR_TYPE_LCU","2019",1727,,"T30:175","R1:3513"
"FRA","BA:148","EAR_EMTM_SEX_CUR_NB","SEX_T","CUR_TYPE_PPP","2019",2138.97,,"T30:175","R1:3513"
"FRA","BA:148","EAR_EMTM_SEX_CUR_NB","SEX_T","CUR_TYPE_USD","2019",1933.377,,"T30:175","R1:3513"
"FRA","BA:148","EAR_EMTM_SEX_CUR_NB","SEX_T","CUR_TYPE_LCU","2018",1700,,"T30:175","R1:3513"
"FRA","BA:148","EAR_EMTM_SEX_CUR_NB","SEX_T","CUR_TYPE_PPP","2018",2022.091,,"T30:175","R1:3513"
"FRA","BA:148","EAR_EMTM_SEX_CUR_NB","SEX_T","CUR_TYPE_USD","2018",2007.7,,"T30:175","R1:3513"
"FRA","BA:148","EAR_EMTM_SEX_CUR_NB","SEX_T","CUR_TYPE_LCU","2017",1636,,"T30:175","R1:3513"
"FRA","BA:148","EAR_EMTM_SEX_CUR_NB","SEX_T","CUR_TYPE_PPP","2017",1929.619,,"T30:175","R1:3513"
"FRA","BA:148","EAR_EMTM_SEX_CUR_NB","SEX_T","CUR_TYPE_USD","2017",1848.189,,"T30:175","R1:3513"
"FRA","BA:148","EAR_EMTM_SEX_CUR_NB","SEX_T","CUR_TYPE_LCU","2016",1629,,"T30:175","R1:3513"
"FRA","BA:148","EAR_EMTM_SEX_CUR_NB","SEX_T","CUR_TYPE_PPP","2016",1922.925,,"T30:175","R1:3513"
"FRA","BA:148","EAR_EMTM_SEX_CUR_NB","SEX_T","CUR_TYPE_USD","2016",1803.14,,"T30:175","R1:3513"
"FRA","BA:148","EAR_EMTM_SEX_CUR_NB","SEX_T","CUR_TYPE_LCU","2015",1600,,"T30:175","R1:3513"
"FRA","BA:148","EAR_EMTM_SEX_CUR_NB","SEX_T","CUR_TYPE_PPP","2015",1834.991,,"T30:175","R1:3513"
"FRA","BA:148","EAR_EMTM_SEX_CUR_NB","SEX_T","CUR_TYPE_USD","2015",1775.2,,"T30:175","R1:3513"
"FRA","BA:148","EAR_EMTM_SEX_CUR_NB","SEX_T","CUR_TYPE_LCU","2014",1600,,"T30:175","R1:3513"
"FRA","BA:148","EAR_EMTM_SEX_CUR_NB","SEX_T","CUR_TYPE_PPP","2014",1861.608,,"T30:175","R1:3513"
"FRA","BA:148","EAR_EMTM_SEX_CUR_NB","SEX_T","CUR_TYPE_USD","2014",2125.6,,"T30:175","R1:3513"
"FRA","BA:148","EAR_EMTM_SEX_CUR_NB","SEX_T","CUR_TYPE_LCU","2013",1600,,"T30:175","R1:3513"
"FRA","BA:148","EAR_EMTM_SEX_CUR_NB","SEX_T","CUR_TYPE_PPP","2013",1858.106,,"T30:175","R1:3513"
"FRA","BA:148","EAR_EMTM_SEX_CUR_NB","SEX_T","CUR_TYPE_USD","2013",2124.96,,"T30:175","R1:3513"
"FRA","BA:148","EAR_EMTM_SEX_CUR_NB","SEX_T","CUR_TYPE_LCU","2012",1596,,"T30:175","R1:3513"
"FRA","BA:148","EAR_EMTM_SEX_CUR_NB","SEX_T","CUR_TYPE_PPP","2012",1800.371,,"T30:175","R1:3513"
"FRA","BA:148","EAR_EMTM_SEX_CUR_NB","SEX_T","CUR_TYPE_USD","2012",2050.541,,"T30:175","R1:3513"
"FRA","BA:148","EAR_EMTM_SEX_CUR_NB","SEX_T","CUR_TYPE_LCU","2011",1565,,"T30:175","R1:3513"
"FRA","BA:148","EAR_EMTM_SEX_CUR_NB","SEX_T","CUR_TYPE_PPP","2011",1773.036,,"T30:175","R1:3513"
"FRA","BA:148","EAR_EMTM_SEX_CUR_NB","SEX_T","CUR_TYPE_USD","2011",2178.48,,"T30:175","R1:3513"
"FRA","BA:148","EAR_EMTM_SEX_CUR_NB","SEX_T","CUR_TYPE_LCU","2010",1517,,"T30:175","R1:3513"
"FRA","BA:148","EAR_EMTM_SEX_CUR_NB","SEX_T","CUR_TYPE_PPP","2010",1689.496,,"T30:175","R1:3513"
"FRA","BA:148","EAR_EMTM_SEX_CUR_NB","SEX_T","CUR_TYPE_USD","2010",2011.087,,"T30:175","R1:3513"
"FRA","BA:148","EAR_EMTM_SEX_CUR_NB","SEX_T","CUR_TYPE_LCU","2009",1500,,"T30:175","R1:3513"
"FRA","BA:148","EAR_EMTM_SEX_CUR_NB","SEX_T","CUR_TYPE_PPP","2009",1652.412,,"T30:175","R1:3513"
"FRA","BA:148","EAR_EMTM_SEX_CUR_NB","SEX_T","CUR_TYPE_USD","2009",2092.2,,"T30:175","R1:3513"
"FRA","BA:148","EAR_EMTM_SEX_CUR_NB","SEX_T","CUR_TYPE_LCU","2008",1500,,"T30:175","R1:3513"
"FRA","BA:148","EAR_EMTM_SEX_CUR_NB","SEX_T","CUR_TYPE_PPP","2008",1621.275,,"T30:175","R1:3513"
"FRA","BA:148","EAR_EMTM_SEX_CUR_NB","SEX_T","CUR_TYPE_USD","2008",2206.2,,"T30:175","R1:3513"
"FRA","BA:148","EAR_EMTM_SEX_CUR_NB","SEX_T","CUR_TYPE_LCU","2007",1437,,"T30:175","R1:3513"
"FRA","BA:148","EAR_EMTM_SEX_CUR_NB","SEX_T","CUR_TYPE_PPP","2007",1551.593,,"T30:175","R1:3513"
"FRA","BA:148","EAR_EMTM_SEX_CUR_NB","SEX_T","CUR_TYPE_USD","2007",1969.408,,"T30:175","R1:3513"
"FRA","BA:148","EAR_EMTM_SEX_CUR_NB","SEX_T","CUR_TYPE_LCU","2006",1400,,"T30:175","R1:3513"
"FRA","BA:148","EAR_EMTM_SEX_CUR_NB","SEX_T","CUR_TYPE_PPP","2006",1508.913,,"T30:175","R1:3513"
"FRA","BA:148","EAR_EMTM_SEX_CUR_NB","SEX_T","CUR_TYPE_USD","2006",1757.84,,"T30:175","R1:3513"
"FRA","BA:148","EAR_EMTM_SEX_CUR_NB","SEX_T","CUR_TYPE_LCU","2005",1364,"B","T30:175_I11:264","R1:3513"
"FRA","BA:148","EAR_EMTM_SEX_CUR_NB","SEX_T","CUR_TYPE_PPP","2005",1468.04,"B","T30:175_I11:264","R1:3513"
"FRA","BA:148","EAR_EMTM_SEX_CUR_NB","SEX_T","CUR_TYPE_USD","2005",1696.952,"B","T30:175_I11:264","R1:3513"
"FRA","BB:3067","EAR_EMTM_SEX_CUR_NB","SEX_T","CUR_TYPE_LCU","2004",1733,,"T30:175","R1:3513_T2:85"
"FRA","BB:3067","EAR_EMTM_SEX_CUR_NB","SEX_T","CUR_TYPE_PPP","2004",1836.764,,"T30:175","R1:3513_T2:85"
"FRA","BB:3067","EAR_EMTM_SEX_CUR_NB","SEX_T","CUR_TYPE_USD","2004",2155.679,,"T30:175","R1:3513_T2:85"
"GBR","BA:666","EAR_EMTM_SEX_CUR_NB","SEX_T","CUR_TYPE_LCU","2025",2708.333,,"T30:210","R1:3513"
"GBR","BA:666","EAR_EMTM_SEX_CUR_NB","SEX_T","CUR_TYPE_PPP","2025",3860.615,,"T30:210","R1:3513"
"GBR","BA:666","EAR_EMTM_SEX_CUR_NB","SEX_T","CUR_TYPE_USD","2025",3566.065,,"T30:210","R1:3513"
"GBR","BA:666","EAR_EMTM_SEX_CUR_NB","SEX_T","CUR_TYPE_LCU","2024",2582.667,,"T30:210","R1:3513"
"GBR","BA:666","EAR_EMTM_SEX_CUR_NB","SEX_T","CUR_TYPE_PPP","2024",3782.802,,"T30:210","R1:3513"
"GBR","BA:666","EAR_EMTM_SEX_CUR_NB","SEX_T","CUR_TYPE_USD","2024",3300.893,,"T30:210","R1:3513"
"GBR","BA:666","EAR_EMTM_SEX_CUR_NB","SEX_T","CUR_TYPE_LCU","2023",2500.333,,"T30:210","R1:3513"
"GBR","BA:666","EAR_EMTM_SEX_CUR_NB","SEX_T","CUR_TYPE_PPP","2023",3711.626,,"T30:210","R1:3513"
"GBR","BA:666","EAR_EMTM_SEX_CUR_NB","SEX_T","CUR_TYPE_USD","2023",3107.784,,"T30:210","R1:3513"
"GBR","BA:666","EAR_EMTM_SEX_CUR_NB","SEX_T","CUR_TYPE_LCU","2022",2331.333,,"T30:210","R1:3513"
"GBR","BA:666","EAR_EMTM_SEX_CUR_NB","SEX_T","CUR_TYPE_PPP","2022",3352.107,,"T30:210","R1:3513"
"GBR","BA:666","EAR_EMTM_SEX_CUR_NB","SEX_T","CUR_TYPE_USD","2022",2873.571,,"T30:210","R1:3513"
"GBR","BA:666","EAR_EMTM_SEX_CUR_NB","SEX_T","CUR_TYPE_LCU","2021",2149.333,,"T30:210","R1:3513"
"GBR","BA:666","EAR_EMTM_SEX_CUR_NB","SEX_T","CUR_TYPE_PPP","2021",2922.128,,"T30:210","R1:3513"
"GBR","BA:666","EAR_EMTM_SEX_CUR_NB","SEX_T","CUR_TYPE_USD","2021",2956.178,,"T30:210","R1:3513"
"GBR","BA:666","EAR_EMTM_SEX_CUR_NB","SEX_T","CUR_TYPE_LCU","2020",2101.667,,"T30:210","R1:3513"
"GBR","BA:666","EAR_EMTM_SEX_CUR_NB","SEX_T","CUR_TYPE_PPP","2020",2797.459,,"T30:210","R1:3513"
"GBR","BA:666","EAR_EMTM_SEX_CUR_NB","SEX_T","CUR_TYPE_USD","2020",2694.446,,"T30:210","R1:3513"
"GBR","BA:666","EAR_EMTM_SEX_CUR_NB","SEX_T","CUR_TYPE_LCU","2018",1915.333,,"T30:210","R1:3513"
"GBR","BA:666","EAR_EMTM_SEX_CUR_NB","SEX_T","CUR_TYPE_PPP","2018",2452.098,,"T30:210","R1:3513"
"GBR","BA:666","EAR_EMTM_SEX_CUR_NB","SEX_T","CUR_TYPE_USD","2018",2555.374,,"T30:210","R1:3513"
"GBR","BA:666","EAR_EMTM_SEX_CUR_NB","SEX_T","CUR_TYPE_LCU","2017",1833,,"T30:210","R1:3513"
"GBR","BA:666","EAR_EMTM_SEX_CUR_NB","SEX_T","CUR_TYPE_PPP","2017",2329.737,,"T30:210","R1:3513"
"GBR","BA:666","EAR_EMTM_SEX_CUR_NB","SEX_T","CUR_TYPE_USD","2017",2359.144,,"T30:210","R1:3513"
"GBR","BA:666","EAR_EMTM_SEX_CUR_NB","SEX_T","CUR_TYPE_LCU","2016",1789.667,,"T30:210","R1:3513"
"GBR","BA:666","EAR_EMTM_SEX_CUR_NB","SEX_T","CUR_TYPE_PPP","2016",2269.42,,"T30:210","R1:3513"
"GBR","BA:666","EAR_EMTM_SEX_CUR_NB","SEX_T","CUR_TYPE_USD","2016",2416.397,,"T30:210","R1:3513"
"GBR","BA:666","EAR_EMTM_SEX_CUR_NB","SEX_T","CUR_TYPE_LCU","2015",1750.667,,"T30:210","R1:3513"
"GBR","BA:666","EAR_EMTM_SEX_CUR_NB","SEX_T","CUR_TYPE_PPP","2015",2172.585,,"T30:210","R1:3513"
"GBR","BA:666","EAR_EMTM_SEX_CUR_NB","SEX_T","CUR_TYPE_USD","2015",2674.629,,"T30:210","R1:3513"
"GBR","BA:666","EAR_EMTM_SEX_CUR_NB","SEX_T","CUR_TYPE_LCU","2014",1733.333,,"T30:210","R1:3513"
"GBR","BA:666","EAR_EMTM_SEX_CUR_NB","SEX_T","CUR_TYPE_PPP","2014",2170.691,,"T30:210","R1:3513"
"GBR","BA:666","EAR_EMTM_SEX_CUR_NB","SEX_T","CUR_TYPE_USD","2014",2852.146,,"T30:210","R1:3513"
"GBR","BA:666","EAR_EMTM_SEX_CUR_NB","SEX_T","CUR_TYPE_LCU","2013",1690,,"T30:210","R1:3513"
"GBR","BA:666","EAR_EMTM_SEX_CUR_NB","SEX_T","CUR_TYPE_PPP","2013",2131.457,,"T30:210","R1:3513"
"GBR","BA:666","EAR_EMTM_SEX_CUR_NB","SEX_T","CUR_TYPE_USD","2013",2642.026,,"T30:210","R1:3513"
"GBR","BA:666","EAR_EMTM_SEX_CUR_NB","SEX_T","CUR_TYPE_LCU","2012",1668.333,,"T30:210","R1:3513"
"GBR","BA:666","EAR_EMTM_SEX_CUR_NB","SEX_T","CUR_TYPE_PPP","2012",2119.307,,"T30:210","R1:3513"
"GBR","BA:666","EAR_EMTM_SEX_CUR_NB","SEX_T","CUR_TYPE_USD","2012",2635.402,,"T30:210","R1:3513"
"GBR","BA:666","EAR_EMTM_SEX_CUR_NB","SEX_T","CUR_TYPE_LCU","2011",1625,,"T30:210","R1:3513"
"GBR","BA:666","EAR_EMTM_SEX_CUR_NB","SEX_T","CUR_TYPE_PPP","2011",2089.557,,"T30:210","R1:3513"
"GBR","BA:666","EAR_EMTM_SEX_CUR_NB","SEX_T","CUR_TYPE_USD","2011",2603.579,,"T30:210","R1:3513"
"GBR","BA:666","EAR_EMTM_SEX_CUR_NB","SEX_T","CUR_TYPE_LCU","2010",1599,,"T30:210","R1:3513"
"GBR","BA:666","EAR_EMTM_SEX_CUR_NB","SEX_T","CUR_TYPE_PPP","2010",2054.391,,"T30:210","R1:3513"
"GBR","BA:666","EAR_EMTM_SEX_CUR_NB","SEX_T","CUR_TYPE_USD","2010",2470.722,,"T30:210","R1:3513"
"GBR","BA:666","EAR_EMTM_SEX_CUR_NB","SEX_T","CUR_TYPE_LCU","2009",1581.667,,"T30:210","R1:3513"
"GBR","BA:666","EAR_EMTM_SEX_CUR_NB","SEX_T","CUR_TYPE_PPP","2009",2022.036,,"T30:210","R1:3513"
"GBR","BA:666","EAR_EMTM_SEX_CUR_NB","SEX_T","CUR_TYPE_USD","2009",2463.965,,"T30:210","R1:3513"
"GBR","BA:666","EAR_EMTM_SEX_CUR_NB","SEX_T","CUR_TYPE_LCU","2008",1568.667,,"T30:210","R1:3513"
"GBR","BA:666","EAR_EMTM_SEX_CUR_NB","SEX_T","CUR_TYPE_PPP","2008",2054.71,,"T30:210","R1:3513"
"GBR","BA:666","EAR_EMTM_SEX_CUR_NB","SEX_T","CUR_TYPE_USD","2008",2883.757,,"T30:210","R1:3513"
"GBR","BA:666","EAR_EMTM_SEX_CUR_NB","SEX_T","CUR_TYPE_LCU","2007",1499.333,,"T30:210","R1:3513"
"GBR","BA:666","EAR_EMTM_SEX_CUR_NB","SEX_T","CUR_TYPE_PPP","2007",1975.893,,"T30:210","R1:3513"
"GBR","BA:666","EAR_EMTM_SEX_CUR_NB","SEX_T","CUR_TYPE_USD","2007",3000.037,,"T30:210","R1:3513"
"GBR","BA:666","EAR_EMTM_SEX_CUR_NB","SEX_T","CUR_TYPE_LCU","2006",1460.333,,"T30:210","R1:3513"
"GBR","BA:666","EAR_EMTM_SEX_CUR_NB","SEX_T","CUR_TYPE_PPP","2006",1947.815,,"T30:210","R1:3513"
"GBR","BA:666","EAR_EMTM_SEX_CUR_NB","SEX_T","CUR_TYPE_USD","2006",2686.972,,"T30:210","R1:3513"
"GBR","BA:666","EAR_EMTM_SEX_CUR_NB","SEX_T","CUR_TYPE_LCU","2005",1399.667,"B","T30:210_I11:264","R1:3513"
"GBR","BA:666","EAR_EMTM_SEX_CUR_NB","SEX_T","CUR_TYPE_PPP","2005",1834.656,"B","T30:210_I11:264","R1:3513"
"GBR","BA:666","EAR_EMTM_SEX_CUR_NB","SEX_T","CUR_TYPE_USD","2005",2544.856,"B","T30:210_I11:264","R1:3513"
"GBR","BA:666","EAR_EMTM_SEX_CUR_NB","SEX_T","CUR_TYPE_LCU","2003",1300,,"T30:210","R1:3513"
"GBR","BA:666","EAR_EMTM_SEX_CUR_NB","SEX_T","CUR_TYPE_PPP","2003",1709.973,,"T30:210","R1:3513"
"GBR","BA:666","EAR_EMTM_SEX_CUR_NB","SEX_T","CUR_TYPE_USD","2003",2122.544,,"T30:210","R1:3513"
"GBR","BA:666","EAR_EMTM_SEX_CUR_NB","SEX_T","CUR_TYPE_LCU","2002",1256.667,,"T30:210","R1:3513"
"GBR","BA:666","EAR_EMTM_SEX_CUR_NB","SEX_T","CUR_TYPE_PPP","2002",1644.899,,"T30:210","R1:3513"
"GBR","BA:666","EAR_EMTM_SEX_CUR_NB","SEX_T","CUR_TYPE_USD","2002",1883.427,,"T30:210","R1:3513"
"GBR","BA:666","EAR_EMTM_SEX_CUR_NB","SEX_T","CUR_TYPE_LCU","2001",1243.667,,"T30:210","R1:3513"
"GBR","BA:666","EAR_EMTM_SEX_CUR_NB","SEX_T","CUR_TYPE_PPP","2001",1645.19,,"T30:210","R1:3513"
"GBR","BA:666","EAR_EMTM_SEX_CUR_NB","SEX_T","CUR_TYPE_USD","2001",1790.337,,"T30:210","R1:3513"
"GBR","BA:666","EAR_EMTM_SEX_CUR_NB","SEX_T","CUR_TYPE_LCU","2000",1165.667,,"T30:210","R1:3513"
"GBR","BA:666","EAR_EMTM_SEX_CUR_NB","SEX_T","CUR_TYPE_PPP","2000",1499.336,,"T30:210","R1:3513"
"GBR","BA:666","EAR_EMTM_SEX_CUR_NB","SEX_T","CUR_TYPE_USD","2000",1763.674,,"T30:210","R1:3513"
"GEO","BB:16121","EAR_EMTM_SEX_CUR_NB","SEX_T","CUR_TYPE_LCU","2023",800,,"T30:119","R1:3513"
"GEO","BB:16121","EAR_EMTM_SEX_CUR_NB","SEX_T","CUR_TYPE_PPP","2023",730.729,,"T30:119","R1:3513"
"GEO","BB:16121","EAR_EMTM_SEX_CUR_NB","SEX_T","CUR_TYPE_USD","2023",304.419,,"T30:119","R1:3513"
"GEO","BB:16121","EAR_EMTM_SEX_CUR_NB","SEX_T","CUR_TYPE_LCU","2022",700,,"T30:119","R1:3513"
"GEO","BB:16121","EAR_EMTM_SEX_CUR_NB","SEX_T","CUR_TYPE_PPP","2022",629.386,,"T30:119","R1:3513"
"GEO","BB:16121","EAR_EMTM_SEX_CUR_NB","SEX_T","CUR_TYPE_USD","2022",240.038,,"T30:119","R1:3513"
"GEO","BB:16121","EAR_EMTM_SEX_CUR_NB","SEX_T","CUR_TYPE_LCU","2021",600,,"T30:119","R1:3513"
"GEO","BB:16121","EAR_EMTM_SEX_CUR_NB","SEX_T","CUR_TYPE_PPP","2021",558.931,,"T30:119","R1:3513"
"GEO","BB:16121","EAR_EMTM_SEX_CUR_NB","SEX_T","CUR_TYPE_USD","2021",186.245,,"T30:119","R1:3513"
"GEO","BB:16121","EAR_EMTM_SEX_CUR_NB","SEX_T","CUR_TYPE_LCU","2020",500,,"T30:119","R1:3513"
"GEO","BB:16121","EAR_EMTM_SEX_CUR_NB","SEX_T","CUR_TYPE_PPP","2020",497.7,,"T30:119","R1:3513"
"GEO","BB:16121","EAR_EMTM_SEX_CUR_NB","SEX_T","CUR_TYPE_USD","2020",160.823,,"T30:119","R1:3513"
"GEO","BB:16121","EAR_EMTM_SEX_CUR_NB","SEX_T","CUR_TYPE_LCU","2019",500,,"T30:119","R1:3513"
"GEO","BB:16121","EAR_EMTM_SEX_CUR_NB","SEX_T","CUR_TYPE_PPP","2019",521.956,,"T30:119","R1:3513"
"GEO","BB:16121","EAR_EMTM_SEX_CUR_NB","SEX_T","CUR_TYPE_USD","2019",177.422,,"T30:119","R1:3513"
"GEO","BB:16121","EAR_EMTM_SEX_CUR_NB","SEX_T","CUR_TYPE_LCU","2018",500,,"T30:119","R1:3513"
"GEO","BB:16121","EAR_EMTM_SEX_CUR_NB","SEX_T","CUR_TYPE_PPP","2018",532.862,,"T30:119","R1:3513"
"GEO","BB:16121","EAR_EMTM_SEX_CUR_NB","SEX_T","CUR_TYPE_USD","2018",197.308,,"T30:119","R1:3513"
"GEO","BB:16121","EAR_EMTM_SEX_CUR_NB","SEX_T","CUR_TYPE_LCU","2017",450,,"T30:119","R1:3513"
"GEO","BB:16121","EAR_EMTM_SEX_CUR_NB","SEX_T","CUR_TYPE_PPP","2017",479.913,,"T30:119","R1:3513"
"GEO","BB:16121","EAR_EMTM_SEX_CUR_NB","SEX_T","CUR_TYPE_USD","2017",179.316,,"T30:119","R1:3513"
"GHA","BA:1163","EAR_EMTM_SEX_CUR_NB","SEX_T","CUR_TYPE_LCU","2025",1732,,"T30:20","R1:3513"
"GHA","BA:1163","EAR_EMTM_SEX_CUR_NB","SEX_T","CUR_TYPE_PPP","2025",329.908,,"T30:20","R1:3513"
"GHA","BA:1163","EAR_EMTM_SEX_CUR_NB","SEX_T","CUR_TYPE_USD","2025",137.933,,"T30:20","R1:3513"
"GHA","BB:16203","EAR_EMTM_SEX_CUR_NB","SEX_T","CUR_TYPE_LCU","2024",1825,,"T30:20","R1:3513"
"GHA","BB:16203","EAR_EMTM_SEX_CUR_NB","SEX_T","CUR_TYPE_PPP","2024",386.57,,"T30:20","R1:3513"
"GHA","BB:16203","EAR_EMTM_SEX_CUR_NB","SEX_T","CUR_TYPE_USD","2024",128.685,,"T30:20","R1:3513"
"GHA","BB:16203","EAR_EMTM_SEX_CUR_NB","SEX_T","CUR_TYPE_LCU","2023",1303.571,,"T30:20","R1:3513"
"GHA","BB:16203","EAR_EMTM_SEX_CUR_NB","SEX_T","CUR_TYPE_PPP","2023",329.492,,"T30:20","R1:3513"
"GHA","BB:16203","EAR_EMTM_SEX_CUR_NB","SEX_T","CUR_TYPE_USD","2023",118.287,,"T30:20","R1:3513"
"GHA","BB:16203","EAR_EMTM_SEX_CUR_NB","SEX_T","CUR_TYPE_LCU","2022",1067.262,,"T30:20","R1:3513"
"GHA","BB:16203","EAR_EMTM_SEX_CUR_NB","SEX_T","CUR_TYPE_PPP","2022",357.831,,"T30:20","R1:3513"
"GHA","BB:16203","EAR_EMTM_SEX_CUR_NB","SEX_T","CUR_TYPE_USD","2022",129.015,,"T30:20","R1:3513"
"GHA","BB:3078","EAR_EMTM_SEX_CUR_NB","SEX_T","CUR_TYPE_LCU","2017",550,"B","T30:20_I11:264","R1:3513"
"GHA","BB:3078","EAR_EMTM_SEX_CUR_NB","SEX_T","CUR_TYPE_PPP","2017",321.783,"B","T30:20_I11:264","R1:3513"
"GHA","BB:3078","EAR_EMTM_SEX_CUR_NB","SEX_T","CUR_TYPE_USD","2017",126.421,"B","T30:20_I11:264","R1:3513"
"GHA","BA:1163","EAR_EMTM_SEX_CUR_NB","SEX_T","CUR_TYPE_LCU","2015",566.563,"B","T30:20_I11:264","R1:3513"
"GHA","BA:1163","EAR_EMTM_SEX_CUR_NB","SEX_T","CUR_TYPE_PPP","2015",429.931,"B","T30:20_I11:264","R1:3513"
"GHA","BA:1163","EAR_EMTM_SEX_CUR_NB","SEX_T","CUR_TYPE_USD","2015",152.522,"B","T30:20_I11:264","R1:3513"
"GHA","BB:3078","EAR_EMTM_SEX_CUR_NB","SEX_T","CUR_TYPE_LCU","2013",320,"B","T30:20_I11:264","R1:3513"
"GHA","BB:3078","EAR_EMTM_SEX_CUR_NB","SEX_T","CUR_TYPE_PPP","2013",340.414,"B","T30:20_I11:264","R1:3513"
"GHA","BB:3078","EAR_EMTM_SEX_CUR_NB","SEX_T","CUR_TYPE_USD","2013",161.506,"B","T30:20_I11:264","R1:3513"
"GHA","BB:3078","EAR_EMTM_SEX_CUR_NB","SEX_T","CUR_TYPE_LCU","2006",700000,"B","T30:291_I11:264","R1:3513"
"GIN","BA:15631","EAR_EMTM_SEX_CUR_NB","SEX_T","CUR_TYPE_LCU","2019",1600000,,"T30:22","R1:3513"
"GIN","BA:15631","EAR_EMTM_SEX_CUR_NB","SEX_T","CUR_TYPE_PPP","2019",531.395,,"T30:22","R1:3513"
"GIN","BA:15631","EAR_EMTM_SEX_CUR_NB","SEX_T","CUR_TYPE_USD","2019",174.218,,"T30:22","R1:3513"
"GMB","BA:7014","EAR_EMTM_SEX_CUR_NB","SEX_T","CUR_TYPE_LCU","2018",2750,"B","T30:19_I11:264","R1:3513"
"GMB","BA:7014","EAR_EMTM_SEX_CUR_NB","SEX_T","CUR_TYPE_PPP","2018",184.505,"B","T30:19_I11:264","R1:3513"
"GMB","BA:7014","EAR_EMTM_SEX_CUR_NB","SEX_T","CUR_TYPE_USD","2018",57.111,"B","T30:19_I11:264","R1:3513"
"GMB","BA:7014","EAR_EMTM_SEX_CUR_NB","SEX_T","CUR_TYPE_LCU","2012",2281.25,"B","T30:19_I11:264","R1:3513"
"GMB","BA:7014","EAR_EMTM_SEX_CUR_NB","SEX_T","CUR_TYPE_PPP","2012",206.931,"B","T30:19_I11:264","R1:3513"
"GMB","BA:7014","EAR_EMTM_SEX_CUR_NB","SEX_T","CUR_TYPE_USD","2012",71.118,"B","T30:19_I11:264","R1:3513"
"GNB","BB:15952","EAR_EMTM_SEX_CUR_NB","SEX_T","CUR_TYPE_LCU","2022",60000,,"T30:23","R1:3513"
"GNB","BB:15952","EAR_EMTM_SEX_CUR_NB","SEX_T","CUR_TYPE_PPP","2022",271.756,,"T30:23","R1:3513"
"GNB","BB:15952","EAR_EMTM_SEX_CUR_NB","SEX_T","CUR_TYPE_USD","2022",96.191,,"T30:23","R1:3513"
"GNB","BB:15952","EAR_EMTM_SEX_CUR_NB","SEX_T","CUR_TYPE_LCU","2019",60000,,"T30:23","R1:3513"
"GNB","BB:15952","EAR_EMTM_SEX_CUR_NB","SEX_T","CUR_TYPE_PPP","2019",270.864,,"T30:23","R1:3513"
"GNB","BB:15952","EAR_EMTM_SEX_CUR_NB","SEX_T","CUR_TYPE_USD","2019",102.405,,"T30:23","R1:3513"
"GNQ","BB:16937","EAR_EMTM_SEX_CUR_NB","SEX_T","CUR_TYPE_LCU","2023",170000,,"T30:21","R1:3513"
"GNQ","BB:16937","EAR_EMTM_SEX_CUR_NB","SEX_T","CUR_TYPE_PPP","2023",616.49,,"T30:21","R1:3513"
"GNQ","BB:16937","EAR_EMTM_SEX_CUR_NB","SEX_T","CUR_TYPE_USD","2023",280.265,,"T30:21","R1:3513"
"GRC","BB:319","EAR_EMTM_SEX_CUR_NB","SEX_T","CUR_TYPE_LCU","2025",1739.332,,"T30:178","R1:3513_T2:85"
"GRC","BB:319","EAR_EMTM_SEX_CUR_NB","SEX_T","CUR_TYPE_PPP","2025",2998.565,,"T30:178","R1:3513_T2:85"
"GRC","BB:319","EAR_EMTM_SEX_CUR_NB","SEX_T","CUR_TYPE_USD","2025",1965.446,,"T30:178","R1:3513_T2:85"
"GRC","BB:319","EAR_EMTM_SEX_CUR_NB","SEX_T","CUR_TYPE_LCU","2024",1800.63,,"T30:178","R1:3513_T2:85"
"GRC","BB:319","EAR_EMTM_SEX_CUR_NB","SEX_T","CUR_TYPE_PPP","2024",3228.121,,"T30:178","R1:3513_T2:85"
"GRC","BB:319","EAR_EMTM_SEX_CUR_NB","SEX_T","CUR_TYPE_USD","2024",1949.002,,"T30:178","R1:3513_T2:85"
"GRC","BB:319","EAR_EMTM_SEX_CUR_NB","SEX_T","CUR_TYPE_LCU","2023",1689.31,,"T30:178","R1:3513_T2:85"
"GRC","BB:319","EAR_EMTM_SEX_CUR_NB","SEX_T","CUR_TYPE_PPP","2023",3055.446,,"T30:178","R1:3513_T2:85"
"GRC","BB:319","EAR_EMTM_SEX_CUR_NB","SEX_T","CUR_TYPE_USD","2023",1826.651,,"T30:178","R1:3513_T2:85"
"GRC","BB:319","EAR_EMTM_SEX_CUR_NB","SEX_T","CUR_TYPE_LCU","2022",1670.682,,"T30:178","R1:3513_T2:85"
"GRC","BB:319","EAR_EMTM_SEX_CUR_NB","SEX_T","CUR_TYPE_PPP","2022",2881.455,,"T30:178","R1:3513_T2:85"
"GRC","BB:319","EAR_EMTM_SEX_CUR_NB","SEX_T","CUR_TYPE_USD","2022",1759.228,,"T30:178","R1:3513_T2:85"
"GRC","BB:319","EAR_EMTM_SEX_CUR_NB","SEX_T","CUR_TYPE_LCU","2021",1766.634,,"T30:178","R1:3513_T2:85"
"GRC","BB:319","EAR_EMTM_SEX_CUR_NB","SEX_T","CUR_TYPE_PPP","2021",2922.138,,"T30:178","R1:3513_T2:85"
"GRC","BB:319","EAR_EMTM_SEX_CUR_NB","SEX_T","CUR_TYPE_USD","2021",2089.398,,"T30:178","R1:3513_T2:85"
"GRC","BA:317","EAR_EMTM_SEX_CUR_NB","SEX_T","CUR_TYPE_LCU","2020",850,,"T30:178","R1:3513"
"GRC","BA:317","EAR_EMTM_SEX_CUR_NB","SEX_T","CUR_TYPE_PPP","2020",1370.415,,"T30:178","R1:3513"
"GRC","BA:317","EAR_EMTM_SEX_CUR_NB","SEX_T","CUR_TYPE_USD","2020",970.87,,"T30:178","R1:3513"
"GRC","BA:317","EAR_EMTM_SEX_CUR_NB","SEX_T","CUR_TYPE_LCU","2019",820,,"T30:178","R1:3513"
"GRC","BA:317","EAR_EMTM_SEX_CUR_NB","SEX_T","CUR_TYPE_PPP","2019",1325.822,,"T30:178","R1:3513"
"GRC","BA:317","EAR_EMTM_SEX_CUR_NB","SEX_T","CUR_TYPE_USD","2019",917.99,,"T30:178","R1:3513"
"GRC","BA:317","EAR_EMTM_SEX_CUR_NB","SEX_T","CUR_TYPE_LCU","2018",840,,"T30:178","R1:3513"
"GRC","BA:317","EAR_EMTM_SEX_CUR_NB","SEX_T","CUR_TYPE_PPP","2018",1310.939,,"T30:178","R1:3513"
"GRC","BA:317","EAR_EMTM_SEX_CUR_NB","SEX_T","CUR_TYPE_USD","2018",992.04,,"T30:178","R1:3513"
"GRC","BA:317","EAR_EMTM_SEX_CUR_NB","SEX_T","CUR_TYPE_LCU","2017",800,,"T30:178","R1:3513"
"GRC","BA:317","EAR_EMTM_SEX_CUR_NB","SEX_T","CUR_TYPE_PPP","2017",1227.158,,"T30:178","R1:3513"
"GRC","BA:317","EAR_EMTM_SEX_CUR_NB","SEX_T","CUR_TYPE_USD","2017",903.76,,"T30:178","R1:3513"
"GRC","BA:317","EAR_EMTM_SEX_CUR_NB","SEX_T","CUR_TYPE_LCU","2016",800,,"T30:178","R1:3513"
"GRC","BA:317","EAR_EMTM_SEX_CUR_NB","SEX_T","CUR_TYPE_PPP","2016",1211.052,,"T30:178","R1:3513"
"GRC","BA:317","EAR_EMTM_SEX_CUR_NB","SEX_T","CUR_TYPE_USD","2016",885.52,,"T30:178","R1:3513"
"GRC","BA:317","EAR_EMTM_SEX_CUR_NB","SEX_T","CUR_TYPE_LCU","2015",820,,"T30:178","R1:3513"
"GRC","BA:317","EAR_EMTM_SEX_CUR_NB","SEX_T","CUR_TYPE_PPP","2015",1194.614,,"T30:178","R1:3513"
"GRC","BA:317","EAR_EMTM_SEX_CUR_NB","SEX_T","CUR_TYPE_USD","2015",909.79,,"T30:178","R1:3513"
"GRC","BB:319","EAR_EMTM_SEX_CUR_NB","SEX_T","CUR_TYPE_LCU","2014",1778.576,,"T30:178","R1:3513_T2:85"
"GRC","BB:319","EAR_EMTM_SEX_CUR_NB","SEX_T","CUR_TYPE_PPP","2014",2592.858,,"T30:178","R1:3513_T2:85"
"GRC","BB:319","EAR_EMTM_SEX_CUR_NB","SEX_T","CUR_TYPE_USD","2014",2362.838,,"T30:178","R1:3513_T2:85"
"GRC","BB:319","EAR_EMTM_SEX_CUR_NB","SEX_T","CUR_TYPE_LCU","2013",1700.999,,"T30:178","R1:3513_T2:85"
"GRC","BB:319","EAR_EMTM_SEX_CUR_NB","SEX_T","CUR_TYPE_PPP","2013",2362.955,,"T30:178","R1:3513_T2:85"
"GRC","BB:319","EAR_EMTM_SEX_CUR_NB","SEX_T","CUR_TYPE_USD","2013",2259.097,,"T30:178","R1:3513_T2:85"
"GRC","BB:319","EAR_EMTM_SEX_CUR_NB","SEX_T","CUR_TYPE_LCU","2012",1818.131,,"T30:178","R1:3513_T2:85"
"GRC","BB:319","EAR_EMTM_SEX_CUR_NB","SEX_T","CUR_TYPE_PPP","2012",2385.701,,"T30:178","R1:3513_T2:85"
"GRC","BB:319","EAR_EMTM_SEX_CUR_NB","SEX_T","CUR_TYPE_USD","2012",2335.934,,"T30:178","R1:3513_T2:85"
"GRC","BB:319","EAR_EMTM_SEX_CUR_NB","SEX_T","CUR_TYPE_LCU","2011",1942.861,,"T30:178","R1:3513_T2:85"
"GRC","BB:319","EAR_EMTM_SEX_CUR_NB","SEX_T","CUR_TYPE_PPP","2011",2513.953,,"T30:178","R1:3513_T2:85"
"GRC","BB:319","EAR_EMTM_SEX_CUR_NB","SEX_T","CUR_TYPE_USD","2011",2704.462,,"T30:178","R1:3513_T2:85"
"GRC","BB:319","EAR_EMTM_SEX_CUR_NB","SEX_T","CUR_TYPE_LCU","2010",1955.959,,"T30:178","R1:3513_T2:85"
"GRC","BB:319","EAR_EMTM_SEX_CUR_NB","SEX_T","CUR_TYPE_PPP","2010",2493.911,,"T30:178","R1:3513_T2:85"
"GRC","BB:319","EAR_EMTM_SEX_CUR_NB","SEX_T","CUR_TYPE_USD","2010",2593.015,,"T30:178","R1:3513_T2:85"
"GRC","BB:319","EAR_EMTM_SEX_CUR_NB","SEX_T","CUR_TYPE_LCU","2009",1838.464,,"T30:178","R1:3513_T2:85"
"GRC","BB:319","EAR_EMTM_SEX_CUR_NB","SEX_T","CUR_TYPE_PPP","2009",2387.179,,"T30:178","R1:3513_T2:85"
"GRC","BB:319","EAR_EMTM_SEX_CUR_NB","SEX_T","CUR_TYPE_USD","2009",2564.29,,"T30:178","R1:3513_T2:85"
"GRC","BB:319","EAR_EMTM_SEX_CUR_NB","SEX_T","CUR_TYPE_LCU","2008",1772.333,,"T30:178","R1:3513_T2:85"
"GRC","BB:319","EAR_EMTM_SEX_CUR_NB","SEX_T","CUR_TYPE_PPP","2008",2307.881,,"T30:178","R1:3513_T2:85"
"GRC","BB:319","EAR_EMTM_SEX_CUR_NB","SEX_T","CUR_TYPE_USD","2008",2606.747,,"T30:178","R1:3513_T2:85"
"GRC","BB:319","EAR_EMTM_SEX_CUR_NB","SEX_T","CUR_TYPE_LCU","2007",1684.68,,"T30:178","R1:3513_T2:85"
"GRC","BB:319","EAR_EMTM_SEX_CUR_NB","SEX_T","CUR_TYPE_PPP","2007",2160.872,,"T30:178","R1:3513_T2:85"
"GRC","BB:319","EAR_EMTM_SEX_CUR_NB","SEX_T","CUR_TYPE_USD","2007",2308.854,,"T30:178","R1:3513_T2:85"
"GTM","BA:660","EAR_EMTM_SEX_CUR_NB","SEX_T","CUR_TYPE_LCU","2025",3296,,"T30:83","R1:3513"
"GTM","BA:660","EAR_EMTM_SEX_CUR_NB","SEX_T","CUR_TYPE_PPP","2025",960.324,,"T30:83","R1:3513"
"GTM","BA:660","EAR_EMTM_SEX_CUR_NB","SEX_T","CUR_TYPE_USD","2025",429.16,,"T30:83","R1:3513"
"GTM","BA:660","EAR_EMTM_SEX_CUR_NB","SEX_T","CUR_TYPE_LCU","2024",3000,"B","T30:83_I11:264","R1:3513"
"GTM","BA:660","EAR_EMTM_SEX_CUR_NB","SEX_T","CUR_TYPE_PPP","2024",863.784,"B","T30:83_I11:264","R1:3513"
"GTM","BA:660","EAR_EMTM_SEX_CUR_NB","SEX_T","CUR_TYPE_USD","2024",386.671,"B","T30:83_I11:264","R1:3513"
"GTM","BB:16732","EAR_EMTM_SEX_CUR_NB","SEX_T","CUR_TYPE_LCU","2023",2040,,"T30:83","R1:3513"
"GTM","BB:16732","EAR_EMTM_SEX_CUR_NB","SEX_T","CUR_TYPE_PPP","2023",586.919,,"T30:83","R1:3513"
"GTM","BB:16732","EAR_EMTM_SEX_CUR_NB","SEX_T","CUR_TYPE_USD","2023",260.471,,"T30:83","R1:3513"
"GTM","BA:660","EAR_EMTM_SEX_CUR_NB","SEX_T","CUR_TYPE_LCU","2022",2400,"B","T5:1429_T30:83_I11:264","R1:3513"
"GTM","BA:660","EAR_EMTM_SEX_CUR_NB","SEX_T","CUR_TYPE_PPP","2022",704.355,"B","T5:1429_T30:83_I11:264","R1:3513"
"GTM","BA:660","EAR_EMTM_SEX_CUR_NB","SEX_T","CUR_TYPE_USD","2022",309.748,"B","T5:1429_T30:83_I11:264","R1:3513"
"GTM","BA:660","EAR_EMTM_SEX_CUR_NB","SEX_T","CUR_TYPE_LCU","2021",2100,,"T30:83","R1:3513"
"GTM","BA:660","EAR_EMTM_SEX_CUR_NB","SEX_T","CUR_TYPE_PPP","2021",609.933,,"T30:83","R1:3513"
"GTM","BA:660","EAR_EMTM_SEX_CUR_NB","SEX_T","CUR_TYPE_USD","2021",271.515,,"T30:83","R1:3513"
"GTM","BA:660","EAR_EMTM_SEX_CUR_NB","SEX_T","CUR_TYPE_LCU","2019",2156.505,,"T30:83","R1:3513"
"GTM","BA:660","EAR_EMTM_SEX_CUR_NB","SEX_T","CUR_TYPE_PPP","2019",600.576,,"T30:83","R1:3513"
"GTM","BA:660","EAR_EMTM_SEX_CUR_NB","SEX_T","CUR_TYPE_USD","2019",280.186,,"T30:83","R1:3513"
"GTM","BA:660","EAR_EMTM_SEX_CUR_NB","SEX_T","CUR_TYPE_LCU","2018",2010.177,,"T30:83","R1:3513"
"GTM","BA:660","EAR_EMTM_SEX_CUR_NB","SEX_T","CUR_TYPE_PPP","2018",546.635,,"T30:83","R1:3513"
"GTM","BA:660","EAR_EMTM_SEX_CUR_NB","SEX_T","CUR_TYPE_USD","2018",267.341,,"T30:83","R1:3513"
"GTM","BA:660","EAR_EMTM_SEX_CUR_NB","SEX_T","CUR_TYPE_LCU","2017",2031.851,,"T30:83","R1:3513"
"GTM","BA:660","EAR_EMTM_SEX_CUR_NB","SEX_T","CUR_TYPE_PPP","2017",546.863,,"T30:83","R1:3513"
"GTM","BA:660","EAR_EMTM_SEX_CUR_NB","SEX_T","CUR_TYPE_USD","2017",276.52,,"T30:83","R1:3513"
"GTM","BA:660","EAR_EMTM_SEX_CUR_NB","SEX_T","CUR_TYPE_LCU","2016",2008.432,,"T30:83","R1:3513"
"GTM","BA:660","EAR_EMTM_SEX_CUR_NB","SEX_T","CUR_TYPE_PPP","2016",543.224,,"T30:83","R1:3513"
"GTM","BA:660","EAR_EMTM_SEX_CUR_NB","SEX_T","CUR_TYPE_USD","2016",264.27,,"T30:83","R1:3513"
"GTM","BA:660","EAR_EMTM_SEX_CUR_NB","SEX_T","CUR_TYPE_LCU","2015",2028.087,,"T30:83","R1:3513"
"GTM","BA:660","EAR_EMTM_SEX_CUR_NB","SEX_T","CUR_TYPE_PPP","2015",545.712,,"T30:83","R1:3513"
"GTM","BA:660","EAR_EMTM_SEX_CUR_NB","SEX_T","CUR_TYPE_USD","2015",264.943,,"T30:83","R1:3513"
"GTM","BA:660","EAR_EMTM_SEX_CUR_NB","SEX_T","CUR_TYPE_LCU","2014",2028.843,"B","T30:83_I11:264","R1:3513"
"GTM","BA:660","EAR_EMTM_SEX_CUR_NB","SEX_T","CUR_TYPE_PPP","2014",536.217,"B","T30:83_I11:264","R1:3513"
"GTM","BA:660","EAR_EMTM_SEX_CUR_NB","SEX_T","CUR_TYPE_USD","2014",262.388,"B","T30:83_I11:264","R1:3513"
"GTM","BA:660","EAR_EMTM_SEX_CUR_NB","SEX_T","CUR_TYPE_LCU","2013",2000,"B","T30:83_I11:264","R1:3513"
"GTM","BA:660","EAR_EMTM_SEX_CUR_NB","SEX_T","CUR_TYPE_PPP","2013",524.352,"B","T30:83_I11:264","R1:3513"
"GTM","BA:660","EAR_EMTM_SEX_CUR_NB","SEX_T","CUR_TYPE_USD","2013",254.556,"B","T30:83_I11:264","R1:3513"
"GTM","BA:660","EAR_EMTM_SEX_CUR_NB","SEX_T","CUR_TYPE_LCU","2012",1685.585,,"T30:83","R1:3513"
"GTM","BA:660","EAR_EMTM_SEX_CUR_NB","SEX_T","CUR_TYPE_PPP","2012",449.775,,"T30:83","R1:3513"
"GTM","BA:660","EAR_EMTM_SEX_CUR_NB","SEX_T","CUR_TYPE_USD","2012",215.174,,"T30:83","R1:3513"
"GTM","BA:660","EAR_EMTM_SEX_CUR_NB","SEX_T","CUR_TYPE_LCU","2011",1600,,"T30:83","R1:3513"
"GTM","BA:660","EAR_EMTM_SEX_CUR_NB","SEX_T","CUR_TYPE_PPP","2011",411.057,,"T30:83","R1:3513"
"GTM","BA:660","EAR_EMTM_SEX_CUR_NB","SEX_T","CUR_TYPE_USD","2011",205.512,,"T30:83","R1:3513"
"GTM","BA:660","EAR_EMTM_SEX_CUR_NB","SEX_T","CUR_TYPE_LCU","2010",1690,"B","T30:83_I11:264","R1:3513"
"GTM","BA:660","EAR_EMTM_SEX_CUR_NB","SEX_T","CUR_TYPE_PPP","2010",447.046,"B","T30:83_I11:264","R1:3513"
"GTM","BA:660","EAR_EMTM_SEX_CUR_NB","SEX_T","CUR_TYPE_USD","2010",209.735,"B","T30:83_I11:264","R1:3513"
"GTM","BX:5867","EAR_EMTM_SEX_CUR_NB","SEX_T","CUR_TYPE_LCU","2006",1600,"B","T30:83_I11:264","R1:3513"
"GTM","BX:5867","EAR_EMTM_SEX_CUR_NB","SEX_T","CUR_TYPE_PPP","2006",492.39,"B","T30:83_I11:264","R1:3513"
"GTM","BX:5867","EAR_EMTM_SEX_CUR_NB","SEX_T","CUR_TYPE_USD","2006",210.453,"B","T30:83_I11:264","R1:3513"
"GTM","BA:660","EAR_EMTM_SEX_CUR_NB","SEX_T","CUR_TYPE_LCU","2004",1300,"B","T30:83_I11:264","R1:3513"
"GTM","BA:660","EAR_EMTM_SEX_CUR_NB","SEX_T","CUR_TYPE_PPP","2004",435.824,"B","T30:83_I11:264","R1:3513"
"GTM","BA:660","EAR_EMTM_SEX_CUR_NB","SEX_T","CUR_TYPE_USD","2004",163.594,"B","T30:83_I11:264","R1:3513"
"GTM","BA:660","EAR_EMTM_SEX_CUR_NB","SEX_T","CUR_TYPE_LCU","2003",1350,"B","T30:83_I11:264","R1:3513"
"GTM","BA:660","EAR_EMTM_SEX_CUR_NB","SEX_T","CUR_TYPE_PPP","2003",474.191,"B","T30:83_I11:264","R1:3513"
"GTM","BA:660","EAR_EMTM_SEX_CUR_NB","SEX_T","CUR_TYPE_USD","2003",170.007,"B","T30:83_I11:264","R1:3513"
"GTM","BA:660","EAR_EMTM_SEX_CUR_NB","SEX_T","CUR_TYPE_LCU","2002",1174.605,"B","T30:83_I11:264","R1:3513"
"GTM","BA:660","EAR_EMTM_SEX_CUR_NB","SEX_T","CUR_TYPE_PPP","2002",426.03,"B","T30:83_I11:264","R1:3513"
"GTM","BA:660","EAR_EMTM_SEX_CUR_NB","SEX_T","CUR_TYPE_USD","2002",150.174,"B","T30:83_I11:264","R1:3513"
"GUY","BA:1214","EAR_EMTM_SEX_CUR_NB","SEX_T","CUR_TYPE_LCU","2024",120000,,"T30:84","R1:3513"
"GUY","BA:1214","EAR_EMTM_SEX_CUR_NB","SEX_T","CUR_TYPE_PPP","2024",1234.477,,"T30:84","R1:3513"
"GUY","BA:1214","EAR_EMTM_SEX_CUR_NB","SEX_T","CUR_TYPE_USD","2024",575.54,,"T30:84","R1:3513"
"GUY","BA:1214","EAR_EMTM_SEX_CUR_NB","SEX_T","CUR_TYPE_LCU","2021",75000,,"T30:84","R1:3513"
"GUY","BA:1214","EAR_EMTM_SEX_CUR_NB","SEX_T","CUR_TYPE_PPP","2021",754.074,,"T30:84","R1:3513"
"GUY","BA:1214","EAR_EMTM_SEX_CUR_NB","SEX_T","CUR_TYPE_USD","2021",359.712,,"T30:84","R1:3513"
"GUY","BA:1214","EAR_EMTM_SEX_CUR_NB","SEX_T","CUR_TYPE_LCU","2020",72000,,"T30:84","R1:3513"
"GUY","BA:1214","EAR_EMTM_SEX_CUR_NB","SEX_T","CUR_TYPE_PPP","2020",696.435,,"T30:84","R1:3513"
"GUY","BA:1214","EAR_EMTM_SEX_CUR_NB","SEX_T","CUR_TYPE_USD","2020",345.324,,"T30:84","R1:3513"
"GUY","BA:1214","EAR_EMTM_SEX_CUR_NB","SEX_T","CUR_TYPE_LCU","2019",72000,,"T30:84","R1:3513"
"GUY","BA:1214","EAR_EMTM_SEX_CUR_NB","SEX_T","CUR_TYPE_PPP","2019",658.58,,"T30:84","R1:3513"
"GUY","BA:1214","EAR_EMTM_SEX_CUR_NB","SEX_T","CUR_TYPE_USD","2019",345.324,,"T30:84","R1:3513"
"GUY","BA:1214","EAR_EMTM_SEX_CUR_NB","SEX_T","CUR_TYPE_LCU","2018",65000,"B","T30:84_I11:264","R1:3513"
"GUY","BA:1214","EAR_EMTM_SEX_CUR_NB","SEX_T","CUR_TYPE_PPP","2018",574.427,"B","T30:84_I11:264","R1:3513"
"GUY","BA:1214","EAR_EMTM_SEX_CUR_NB","SEX_T","CUR_TYPE_USD","2018",312.926,"B","T30:84_I11:264","R1:3513"
"HND","BX:504","EAR_EMTM_SEX_CUR_NB","SEX_T","CUR_TYPE_LCU","2025",9000,,"T30:87","R1:3513_S3:9"
"HND","BX:504","EAR_EMTM_SEX_CUR_NB","SEX_T","CUR_TYPE_PPP","2025",713.323,,"T30:87","R1:3513_S3:9"
"HND","BX:504","EAR_EMTM_SEX_CUR_NB","SEX_T","CUR_TYPE_USD","2025",346.785,,"T30:87","R1:3513_S3:9"
"HND","BX:504","EAR_EMTM_SEX_CUR_NB","SEX_T","CUR_TYPE_LCU","2024",8000,,"T30:87","R1:3513_S3:9"
"HND","BX:504","EAR_EMTM_SEX_CUR_NB","SEX_T","CUR_TYPE_PPP","2024",645.786,,"T30:87","R1:3513_S3:9"
"HND","BX:504","EAR_EMTM_SEX_CUR_NB","SEX_T","CUR_TYPE_USD","2024",322.59,,"T30:87","R1:3513_S3:9"
"HND","BX:504","EAR_EMTM_SEX_CUR_NB","SEX_T","CUR_TYPE_LCU","2023",7300,,"T30:87","R1:3513_S3:9"
"HND","BX:504","EAR_EMTM_SEX_CUR_NB","SEX_T","CUR_TYPE_PPP","2023",598.762,,"T30:87","R1:3513_S3:9"
"HND","BX:504","EAR_EMTM_SEX_CUR_NB","SEX_T","CUR_TYPE_USD","2023",296.728,,"T30:87","R1:3513_S3:9"
"HND","BX:504","EAR_EMTM_SEX_CUR_NB","SEX_T","CUR_TYPE_LCU","2022",7650,,"T30:87","R1:3513_S3:9"
"HND","BX:504","EAR_EMTM_SEX_CUR_NB","SEX_T","CUR_TYPE_PPP","2022",642.819,,"T30:87","R1:3513_S3:9"
"HND","BX:504","EAR_EMTM_SEX_CUR_NB","SEX_T","CUR_TYPE_USD","2022",312.425,,"T30:87","R1:3513_S3:9"
"HND","BX:504","EAR_EMTM_SEX_CUR_NB","SEX_T","CUR_TYPE_LCU","2021",6375,,"T30:87","R1:3513_S3:9"
"HND","BX:504","EAR_EMTM_SEX_CUR_NB","SEX_T","CUR_TYPE_PPP","2021",541.073,,"T30:87","R1:3513_S3:9"
"HND","BX:504","EAR_EMTM_SEX_CUR_NB","SEX_T","CUR_TYPE_USD","2021",265.441,,"T30:87","R1:3513_S3:9"
"HND","BX:504","EAR_EMTM_SEX_CUR_NB","SEX_T","CUR_TYPE_LCU","2020",6167.166,"B","T30:87_I11:264","R1:3513_S3:9"
"HND","BX:504","EAR_EMTM_SEX_CUR_NB","SEX_T","CUR_TYPE_PPP","2020",532.308,"B","T30:87_I11:264","R1:3513_S3:9"
"HND","BX:504","EAR_EMTM_SEX_CUR_NB","SEX_T","CUR_TYPE_USD","2020",250.883,"B","T30:87_I11:264","R1:3513_S3:9"
"HND","BX:504","EAR_EMTM_SEX_CUR_NB","SEX_T","CUR_TYPE_LCU","2019",6000,,"T30:87","R1:3513_S3:9"
"HND","BX:504","EAR_EMTM_SEX_CUR_NB","SEX_T","CUR_TYPE_PPP","2019",524.824,,"T30:87","R1:3513_S3:9"
"HND","BX:504","EAR_EMTM_SEX_CUR_NB","SEX_T","CUR_TYPE_USD","2019",244.813,,"T30:87","R1:3513_S3:9"
"HND","BX:504","EAR_EMTM_SEX_CUR_NB","SEX_T","CUR_TYPE_LCU","2018",5200,"B","T30:87_I11:264","R1:3513_S3:9"
"HND","BX:504","EAR_EMTM_SEX_CUR_NB","SEX_T","CUR_TYPE_PPP","2018",466.409,"B","T30:87_I11:264","R1:3513_S3:9"
"HND","BX:504","EAR_EMTM_SEX_CUR_NB","SEX_T","CUR_TYPE_USD","2018",217.548,"B","T30:87_I11:264","R1:3513_S3:9"
"HND","BX:504","EAR_EMTM_SEX_CUR_NB","SEX_T","CUR_TYPE_LCU","2017",5800,,"T30:87","R1:3513_S3:9"
"HND","BX:504","EAR_EMTM_SEX_CUR_NB","SEX_T","CUR_TYPE_PPP","2017",543.267,,"T30:87","R1:3513_S3:9"
"HND","BX:504","EAR_EMTM_SEX_CUR_NB","SEX_T","CUR_TYPE_USD","2017",246.944,,"T30:87","R1:3513_S3:9"
"HND","BX:504","EAR_EMTM_SEX_CUR_NB","SEX_T","CUR_TYPE_LCU","2016",6000,,"T30:87","R1:3513"
"HND","BX:504","EAR_EMTM_SEX_CUR_NB","SEX_T","CUR_TYPE_PPP","2016",571.862,,"T30:87","R1:3513"
"HND","BX:504","EAR_EMTM_SEX_CUR_NB","SEX_T","CUR_TYPE_USD","2016",262.754,,"T30:87","R1:3513"
"HND","BX:504","EAR_EMTM_SEX_CUR_NB","SEX_T","CUR_TYPE_LCU","2015",5413.525,,"T30:87","R1:3513"
"HND","BX:504","EAR_EMTM_SEX_CUR_NB","SEX_T","CUR_TYPE_PPP","2015",509.983,,"T30:87","R1:3513"
"HND","BX:504","EAR_EMTM_SEX_CUR_NB","SEX_T","CUR_TYPE_USD","2015",246.684,,"T30:87","R1:3513"
"HND","BX:504","EAR_EMTM_SEX_CUR_NB","SEX_T","CUR_TYPE_LCU","2014",5500,,"T30:87","R1:3513"
"HND","BX:504","EAR_EMTM_SEX_CUR_NB","SEX_T","CUR_TYPE_PPP","2014",519.355,,"T30:87","R1:3513"
"HND","BX:504","EAR_EMTM_SEX_CUR_NB","SEX_T","CUR_TYPE_USD","2014",262.065,,"T30:87","R1:3513"
"HND","BX:504","EAR_EMTM_SEX_CUR_NB","SEX_T","CUR_TYPE_LCU","2013",4900,,"T30:87","R1:3513"
"HND","BX:504","EAR_EMTM_SEX_CUR_NB","SEX_T","CUR_TYPE_PPP","2013",474.78,,"T30:87","R1:3513"
"HND","BX:504","EAR_EMTM_SEX_CUR_NB","SEX_T","CUR_TYPE_USD","2013",240.742,,"T30:87","R1:3513"
"HND","BX:504","EAR_EMTM_SEX_CUR_NB","SEX_T","CUR_TYPE_LCU","2012",5416.666,,"T30:87","R1:3513"
"HND","BX:504","EAR_EMTM_SEX_CUR_NB","SEX_T","CUR_TYPE_PPP","2012",541.654,,"T30:87","R1:3513"
"HND","BX:504","EAR_EMTM_SEX_CUR_NB","SEX_T","CUR_TYPE_USD","2012",277.746,,"T30:87","R1:3513"
"HND","BX:504","EAR_EMTM_SEX_CUR_NB","SEX_T","CUR_TYPE_LCU","2011",5000,,"T30:87","R1:3513"
"HND","BX:504","EAR_EMTM_SEX_CUR_NB","SEX_T","CUR_TYPE_PPP","2011",487.145,,"T30:87","R1:3513"
"HND","BX:504","EAR_EMTM_SEX_CUR_NB","SEX_T","CUR_TYPE_USD","2011",264.31,,"T30:87","R1:3513"
"HND","BX:504","EAR_EMTM_SEX_CUR_NB","SEX_T","CUR_TYPE_LCU","2010",4766.666,,"T30:87","R1:3513"
"HND","BX:504","EAR_EMTM_SEX_CUR_NB","SEX_T","CUR_TYPE_PPP","2010",480.643,,"T30:87","R1:3513"
"HND","BX:504","EAR_EMTM_SEX_CUR_NB","SEX_T","CUR_TYPE_USD","2010",252.27,,"T30:87","R1:3513"
"HND","BX:504","EAR_EMTM_SEX_CUR_NB","SEX_T","CUR_TYPE_LCU","2009",4333.334,,"T30:87","R1:3513"
"HND","BX:504","EAR_EMTM_SEX_CUR_NB","SEX_T","CUR_TYPE_PPP","2009",450.098,,"T30:87","R1:3513"
"HND","BX:504","EAR_EMTM_SEX_CUR_NB","SEX_T","CUR_TYPE_USD","2009",229.336,,"T30:87","R1:3513"
"HND","BX:504","EAR_EMTM_SEX_CUR_NB","SEX_T","CUR_TYPE_LCU","2008",3900,"B","T30:87_I11:264","R1:3513"
"HND","BX:504","EAR_EMTM_SEX_CUR_NB","SEX_T","CUR_TYPE_PPP","2008",428.878,"B","T30:87_I11:264","R1:3513"
"HND","BX:504","EAR_EMTM_SEX_CUR_NB","SEX_T","CUR_TYPE_USD","2008",206.308,"B","T30:87_I11:264","R1:3513"
"HND","BX:504","EAR_EMTM_SEX_CUR_NB","SEX_T","CUR_TYPE_LCU","2007",3314.325,,"T30:87","R1:3513"
"HND","BX:504","EAR_EMTM_SEX_CUR_NB","SEX_T","CUR_TYPE_PPP","2007",391.023,,"T30:87","R1:3513"
"HND","BX:504","EAR_EMTM_SEX_CUR_NB","SEX_T","CUR_TYPE_USD","2007",175.407,,"T30:87","R1:3513"
"HND","BX:504","EAR_EMTM_SEX_CUR_NB","SEX_T","CUR_TYPE_LCU","2006",3033.333,,"T30:87","R1:3513"
"HND","BX:504","EAR_EMTM_SEX_CUR_NB","SEX_T","CUR_TYPE_PPP","2006",372.08,,"T30:87","R1:3513"
"HND","BX:504","EAR_EMTM_SEX_CUR_NB","SEX_T","CUR_TYPE_USD","2006",160.535,,"T30:87","R1:3513"
"HND","BX:504","EAR_EMTM_SEX_CUR_NB","SEX_T","CUR_TYPE_LCU","2005",2708.333,"B","T30:87_I11:264","R1:3513"
"HND","BX:504","EAR_EMTM_SEX_CUR_NB","SEX_T","CUR_TYPE_PPP","2005",339.783,"B","T30:87_I11:264","R1:3513"
"HND","BX:504","EAR_EMTM_SEX_CUR_NB","SEX_T","CUR_TYPE_USD","2005",143.813,"B","T30:87_I11:264","R1:3513"
"HRV","BB:5862","EAR_EMTM_SEX_CUR_NB","SEX_T","CUR_TYPE_LCU","2025",1836.417,,"T30:386","R1:3513_T2:85"
"HRV","BB:5862","EAR_EMTM_SEX_CUR_NB","SEX_T","CUR_TYPE_PPP","2025",3526.355,,"T30:386","R1:3513_T2:85"
"HRV","BB:5862","EAR_EMTM_SEX_CUR_NB","SEX_T","CUR_TYPE_USD","2025",2075.151,,"T30:386","R1:3513_T2:85"
"HRV","BB:5862","EAR_EMTM_SEX_CUR_NB","SEX_T","CUR_TYPE_LCU","2024",1968.374,,"T30:386","R1:3513_T2:85"
"HRV","BB:5862","EAR_EMTM_SEX_CUR_NB","SEX_T","CUR_TYPE_PPP","2024",3984.277,,"T30:386","R1:3513_T2:85"
"HRV","BB:5862","EAR_EMTM_SEX_CUR_NB","SEX_T","CUR_TYPE_USD","2024",2130.568,,"T30:386","R1:3513_T2:85"
"HRV","BB:5862","EAR_EMTM_SEX_CUR_NB","SEX_T","CUR_TYPE_LCU","2023",1188.787,,"T30:386","R1:3513_T2:85"
"HRV","BB:5862","EAR_EMTM_SEX_CUR_NB","SEX_T","CUR_TYPE_PPP","2023",2463.588,,"T30:386","R1:3513_T2:85"
"HRV","BB:5862","EAR_EMTM_SEX_CUR_NB","SEX_T","CUR_TYPE_USD","2023",1285.436,,"T30:386","R1:3513_T2:85"
"HRV","BB:5862","EAR_EMTM_SEX_CUR_NB","SEX_T","CUR_TYPE_LCU","2022",1494.1,,"T30:386","R1:3513_T2:85"
"HRV","BB:5862","EAR_EMTM_SEX_CUR_NB","SEX_T","CUR_TYPE_PPP","2022",3078.387,,"T30:386","R1:3513_T2:85"
"HRV","BB:5862","EAR_EMTM_SEX_CUR_NB","SEX_T","CUR_TYPE_USD","2022",1573.287,,"T30:386","R1:3513_T2:85"
"HRV","BB:5862","EAR_EMTM_SEX_CUR_NB","SEX_T","CUR_TYPE_LCU","2021",1411.393,,"T30:386","R1:3513_T2:85"
"HRV","BB:5862","EAR_EMTM_SEX_CUR_NB","SEX_T","CUR_TYPE_PPP","2021",2936.818,,"T30:386","R1:3513_T2:85"
"HRV","BB:5862","EAR_EMTM_SEX_CUR_NB","SEX_T","CUR_TYPE_USD","2021",1669.255,,"T30:386","R1:3513_T2:85"
"HRV","BB:5862","EAR_EMTM_SEX_CUR_NB","SEX_T","CUR_TYPE_LCU","2020",1309.542,,"T30:386","R1:3513_T2:85"
"HRV","BB:5862","EAR_EMTM_SEX_CUR_NB","SEX_T","CUR_TYPE_PPP","2020",2638.53,,"T30:386","R1:3513_T2:85"
"HRV","BB:5862","EAR_EMTM_SEX_CUR_NB","SEX_T","CUR_TYPE_USD","2020",1495.759,,"T30:386","R1:3513_T2:85"
"HRV","BB:5862","EAR_EMTM_SEX_CUR_NB","SEX_T","CUR_TYPE_LCU","2019",1238.666,,"T30:386","R1:3513_T2:85"
"HRV","BB:5862","EAR_EMTM_SEX_CUR_NB","SEX_T","CUR_TYPE_PPP","2019",2480.356,,"T30:386","R1:3513_T2:85"
"HRV","BB:5862","EAR_EMTM_SEX_CUR_NB","SEX_T","CUR_TYPE_USD","2019",1386.687,,"T30:386","R1:3513_T2:85"
"HRV","BB:5862","EAR_EMTM_SEX_CUR_NB","SEX_T","CUR_TYPE_LCU","2018",1143.703,,"T30:386","R1:3513_T2:85"
"HRV","BB:5862","EAR_EMTM_SEX_CUR_NB","SEX_T","CUR_TYPE_PPP","2018",2228.756,,"T30:386","R1:3513_T2:85"
"HRV","BB:5862","EAR_EMTM_SEX_CUR_NB","SEX_T","CUR_TYPE_USD","2018",1350.713,,"T30:386","R1:3513_T2:85"
"HRV","BB:5862","EAR_EMTM_SEX_CUR_NB","SEX_T","CUR_TYPE_LCU","2017",1096.294,,"T30:386","R1:3513_T2:85"
"HRV","BB:5862","EAR_EMTM_SEX_CUR_NB","SEX_T","CUR_TYPE_PPP","2017",2131.042,,"T30:386","R1:3513_T2:85"
"HRV","BB:5862","EAR_EMTM_SEX_CUR_NB","SEX_T","CUR_TYPE_USD","2017",1238.483,,"T30:386","R1:3513_T2:85"
"HRV","BB:5862","EAR_EMTM_SEX_CUR_NB","SEX_T","CUR_TYPE_LCU","2016",1043.605,,"T30:386","R1:3513_T2:85"
"HRV","BB:5862","EAR_EMTM_SEX_CUR_NB","SEX_T","CUR_TYPE_PPP","2016",2021.187,,"T30:386","R1:3513_T2:85"
"HRV","BB:5862","EAR_EMTM_SEX_CUR_NB","SEX_T","CUR_TYPE_USD","2016",1155.167,,"T30:386","R1:3513_T2:85"
"HRV","BB:5862","EAR_EMTM_SEX_CUR_NB","SEX_T","CUR_TYPE_LCU","2015",1048.369,,"T30:386","R1:3513_T2:85"
"HRV","BB:5862","EAR_EMTM_SEX_CUR_NB","SEX_T","CUR_TYPE_PPP","2015",1966.048,,"T30:386","R1:3513_T2:85"
"HRV","BB:5862","EAR_EMTM_SEX_CUR_NB","SEX_T","CUR_TYPE_USD","2015",1163.165,,"T30:386","R1:3513_T2:85"
"HRV","BB:5862","EAR_EMTM_SEX_CUR_NB","SEX_T","CUR_TYPE_LCU","2014",962.799,,"T30:386","R1:3513_T2:85"
"HRV","BB:5862","EAR_EMTM_SEX_CUR_NB","SEX_T","CUR_TYPE_PPP","2014",1795.025,,"T30:386","R1:3513_T2:85"
"HRV","BB:5862","EAR_EMTM_SEX_CUR_NB","SEX_T","CUR_TYPE_USD","2014",1279.079,,"T30:386","R1:3513_T2:85"
"HRV","BB:5862","EAR_EMTM_SEX_CUR_NB","SEX_T","CUR_TYPE_LCU","2013",965.447,,"T30:386","R1:3513_T2:85"
"HRV","BB:5862","EAR_EMTM_SEX_CUR_NB","SEX_T","CUR_TYPE_PPP","2013",1759.902,,"T30:386","R1:3513_T2:85"
"HRV","BB:5862","EAR_EMTM_SEX_CUR_NB","SEX_T","CUR_TYPE_USD","2013",1282.211,,"T30:386","R1:3513_T2:85"
"HRV","BB:5862","EAR_EMTM_SEX_CUR_NB","SEX_T","CUR_TYPE_LCU","2012",1032.392,,"T30:386","R1:3513_T2:85"
"HRV","BB:5862","EAR_EMTM_SEX_CUR_NB","SEX_T","CUR_TYPE_PPP","2012",1837.061,,"T30:386","R1:3513_T2:85"
"HRV","BB:5862","EAR_EMTM_SEX_CUR_NB","SEX_T","CUR_TYPE_USD","2012",1326.418,,"T30:386","R1:3513_T2:85"
"HRV","BB:5862","EAR_EMTM_SEX_CUR_NB","SEX_T","CUR_TYPE_LCU","2011",1029.219,,"T30:386","R1:3513_T2:85"
"HRV","BB:5862","EAR_EMTM_SEX_CUR_NB","SEX_T","CUR_TYPE_PPP","2011",1807.262,,"T30:386","R1:3513_T2:85"
"HRV","BB:5862","EAR_EMTM_SEX_CUR_NB","SEX_T","CUR_TYPE_USD","2011",1432.673,,"T30:386","R1:3513_T2:85"
"HRV","BB:5862","EAR_EMTM_SEX_CUR_NB","SEX_T","CUR_TYPE_LCU","2010",1059.264,,"T30:386","R1:3513_T2:85"
"HRV","BB:5862","EAR_EMTM_SEX_CUR_NB","SEX_T","CUR_TYPE_PPP","2010",1821.587,,"T30:386","R1:3513_T2:85"
"HRV","BB:5862","EAR_EMTM_SEX_CUR_NB","SEX_T","CUR_TYPE_USD","2010",1404.266,,"T30:386","R1:3513_T2:85"
"HUN","BB:3062","EAR_EMTM_SEX_CUR_NB","SEX_T","CUR_TYPE_LCU","2025",1010.271,,"T30:389","R1:3513_T2:85"
"HUN","BB:3062","EAR_EMTM_SEX_CUR_NB","SEX_T","CUR_TYPE_PPP","2025",1970.986,,"T30:389","R1:3513_T2:85"
"HUN","BB:3062","EAR_EMTM_SEX_CUR_NB","SEX_T","CUR_TYPE_USD","2025",1141.607,,"T30:389","R1:3513_T2:85"
"HUN","BB:3062","EAR_EMTM_SEX_CUR_NB","SEX_T","CUR_TYPE_LCU","2024",1036.102,,"T30:389","R1:3513_T2:85"
"HUN","BB:3062","EAR_EMTM_SEX_CUR_NB","SEX_T","CUR_TYPE_PPP","2024",2166.313,,"T30:389","R1:3513_T2:85"
"HUN","BB:3062","EAR_EMTM_SEX_CUR_NB","SEX_T","CUR_TYPE_USD","2024",1121.477,,"T30:389","R1:3513_T2:85"
"HUN","BB:3062","EAR_EMTM_SEX_CUR_NB","SEX_T","CUR_TYPE_LCU","2023",859.412,,"T30:389","R1:3513_T2:85"
"HUN","BB:3062","EAR_EMTM_SEX_CUR_NB","SEX_T","CUR_TYPE_PPP","2023",1797.587,,"T30:389","R1:3513_T2:85"
"HUN","BB:3062","EAR_EMTM_SEX_CUR_NB","SEX_T","CUR_TYPE_USD","2023",929.282,,"T30:389","R1:3513_T2:85"
"HUN","BB:3062","EAR_EMTM_SEX_CUR_NB","SEX_T","CUR_TYPE_LCU","2022",868.313,,"T30:389","R1:3513_T2:85"
"HUN","BB:3062","EAR_EMTM_SEX_CUR_NB","SEX_T","CUR_TYPE_PPP","2022",1936.626,,"T30:389","R1:3513_T2:85"
"HUN","BB:3062","EAR_EMTM_SEX_CUR_NB","SEX_T","CUR_TYPE_USD","2022",914.334,,"T30:389","R1:3513_T2:85"
"HUN","BB:3062","EAR_EMTM_SEX_CUR_NB","SEX_T","CUR_TYPE_LCU","2021",818.306,,"T30:389","R1:3513_T2:85"
"HUN","BB:3062","EAR_EMTM_SEX_CUR_NB","SEX_T","CUR_TYPE_PPP","2021",1732.461,,"T30:389","R1:3513_T2:85"
"HUN","BB:3062","EAR_EMTM_SEX_CUR_NB","SEX_T","CUR_TYPE_USD","2021",967.811,,"T30:389","R1:3513_T2:85"
"HUN","BB:3062","EAR_EMTM_SEX_CUR_NB","SEX_T","CUR_TYPE_LCU","2020",873.581,,"T30:389","R1:3513_T2:85"
"HUN","BB:3062","EAR_EMTM_SEX_CUR_NB","SEX_T","CUR_TYPE_PPP","2020",1881.625,,"T30:389","R1:3513_T2:85"
"HUN","BB:3062","EAR_EMTM_SEX_CUR_NB","SEX_T","CUR_TYPE_USD","2020",997.805,,"T30:389","R1:3513_T2:85"
"HUN","BB:3062","EAR_EMTM_SEX_CUR_NB","SEX_T","CUR_TYPE_LCU","2019",1108.562,,"T30:389","R1:3513_T2:85"
"HUN","BB:3062","EAR_EMTM_SEX_CUR_NB","SEX_T","CUR_TYPE_PPP","2019",2311.991,,"T30:389","R1:3513_T2:85"
"HUN","BB:3062","EAR_EMTM_SEX_CUR_NB","SEX_T","CUR_TYPE_USD","2019",1241.035,,"T30:389","R1:3513_T2:85"
"HUN","BB:3062","EAR_EMTM_SEX_CUR_NB","SEX_T","CUR_TYPE_LCU","2018",704.865,,"T30:389","R1:3513_T2:85"
"HUN","BB:3062","EAR_EMTM_SEX_CUR_NB","SEX_T","CUR_TYPE_PPP","2018",1449.297,,"T30:389","R1:3513_T2:85"
"HUN","BB:3062","EAR_EMTM_SEX_CUR_NB","SEX_T","CUR_TYPE_USD","2018",832.446,,"T30:389","R1:3513_T2:85"
"HUN","BB:3062","EAR_EMTM_SEX_CUR_NB","SEX_T","CUR_TYPE_LCU","2017",722.544,,"T30:389","R1:3513_T2:85"
"HUN","BB:3062","EAR_EMTM_SEX_CUR_NB","SEX_T","CUR_TYPE_PPP","2017",1465.286,,"T30:389","R1:3513_T2:85"
"HUN","BB:3062","EAR_EMTM_SEX_CUR_NB","SEX_T","CUR_TYPE_USD","2017",816.258,,"T30:389","R1:3513_T2:85"
"HUN","BB:3062","EAR_EMTM_SEX_CUR_NB","SEX_T","CUR_TYPE_LCU","2016",661.772,,"T30:389","R1:3513_T2:85"
"HUN","BB:3062","EAR_EMTM_SEX_CUR_NB","SEX_T","CUR_TYPE_PPP","2016",1408.268,,"T30:389","R1:3513_T2:85"
"HUN","BB:3062","EAR_EMTM_SEX_CUR_NB","SEX_T","CUR_TYPE_USD","2016",732.516,,"T30:389","R1:3513_T2:85"
"HUN","BB:3062","EAR_EMTM_SEX_CUR_NB","SEX_T","CUR_TYPE_LCU","2015",639.529,,"T30:389","R1:3513_T2:85"
"HUN","BB:3062","EAR_EMTM_SEX_CUR_NB","SEX_T","CUR_TYPE_PPP","2015",1338.81,,"T30:389","R1:3513_T2:85"
"HUN","BB:3062","EAR_EMTM_SEX_CUR_NB","SEX_T","CUR_TYPE_USD","2015",709.558,,"T30:389","R1:3513_T2:85"
"HUN","BB:3062","EAR_EMTM_SEX_CUR_NB","SEX_T","CUR_TYPE_LCU","2014",650.344,,"T30:389","R1:3513_T2:85"
"HUN","BB:3062","EAR_EMTM_SEX_CUR_NB","SEX_T","CUR_TYPE_PPP","2014",1397.07,,"T30:389","R1:3513_T2:85"
"HUN","BB:3062","EAR_EMTM_SEX_CUR_NB","SEX_T","CUR_TYPE_USD","2014",863.982,,"T30:389","R1:3513_T2:85"
"HUN","BB:3062","EAR_EMTM_SEX_CUR_NB","SEX_T","CUR_TYPE_LCU","2013",636.647,,"T30:389","R1:3513_T2:85"
"HUN","BB:3062","EAR_EMTM_SEX_CUR_NB","SEX_T","CUR_TYPE_PPP","2013",1339.239,,"T30:389","R1:3513_T2:85"
"HUN","BB:3062","EAR_EMTM_SEX_CUR_NB","SEX_T","CUR_TYPE_USD","2013",845.53,,"T30:389","R1:3513_T2:85"
"HUN","BB:3062","EAR_EMTM_SEX_CUR_NB","SEX_T","CUR_TYPE_LCU","2012",646.454,,"T30:389","R1:3513_T2:85"
"HUN","BB:3062","EAR_EMTM_SEX_CUR_NB","SEX_T","CUR_TYPE_PPP","2012",1303.377,,"T30:389","R1:3513_T2:85"
"HUN","BB:3062","EAR_EMTM_SEX_CUR_NB","SEX_T","CUR_TYPE_USD","2012",830.564,,"T30:389","R1:3513_T2:85"
"HUN","BB:3062","EAR_EMTM_SEX_CUR_NB","SEX_T","CUR_TYPE_LCU","2011",635.81,,"T30:389","R1:3513_T2:85"
"HUN","BB:3062","EAR_EMTM_SEX_CUR_NB","SEX_T","CUR_TYPE_PPP","2011",1274.939,,"T30:389","R1:3513_T2:85"
"HUN","BB:3062","EAR_EMTM_SEX_CUR_NB","SEX_T","CUR_TYPE_USD","2011",885.047,,"T30:389","R1:3513_T2:85"
"HUN","BB:3062","EAR_EMTM_SEX_CUR_NB","SEX_T","CUR_TYPE_LCU","2010",589.02,,"T30:389","R1:3513_T2:85"
"HUN","BB:3062","EAR_EMTM_SEX_CUR_NB","SEX_T","CUR_TYPE_PPP","2010",1134.711,,"T30:389","R1:3513_T2:85"
"HUN","BB:3062","EAR_EMTM_SEX_CUR_NB","SEX_T","CUR_TYPE_USD","2010",780.864,,"T30:389","R1:3513_T2:85"
"HUN","BB:3062","EAR_EMTM_SEX_CUR_NB","SEX_T","CUR_TYPE_LCU","2009",641.128,,"T30:389","R1:3513_T2:85"
"HUN","BB:3062","EAR_EMTM_SEX_CUR_NB","SEX_T","CUR_TYPE_PPP","2009",1255.508,,"T30:389","R1:3513_T2:85"
"HUN","BB:3062","EAR_EMTM_SEX_CUR_NB","SEX_T","CUR_TYPE_USD","2009",894.245,,"T30:389","R1:3513_T2:85"
"HUN","BB:3062","EAR_EMTM_SEX_CUR_NB","SEX_T","CUR_TYPE_LCU","2008",593.386,,"T30:389","R1:3513_T2:85"
"HUN","BB:3062","EAR_EMTM_SEX_CUR_NB","SEX_T","CUR_TYPE_PPP","2008",1028.058,,"T30:389","R1:3513_T2:85"
"HUN","BB:3062","EAR_EMTM_SEX_CUR_NB","SEX_T","CUR_TYPE_USD","2008",872.753,,"T30:389","R1:3513_T2:85"
"HUN","BB:3062","EAR_EMTM_SEX_CUR_NB","SEX_T","CUR_TYPE_LCU","2007",519.065,,"T30:389","R1:3513_T2:85"
"HUN","BB:3062","EAR_EMTM_SEX_CUR_NB","SEX_T","CUR_TYPE_PPP","2007",888.441,,"T30:389","R1:3513_T2:85"
"HUN","BB:3062","EAR_EMTM_SEX_CUR_NB","SEX_T","CUR_TYPE_USD","2007",711.379,,"T30:389","R1:3513_T2:85"
"HUN","BB:3062","EAR_EMTM_SEX_CUR_NB","SEX_T","CUR_TYPE_LCU","2006",403.144,,"T30:389","R1:3513_T2:85"
"HUN","BB:3062","EAR_EMTM_SEX_CUR_NB","SEX_T","CUR_TYPE_PPP","2006",761.863,,"T30:389","R1:3513_T2:85"
"HUN","BB:3062","EAR_EMTM_SEX_CUR_NB","SEX_T","CUR_TYPE_USD","2006",506.188,,"T30:389","R1:3513_T2:85"
"HUN","BB:3062","EAR_EMTM_SEX_CUR_NB","SEX_T","CUR_TYPE_LCU","2005",358.665,,"T30:389","R1:3513_T2:85"
"HUN","BB:3062","EAR_EMTM_SEX_CUR_NB","SEX_T","CUR_TYPE_PPP","2005",647.377,,"T30:389","R1:3513_T2:85"
"HUN","BB:3062","EAR_EMTM_SEX_CUR_NB","SEX_T","CUR_TYPE_USD","2005",446.215,,"T30:389","R1:3513_T2:85"
"IDN","BA:510","EAR_EMTM_SEX_CUR_NB","SEX_T","CUR_TYPE_LCU","2023",2246118.189,,"T30:122","R1:3513"
"IDN","BA:510","EAR_EMTM_SEX_CUR_NB","SEX_T","CUR_TYPE_PPP","2023",436.703,,"T30:122","R1:3513"
"IDN","BA:510","EAR_EMTM_SEX_CUR_NB","SEX_T","CUR_TYPE_USD","2023",147.413,,"T30:122","R1:3513"
"IDN","BA:510","EAR_EMTM_SEX_CUR_NB","SEX_T","CUR_TYPE_LCU","2022",2101474.322,,"T30:122","R1:3513"
"IDN","BA:510","EAR_EMTM_SEX_CUR_NB","SEX_T","CUR_TYPE_PPP","2022",406.827,,"T30:122","R1:3513"
"IDN","BA:510","EAR_EMTM_SEX_CUR_NB","SEX_T","CUR_TYPE_USD","2022",141.515,,"T30:122","R1:3513"
"IDN","BA:510","EAR_EMTM_SEX_CUR_NB","SEX_T","CUR_TYPE_LCU","2021",2000000,"B","T30:122_I11:264","R1:3513"
"IDN","BA:510","EAR_EMTM_SEX_CUR_NB","SEX_T","CUR_TYPE_PPP","2021",373.583,"B","T30:122_I11:264","R1:3513"
"IDN","BA:510","EAR_EMTM_SEX_CUR_NB","SEX_T","CUR_TYPE_USD","2021",139.78,"B","T30:122_I11:264","R1:3513"
"IDN","BA:510","EAR_EMTM_SEX_CUR_NB","SEX_T","CUR_TYPE_LCU","2020",2000000,,"T30:122","R1:3513"
"IDN","BA:510","EAR_EMTM_SEX_CUR_NB","SEX_T","CUR_TYPE_PPP","2020",371.304,,"T30:122","R1:3513"
"IDN","BA:510","EAR_EMTM_SEX_CUR_NB","SEX_T","CUR_TYPE_USD","2020",137.154,,"T30:122","R1:3513"
"IDN","BA:510","EAR_EMTM_SEX_CUR_NB","SEX_T","CUR_TYPE_LCU","2019",2000000,,"T30:122","R1:3513"
"IDN","BA:510","EAR_EMTM_SEX_CUR_NB","SEX_T","CUR_TYPE_PPP","2019",370.933,,"T30:122","R1:3513"
"IDN","BA:510","EAR_EMTM_SEX_CUR_NB","SEX_T","CUR_TYPE_USD","2019",141.366,,"T30:122","R1:3513"
"IDN","BA:510","EAR_EMTM_SEX_CUR_NB","SEX_T","CUR_TYPE_LCU","2018",1902479.187,,"T30:122","R1:3513"
"IDN","BA:510","EAR_EMTM_SEX_CUR_NB","SEX_T","CUR_TYPE_PPP","2018",357.922,,"T30:122","R1:3513"
"IDN","BA:510","EAR_EMTM_SEX_CUR_NB","SEX_T","CUR_TYPE_USD","2018",133.63,,"T30:122","R1:3513"
"IDN","BA:510","EAR_EMTM_SEX_CUR_NB","SEX_T","CUR_TYPE_LCU","2017",1850938.167,,"T30:122","R1:3513"
"IDN","BA:510","EAR_EMTM_SEX_CUR_NB","SEX_T","CUR_TYPE_PPP","2017",355.793,,"T30:122","R1:3513"
"IDN","BA:510","EAR_EMTM_SEX_CUR_NB","SEX_T","CUR_TYPE_USD","2017",138.328,,"T30:122","R1:3513"
"IDN","BA:510","EAR_EMTM_SEX_CUR_NB","SEX_T","CUR_TYPE_LCU","2016",1644881.832,,"T30:122","R1:3513"
"IDN","BA:510","EAR_EMTM_SEX_CUR_NB","SEX_T","CUR_TYPE_PPP","2016",331.131,,"T30:122","R1:3513"
"IDN","BA:510","EAR_EMTM_SEX_CUR_NB","SEX_T","CUR_TYPE_USD","2016",123.598,,"T30:122","R1:3513"
"IDN","BA:510","EAR_EMTM_SEX_CUR_NB","SEX_T","CUR_TYPE_LCU","2015",1249334.943,,"T30:122","R1:3513"
"IDN","BA:510","EAR_EMTM_SEX_CUR_NB","SEX_T","CUR_TYPE_PPP","2015",260.811,,"T30:122","R1:3513"
"IDN","BA:510","EAR_EMTM_SEX_CUR_NB","SEX_T","CUR_TYPE_USD","2015",93.308,,"T30:122","R1:3513"
"IDN","BA:510","EAR_EMTM_SEX_CUR_NB","SEX_T","CUR_TYPE_LCU","2014",1199560.393,,"T30:122","R1:3513"
"IDN","BA:510","EAR_EMTM_SEX_CUR_NB","SEX_T","CUR_TYPE_PPP","2014",268.878,,"T30:122","R1:3513"
"IDN","BA:510","EAR_EMTM_SEX_CUR_NB","SEX_T","CUR_TYPE_USD","2014",101.099,,"T30:122","R1:3513"
"IDN","BA:510","EAR_EMTM_SEX_CUR_NB","SEX_T","CUR_TYPE_LCU","2013",1098836.524,"B","T30:122_I11:264","R1:3513"
"IDN","BA:510","EAR_EMTM_SEX_CUR_NB","SEX_T","CUR_TYPE_PPP","2013",261.986,"B","T30:122_I11:264","R1:3513"
"IDN","BA:510","EAR_EMTM_SEX_CUR_NB","SEX_T","CUR_TYPE_USD","2013",105.039,"B","T30:122_I11:264","R1:3513"
"IDN","BA:510","EAR_EMTM_SEX_CUR_NB","SEX_T","CUR_TYPE_LCU","2012",1001245.531,,"T30:122","R1:3513"
"IDN","BA:510","EAR_EMTM_SEX_CUR_NB","SEX_T","CUR_TYPE_PPP","2012",260.246,,"T30:122","R1:3513"
"IDN","BA:510","EAR_EMTM_SEX_CUR_NB","SEX_T","CUR_TYPE_USD","2012",106.667,,"T30:122","R1:3513"
"IDN","BA:510","EAR_EMTM_SEX_CUR_NB","SEX_T","CUR_TYPE_LCU","2011",908292.833,,"T30:122","R1:3513"
"IDN","BA:510","EAR_EMTM_SEX_CUR_NB","SEX_T","CUR_TYPE_PPP","2011",233.361,,"T30:122","R1:3513"
"IDN","BA:510","EAR_EMTM_SEX_CUR_NB","SEX_T","CUR_TYPE_USD","2011",103.563,,"T30:122","R1:3513"
"IDN","BA:510","EAR_EMTM_SEX_CUR_NB","SEX_T","CUR_TYPE_LCU","2010",978139.419,,"T30:122","R1:3513"
"IDN","BA:510","EAR_EMTM_SEX_CUR_NB","SEX_T","CUR_TYPE_PPP","2010",256.664,,"T30:122","R1:3513"
"IDN","BA:510","EAR_EMTM_SEX_CUR_NB","SEX_T","CUR_TYPE_USD","2010",107.601,,"T30:122","R1:3513"
"IDN","BA:510","EAR_EMTM_SEX_CUR_NB","SEX_T","CUR_TYPE_LCU","2009",919973.543,,"T30:122","R1:3513"
"IDN","BA:510","EAR_EMTM_SEX_CUR_NB","SEX_T","CUR_TYPE_PPP","2009",249.7,,"T30:122","R1:3513"
"IDN","BA:510","EAR_EMTM_SEX_CUR_NB","SEX_T","CUR_TYPE_USD","2009",88.545,,"T30:122","R1:3513"
"IDN","BA:510","EAR_EMTM_SEX_CUR_NB","SEX_T","CUR_TYPE_LCU","2008",805976.607,"B","T30:122_I11:264","R1:3513"
"IDN","BA:510","EAR_EMTM_SEX_CUR_NB","SEX_T","CUR_TYPE_PPP","2008",229.17,"B","T30:122_I11:264","R1:3513"
"IDN","BA:510","EAR_EMTM_SEX_CUR_NB","SEX_T","CUR_TYPE_USD","2008",83.099,"B","T30:122_I11:264","R1:3513"
"IDN","BA:510","EAR_EMTM_SEX_CUR_NB","SEX_T","CUR_TYPE_LCU","2007",800000,,"T30:122","R1:3513"
"IDN","BA:510","EAR_EMTM_SEX_CUR_NB","SEX_T","CUR_TYPE_PPP","2007",241.463,,"T30:122","R1:3513"
"IDN","BA:510","EAR_EMTM_SEX_CUR_NB","SEX_T","CUR_TYPE_USD","2007",87.518,,"T30:122","R1:3513"
"IDN","BA:510","EAR_EMTM_SEX_CUR_NB","SEX_T","CUR_TYPE_LCU","2006",750000,,"T30:122","R1:3513"
"IDN","BA:510","EAR_EMTM_SEX_CUR_NB","SEX_T","CUR_TYPE_PPP","2006",234.193,,"T30:122","R1:3513"
"IDN","BA:510","EAR_EMTM_SEX_CUR_NB","SEX_T","CUR_TYPE_USD","2006",81.884,,"T30:122","R1:3513"
"IDN","BA:510","EAR_EMTM_SEX_CUR_NB","SEX_T","CUR_TYPE_LCU","2005",700000,,"T30:122","R1:3513"
"IDN","BA:510","EAR_EMTM_SEX_CUR_NB","SEX_T","CUR_TYPE_PPP","2005",239.507,,"T30:122","R1:3513"
"IDN","BA:510","EAR_EMTM_SEX_CUR_NB","SEX_T","CUR_TYPE_USD","2005",72.13,,"T30:122","R1:3513"
"IDN","BA:510","EAR_EMTM_SEX_CUR_NB","SEX_T","CUR_TYPE_LCU","2004",700000,,"T30:122","R1:3513"
"IDN","BA:510","EAR_EMTM_SEX_CUR_NB","SEX_T","CUR_TYPE_PPP","2004",255.862,,"T30:122","R1:3513"
"IDN","BA:510","EAR_EMTM_SEX_CUR_NB","SEX_T","CUR_TYPE_USD","2004",78.31,,"T30:122","R1:3513"
"IDN","BA:510","EAR_EMTM_SEX_CUR_NB","SEX_T","CUR_TYPE_LCU","2003",650000,,"T30:122","R1:3513"
"IDN","BA:510","EAR_EMTM_SEX_CUR_NB","SEX_T","CUR_TYPE_PPP","2003",245.423,,"T30:122","R1:3513"
"IDN","BA:510","EAR_EMTM_SEX_CUR_NB","SEX_T","CUR_TYPE_USD","2003",75.783,,"T30:122","R1:3513"
"IDN","BA:510","EAR_EMTM_SEX_CUR_NB","SEX_T","CUR_TYPE_LCU","2002",596000,,"T30:122","R1:3513"
"IDN","BA:510","EAR_EMTM_SEX_CUR_NB","SEX_T","CUR_TYPE_PPP","2002",234.908,,"T30:122","R1:3513"
"IDN","BA:510","EAR_EMTM_SEX_CUR_NB","SEX_T","CUR_TYPE_USD","2002",64.009,,"T30:122","R1:3513"
"IDN","BA:510","EAR_EMTM_SEX_CUR_NB","SEX_T","CUR_TYPE_LCU","2001",450000,,"T30:122","R1:3513"
"IDN","BA:510","EAR_EMTM_SEX_CUR_NB","SEX_T","CUR_TYPE_PPP","2001",195.371,,"T30:122","R1:3513"
"IDN","BA:510","EAR_EMTM_SEX_CUR_NB","SEX_T","CUR_TYPE_USD","2001",43.856,,"T30:122","R1:3513"
"IDN","BA:510","EAR_EMTM_SEX_CUR_NB","SEX_T","CUR_TYPE_LCU","2000",350000,,"T30:122","R1:3513"
"IDN","BA:510","EAR_EMTM_SEX_CUR_NB","SEX_T","CUR_TYPE_PPP","2000",164.774,,"T30:122","R1:3513"
"IDN","BA:510","EAR_EMTM_SEX_CUR_NB","SEX_T","CUR_TYPE_USD","2000",41.559,,"T30:122","R1:3513"
"IND","BA:14121","EAR_EMTM_SEX_CUR_NB","SEX_T","CUR_TYPE_LCU","2025",15000,,"T30:121","R1:3513"
"IND","BA:14121","EAR_EMTM_SEX_CUR_NB","SEX_T","CUR_TYPE_PPP","2025",756.09,,"T30:121","R1:3513"
"IND","BA:14121","EAR_EMTM_SEX_CUR_NB","SEX_T","CUR_TYPE_USD","2025",172.1,,"T30:121","R1:3513"
"IND","BA:14121","EAR_EMTM_SEX_CUR_NB","SEX_T","CUR_TYPE_LCU","2024",15000,,"T30:121","R1:3513"
"IND","BA:14121","EAR_EMTM_SEX_CUR_NB","SEX_T","CUR_TYPE_PPP","2024",753.886,,"T30:121","R1:3513"
"IND","BA:14121","EAR_EMTM_SEX_CUR_NB","SEX_T","CUR_TYPE_USD","2024",179.277,,"T30:121","R1:3513"
"IND","BA:14121","EAR_EMTM_SEX_CUR_NB","SEX_T","CUR_TYPE_LCU","2023",13500,,"T30:121","R1:3513"
"IND","BA:14121","EAR_EMTM_SEX_CUR_NB","SEX_T","CUR_TYPE_PPP","2023",691.701,,"T30:121","R1:3513"
"IND","BA:14121","EAR_EMTM_SEX_CUR_NB","SEX_T","CUR_TYPE_USD","2023",163.44,,"T30:121","R1:3513"
"IND","BA:14121","EAR_EMTM_SEX_CUR_NB","SEX_T","CUR_TYPE_LCU","2022",12199.835,,"T30:121","R1:3513"
"IND","BA:14121","EAR_EMTM_SEX_CUR_NB","SEX_T","CUR_TYPE_PPP","2022",634.287,,"T30:121","R1:3513"
"IND","BA:14121","EAR_EMTM_SEX_CUR_NB","SEX_T","CUR_TYPE_USD","2022",155.205,,"T30:121","R1:3513"
"IND","BA:14121","EAR_EMTM_SEX_CUR_NB","SEX_T","CUR_TYPE_LCU","2021",12000,,"T30:121","R1:3513"
"IND","BA:14121","EAR_EMTM_SEX_CUR_NB","SEX_T","CUR_TYPE_PPP","2021",616.366,,"T30:121","R1:3513"
"IND","BA:14121","EAR_EMTM_SEX_CUR_NB","SEX_T","CUR_TYPE_USD","2021",162.342,,"T30:121","R1:3513"
"IND","BA:14121","EAR_EMTM_SEX_CUR_NB","SEX_T","CUR_TYPE_LCU","2020",11051.506,,"T30:121","R1:3513"
"IND","BA:14121","EAR_EMTM_SEX_CUR_NB","SEX_T","CUR_TYPE_PPP","2020",558.87,,"T30:121","R1:3513"
"IND","BA:14121","EAR_EMTM_SEX_CUR_NB","SEX_T","CUR_TYPE_USD","2020",149.144,,"T30:121","R1:3513"
"IND","BA:14121","EAR_EMTM_SEX_CUR_NB","SEX_T","CUR_TYPE_LCU","2019",10000,,"T30:121","R1:3513"
"IND","BA:14121","EAR_EMTM_SEX_CUR_NB","SEX_T","CUR_TYPE_PPP","2019",512.082,,"T30:121","R1:3513"
"IND","BA:14121","EAR_EMTM_SEX_CUR_NB","SEX_T","CUR_TYPE_USD","2019",142.004,,"T30:121","R1:3513"
"IND","BA:14121","EAR_EMTM_SEX_CUR_NB","SEX_T","CUR_TYPE_LCU","2018",10000,,"T30:121","R1:3513"
"IND","BA:14121","EAR_EMTM_SEX_CUR_NB","SEX_T","CUR_TYPE_PPP","2018",504.512,,"T30:121","R1:3513"
"IND","BA:14121","EAR_EMTM_SEX_CUR_NB","SEX_T","CUR_TYPE_USD","2018",146.221,,"T30:121","R1:3513"
"IND","BX:2228","EAR_EMTM_SEX_CUR_NB","SEX_T","CUR_TYPE_LCU","2012",6933.334,,"T30:121","R1:3513"
"IND","BX:2228","EAR_EMTM_SEX_CUR_NB","SEX_T","CUR_TYPE_PPP","2012",446.355,,"T30:121","R1:3513"
"IND","BX:2228","EAR_EMTM_SEX_CUR_NB","SEX_T","CUR_TYPE_USD","2012",129.747,,"T30:121","R1:3513"
"IND","BX:2228","EAR_EMTM_SEX_CUR_NB","SEX_T","CUR_TYPE_LCU","2010",5646.175,,"T30:121","R1:3513"
"IND","BX:2228","EAR_EMTM_SEX_CUR_NB","SEX_T","CUR_TYPE_PPP","2010",390.055,,"T30:121","R1:3513"
"IND","BX:2228","EAR_EMTM_SEX_CUR_NB","SEX_T","CUR_TYPE_USD","2010",123.479,,"T30:121","R1:3513"
"IND","BX:2228","EAR_EMTM_SEX_CUR_NB","SEX_T","CUR_TYPE_LCU","2005",3033.333,,"T30:121","R1:3513_S3:26"
"IND","BX:2228","EAR_EMTM_SEX_CUR_NB","SEX_T","CUR_TYPE_PPP","2005",284.168,,"T30:121","R1:3513_S3:26"
"IND","BX:2228","EAR_EMTM_SEX_CUR_NB","SEX_T","CUR_TYPE_USD","2005",68.783,,"T30:121","R1:3513_S3:26"
"IRL","BB:3073","EAR_EMTM_SEX_CUR_NB","SEX_T","CUR_TYPE_LCU","2025",3998.662,,"T30:182","R1:3513_T2:85"
"IRL","BB:3073","EAR_EMTM_SEX_CUR_NB","SEX_T","CUR_TYPE_PPP","2025",4423.48,,"T30:182","R1:3513_T2:85"
"IRL","BB:3073","EAR_EMTM_SEX_CUR_NB","SEX_T","CUR_TYPE_USD","2025",4518.488,,"T30:182","R1:3513_T2:85"
"IRL","BB:3073","EAR_EMTM_SEX_CUR_NB","SEX_T","CUR_TYPE_LCU","2024",3796.401,,"T30:182","R1:3513_T2:85"
"IRL","BB:3073","EAR_EMTM_SEX_CUR_NB","SEX_T","CUR_TYPE_PPP","2024",4304.553,,"T30:182","R1:3513_T2:85"
"IRL","BB:3073","EAR_EMTM_SEX_CUR_NB","SEX_T","CUR_TYPE_USD","2024",4109.224,,"T30:182","R1:3513_T2:85"
"IRL","BB:3073","EAR_EMTM_SEX_CUR_NB","SEX_T","CUR_TYPE_LCU","2023",3522.887,,"T30:182","R1:3513_T2:85"
"IRL","BB:3073","EAR_EMTM_SEX_CUR_NB","SEX_T","CUR_TYPE_PPP","2023",3974.865,,"T30:182","R1:3513_T2:85"
"IRL","BB:3073","EAR_EMTM_SEX_CUR_NB","SEX_T","CUR_TYPE_USD","2023",3809.298,,"T30:182","R1:3513_T2:85"
"IRL","BB:3073","EAR_EMTM_SEX_CUR_NB","SEX_T","CUR_TYPE_LCU","2022",3447.765,,"T30:182","R1:3513_T2:85"
"IRL","BB:3073","EAR_EMTM_SEX_CUR_NB","SEX_T","CUR_TYPE_PPP","2022",3795.084,,"T30:182","R1:3513_T2:85"
"IRL","BB:3073","EAR_EMTM_SEX_CUR_NB","SEX_T","CUR_TYPE_USD","2022",3630.497,,"T30:182","R1:3513_T2:85"
"IRL","BB:3073","EAR_EMTM_SEX_CUR_NB","SEX_T","CUR_TYPE_LCU","2021",3445.928,,"T30:182","R1:3513_T2:85"
"IRL","BB:3073","EAR_EMTM_SEX_CUR_NB","SEX_T","CUR_TYPE_PPP","2021",3595.291,,"T30:182","R1:3513_T2:85"
"IRL","BB:3073","EAR_EMTM_SEX_CUR_NB","SEX_T","CUR_TYPE_USD","2021",4075.499,,"T30:182","R1:3513_T2:85"
"IRL","BB:3073","EAR_EMTM_SEX_CUR_NB","SEX_T","CUR_TYPE_LCU","2020",3253.774,,"T30:182","R1:3513_T2:85"
"IRL","BB:3073","EAR_EMTM_SEX_CUR_NB","SEX_T","CUR_TYPE_PPP","2020",3271.94,,"T30:182","R1:3513_T2:85"
"IRL","BB:3073","EAR_EMTM_SEX_CUR_NB","SEX_T","CUR_TYPE_USD","2020",3716.461,,"T30:182","R1:3513_T2:85"
"IRL","BB:3073","EAR_EMTM_SEX_CUR_NB","SEX_T","CUR_TYPE_LCU","2019",2936.566,,"T30:182","R1:3513_T2:85"
"IRL","BB:3073","EAR_EMTM_SEX_CUR_NB","SEX_T","CUR_TYPE_PPP","2019",3025.803,,"T30:182","R1:3513_T2:85"
"IRL","BB:3073","EAR_EMTM_SEX_CUR_NB","SEX_T","CUR_TYPE_USD","2019",3287.485,,"T30:182","R1:3513_T2:85"
"IRL","BB:3073","EAR_EMTM_SEX_CUR_NB","SEX_T","CUR_TYPE_LCU","2018",3059.309,,"T30:182","R1:3513_T2:85"
"IRL","BB:3073","EAR_EMTM_SEX_CUR_NB","SEX_T","CUR_TYPE_PPP","2018",3090.598,,"T30:182","R1:3513_T2:85"
"IRL","BB:3073","EAR_EMTM_SEX_CUR_NB","SEX_T","CUR_TYPE_USD","2018",3613.044,,"T30:182","R1:3513_T2:85"
"IRL","BB:3073","EAR_EMTM_SEX_CUR_NB","SEX_T","CUR_TYPE_LCU","2017",2959.286,,"T30:182","R1:3513_T2:85"
"IRL","BB:3073","EAR_EMTM_SEX_CUR_NB","SEX_T","CUR_TYPE_PPP","2017",2999.166,,"T30:182","R1:3513_T2:85"
"IRL","BB:3073","EAR_EMTM_SEX_CUR_NB","SEX_T","CUR_TYPE_USD","2017",3343.105,,"T30:182","R1:3513_T2:85"
"IRL","BB:3073","EAR_EMTM_SEX_CUR_NB","SEX_T","CUR_TYPE_LCU","2016",2889.901,,"T30:182","R1:3513_T2:85"
"IRL","BB:3073","EAR_EMTM_SEX_CUR_NB","SEX_T","CUR_TYPE_PPP","2016",2965.205,,"T30:182","R1:3513_T2:85"
"IRL","BB:3073","EAR_EMTM_SEX_CUR_NB","SEX_T","CUR_TYPE_USD","2016",3198.831,,"T30:182","R1:3513_T2:85"
"IRL","BB:3073","EAR_EMTM_SEX_CUR_NB","SEX_T","CUR_TYPE_LCU","2015",2821.694,,"T30:182","R1:3513_T2:85"
"IRL","BB:3073","EAR_EMTM_SEX_CUR_NB","SEX_T","CUR_TYPE_PPP","2015",2824.426,,"T30:182","R1:3513_T2:85"
"IRL","BB:3073","EAR_EMTM_SEX_CUR_NB","SEX_T","CUR_TYPE_USD","2015",3130.67,,"T30:182","R1:3513_T2:85"
"IRL","BB:3073","EAR_EMTM_SEX_CUR_NB","SEX_T","CUR_TYPE_LCU","2014",2832.042,,"T30:182","R1:3513_T2:85"
"IRL","BB:3073","EAR_EMTM_SEX_CUR_NB","SEX_T","CUR_TYPE_PPP","2014",2862.062,,"T30:182","R1:3513_T2:85"
"IRL","BB:3073","EAR_EMTM_SEX_CUR_NB","SEX_T","CUR_TYPE_USD","2014",3762.368,,"T30:182","R1:3513_T2:85"
"IRL","BB:3073","EAR_EMTM_SEX_CUR_NB","SEX_T","CUR_TYPE_LCU","2013",2924.613,,"T30:182","R1:3513_T2:85"
"IRL","BB:3073","EAR_EMTM_SEX_CUR_NB","SEX_T","CUR_TYPE_PPP","2013",3026.607,,"T30:182","R1:3513_T2:85"
"IRL","BB:3073","EAR_EMTM_SEX_CUR_NB","SEX_T","CUR_TYPE_USD","2013",3884.178,,"T30:182","R1:3513_T2:85"
"IRL","BB:3073","EAR_EMTM_SEX_CUR_NB","SEX_T","CUR_TYPE_LCU","2012",2829.3,,"T30:182","R1:3513_T2:85"
"IRL","BB:3073","EAR_EMTM_SEX_CUR_NB","SEX_T","CUR_TYPE_PPP","2012",2931.036,,"T30:182","R1:3513_T2:85"
"IRL","BB:3073","EAR_EMTM_SEX_CUR_NB","SEX_T","CUR_TYPE_USD","2012",3635.085,,"T30:182","R1:3513_T2:85"
"IRL","BB:3073","EAR_EMTM_SEX_CUR_NB","SEX_T","CUR_TYPE_LCU","2011",2778.664,,"T30:182","R1:3513_T2:85"
"IRL","BB:3073","EAR_EMTM_SEX_CUR_NB","SEX_T","CUR_TYPE_PPP","2011",2896.177,,"T30:182","R1:3513_T2:85"
"IRL","BB:3073","EAR_EMTM_SEX_CUR_NB","SEX_T","CUR_TYPE_USD","2011",3867.901,,"T30:182","R1:3513_T2:85"
"IRL","BB:3073","EAR_EMTM_SEX_CUR_NB","SEX_T","CUR_TYPE_LCU","2010",2764.786,,"T30:182","R1:3513_T2:85"
"IRL","BB:3073","EAR_EMTM_SEX_CUR_NB","SEX_T","CUR_TYPE_PPP","2010",2861.067,,"T30:182","R1:3513_T2:85"
"IRL","BB:3073","EAR_EMTM_SEX_CUR_NB","SEX_T","CUR_TYPE_USD","2010",3665.277,,"T30:182","R1:3513_T2:85"
"IRL","BB:3073","EAR_EMTM_SEX_CUR_NB","SEX_T","CUR_TYPE_LCU","2009",2618.426,,"T30:182","R1:3513_T2:85"
"IRL","BB:3073","EAR_EMTM_SEX_CUR_NB","SEX_T","CUR_TYPE_PPP","2009",2575.179,,"T30:182","R1:3513_T2:85"
"IRL","BB:3073","EAR_EMTM_SEX_CUR_NB","SEX_T","CUR_TYPE_USD","2009",3652.181,,"T30:182","R1:3513_T2:85"
"IRL","BB:3073","EAR_EMTM_SEX_CUR_NB","SEX_T","CUR_TYPE_LCU","2008",2729.403,,"T30:182","R1:3513_T2:85"
"IRL","BB:3073","EAR_EMTM_SEX_CUR_NB","SEX_T","CUR_TYPE_PPP","2008",2545.244,,"T30:182","R1:3513_T2:85"
"IRL","BB:3073","EAR_EMTM_SEX_CUR_NB","SEX_T","CUR_TYPE_USD","2008",4014.406,,"T30:182","R1:3513_T2:85"
"IRL","BB:3073","EAR_EMTM_SEX_CUR_NB","SEX_T","CUR_TYPE_LCU","2007",2633.369,,"T30:182","R1:3513_T2:85"
"IRL","BB:3073","EAR_EMTM_SEX_CUR_NB","SEX_T","CUR_TYPE_PPP","2007",2470.469,,"T30:182","R1:3513_T2:85"
"IRL","BB:3073","EAR_EMTM_SEX_CUR_NB","SEX_T","CUR_TYPE_USD","2007",3609.033,,"T30:182","R1:3513_T2:85"
"IRL","BB:3073","EAR_EMTM_SEX_CUR_NB","SEX_T","CUR_TYPE_LCU","2006",2103.981,,"T30:182","R1:3513_T2:85"
"IRL","BB:3073","EAR_EMTM_SEX_CUR_NB","SEX_T","CUR_TYPE_PPP","2006",1978.594,,"T30:182","R1:3513_T2:85"
"IRL","BB:3073","EAR_EMTM_SEX_CUR_NB","SEX_T","CUR_TYPE_USD","2006",2641.759,,"T30:182","R1:3513_T2:85"
"IRL","BB:3073","EAR_EMTM_SEX_CUR_NB","SEX_T","CUR_TYPE_LCU","2005",2029.564,,"T30:182","R1:3513_T2:85"
"IRL","BB:3073","EAR_EMTM_SEX_CUR_NB","SEX_T","CUR_TYPE_PPP","2005",1900.495,,"T30:182","R1:3513_T2:85"
"IRL","BB:3073","EAR_EMTM_SEX_CUR_NB","SEX_T","CUR_TYPE_USD","2005",2524.98,,"T30:182","R1:3513_T2:85"
"IRL","BB:3073","EAR_EMTM_SEX_CUR_NB","SEX_T","CUR_TYPE_LCU","2004",1956.75,,"T30:182","R1:3513_T2:85"
"IRL","BB:3073","EAR_EMTM_SEX_CUR_NB","SEX_T","CUR_TYPE_PPP","2004",1833.335,,"T30:182","R1:3513_T2:85"
"IRL","BB:3073","EAR_EMTM_SEX_CUR_NB","SEX_T","CUR_TYPE_USD","2004",2434.001,,"T30:182","R1:3513_T2:85"
"ISL","BB:3061","EAR_EMTM_SEX_CUR_NB","SEX_T","CUR_TYPE_LCU","2020",4983.12,,"T30:390","R1:3513_T2:85"
"ISL","BB:3061","EAR_EMTM_SEX_CUR_NB","SEX_T","CUR_TYPE_PPP","2020",4977.206,,"T30:390","R1:3513_T2:85"
"ISL","BB:3061","EAR_EMTM_SEX_CUR_NB","SEX_T","CUR_TYPE_USD","2020",5691.719,,"T30:390","R1:3513_T2:85"
"ISL","BB:3061","EAR_EMTM_SEX_CUR_NB","SEX_T","CUR_TYPE_LCU","2019",5188.514,,"T30:390","R1:3513_T2:85"
"ISL","BB:3061","EAR_EMTM_SEX_CUR_NB","SEX_T","CUR_TYPE_PPP","2019",4504.025,,"T30:390","R1:3513_T2:85"
"ISL","BB:3061","EAR_EMTM_SEX_CUR_NB","SEX_T","CUR_TYPE_USD","2019",5808.542,,"T30:390","R1:3513_T2:85"
"ISL","BB:3061","EAR_EMTM_SEX_CUR_NB","SEX_T","CUR_TYPE_LCU","2018",5368.235,,"T30:390","R1:3513_T2:85"
"ISL","BB:3061","EAR_EMTM_SEX_CUR_NB","SEX_T","CUR_TYPE_PPP","2018",4318.925,,"T30:390","R1:3513_T2:85"
"ISL","BB:3061","EAR_EMTM_SEX_CUR_NB","SEX_T","CUR_TYPE_USD","2018",6339.885,,"T30:390","R1:3513_T2:85"
"ISL","BB:3061","EAR_EMTM_SEX_CUR_NB","SEX_T","CUR_TYPE_LCU","2017",4612.771,,"T30:390","R1:3513_T2:85"
"ISL","BB:3061","EAR_EMTM_SEX_CUR_NB","SEX_T","CUR_TYPE_PPP","2017",3534.764,,"T30:390","R1:3513_T2:85"
"ISL","BB:3061","EAR_EMTM_SEX_CUR_NB","SEX_T","CUR_TYPE_USD","2017",5211.048,,"T30:390","R1:3513_T2:85"
"ISL","BB:3061","EAR_EMTM_SEX_CUR_NB","SEX_T","CUR_TYPE_LCU","2016",3673.314,,"T30:390","R1:3513_T2:85"
"ISL","BB:3061","EAR_EMTM_SEX_CUR_NB","SEX_T","CUR_TYPE_PPP","2016",3072.842,,"T30:390","R1:3513_T2:85"
"ISL","BB:3061","EAR_EMTM_SEX_CUR_NB","SEX_T","CUR_TYPE_USD","2016",4065.991,,"T30:390","R1:3513_T2:85"
"ISL","BB:3061","EAR_EMTM_SEX_CUR_NB","SEX_T","CUR_TYPE_LCU","2015",2915.884,,"T30:390","R1:3513_T2:85"
"ISL","BB:3061","EAR_EMTM_SEX_CUR_NB","SEX_T","CUR_TYPE_PPP","2015",2753.482,,"T30:390","R1:3513_T2:85"
"ISL","BB:3061","EAR_EMTM_SEX_CUR_NB","SEX_T","CUR_TYPE_USD","2015",3235.174,,"T30:390","R1:3513_T2:85"
"ISL","BB:3061","EAR_EMTM_SEX_CUR_NB","SEX_T","CUR_TYPE_LCU","2014",2956.677,,"T30:390","R1:3513_T2:85"
"ISL","BB:3061","EAR_EMTM_SEX_CUR_NB","SEX_T","CUR_TYPE_PPP","2014",3055.695,,"T30:390","R1:3513_T2:85"
"ISL","BB:3061","EAR_EMTM_SEX_CUR_NB","SEX_T","CUR_TYPE_USD","2014",3927.946,,"T30:390","R1:3513_T2:85"
"ISL","BB:3061","EAR_EMTM_SEX_CUR_NB","SEX_T","CUR_TYPE_LCU","2013",2421.867,,"T30:390","R1:3513_T2:85"
"ISL","BB:3061","EAR_EMTM_SEX_CUR_NB","SEX_T","CUR_TYPE_PPP","2013",2652.314,,"T30:390","R1:3513_T2:85"
"ISL","BB:3061","EAR_EMTM_SEX_CUR_NB","SEX_T","CUR_TYPE_USD","2013",3216.482,,"T30:390","R1:3513_T2:85"
"ISL","BB:3061","EAR_EMTM_SEX_CUR_NB","SEX_T","CUR_TYPE_LCU","2012",2558.32,,"T30:390","R1:3513_T2:85"
"ISL","BB:3061","EAR_EMTM_SEX_CUR_NB","SEX_T","CUR_TYPE_PPP","2012",2832.437,,"T30:390","R1:3513_T2:85"
"ISL","BB:3061","EAR_EMTM_SEX_CUR_NB","SEX_T","CUR_TYPE_USD","2012",3286.93,,"T30:390","R1:3513_T2:85"
"ISL","BB:3061","EAR_EMTM_SEX_CUR_NB","SEX_T","CUR_TYPE_LCU","2011",2433.309,,"T30:390","R1:3513_T2:85"
"ISL","BB:3061","EAR_EMTM_SEX_CUR_NB","SEX_T","CUR_TYPE_PPP","2011",2778.192,,"T30:390","R1:3513_T2:85"
"ISL","BB:3061","EAR_EMTM_SEX_CUR_NB","SEX_T","CUR_TYPE_USD","2011",3387.166,,"T30:390","R1:3513_T2:85"
"ISL","BB:3061","EAR_EMTM_SEX_CUR_NB","SEX_T","CUR_TYPE_LCU","2010",2298.174,,"T30:390","R1:3513_T2:85"
"ISL","BB:3061","EAR_EMTM_SEX_CUR_NB","SEX_T","CUR_TYPE_PPP","2010",2633.63,,"T30:390","R1:3513_T2:85"
"ISL","BB:3061","EAR_EMTM_SEX_CUR_NB","SEX_T","CUR_TYPE_USD","2010",3046.689,,"T30:390","R1:3513_T2:85"
"ISL","BB:3061","EAR_EMTM_SEX_CUR_NB","SEX_T","CUR_TYPE_LCU","2009",2758.079,,"T30:390","R1:3513_T2:85"
"ISL","BB:3061","EAR_EMTM_SEX_CUR_NB","SEX_T","CUR_TYPE_PPP","2009",3510.448,,"T30:390","R1:3513_T2:85"
"ISL","BB:3061","EAR_EMTM_SEX_CUR_NB","SEX_T","CUR_TYPE_USD","2009",3846.968,,"T30:390","R1:3513_T2:85"
"ISL","BB:3061","EAR_EMTM_SEX_CUR_NB","SEX_T","CUR_TYPE_LCU","2008",4047.088,,"T30:390","R1:3513_T2:85"
"ISL","BB:3061","EAR_EMTM_SEX_CUR_NB","SEX_T","CUR_TYPE_PPP","2008",4393.073,,"T30:390","R1:3513_T2:85"
"ISL","BB:3061","EAR_EMTM_SEX_CUR_NB","SEX_T","CUR_TYPE_USD","2008",5952.457,,"T30:390","R1:3513_T2:85"
"ISL","BB:3061","EAR_EMTM_SEX_CUR_NB","SEX_T","CUR_TYPE_LCU","2007",3698.555,,"T30:390","R1:3513_T2:85"
"ISL","BB:3061","EAR_EMTM_SEX_CUR_NB","SEX_T","CUR_TYPE_PPP","2007",3020.955,,"T30:390","R1:3513_T2:85"
"ISL","BB:3061","EAR_EMTM_SEX_CUR_NB","SEX_T","CUR_TYPE_USD","2007",5068.87,,"T30:390","R1:3513_T2:85"
"ISL","BB:3061","EAR_EMTM_SEX_CUR_NB","SEX_T","CUR_TYPE_LCU","2006",3299.891,,"T30:390","R1:3513_T2:85"
"ISL","BB:3061","EAR_EMTM_SEX_CUR_NB","SEX_T","CUR_TYPE_PPP","2006",2782.527,,"T30:390","R1:3513_T2:85"
"ISL","BB:3061","EAR_EMTM_SEX_CUR_NB","SEX_T","CUR_TYPE_USD","2006",4143.344,,"T30:390","R1:3513_T2:85"
"ISL","BB:3061","EAR_EMTM_SEX_CUR_NB","SEX_T","CUR_TYPE_LCU","2005",2516.949,,"T30:390","R1:3513_T2:85"
"ISL","BB:3061","EAR_EMTM_SEX_CUR_NB","SEX_T","CUR_TYPE_PPP","2005",1946.033,,"T30:390","R1:3513_T2:85"
"ISL","BB:3061","EAR_EMTM_SEX_CUR_NB","SEX_T","CUR_TYPE_USD","2005",3131.336,,"T30:390","R1:3513_T2:85"
"ISL","BB:3061","EAR_EMTM_SEX_CUR_NB","SEX_T","CUR_TYPE_LCU","2004",2374.512,,"T30:390","R1:3513_T2:85"
"ISL","BB:3061","EAR_EMTM_SEX_CUR_NB","SEX_T","CUR_TYPE_PPP","2004",2045.786,,"T30:390","R1:3513_T2:85"
"ISL","BB:3061","EAR_EMTM_SEX_CUR_NB","SEX_T","CUR_TYPE_USD","2004",2953.655,,"T30:390","R1:3513_T2:85"
"ITA","BB:3069","EAR_EMTM_SEX_CUR_NB","SEX_T","CUR_TYPE_LCU","2025",3123.367,,"T30:184","R1:3513_T2:85"
"ITA","BB:3069","EAR_EMTM_SEX_CUR_NB","SEX_T","CUR_TYPE_PPP","2025",4843.75,,"T30:184","R1:3513_T2:85"
"ITA","BB:3069","EAR_EMTM_SEX_CUR_NB","SEX_T","CUR_TYPE_USD","2025",3529.404,,"T30:184","R1:3513_T2:85"
"ITA","BB:3069","EAR_EMTM_SEX_CUR_NB","SEX_T","CUR_TYPE_LCU","2024",2932.388,,"T30:184","R1:3513_T2:85"
"ITA","BB:3069","EAR_EMTM_SEX_CUR_NB","SEX_T","CUR_TYPE_PPP","2024",4690.642,,"T30:184","R1:3513_T2:85"
"ITA","BB:3069","EAR_EMTM_SEX_CUR_NB","SEX_T","CUR_TYPE_USD","2024",3174.017,,"T30:184","R1:3513_T2:85"
"ITA","BB:3069","EAR_EMTM_SEX_CUR_NB","SEX_T","CUR_TYPE_LCU","2023",2812.913,,"T30:184","R1:3513_T2:85"
"ITA","BB:3069","EAR_EMTM_SEX_CUR_NB","SEX_T","CUR_TYPE_PPP","2023",4454.012,,"T30:184","R1:3513_T2:85"
"ITA","BB:3069","EAR_EMTM_SEX_CUR_NB","SEX_T","CUR_TYPE_USD","2023",3041.603,,"T30:184","R1:3513_T2:85"
"ITA","BB:3069","EAR_EMTM_SEX_CUR_NB","SEX_T","CUR_TYPE_LCU","2022",2735.897,,"T30:184","R1:3513_T2:85"
"ITA","BB:3069","EAR_EMTM_SEX_CUR_NB","SEX_T","CUR_TYPE_PPP","2022",4142.807,,"T30:184","R1:3513_T2:85"
"ITA","BB:3069","EAR_EMTM_SEX_CUR_NB","SEX_T","CUR_TYPE_USD","2022",2880.9,,"T30:184","R1:3513_T2:85"
"ITA","BB:3069","EAR_EMTM_SEX_CUR_NB","SEX_T","CUR_TYPE_LCU","2021",2692.045,,"T30:184","R1:3513_T2:85"
"ITA","BB:3069","EAR_EMTM_SEX_CUR_NB","SEX_T","CUR_TYPE_PPP","2021",3846.218,,"T30:184","R1:3513_T2:85"
"ITA","BB:3069","EAR_EMTM_SEX_CUR_NB","SEX_T","CUR_TYPE_USD","2021",3183.882,,"T30:184","R1:3513_T2:85"
"ITA","BA:325","EAR_EMTM_SEX_CUR_NB","SEX_T","CUR_TYPE_LCU","2020",1340,,"T30:184","R1:3513"
"ITA","BA:325","EAR_EMTM_SEX_CUR_NB","SEX_T","CUR_TYPE_PPP","2020",1877.245,,"T30:184","R1:3513"
"ITA","BA:325","EAR_EMTM_SEX_CUR_NB","SEX_T","CUR_TYPE_USD","2020",1530.548,,"T30:184","R1:3513"
"ITA","BA:325","EAR_EMTM_SEX_CUR_NB","SEX_T","CUR_TYPE_LCU","2019",1310,,"T30:184","R1:3513"
"ITA","BA:325","EAR_EMTM_SEX_CUR_NB","SEX_T","CUR_TYPE_PPP","2019",1811.008,,"T30:184","R1:3513"
"ITA","BA:325","EAR_EMTM_SEX_CUR_NB","SEX_T","CUR_TYPE_USD","2019",1466.545,,"T30:184","R1:3513"
"ITA","BA:325","EAR_EMTM_SEX_CUR_NB","SEX_T","CUR_TYPE_LCU","2018",1300,,"T30:184","R1:3513"
"ITA","BA:325","EAR_EMTM_SEX_CUR_NB","SEX_T","CUR_TYPE_PPP","2018",1705.399,,"T30:184","R1:3513"
"ITA","BA:325","EAR_EMTM_SEX_CUR_NB","SEX_T","CUR_TYPE_USD","2018",1535.3,,"T30:184","R1:3513"
"ITA","BA:325","EAR_EMTM_SEX_CUR_NB","SEX_T","CUR_TYPE_LCU","2017",1300,,"T30:184","R1:3513"
"ITA","BA:325","EAR_EMTM_SEX_CUR_NB","SEX_T","CUR_TYPE_PPP","2017",1671.705,,"T30:184","R1:3513"
"ITA","BA:325","EAR_EMTM_SEX_CUR_NB","SEX_T","CUR_TYPE_USD","2017",1468.61,,"T30:184","R1:3513"
"ITA","BA:325","EAR_EMTM_SEX_CUR_NB","SEX_T","CUR_TYPE_LCU","2016",1300,,"T30:184","R1:3513"
"ITA","BA:325","EAR_EMTM_SEX_CUR_NB","SEX_T","CUR_TYPE_PPP","2016",1653.406,,"T30:184","R1:3513"
"ITA","BA:325","EAR_EMTM_SEX_CUR_NB","SEX_T","CUR_TYPE_USD","2016",1438.97,,"T30:184","R1:3513"
"ITA","BA:325","EAR_EMTM_SEX_CUR_NB","SEX_T","CUR_TYPE_LCU","2015",1300,,"T30:184","R1:3513"
"ITA","BA:325","EAR_EMTM_SEX_CUR_NB","SEX_T","CUR_TYPE_PPP","2015",1568.961,,"T30:184","R1:3513"
"ITA","BA:325","EAR_EMTM_SEX_CUR_NB","SEX_T","CUR_TYPE_USD","2015",1442.35,,"T30:184","R1:3513"
"ITA","BA:325","EAR_EMTM_SEX_CUR_NB","SEX_T","CUR_TYPE_LCU","2014",1250,,"T30:184","R1:3513"
"ITA","BA:325","EAR_EMTM_SEX_CUR_NB","SEX_T","CUR_TYPE_PPP","2014",1514.509,,"T30:184","R1:3513"
"ITA","BA:325","EAR_EMTM_SEX_CUR_NB","SEX_T","CUR_TYPE_USD","2014",1660.625,,"T30:184","R1:3513"
"ITA","BA:325","EAR_EMTM_SEX_CUR_NB","SEX_T","CUR_TYPE_LCU","2013",1200,,"T30:184","R1:3513"
"ITA","BA:325","EAR_EMTM_SEX_CUR_NB","SEX_T","CUR_TYPE_PPP","2013",1464.202,,"T30:184","R1:3513"
"ITA","BA:325","EAR_EMTM_SEX_CUR_NB","SEX_T","CUR_TYPE_USD","2013",1593.72,,"T30:184","R1:3513"
"ITA","BA:325","EAR_EMTM_SEX_CUR_NB","SEX_T","CUR_TYPE_LCU","2012",1200,,"T30:184","R1:3513"
"ITA","BA:325","EAR_EMTM_SEX_CUR_NB","SEX_T","CUR_TYPE_PPP","2012",1447.258,,"T30:184","R1:3513"
"ITA","BA:325","EAR_EMTM_SEX_CUR_NB","SEX_T","CUR_TYPE_USD","2012",1541.76,,"T30:184","R1:3513"
"ITA","BA:325","EAR_EMTM_SEX_CUR_NB","SEX_T","CUR_TYPE_LCU","2011",1200,,"T30:184","R1:3513"
"ITA","BA:325","EAR_EMTM_SEX_CUR_NB","SEX_T","CUR_TYPE_PPP","2011",1464.3,,"T30:184","R1:3513"
"ITA","BA:325","EAR_EMTM_SEX_CUR_NB","SEX_T","CUR_TYPE_USD","2011",1670.4,,"T30:184","R1:3513"
"ITA","BA:325","EAR_EMTM_SEX_CUR_NB","SEX_T","CUR_TYPE_LCU","2010",1200,,"T30:184","R1:3513"
"ITA","BA:325","EAR_EMTM_SEX_CUR_NB","SEX_T","CUR_TYPE_PPP","2010",1464.974,,"T30:184","R1:3513"
"ITA","BA:325","EAR_EMTM_SEX_CUR_NB","SEX_T","CUR_TYPE_USD","2010",1590.84,,"T30:184","R1:3513"
"ITA","BA:325","EAR_EMTM_SEX_CUR_NB","SEX_T","CUR_TYPE_LCU","2009",1200,,"T30:184","R1:3513"
"ITA","BA:325","EAR_EMTM_SEX_CUR_NB","SEX_T","CUR_TYPE_PPP","2009",1437.233,,"T30:184","R1:3513"
"ITA","BA:325","EAR_EMTM_SEX_CUR_NB","SEX_T","CUR_TYPE_USD","2009",1673.76,,"T30:184","R1:3513"
"ITA","BA:325","EAR_EMTM_SEX_CUR_NB","SEX_T","CUR_TYPE_LCU","2008",1180,"B","T30:184_I11:264","R1:3513"
"ITA","BA:325","EAR_EMTM_SEX_CUR_NB","SEX_T","CUR_TYPE_PPP","2008",1393.093,"B","T30:184_I11:264","R1:3513"
"ITA","BA:325","EAR_EMTM_SEX_CUR_NB","SEX_T","CUR_TYPE_USD","2008",1735.544,"B","T30:184_I11:264","R1:3513"
"ITA","BB:3069","EAR_EMTM_SEX_CUR_NB","SEX_T","CUR_TYPE_LCU","2007",2405.353,,"T30:184","R1:3513_T2:85"
"ITA","BB:3069","EAR_EMTM_SEX_CUR_NB","SEX_T","CUR_TYPE_PPP","2007",2745.702,,"T30:184","R1:3513_T2:85"
"ITA","BB:3069","EAR_EMTM_SEX_CUR_NB","SEX_T","CUR_TYPE_USD","2007",3296.537,,"T30:184","R1:3513_T2:85"
"JAM","BA:65","EAR_EMTM_SEX_CUR_NB","SEX_T","CUR_TYPE_LCU","2014",17329,,"T30:88","R1:3513"
"JAM","BA:65","EAR_EMTM_SEX_CUR_NB","SEX_T","CUR_TYPE_PPP","2014",247.917,,"T30:88","R1:3513"
"JAM","BA:65","EAR_EMTM_SEX_CUR_NB","SEX_T","CUR_TYPE_USD","2014",156.209,,"T30:88","R1:3513"
"JAM","BA:65","EAR_EMTM_SEX_CUR_NB","SEX_T","CUR_TYPE_LCU","2013",17329,,"T30:88","R1:3513"
"JAM","BA:65","EAR_EMTM_SEX_CUR_NB","SEX_T","CUR_TYPE_PPP","2013",261.93,,"T30:88","R1:3513"
"JAM","BA:65","EAR_EMTM_SEX_CUR_NB","SEX_T","CUR_TYPE_USD","2013",172.603,,"T30:88","R1:3513"
"JAM","BA:65","EAR_EMTM_SEX_CUR_NB","SEX_T","CUR_TYPE_LCU","2012",17329,,"T30:88","R1:3513"
"JAM","BA:65","EAR_EMTM_SEX_CUR_NB","SEX_T","CUR_TYPE_PPP","2012",281.419,,"T30:88","R1:3513"
"JAM","BA:65","EAR_EMTM_SEX_CUR_NB","SEX_T","CUR_TYPE_USD","2012",195.257,,"T30:88","R1:3513"
"JAM","BA:65","EAR_EMTM_SEX_CUR_NB","SEX_T","CUR_TYPE_LCU","2011",17333.334,,"T30:88","R1:3513"
"JAM","BA:65","EAR_EMTM_SEX_CUR_NB","SEX_T","CUR_TYPE_PPP","2011",275.673,,"T30:88","R1:3513"
"JAM","BA:65","EAR_EMTM_SEX_CUR_NB","SEX_T","CUR_TYPE_USD","2011",201.8,,"T30:88","R1:3513"
"JAM","BA:65","EAR_EMTM_SEX_CUR_NB","SEX_T","CUR_TYPE_LCU","2010",17333.334,,"T30:88","R1:3513"
"JAM","BA:65","EAR_EMTM_SEX_CUR_NB","SEX_T","CUR_TYPE_PPP","2010",287.429,,"T30:88","R1:3513"
"JAM","BA:65","EAR_EMTM_SEX_CUR_NB","SEX_T","CUR_TYPE_USD","2010",198.786,,"T30:88","R1:3513"
"JAM","BA:65","EAR_EMTM_SEX_CUR_NB","SEX_T","CUR_TYPE_LCU","2009",17329,,"T30:88","R1:3513"
"JAM","BA:65","EAR_EMTM_SEX_CUR_NB","SEX_T","CUR_TYPE_PPP","2009",318.372,,"T30:88","R1:3513"
"JAM","BA:65","EAR_EMTM_SEX_CUR_NB","SEX_T","CUR_TYPE_USD","2009",197.158,,"T30:88","R1:3513"
"JAM","BA:65","EAR_EMTM_SEX_CUR_NB","SEX_T","CUR_TYPE_LCU","2008",17333.334,,"T30:88","R1:3513"
"JAM","BA:65","EAR_EMTM_SEX_CUR_NB","SEX_T","CUR_TYPE_PPP","2008",350.244,,"T30:88","R1:3513"
"JAM","BA:65","EAR_EMTM_SEX_CUR_NB","SEX_T","CUR_TYPE_USD","2008",238.239,,"T30:88","R1:3513"
"JOR","BA:682","EAR_EMTM_SEX_CUR_NB","SEX_T","CUR_TYPE_LCU","2024",300,,"T30:127","R1:3513"
"JOR","BA:682","EAR_EMTM_SEX_CUR_NB","SEX_T","CUR_TYPE_PPP","2024",933.99,,"T30:127","R1:3513"
"JOR","BA:682","EAR_EMTM_SEX_CUR_NB","SEX_T","CUR_TYPE_USD","2024",422.535,,"T30:127","R1:3513"
"JOR","BA:682","EAR_EMTM_SEX_CUR_NB","SEX_T","CUR_TYPE_LCU","2023",300,,"T30:127","R1:3513"
"JOR","BA:682","EAR_EMTM_SEX_CUR_NB","SEX_T","CUR_TYPE_PPP","2023",921.353,,"T30:127","R1:3513"
"JOR","BA:682","EAR_EMTM_SEX_CUR_NB","SEX_T","CUR_TYPE_USD","2023",422.535,,"T30:127","R1:3513"
"JOR","BA:682","EAR_EMTM_SEX_CUR_NB","SEX_T","CUR_TYPE_LCU","2022",300,,"T30:127","R1:3513"
"JOR","BA:682","EAR_EMTM_SEX_CUR_NB","SEX_T","CUR_TYPE_PPP","2022",903.376,,"T30:127","R1:3513"
"JOR","BA:682","EAR_EMTM_SEX_CUR_NB","SEX_T","CUR_TYPE_USD","2022",422.535,,"T30:127","R1:3513"
"JOR","BA:682","EAR_EMTM_SEX_CUR_NB","SEX_T","CUR_TYPE_LCU","2021",300,,"T30:127","R1:3513"
"JOR","BA:682","EAR_EMTM_SEX_CUR_NB","SEX_T","CUR_TYPE_PPP","2021",871.812,,"T30:127","R1:3513"
"JOR","BA:682","EAR_EMTM_SEX_CUR_NB","SEX_T","CUR_TYPE_USD","2021",422.535,,"T30:127","R1:3513"
"JOR","BA:682","EAR_EMTM_SEX_CUR_NB","SEX_T","CUR_TYPE_LCU","2020",300,,"T30:127","R1:3513"
"JOR","BA:682","EAR_EMTM_SEX_CUR_NB","SEX_T","CUR_TYPE_PPP","2020",882.238,,"T30:127","R1:3513"
"JOR","BA:682","EAR_EMTM_SEX_CUR_NB","SEX_T","CUR_TYPE_USD","2020",422.535,,"T30:127","R1:3513"
"JOR","BA:682","EAR_EMTM_SEX_CUR_NB","SEX_T","CUR_TYPE_LCU","2019",300,,"T30:127","R1:3513"
"JOR","BA:682","EAR_EMTM_SEX_CUR_NB","SEX_T","CUR_TYPE_PPP","2019",877.513,,"T30:127","R1:3513"
"JOR","BA:682","EAR_EMTM_SEX_CUR_NB","SEX_T","CUR_TYPE_USD","2019",422.535,,"T30:127","R1:3513"
"JOR","BA:682","EAR_EMTM_SEX_CUR_NB","SEX_T","CUR_TYPE_LCU","2018",300,,"T30:127","R1:3513"
"JOR","BA:682","EAR_EMTM_SEX_CUR_NB","SEX_T","CUR_TYPE_PPP","2018",870.253,,"T30:127","R1:3513"
"JOR","BA:682","EAR_EMTM_SEX_CUR_NB","SEX_T","CUR_TYPE_USD","2018",422.535,,"T30:127","R1:3513"
"JOR","BA:682","EAR_EMTM_SEX_CUR_NB","SEX_T","CUR_TYPE_LCU","2017",320,"B","T30:127_I11:264","R1:3513"
"JOR","BA:682","EAR_EMTM_SEX_CUR_NB","SEX_T","CUR_TYPE_PPP","2017",949.381,"B","T30:127_I11:264","R1:3513"
"JOR","BA:682","EAR_EMTM_SEX_CUR_NB","SEX_T","CUR_TYPE_USD","2017",450.704,"B","T30:127_I11:264","R1:3513"
"KEN","BX:3465","EAR_EMTM_SEX_CUR_NB","SEX_T","CUR_TYPE_LCU","2019",6000,,"T30:24","R1:3513"
"KEN","BX:3465","EAR_EMTM_SEX_CUR_NB","SEX_T","CUR_TYPE_PPP","2019",138.69,,"T30:24","R1:3513"
"KEN","BX:3465","EAR_EMTM_SEX_CUR_NB","SEX_T","CUR_TYPE_USD","2019",58.828,,"T30:24","R1:3513"
"KEN","BB:7021","EAR_EMTM_SEX_CUR_NB","SEX_T","CUR_TYPE_LCU","2016",8000,,"T30:24","R1:3513"
"KEN","BB:7021","EAR_EMTM_SEX_CUR_NB","SEX_T","CUR_TYPE_PPP","2016",192.529,,"T30:24","R1:3513"
"KEN","BB:7021","EAR_EMTM_SEX_CUR_NB","SEX_T","CUR_TYPE_USD","2016",78.814,,"T30:24","R1:3513"
"KEN","BB:7021","EAR_EMTM_SEX_CUR_NB","SEX_T","CUR_TYPE_LCU","2005",4000,"B","T30:24_I11:264","R1:3513"
"KEN","BB:7021","EAR_EMTM_SEX_CUR_NB","SEX_T","CUR_TYPE_PPP","2005",200.196,"B","T30:24_I11:264","R1:3513"
"KEN","BB:7021","EAR_EMTM_SEX_CUR_NB","SEX_T","CUR_TYPE_USD","2005",52.942,"B","T30:24_I11:264","R1:3513"
"KHM","BA:1321","EAR_EMTM_SEX_CUR_NB","SEX_T","CUR_TYPE_LCU","2025",1040000,,"T30:117","R1:3513"
"KHM","BA:1321","EAR_EMTM_SEX_CUR_NB","SEX_T","CUR_TYPE_PPP","2025",706.137,,"T30:117","R1:3513"
"KHM","BA:1321","EAR_EMTM_SEX_CUR_NB","SEX_T","CUR_TYPE_USD","2025",259.13,,"T30:117","R1:3513"
"KHM","BB:3064","EAR_EMTM_SEX_CUR_NB","SEX_T","CUR_TYPE_LCU","2023",1000000,,"T30:117","R1:3513"
"KHM","BB:3064","EAR_EMTM_SEX_CUR_NB","SEX_T","CUR_TYPE_PPP","2023",662.609,,"T30:117","R1:3513"
"KHM","BB:3064","EAR_EMTM_SEX_CUR_NB","SEX_T","CUR_TYPE_USD","2023",243.27,,"T30:117","R1:3513"
"KHM","BB:3064","EAR_EMTM_SEX_CUR_NB","SEX_T","CUR_TYPE_LCU","2021",1000000,,"T30:117","R1:3513"
"KHM","BB:3064","EAR_EMTM_SEX_CUR_NB","SEX_T","CUR_TYPE_PPP","2021",633.949,,"T30:117","R1:3513"
"KHM","BB:3064","EAR_EMTM_SEX_CUR_NB","SEX_T","CUR_TYPE_USD","2021",243.978,,"T30:117","R1:3513"
"KHM","BB:3064","EAR_EMTM_SEX_CUR_NB","SEX_T","CUR_TYPE_LCU","2020",1000000,,"T30:117","R1:3513"
"KHM","BB:3064","EAR_EMTM_SEX_CUR_NB","SEX_T","CUR_TYPE_PPP","2020",632.873,,"T30:117","R1:3513"
"KHM","BB:3064","EAR_EMTM_SEX_CUR_NB","SEX_T","CUR_TYPE_USD","2020",244.333,,"T30:117","R1:3513"
"KHM","BA:1321","EAR_EMTM_SEX_CUR_NB","SEX_T","CUR_TYPE_LCU","2019",910000,"B","T30:117_I11:264","R1:3513"
"KHM","BA:1321","EAR_EMTM_SEX_CUR_NB","SEX_T","CUR_TYPE_PPP","2019",577.829,"B","T30:117_I11:264","R1:3513"
"KHM","BA:1321","EAR_EMTM_SEX_CUR_NB","SEX_T","CUR_TYPE_USD","2019",224.074,"B","T30:117_I11:264","R1:3513"
"KHM","BB:3064","EAR_EMTM_SEX_CUR_NB","SEX_T","CUR_TYPE_LCU","2016",680000,,"T30:117","R1:3513"
"KHM","BB:3064","EAR_EMTM_SEX_CUR_NB","SEX_T","CUR_TYPE_PPP","2016",444.05,,"T30:117","R1:3513"
"KHM","BB:3064","EAR_EMTM_SEX_CUR_NB","SEX_T","CUR_TYPE_USD","2016",167.542,,"T30:117","R1:3513"
"KHM","BB:3064","EAR_EMTM_SEX_CUR_NB","SEX_T","CUR_TYPE_LCU","2015",600000,,"T30:117","R1:3513"
"KHM","BB:3064","EAR_EMTM_SEX_CUR_NB","SEX_T","CUR_TYPE_PPP","2015",394.357,,"T30:117","R1:3513"
"KHM","BB:3064","EAR_EMTM_SEX_CUR_NB","SEX_T","CUR_TYPE_USD","2015",147.502,,"T30:117","R1:3513"
"KHM","BB:3064","EAR_EMTM_SEX_CUR_NB","SEX_T","CUR_TYPE_LCU","2014",520000,,"T30:117","R1:3513"
"KHM","BB:3064","EAR_EMTM_SEX_CUR_NB","SEX_T","CUR_TYPE_PPP","2014",342,,"T30:117","R1:3513"
"KHM","BB:3064","EAR_EMTM_SEX_CUR_NB","SEX_T","CUR_TYPE_USD","2014",128.793,,"T30:117","R1:3513"
"KHM","BB:3064","EAR_EMTM_SEX_CUR_NB","SEX_T","CUR_TYPE_LCU","2013",400000,,"T30:117","R1:3513"
"KHM","BB:3064","EAR_EMTM_SEX_CUR_NB","SEX_T","CUR_TYPE_PPP","2013",269.175,,"T30:117","R1:3513"
"KHM","BB:3064","EAR_EMTM_SEX_CUR_NB","SEX_T","CUR_TYPE_USD","2013",99.323,,"T30:117","R1:3513"
"KHM","BA:1321","EAR_EMTM_SEX_CUR_NB","SEX_T","CUR_TYPE_LCU","2012",400000,"B","T30:117_I11:264","R1:3513"
"KHM","BA:1321","EAR_EMTM_SEX_CUR_NB","SEX_T","CUR_TYPE_PPP","2012",277.806,"B","T30:117_I11:264","R1:3513"
"KHM","BA:1321","EAR_EMTM_SEX_CUR_NB","SEX_T","CUR_TYPE_USD","2012",99.182,"B","T30:117_I11:264","R1:3513"
"KHM","BB:3064","EAR_EMTM_SEX_CUR_NB","SEX_T","CUR_TYPE_LCU","2011",340000,,"T30:117","R1:3513"
"KHM","BB:3064","EAR_EMTM_SEX_CUR_NB","SEX_T","CUR_TYPE_PPP","2011",227.691,,"T30:117","R1:3513"
"KHM","BB:3064","EAR_EMTM_SEX_CUR_NB","SEX_T","CUR_TYPE_USD","2011",83.775,,"T30:117","R1:3513"
"KHM","BB:3064","EAR_EMTM_SEX_CUR_NB","SEX_T","CUR_TYPE_LCU","2010",300000,,"T30:117","R1:3513"
"KHM","BB:3064","EAR_EMTM_SEX_CUR_NB","SEX_T","CUR_TYPE_PPP","2010",205.425,,"T30:117","R1:3513"
"KHM","BB:3064","EAR_EMTM_SEX_CUR_NB","SEX_T","CUR_TYPE_USD","2010",71.686,,"T30:117","R1:3513"
"KHM","BB:3064","EAR_EMTM_SEX_CUR_NB","SEX_T","CUR_TYPE_LCU","2009",270000,,"T30:117","R1:3513"
"KHM","BB:3064","EAR_EMTM_SEX_CUR_NB","SEX_T","CUR_TYPE_PPP","2009",189.169,,"T30:117","R1:3513"
"KHM","BB:3064","EAR_EMTM_SEX_CUR_NB","SEX_T","CUR_TYPE_USD","2009",65.228,,"T30:117","R1:3513"
"KHM","BB:3064","EAR_EMTM_SEX_CUR_NB","SEX_T","CUR_TYPE_LCU","2008",250000,,"T30:117","R1:3513"
"KHM","BB:3064","EAR_EMTM_SEX_CUR_NB","SEX_T","CUR_TYPE_PPP","2008",173.598,,"T30:117","R1:3513"
"KHM","BB:3064","EAR_EMTM_SEX_CUR_NB","SEX_T","CUR_TYPE_USD","2008",61.665,,"T30:117","R1:3513"
"KHM","BB:3064","EAR_EMTM_SEX_CUR_NB","SEX_T","CUR_TYPE_LCU","2007",200000,"B","T30:117_I11:264","R1:3513"
"KHM","BB:3064","EAR_EMTM_SEX_CUR_NB","SEX_T","CUR_TYPE_PPP","2007",165.972,"B","T30:117_I11:264","R1:3513"
"KHM","BB:3064","EAR_EMTM_SEX_CUR_NB","SEX_T","CUR_TYPE_USD","2007",49.308,"B","T30:117_I11:264","R1:3513"
"KHM","BB:3064","EAR_EMTM_SEX_CUR_NB","SEX_T","CUR_TYPE_LCU","2003",140000,,"T30:117","R1:3513"
"KHM","BB:3064","EAR_EMTM_SEX_CUR_NB","SEX_T","CUR_TYPE_PPP","2003",131.869,,"T30:117","R1:3513"
"KHM","BB:3064","EAR_EMTM_SEX_CUR_NB","SEX_T","CUR_TYPE_USD","2003",35.235,,"T30:117","R1:3513"
"KHM","BA:1321","EAR_EMTM_SEX_CUR_NB","SEX_T","CUR_TYPE_LCU","2001",124999.5,,"T30:117","R1:3513"
"KHM","BA:1321","EAR_EMTM_SEX_CUR_NB","SEX_T","CUR_TYPE_PPP","2001",114.638,,"T30:117","R1:3513"
"KHM","BA:1321","EAR_EMTM_SEX_CUR_NB","SEX_T","CUR_TYPE_USD","2001",31.918,,"T30:117","R1:3513"
"KHM","BA:1321","EAR_EMTM_SEX_CUR_NB","SEX_T","CUR_TYPE_LCU","2000",124999.5,"B","T30:117_I11:264","R1:3513"
"KHM","BA:1321","EAR_EMTM_SEX_CUR_NB","SEX_T","CUR_TYPE_PPP","2000",110.818,"B","T30:117_I11:264","R1:3513"
"KHM","BA:1321","EAR_EMTM_SEX_CUR_NB","SEX_T","CUR_TYPE_USD","2000",32.546,"B","T30:117_I11:264","R1:3513"
"KIR","BB:15723","EAR_EMTM_SEX_CUR_NB","SEX_T","CUR_TYPE_LCU","2023",430,,"T30:217","R1:3513"
"KIR","BB:15723","EAR_EMTM_SEX_CUR_NB","SEX_T","CUR_TYPE_PPP","2023",457.965,,"T30:217","R1:3513"
"KIR","BB:15723","EAR_EMTM_SEX_CUR_NB","SEX_T","CUR_TYPE_USD","2023",285.678,,"T30:217","R1:3513"
"KIR","BB:15723","EAR_EMTM_SEX_CUR_NB","SEX_T","CUR_TYPE_LCU","2019",353.567,,"T30:217","R1:3513"
"KIR","BB:15723","EAR_EMTM_SEX_CUR_NB","SEX_T","CUR_TYPE_PPP","2019",380.687,,"T30:217","R1:3513"
"KIR","BB:15723","EAR_EMTM_SEX_CUR_NB","SEX_T","CUR_TYPE_USD","2019",245.787,,"T30:217","R1:3513"
"KOS","BB:16127","EAR_EMTM_SEX_CUR_NB","SEX_T","CUR_TYPE_LCU","2000",300,,"T30:186","R1:3513"
"KOS","BB:16127","EAR_EMTM_SEX_CUR_NB","SEX_T","CUR_TYPE_USD","2000",277.08,,"T30:186","R1:3513"
"LAO","BA:6651","EAR_EMTM_SEX_CUR_NB","SEX_T","CUR_TYPE_LCU","2022",2000000,"B","T30:133_I11:264","R1:3513"
"LAO","BA:6651","EAR_EMTM_SEX_CUR_NB","SEX_T","CUR_TYPE_PPP","2022",538.844,"B","T30:133_I11:264","R1:3513"
"LAO","BA:6651","EAR_EMTM_SEX_CUR_NB","SEX_T","CUR_TYPE_USD","2022",142.499,"B","T30:133_I11:264","R1:3513"
"LAO","BA:6651","EAR_EMTM_SEX_CUR_NB","SEX_T","CUR_TYPE_LCU","2017",1800000,"B","T30:133_I11:264","R1:3513"
"LAO","BA:6651","EAR_EMTM_SEX_CUR_NB","SEX_T","CUR_TYPE_PPP","2017",564.843,"B","T30:133_I11:264","R1:3513"
"LAO","BA:6651","EAR_EMTM_SEX_CUR_NB","SEX_T","CUR_TYPE_USD","2017",218.318,"B","T30:133_I11:264","R1:3513"
"LAO","BA:6651","EAR_EMTM_SEX_CUR_NB","SEX_T","CUR_TYPE_LCU","2010",760416.688,"B","T30:133_I11:264","R1:3513"
"LAO","BA:6651","EAR_EMTM_SEX_CUR_NB","SEX_T","CUR_TYPE_PPP","2010",253.816,"B","T30:133_I11:264","R1:3513"
"LAO","BA:6651","EAR_EMTM_SEX_CUR_NB","SEX_T","CUR_TYPE_USD","2010",92.125,"B","T30:133_I11:264","R1:3513"
"LBN","BA:14074","EAR_EMTM_SEX_CUR_NB","SEX_T","CUR_TYPE_LCU","2019",1000000,"B","T30:134_I11:264","R1:3513"
"LBN","BA:14074","EAR_EMTM_SEX_CUR_NB","SEX_T","CUR_TYPE_PPP","2019",1336.313,"B","T30:134_I11:264","R1:3513"
"LBN","BA:14074","EAR_EMTM_SEX_CUR_NB","SEX_T","CUR_TYPE_USD","2019",663.35,"B","T30:134_I11:264","R1:3513"
"LBR","BA:16","EAR_EMTM_SEX_CUR_NB","SEX_T","CUR_TYPE_LCU","2017",125,"B","T30:384_I11:264","R1:3513"
"LBR","BA:16","EAR_EMTM_SEX_CUR_NB","SEX_T","CUR_TYPE_PPP","2017",310.079,"B","T30:384_I11:264","R1:3513"
"LBR","BA:16","EAR_EMTM_SEX_CUR_NB","SEX_T","CUR_TYPE_USD","2017",125,"B","T30:384_I11:264","R1:3513"
"LBR","BB:7322","EAR_EMTM_SEX_CUR_NB","SEX_T","CUR_TYPE_LCU","2016",152.059,,"T30:384","R1:3513"
"LBR","BB:7322","EAR_EMTM_SEX_CUR_NB","SEX_T","CUR_TYPE_PPP","2016",329.014,,"T30:384","R1:3513"
"LBR","BB:7322","EAR_EMTM_SEX_CUR_NB","SEX_T","CUR_TYPE_USD","2016",152.059,,"T30:384","R1:3513"
"LBR","BB:7322","EAR_EMTM_SEX_CUR_NB","SEX_T","CUR_TYPE_LCU","2014",150,"B","T30:384_I11:264","R1:3513"
"LBR","BB:7322","EAR_EMTM_SEX_CUR_NB","SEX_T","CUR_TYPE_PPP","2014",294.867,"B","T30:384_I11:264","R1:3513"
"LBR","BB:7322","EAR_EMTM_SEX_CUR_NB","SEX_T","CUR_TYPE_USD","2014",150,"B","T30:384_I11:264","R1:3513"
"LBR","BA:16","EAR_EMTM_SEX_CUR_NB","SEX_T","CUR_TYPE_LCU","2010",90.004,"B","T30:384_I11:264","R1:3513"
"LBR","BA:16","EAR_EMTM_SEX_CUR_NB","SEX_T","CUR_TYPE_PPP","2010",158.229,"B","T30:384_I11:264","R1:3513"
"LBR","BA:16","EAR_EMTM_SEX_CUR_NB","SEX_T","CUR_TYPE_USD","2010",90.004,"B","T30:384_I11:264","R1:3513"
"LCA","BB:16927","EAR_EMTM_SEX_CUR_NB","SEX_T","CUR_TYPE_LCU","2016",1509.613,,"T30:99","R1:3513"
"LCA","BB:16927","EAR_EMTM_SEX_CUR_NB","SEX_T","CUR_TYPE_PPP","2016",760.429,,"T30:99","R1:3513"
"LCA","BB:16927","EAR_EMTM_SEX_CUR_NB","SEX_T","CUR_TYPE_USD","2016",559.116,,"T30:99","R1:3513"
"LKA","BA:1359","EAR_EMTM_SEX_CUR_NB","SEX_T","CUR_TYPE_LCU","2024",41152.081,,"T30:147","R1:3513"
"LKA","BA:1359","EAR_EMTM_SEX_CUR_NB","SEX_T","CUR_TYPE_PPP","2024",470.367,,"T30:147","R1:3513"
"LKA","BA:1359","EAR_EMTM_SEX_CUR_NB","SEX_T","CUR_TYPE_LCU","2023",40000,,"T30:147","R1:3513"
"LKA","BA:1359","EAR_EMTM_SEX_CUR_NB","SEX_T","CUR_TYPE_PPP","2023",442.193,,"T30:147","R1:3513"
"LKA","BA:1359","EAR_EMTM_SEX_CUR_NB","SEX_T","CUR_TYPE_USD","2023",122.135,,"T30:147","R1:3513"
"LKA","BA:1359","EAR_EMTM_SEX_CUR_NB","SEX_T","CUR_TYPE_LCU","2022",39536.067,,"T30:147","R1:3513"
"LKA","BA:1359","EAR_EMTM_SEX_CUR_NB","SEX_T","CUR_TYPE_PPP","2022",489.222,,"T30:147","R1:3513"
"LKA","BA:1359","EAR_EMTM_SEX_CUR_NB","SEX_T","CUR_TYPE_USD","2022",122.542,,"T30:147","R1:3513"
"LKA","BA:1359","EAR_EMTM_SEX_CUR_NB","SEX_T","CUR_TYPE_LCU","2021",35000,,"T30:147","R1:3513"
"LKA","BA:1359","EAR_EMTM_SEX_CUR_NB","SEX_T","CUR_TYPE_PPP","2021",600.383,,"T30:147","R1:3513"
"LKA","BA:1359","EAR_EMTM_SEX_CUR_NB","SEX_T","CUR_TYPE_USD","2021",176.088,,"T30:147","R1:3513"
"LKA","BA:1359","EAR_EMTM_SEX_CUR_NB","SEX_T","CUR_TYPE_LCU","2020",33000,,"T30:147","R1:3513"
"LKA","BA:1359","EAR_EMTM_SEX_CUR_NB","SEX_T","CUR_TYPE_PPP","2020",538.369,,"T30:147","R1:3513"
"LKA","BA:1359","EAR_EMTM_SEX_CUR_NB","SEX_T","CUR_TYPE_USD","2020",177.809,,"T30:147","R1:3513"
"LKA","BA:1359","EAR_EMTM_SEX_CUR_NB","SEX_T","CUR_TYPE_LCU","2019",32000,,"T30:147","R1:3513"
"LKA","BA:1359","EAR_EMTM_SEX_CUR_NB","SEX_T","CUR_TYPE_PPP","2019",592.838,,"T30:147","R1:3513"
"LKA","BA:1359","EAR_EMTM_SEX_CUR_NB","SEX_T","CUR_TYPE_USD","2019",179.026,,"T30:147","R1:3513"
"LKA","BA:1359","EAR_EMTM_SEX_CUR_NB","SEX_T","CUR_TYPE_LCU","2018",27000,,"T30:147","R1:3513"
"LKA","BA:1359","EAR_EMTM_SEX_CUR_NB","SEX_T","CUR_TYPE_PPP","2018",518.551,,"T30:147","R1:3513"
"LKA","BA:1359","EAR_EMTM_SEX_CUR_NB","SEX_T","CUR_TYPE_USD","2018",166.19,,"T30:147","R1:3513"
"LKA","BA:1359","EAR_EMTM_SEX_CUR_NB","SEX_T","CUR_TYPE_LCU","2017",25000,,"T30:147","R1:3513"
"LKA","BA:1359","EAR_EMTM_SEX_CUR_NB","SEX_T","CUR_TYPE_PPP","2017",486.014,,"T30:147","R1:3513"
"LKA","BA:1359","EAR_EMTM_SEX_CUR_NB","SEX_T","CUR_TYPE_USD","2017",163.992,,"T30:147","R1:3513"
"LKA","BA:1359","EAR_EMTM_SEX_CUR_NB","SEX_T","CUR_TYPE_LCU","2016",22500,,"T30:147","R1:3513"
"LKA","BA:1359","EAR_EMTM_SEX_CUR_NB","SEX_T","CUR_TYPE_PPP","2016",462.962,,"T30:147","R1:3513"
"LKA","BA:1359","EAR_EMTM_SEX_CUR_NB","SEX_T","CUR_TYPE_USD","2016",154.552,,"T30:147","R1:3513"
"LKA","BA:1359","EAR_EMTM_SEX_CUR_NB","SEX_T","CUR_TYPE_LCU","2015",20000,,"T30:147","R1:3513"
"LKA","BA:1359","EAR_EMTM_SEX_CUR_NB","SEX_T","CUR_TYPE_PPP","2015",418.644,,"T30:147","R1:3513"
"LKA","BA:1359","EAR_EMTM_SEX_CUR_NB","SEX_T","CUR_TYPE_USD","2015",147.214,,"T30:147","R1:3513"
"LKA","BA:1359","EAR_EMTM_SEX_CUR_NB","SEX_T","CUR_TYPE_LCU","2014",18000,,"T30:147","R1:3513"
"LKA","BA:1359","EAR_EMTM_SEX_CUR_NB","SEX_T","CUR_TYPE_PPP","2014",386.185,,"T30:147","R1:3513"
"LKA","BA:1359","EAR_EMTM_SEX_CUR_NB","SEX_T","CUR_TYPE_USD","2014",137.863,,"T30:147","R1:3513"
"LKA","BA:1359","EAR_EMTM_SEX_CUR_NB","SEX_T","CUR_TYPE_LCU","2013",16000,,"T30:147","R1:3513"
"LKA","BA:1359","EAR_EMTM_SEX_CUR_NB","SEX_T","CUR_TYPE_PPP","2013",353.575,,"T30:147","R1:3513"
"LKA","BA:1359","EAR_EMTM_SEX_CUR_NB","SEX_T","CUR_TYPE_USD","2013",123.965,,"T30:147","R1:3513"
"LKA","BA:1359","EAR_EMTM_SEX_CUR_NB","SEX_T","CUR_TYPE_LCU","2011",12500,"B","T30:147_I11:264","R1:3513"
"LKA","BA:1359","EAR_EMTM_SEX_CUR_NB","SEX_T","CUR_TYPE_PPP","2011",290.778,"B","T30:147_I11:264","R1:3513"
"LKA","BA:1359","EAR_EMTM_SEX_CUR_NB","SEX_T","CUR_TYPE_USD","2011",113.055,"B","T30:147_I11:264","R1:3513"
"LKA","BA:1359","EAR_EMTM_SEX_CUR_NB","SEX_T","CUR_TYPE_LCU","2010",11286.862,"B","T30:147_I11:264","R1:3513"
"LKA","BA:1359","EAR_EMTM_SEX_CUR_NB","SEX_T","CUR_TYPE_PPP","2010",271.619,"B","T30:147_I11:264","R1:3513"
"LKA","BA:1359","EAR_EMTM_SEX_CUR_NB","SEX_T","CUR_TYPE_USD","2010",99.827,"B","T30:147_I11:264","R1:3513"
"LSO","BA:13","EAR_EMTM_SEX_CUR_NB","SEX_T","CUR_TYPE_LCU","2024",1400,,"T30:25","R1:3513"
"LSO","BA:13","EAR_EMTM_SEX_CUR_NB","SEX_T","CUR_TYPE_PPP","2024",228.051,,"T30:25","R1:3513"
"LSO","BA:13","EAR_EMTM_SEX_CUR_NB","SEX_T","CUR_TYPE_USD","2024",76.383,,"T30:25","R1:3513"
"LSO","BA:13","EAR_EMTM_SEX_CUR_NB","SEX_T","CUR_TYPE_LCU","2019",2000,,"T30:25","R1:3513"
"LSO","BA:13","EAR_EMTM_SEX_CUR_NB","SEX_T","CUR_TYPE_PPP","2019",360.765,,"T30:25","R1:3513"
"LSO","BA:13","EAR_EMTM_SEX_CUR_NB","SEX_T","CUR_TYPE_USD","2019",138.423,,"T30:25","R1:3513"
"LTU","BB:3065","EAR_EMTM_SEX_CUR_NB","SEX_T","CUR_TYPE_LCU","2025",1938.722,,"T30:377","R1:3513_T2:85"
"LTU","BB:3065","EAR_EMTM_SEX_CUR_NB","SEX_T","CUR_TYPE_PPP","2025",3527.374,,"T30:377","R1:3513_T2:85"
"LTU","BB:3065","EAR_EMTM_SEX_CUR_NB","SEX_T","CUR_TYPE_USD","2025",2190.756,,"T30:377","R1:3513_T2:85"
"LTU","BB:3065","EAR_EMTM_SEX_CUR_NB","SEX_T","CUR_TYPE_LCU","2024",1772.369,,"T30:377","R1:3513_T2:85"
"LTU","BB:3065","EAR_EMTM_SEX_CUR_NB","SEX_T","CUR_TYPE_PPP","2024",3366.611,,"T30:377","R1:3513_T2:85"
"LTU","BB:3065","EAR_EMTM_SEX_CUR_NB","SEX_T","CUR_TYPE_USD","2024",1918.412,,"T30:377","R1:3513_T2:85"
"LTU","BB:3065","EAR_EMTM_SEX_CUR_NB","SEX_T","CUR_TYPE_LCU","2023",1521.617,,"T30:377","R1:3513_T2:85"
"LTU","BB:3065","EAR_EMTM_SEX_CUR_NB","SEX_T","CUR_TYPE_PPP","2023",2848.692,,"T30:377","R1:3513_T2:85"
"LTU","BB:3065","EAR_EMTM_SEX_CUR_NB","SEX_T","CUR_TYPE_USD","2023",1645.325,,"T30:377","R1:3513_T2:85"
"LTU","BB:3065","EAR_EMTM_SEX_CUR_NB","SEX_T","CUR_TYPE_LCU","2022",1290.171,,"T30:377","R1:3513_T2:85"
"LTU","BB:3065","EAR_EMTM_SEX_CUR_NB","SEX_T","CUR_TYPE_PPP","2022",2450.453,,"T30:377","R1:3513_T2:85"
"LTU","BB:3065","EAR_EMTM_SEX_CUR_NB","SEX_T","CUR_TYPE_USD","2022",1358.55,,"T30:377","R1:3513_T2:85"
"LTU","BB:3065","EAR_EMTM_SEX_CUR_NB","SEX_T","CUR_TYPE_LCU","2021",1210.904,,"T30:377","R1:3513_T2:85"
"LTU","BB:3065","EAR_EMTM_SEX_CUR_NB","SEX_T","CUR_TYPE_PPP","2021",2441.26,,"T30:377","R1:3513_T2:85"
"LTU","BB:3065","EAR_EMTM_SEX_CUR_NB","SEX_T","CUR_TYPE_USD","2021",1432.136,,"T30:377","R1:3513_T2:85"
"LTU","BB:3065","EAR_EMTM_SEX_CUR_NB","SEX_T","CUR_TYPE_LCU","2020",1080.908,,"T30:377","R1:3513_T2:85"
"LTU","BB:3065","EAR_EMTM_SEX_CUR_NB","SEX_T","CUR_TYPE_PPP","2020",2202.012,,"T30:377","R1:3513_T2:85"
"LTU","BB:3065","EAR_EMTM_SEX_CUR_NB","SEX_T","CUR_TYPE_USD","2020",1234.613,,"T30:377","R1:3513_T2:85"
"LTU","BB:3065","EAR_EMTM_SEX_CUR_NB","SEX_T","CUR_TYPE_LCU","2019",970.635,,"T30:377","R1:3513_T2:85"
"LTU","BB:3065","EAR_EMTM_SEX_CUR_NB","SEX_T","CUR_TYPE_PPP","2019",2005.673,,"T30:377","R1:3513_T2:85"
"LTU","BB:3065","EAR_EMTM_SEX_CUR_NB","SEX_T","CUR_TYPE_USD","2019",1086.626,,"T30:377","R1:3513_T2:85"
"LTU","BB:3065","EAR_EMTM_SEX_CUR_NB","SEX_T","CUR_TYPE_LCU","2018",880.045,,"T30:377","R1:3513_T2:85"
"LTU","BB:3065","EAR_EMTM_SEX_CUR_NB","SEX_T","CUR_TYPE_PPP","2018",1766.62,,"T30:377","R1:3513_T2:85"
"LTU","BB:3065","EAR_EMTM_SEX_CUR_NB","SEX_T","CUR_TYPE_USD","2018",1039.333,,"T30:377","R1:3513_T2:85"
"LTU","BB:3065","EAR_EMTM_SEX_CUR_NB","SEX_T","CUR_TYPE_LCU","2017",818.32,,"T30:377","R1:3513_T2:85"
"LTU","BB:3065","EAR_EMTM_SEX_CUR_NB","SEX_T","CUR_TYPE_PPP","2017",1651.593,,"T30:377","R1:3513_T2:85"
"LTU","BB:3065","EAR_EMTM_SEX_CUR_NB","SEX_T","CUR_TYPE_USD","2017",924.456,,"T30:377","R1:3513_T2:85"
"LTU","BB:3065","EAR_EMTM_SEX_CUR_NB","SEX_T","CUR_TYPE_LCU","2016",778.028,,"T30:377","R1:3513_T2:85"
"LTU","BB:3065","EAR_EMTM_SEX_CUR_NB","SEX_T","CUR_TYPE_PPP","2016",1585.774,,"T30:377","R1:3513_T2:85"
"LTU","BB:3065","EAR_EMTM_SEX_CUR_NB","SEX_T","CUR_TYPE_USD","2016",861.2,,"T30:377","R1:3513_T2:85"
"LTU","BB:3065","EAR_EMTM_SEX_CUR_NB","SEX_T","CUR_TYPE_LCU","2015",684.976,,"T30:377","R1:3513_T2:85"
"LTU","BB:3065","EAR_EMTM_SEX_CUR_NB","SEX_T","CUR_TYPE_PPP","2015",1372.167,,"T30:377","R1:3513_T2:85"
"LTU","BB:3065","EAR_EMTM_SEX_CUR_NB","SEX_T","CUR_TYPE_USD","2015",759.981,,"T30:377","R1:3513_T2:85"
"LTU","BB:3065","EAR_EMTM_SEX_CUR_NB","SEX_T","CUR_TYPE_LCU","2014",675.712,,"T30:377","R1:3513_T2:85"
"LTU","BB:3065","EAR_EMTM_SEX_CUR_NB","SEX_T","CUR_TYPE_PPP","2014",1351.736,,"T30:377","R1:3513_T2:85"
"LTU","BB:3065","EAR_EMTM_SEX_CUR_NB","SEX_T","CUR_TYPE_USD","2014",897.684,,"T30:377","R1:3513_T2:85"
"LTU","BB:3065","EAR_EMTM_SEX_CUR_NB","SEX_T","CUR_TYPE_LCU","2013",597.292,,"T30:377","R1:3513_T2:85"
"LTU","BB:3065","EAR_EMTM_SEX_CUR_NB","SEX_T","CUR_TYPE_PPP","2013",1184.449,,"T30:377","R1:3513_T2:85"
"LTU","BB:3065","EAR_EMTM_SEX_CUR_NB","SEX_T","CUR_TYPE_USD","2013",793.263,,"T30:377","R1:3513_T2:85"
"LTU","BB:3065","EAR_EMTM_SEX_CUR_NB","SEX_T","CUR_TYPE_LCU","2012",587.382,,"T30:377","R1:3513_T2:85"
"LTU","BB:3065","EAR_EMTM_SEX_CUR_NB","SEX_T","CUR_TYPE_PPP","2012",1131.906,,"T30:377","R1:3513_T2:85"
"LTU","BB:3065","EAR_EMTM_SEX_CUR_NB","SEX_T","CUR_TYPE_USD","2012",754.668,,"T30:377","R1:3513_T2:85"
"LTU","BB:3065","EAR_EMTM_SEX_CUR_NB","SEX_T","CUR_TYPE_LCU","2011",519.076,,"T30:377","R1:3513_T2:85"
"LTU","BB:3065","EAR_EMTM_SEX_CUR_NB","SEX_T","CUR_TYPE_PPP","2011",1003.103,,"T30:377","R1:3513_T2:85"
"LTU","BB:3065","EAR_EMTM_SEX_CUR_NB","SEX_T","CUR_TYPE_USD","2011",722.553,,"T30:377","R1:3513_T2:85"
"LTU","BB:3065","EAR_EMTM_SEX_CUR_NB","SEX_T","CUR_TYPE_LCU","2010",563.424,,"T30:377","R1:3513_T2:85"
"LTU","BB:3065","EAR_EMTM_SEX_CUR_NB","SEX_T","CUR_TYPE_PPP","2010",1090.521,,"T30:377","R1:3513_T2:85"
"LTU","BB:3065","EAR_EMTM_SEX_CUR_NB","SEX_T","CUR_TYPE_USD","2010",746.931,,"T30:377","R1:3513_T2:85"
"LTU","BB:3065","EAR_EMTM_SEX_CUR_NB","SEX_T","CUR_TYPE_LCU","2009",529.328,,"T30:377","R1:3513_T2:85"
"LTU","BB:3065","EAR_EMTM_SEX_CUR_NB","SEX_T","CUR_TYPE_PPP","2009",990.149,,"T30:377","R1:3513_T2:85"
"LTU","BB:3065","EAR_EMTM_SEX_CUR_NB","SEX_T","CUR_TYPE_USD","2009",738.306,,"T30:377","R1:3513_T2:85"
"LTU","BB:3065","EAR_EMTM_SEX_CUR_NB","SEX_T","CUR_TYPE_LCU","2008",464.938,,"T30:377","R1:3513_T2:85"
"LTU","BB:3065","EAR_EMTM_SEX_CUR_NB","SEX_T","CUR_TYPE_PPP","2008",852.475,,"T30:377","R1:3513_T2:85"
"LTU","BB:3065","EAR_EMTM_SEX_CUR_NB","SEX_T","CUR_TYPE_USD","2008",683.831,,"T30:377","R1:3513_T2:85"
"LTU","BB:3065","EAR_EMTM_SEX_CUR_NB","SEX_T","CUR_TYPE_LCU","2007",399.412,,"T30:377","R1:3513_T2:85"
"LTU","BB:3065","EAR_EMTM_SEX_CUR_NB","SEX_T","CUR_TYPE_PPP","2007",772.235,,"T30:377","R1:3513_T2:85"
"LTU","BB:3065","EAR_EMTM_SEX_CUR_NB","SEX_T","CUR_TYPE_USD","2007",547.395,,"T30:377","R1:3513_T2:85"
"LTU","BB:3065","EAR_EMTM_SEX_CUR_NB","SEX_T","CUR_TYPE_LCU","2006",304.181,,"T30:377","R1:3513_T2:85"
"LTU","BB:3065","EAR_EMTM_SEX_CUR_NB","SEX_T","CUR_TYPE_PPP","2006",613.609,,"T30:377","R1:3513_T2:85"
"LTU","BB:3065","EAR_EMTM_SEX_CUR_NB","SEX_T","CUR_TYPE_USD","2006",381.929,,"T30:377","R1:3513_T2:85"
"LTU","BB:3065","EAR_EMTM_SEX_CUR_NB","SEX_T","CUR_TYPE_LCU","2005",261.843,,"T30:377","R1:3513_T2:85"
"LTU","BB:3065","EAR_EMTM_SEX_CUR_NB","SEX_T","CUR_TYPE_PPP","2005",553.822,,"T30:377","R1:3513_T2:85"
"LTU","BB:3065","EAR_EMTM_SEX_CUR_NB","SEX_T","CUR_TYPE_USD","2005",325.759,,"T30:377","R1:3513_T2:85"
"LUX","BB:6341","EAR_EMTM_SEX_CUR_NB","SEX_T","CUR_TYPE_LCU","2025",6633.886,,"T30:190","R1:3513_T2:85"
"LUX","BB:6341","EAR_EMTM_SEX_CUR_NB","SEX_T","CUR_TYPE_PPP","2025",7598.936,,"T30:190","R1:3513_T2:85"
"LUX","BB:6341","EAR_EMTM_SEX_CUR_NB","SEX_T","CUR_TYPE_USD","2025",7496.291,,"T30:190","R1:3513_T2:85"
"LUX","BB:6341","EAR_EMTM_SEX_CUR_NB","SEX_T","CUR_TYPE_LCU","2024",6772.625,,"T30:190","R1:3513_T2:85"
"LUX","BB:6341","EAR_EMTM_SEX_CUR_NB","SEX_T","CUR_TYPE_PPP","2024",8014.58,,"T30:190","R1:3513_T2:85"
"LUX","BB:6341","EAR_EMTM_SEX_CUR_NB","SEX_T","CUR_TYPE_USD","2024",7330.689,,"T30:190","R1:3513_T2:85"
"LUX","BB:6341","EAR_EMTM_SEX_CUR_NB","SEX_T","CUR_TYPE_LCU","2023",6325.884,,"T30:190","R1:3513_T2:85"
"LUX","BB:6341","EAR_EMTM_SEX_CUR_NB","SEX_T","CUR_TYPE_PPP","2023",7447.237,,"T30:190","R1:3513_T2:85"
"LUX","BB:6341","EAR_EMTM_SEX_CUR_NB","SEX_T","CUR_TYPE_USD","2023",6840.179,,"T30:190","R1:3513_T2:85"
"LUX","BB:6341","EAR_EMTM_SEX_CUR_NB","SEX_T","CUR_TYPE_LCU","2022",5979.828,,"T30:190","R1:3513_T2:85"
"LUX","BB:6341","EAR_EMTM_SEX_CUR_NB","SEX_T","CUR_TYPE_PPP","2022",6691.054,,"T30:190","R1:3513_T2:85"
"LUX","BB:6341","EAR_EMTM_SEX_CUR_NB","SEX_T","CUR_TYPE_USD","2022",6296.759,,"T30:190","R1:3513_T2:85"
"LUX","BB:6341","EAR_EMTM_SEX_CUR_NB","SEX_T","CUR_TYPE_LCU","2021",5729.358,,"T30:190","R1:3513_T2:85"
"LUX","BB:6341","EAR_EMTM_SEX_CUR_NB","SEX_T","CUR_TYPE_PPP","2021",5963.509,,"T30:190","R1:3513_T2:85"
"LUX","BB:6341","EAR_EMTM_SEX_CUR_NB","SEX_T","CUR_TYPE_USD","2021",6776.112,,"T30:190","R1:3513_T2:85"
"LUX","BB:6341","EAR_EMTM_SEX_CUR_NB","SEX_T","CUR_TYPE_LCU","2020",5084.315,,"T30:190","R1:3513_T2:85"
"LUX","BB:6341","EAR_EMTM_SEX_CUR_NB","SEX_T","CUR_TYPE_PPP","2020",5274.476,,"T30:190","R1:3513_T2:85"
"LUX","BB:6341","EAR_EMTM_SEX_CUR_NB","SEX_T","CUR_TYPE_USD","2020",5807.305,,"T30:190","R1:3513_T2:85"
"LUX","BB:6341","EAR_EMTM_SEX_CUR_NB","SEX_T","CUR_TYPE_LCU","2019",5097.055,,"T30:190","R1:3513_T2:85"
"LUX","BB:6341","EAR_EMTM_SEX_CUR_NB","SEX_T","CUR_TYPE_PPP","2019",5424.315,,"T30:190","R1:3513_T2:85"
"LUX","BB:6341","EAR_EMTM_SEX_CUR_NB","SEX_T","CUR_TYPE_USD","2019",5706.153,,"T30:190","R1:3513_T2:85"
"LUX","BB:6341","EAR_EMTM_SEX_CUR_NB","SEX_T","CUR_TYPE_LCU","2018",4372.048,,"T30:190","R1:3513_T2:85"
"LUX","BB:6341","EAR_EMTM_SEX_CUR_NB","SEX_T","CUR_TYPE_PPP","2018",4667.715,,"T30:190","R1:3513_T2:85"
"LUX","BB:6341","EAR_EMTM_SEX_CUR_NB","SEX_T","CUR_TYPE_USD","2018",5163.389,,"T30:190","R1:3513_T2:85"
"LUX","BB:6341","EAR_EMTM_SEX_CUR_NB","SEX_T","CUR_TYPE_LCU","2017",4514.92,,"T30:190","R1:3513_T2:85"
"LUX","BB:6341","EAR_EMTM_SEX_CUR_NB","SEX_T","CUR_TYPE_PPP","2017",4673.874,,"T30:190","R1:3513_T2:85"
"LUX","BB:6341","EAR_EMTM_SEX_CUR_NB","SEX_T","CUR_TYPE_USD","2017",5100.506,,"T30:190","R1:3513_T2:85"
"LUX","BB:6341","EAR_EMTM_SEX_CUR_NB","SEX_T","CUR_TYPE_LCU","2016",4255.789,,"T30:190","R1:3513_T2:85"
"LUX","BB:6341","EAR_EMTM_SEX_CUR_NB","SEX_T","CUR_TYPE_PPP","2016",4416.565,,"T30:190","R1:3513_T2:85"
"LUX","BB:6341","EAR_EMTM_SEX_CUR_NB","SEX_T","CUR_TYPE_USD","2016",4710.733,,"T30:190","R1:3513_T2:85"
"LUX","BB:6341","EAR_EMTM_SEX_CUR_NB","SEX_T","CUR_TYPE_LCU","2015",3859.537,,"T30:190","R1:3513_T2:85"
"LUX","BB:6341","EAR_EMTM_SEX_CUR_NB","SEX_T","CUR_TYPE_PPP","2015",3950.331,,"T30:190","R1:3513_T2:85"
"LUX","BB:6341","EAR_EMTM_SEX_CUR_NB","SEX_T","CUR_TYPE_USD","2015",4282.156,,"T30:190","R1:3513_T2:85"
"LUX","BB:6341","EAR_EMTM_SEX_CUR_NB","SEX_T","CUR_TYPE_LCU","2014",4042.665,,"T30:190","R1:3513_T2:85"
"LUX","BB:6341","EAR_EMTM_SEX_CUR_NB","SEX_T","CUR_TYPE_PPP","2014",4154.158,,"T30:190","R1:3513_T2:85"
"LUX","BB:6341","EAR_EMTM_SEX_CUR_NB","SEX_T","CUR_TYPE_USD","2014",5370.681,,"T30:190","R1:3513_T2:85"
"LUX","BB:6341","EAR_EMTM_SEX_CUR_NB","SEX_T","CUR_TYPE_LCU","2013",4006,,"T30:190","R1:3513_T2:85"
"LUX","BB:6341","EAR_EMTM_SEX_CUR_NB","SEX_T","CUR_TYPE_PPP","2013",4152.539,,"T30:190","R1:3513_T2:85"
"LUX","BB:6341","EAR_EMTM_SEX_CUR_NB","SEX_T","CUR_TYPE_USD","2013",5320.369,,"T30:190","R1:3513_T2:85"
"LUX","BB:6341","EAR_EMTM_SEX_CUR_NB","SEX_T","CUR_TYPE_LCU","2012",3843.244,,"T30:190","R1:3513_T2:85"
"LUX","BB:6341","EAR_EMTM_SEX_CUR_NB","SEX_T","CUR_TYPE_PPP","2012",3943.677,,"T30:190","R1:3513_T2:85"
"LUX","BB:6341","EAR_EMTM_SEX_CUR_NB","SEX_T","CUR_TYPE_USD","2012",4937.799,,"T30:190","R1:3513_T2:85"
"LUX","BB:6341","EAR_EMTM_SEX_CUR_NB","SEX_T","CUR_TYPE_LCU","2011",3753.209,,"T30:190","R1:3513_T2:85"
"LUX","BB:6341","EAR_EMTM_SEX_CUR_NB","SEX_T","CUR_TYPE_PPP","2011",3872.685,,"T30:190","R1:3513_T2:85"
"LUX","BB:6341","EAR_EMTM_SEX_CUR_NB","SEX_T","CUR_TYPE_USD","2011",5224.466,,"T30:190","R1:3513_T2:85"
"LUX","BB:6341","EAR_EMTM_SEX_CUR_NB","SEX_T","CUR_TYPE_LCU","2010",3717.701,,"T30:190","R1:3513_T2:85"
"LUX","BB:6341","EAR_EMTM_SEX_CUR_NB","SEX_T","CUR_TYPE_PPP","2010",3800.188,,"T30:190","R1:3513_T2:85"
"LUX","BB:6341","EAR_EMTM_SEX_CUR_NB","SEX_T","CUR_TYPE_USD","2010",4928.556,,"T30:190","R1:3513_T2:85"
"LUX","BB:6341","EAR_EMTM_SEX_CUR_NB","SEX_T","CUR_TYPE_LCU","2009",3818.148,,"T30:190","R1:3513_T2:85"
"LUX","BB:6341","EAR_EMTM_SEX_CUR_NB","SEX_T","CUR_TYPE_PPP","2009",3950.559,,"T30:190","R1:3513_T2:85"
"LUX","BB:6341","EAR_EMTM_SEX_CUR_NB","SEX_T","CUR_TYPE_USD","2009",5325.552,,"T30:190","R1:3513_T2:85"
"LUX","BB:6341","EAR_EMTM_SEX_CUR_NB","SEX_T","CUR_TYPE_LCU","2008",3681.333,,"T30:190","R1:3513_T2:85"
"LUX","BB:6341","EAR_EMTM_SEX_CUR_NB","SEX_T","CUR_TYPE_PPP","2008",3841.934,,"T30:190","R1:3513_T2:85"
"LUX","BB:6341","EAR_EMTM_SEX_CUR_NB","SEX_T","CUR_TYPE_USD","2008",5414.505,,"T30:190","R1:3513_T2:85"
"LUX","BB:6341","EAR_EMTM_SEX_CUR_NB","SEX_T","CUR_TYPE_LCU","2007",3591.535,,"T30:190","R1:3513_T2:85"
"LUX","BB:6341","EAR_EMTM_SEX_CUR_NB","SEX_T","CUR_TYPE_PPP","2007",3704.221,,"T30:190","R1:3513_T2:85"
"LUX","BB:6341","EAR_EMTM_SEX_CUR_NB","SEX_T","CUR_TYPE_USD","2007",4922.198,,"T30:190","R1:3513_T2:85"
"LUX","BB:6341","EAR_EMTM_SEX_CUR_NB","SEX_T","CUR_TYPE_LCU","2006",2979.167,,"T30:190","R1:3513_T2:85"
"LUX","BB:6341","EAR_EMTM_SEX_CUR_NB","SEX_T","CUR_TYPE_PPP","2006",3144.604,,"T30:190","R1:3513_T2:85"
"LUX","BB:6341","EAR_EMTM_SEX_CUR_NB","SEX_T","CUR_TYPE_USD","2006",3740.642,,"T30:190","R1:3513_T2:85"
"LUX","BB:6341","EAR_EMTM_SEX_CUR_NB","SEX_T","CUR_TYPE_LCU","2005",2979.167,,"T30:190","R1:3513_T2:85"
"LUX","BB:6341","EAR_EMTM_SEX_CUR_NB","SEX_T","CUR_TYPE_PPP","2005",3093.172,,"T30:190","R1:3513_T2:85"
"LUX","BB:6341","EAR_EMTM_SEX_CUR_NB","SEX_T","CUR_TYPE_USD","2005",3706.381,,"T30:190","R1:3513_T2:85"
"LUX","BB:6341","EAR_EMTM_SEX_CUR_NB","SEX_T","CUR_TYPE_LCU","2004",2925,,"T30:190","R1:3513_T2:85"
"LUX","BB:6341","EAR_EMTM_SEX_CUR_NB","SEX_T","CUR_TYPE_PPP","2004",3027.54,,"T30:190","R1:3513_T2:85"
"LUX","BB:6341","EAR_EMTM_SEX_CUR_NB","SEX_T","CUR_TYPE_USD","2004",3638.407,,"T30:190","R1:3513_T2:85"
"LVA","BB:3074","EAR_EMTM_SEX_CUR_NB","SEX_T","CUR_TYPE_LCU","2025",1922.865,,"T30:374","R1:3513_T2:85"
"LVA","BB:3074","EAR_EMTM_SEX_CUR_NB","SEX_T","CUR_TYPE_PPP","2025",3482.663,,"T30:374","R1:3513_T2:85"
"LVA","BB:3074","EAR_EMTM_SEX_CUR_NB","SEX_T","CUR_TYPE_USD","2025",2172.838,,"T30:374","R1:3513_T2:85"
"LVA","BB:3074","EAR_EMTM_SEX_CUR_NB","SEX_T","CUR_TYPE_LCU","2024",1745.539,,"T30:374","R1:3513_T2:85"
"LVA","BB:3074","EAR_EMTM_SEX_CUR_NB","SEX_T","CUR_TYPE_PPP","2024",3274.14,,"T30:374","R1:3513_T2:85"
"LVA","BB:3074","EAR_EMTM_SEX_CUR_NB","SEX_T","CUR_TYPE_USD","2024",1889.371,,"T30:374","R1:3513_T2:85"
"LVA","BB:3074","EAR_EMTM_SEX_CUR_NB","SEX_T","CUR_TYPE_LCU","2023",1439.928,,"T30:374","R1:3513_T2:85"
"LVA","BB:3074","EAR_EMTM_SEX_CUR_NB","SEX_T","CUR_TYPE_PPP","2023",2704.198,,"T30:374","R1:3513_T2:85"
"LVA","BB:3074","EAR_EMTM_SEX_CUR_NB","SEX_T","CUR_TYPE_USD","2023",1556.995,,"T30:374","R1:3513_T2:85"
"LVA","BB:3074","EAR_EMTM_SEX_CUR_NB","SEX_T","CUR_TYPE_LCU","2022",1287.464,,"T30:374","R1:3513_T2:85"
"LVA","BB:3074","EAR_EMTM_SEX_CUR_NB","SEX_T","CUR_TYPE_PPP","2022",2402.205,,"T30:374","R1:3513_T2:85"
"LVA","BB:3074","EAR_EMTM_SEX_CUR_NB","SEX_T","CUR_TYPE_USD","2022",1355.7,,"T30:374","R1:3513_T2:85"
"LVA","BB:3074","EAR_EMTM_SEX_CUR_NB","SEX_T","CUR_TYPE_LCU","2021",1222.515,,"T30:374","R1:3513_T2:85"
"LVA","BB:3074","EAR_EMTM_SEX_CUR_NB","SEX_T","CUR_TYPE_PPP","2021",2347.712,,"T30:374","R1:3513_T2:85"
"LVA","BB:3074","EAR_EMTM_SEX_CUR_NB","SEX_T","CUR_TYPE_USD","2021",1445.868,,"T30:374","R1:3513_T2:85"
"LVA","BB:3074","EAR_EMTM_SEX_CUR_NB","SEX_T","CUR_TYPE_LCU","2020",1156.521,,"T30:374","R1:3513_T2:85"
"LVA","BB:3074","EAR_EMTM_SEX_CUR_NB","SEX_T","CUR_TYPE_PPP","2020",2099.487,,"T30:374","R1:3513_T2:85"
"LVA","BB:3074","EAR_EMTM_SEX_CUR_NB","SEX_T","CUR_TYPE_USD","2020",1320.979,,"T30:374","R1:3513_T2:85"
"LVA","BB:3074","EAR_EMTM_SEX_CUR_NB","SEX_T","CUR_TYPE_LCU","2019",1090.027,,"T30:374","R1:3513_T2:85"
"LVA","BB:3074","EAR_EMTM_SEX_CUR_NB","SEX_T","CUR_TYPE_PPP","2019",1965.794,,"T30:374","R1:3513_T2:85"
"LVA","BB:3074","EAR_EMTM_SEX_CUR_NB","SEX_T","CUR_TYPE_USD","2019",1220.285,,"T30:374","R1:3513_T2:85"
"LVA","BB:3074","EAR_EMTM_SEX_CUR_NB","SEX_T","CUR_TYPE_LCU","2018",992.49,,"T30:374","R1:3513_T2:85"
"LVA","BB:3074","EAR_EMTM_SEX_CUR_NB","SEX_T","CUR_TYPE_PPP","2018",1753.752,,"T30:374","R1:3513_T2:85"
"LVA","BB:3074","EAR_EMTM_SEX_CUR_NB","SEX_T","CUR_TYPE_USD","2018",1172.131,,"T30:374","R1:3513_T2:85"
"LVA","BB:3074","EAR_EMTM_SEX_CUR_NB","SEX_T","CUR_TYPE_LCU","2017",894.116,,"T30:374","R1:3513_T2:85"
"LVA","BB:3074","EAR_EMTM_SEX_CUR_NB","SEX_T","CUR_TYPE_PPP","2017",1590.849,,"T30:374","R1:3513_T2:85"
"LVA","BB:3074","EAR_EMTM_SEX_CUR_NB","SEX_T","CUR_TYPE_USD","2017",1010.083,,"T30:374","R1:3513_T2:85"
"LVA","BB:3074","EAR_EMTM_SEX_CUR_NB","SEX_T","CUR_TYPE_LCU","2016",840.272,,"T30:374","R1:3513_T2:85"
"LVA","BB:3074","EAR_EMTM_SEX_CUR_NB","SEX_T","CUR_TYPE_PPP","2016",1497.622,,"T30:374","R1:3513_T2:85"
"LVA","BB:3074","EAR_EMTM_SEX_CUR_NB","SEX_T","CUR_TYPE_USD","2016",930.098,,"T30:374","R1:3513_T2:85"
"LVA","BB:3074","EAR_EMTM_SEX_CUR_NB","SEX_T","CUR_TYPE_LCU","2015",801.689,,"T30:374","R1:3513_T2:85"
"LVA","BB:3074","EAR_EMTM_SEX_CUR_NB","SEX_T","CUR_TYPE_PPP","2015",1408.162,,"T30:374","R1:3513_T2:85"
"LVA","BB:3074","EAR_EMTM_SEX_CUR_NB","SEX_T","CUR_TYPE_USD","2015",889.474,,"T30:374","R1:3513_T2:85"
"LVA","BB:3074","EAR_EMTM_SEX_CUR_NB","SEX_T","CUR_TYPE_LCU","2014",729.949,,"T30:374","R1:3513_T2:85"
"LVA","BB:3074","EAR_EMTM_SEX_CUR_NB","SEX_T","CUR_TYPE_PPP","2014",1281.277,,"T30:374","R1:3513_T2:85"
"LVA","BB:3074","EAR_EMTM_SEX_CUR_NB","SEX_T","CUR_TYPE_USD","2014",969.737,,"T30:374","R1:3513_T2:85"
"LVA","BB:3074","EAR_EMTM_SEX_CUR_NB","SEX_T","CUR_TYPE_LCU","2013",658.023,,"T30:374","R1:3513_T2:85"
"LVA","BB:3074","EAR_EMTM_SEX_CUR_NB","SEX_T","CUR_TYPE_PPP","2013",1166.194,,"T30:374","R1:3513_T2:85"
"LVA","BB:3074","EAR_EMTM_SEX_CUR_NB","SEX_T","CUR_TYPE_USD","2013",873.92,,"T30:374","R1:3513_T2:85"
"LVA","BB:3074","EAR_EMTM_SEX_CUR_NB","SEX_T","CUR_TYPE_LCU","2012",634.93,,"T30:374","R1:3513_T2:85"
"LVA","BB:3074","EAR_EMTM_SEX_CUR_NB","SEX_T","CUR_TYPE_PPP","2012",1093.764,,"T30:374","R1:3513_T2:85"
"LVA","BB:3074","EAR_EMTM_SEX_CUR_NB","SEX_T","CUR_TYPE_USD","2012",815.758,,"T30:374","R1:3513_T2:85"
"LVA","BB:3074","EAR_EMTM_SEX_CUR_NB","SEX_T","CUR_TYPE_LCU","2011",594.737,,"T30:374","R1:3513_T2:85"
"LVA","BB:3074","EAR_EMTM_SEX_CUR_NB","SEX_T","CUR_TYPE_PPP","2011",1029.244,,"T30:374","R1:3513_T2:85"
"LVA","BB:3074","EAR_EMTM_SEX_CUR_NB","SEX_T","CUR_TYPE_USD","2011",827.875,,"T30:374","R1:3513_T2:85"
"LVA","BB:3074","EAR_EMTM_SEX_CUR_NB","SEX_T","CUR_TYPE_LCU","2010",649.733,,"T30:374","R1:3513_T2:85"
"LVA","BB:3074","EAR_EMTM_SEX_CUR_NB","SEX_T","CUR_TYPE_PPP","2010",1147.221,,"T30:374","R1:3513_T2:85"
"LVA","BB:3074","EAR_EMTM_SEX_CUR_NB","SEX_T","CUR_TYPE_USD","2010",861.351,,"T30:374","R1:3513_T2:85"
"LVA","BB:3074","EAR_EMTM_SEX_CUR_NB","SEX_T","CUR_TYPE_LCU","2009",735.983,,"T30:374","R1:3513_T2:85"
"LVA","BB:3074","EAR_EMTM_SEX_CUR_NB","SEX_T","CUR_TYPE_PPP","2009",1206.621,,"T30:374","R1:3513_T2:85"
"LVA","BB:3074","EAR_EMTM_SEX_CUR_NB","SEX_T","CUR_TYPE_USD","2009",1026.549,,"T30:374","R1:3513_T2:85"
"LVA","BB:3074","EAR_EMTM_SEX_CUR_NB","SEX_T","CUR_TYPE_LCU","2008",620.954,,"T30:374","R1:3513_T2:85"
"LVA","BB:3074","EAR_EMTM_SEX_CUR_NB","SEX_T","CUR_TYPE_PPP","2008",968.732,,"T30:374","R1:3513_T2:85"
"LVA","BB:3074","EAR_EMTM_SEX_CUR_NB","SEX_T","CUR_TYPE_USD","2008",913.299,,"T30:374","R1:3513_T2:85"
"LVA","BB:3074","EAR_EMTM_SEX_CUR_NB","SEX_T","CUR_TYPE_LCU","2007",454.372,,"T30:374","R1:3513_T2:85"
"LVA","BB:3074","EAR_EMTM_SEX_CUR_NB","SEX_T","CUR_TYPE_PPP","2007",757.623,,"T30:374","R1:3513_T2:85"
"LVA","BB:3074","EAR_EMTM_SEX_CUR_NB","SEX_T","CUR_TYPE_USD","2007",622.716,,"T30:374","R1:3513_T2:85"
"MDA","BA:571","EAR_EMTM_SEX_CUR_NB","SEX_T","CUR_TYPE_LCU","2025",7200,,"T30:193","R1:3513"
"MDA","BA:571","EAR_EMTM_SEX_CUR_NB","SEX_T","CUR_TYPE_PPP","2025",820.705,,"T30:193","R1:3513"
"MDA","BA:571","EAR_EMTM_SEX_CUR_NB","SEX_T","CUR_TYPE_USD","2025",414.321,,"T30:193","R1:3513"
"MDA","BA:571","EAR_EMTM_SEX_CUR_NB","SEX_T","CUR_TYPE_LCU","2024",6200,,"T30:193","R1:3513"
"MDA","BA:571","EAR_EMTM_SEX_CUR_NB","SEX_T","CUR_TYPE_PPP","2024",741.544,,"T30:193","R1:3513"
"MDA","BA:571","EAR_EMTM_SEX_CUR_NB","SEX_T","CUR_TYPE_USD","2024",348.473,,"T30:193","R1:3513"
"MDA","BA:571","EAR_EMTM_SEX_CUR_NB","SEX_T","CUR_TYPE_LCU","2023",5800,,"T30:193","R1:3513"
"MDA","BA:571","EAR_EMTM_SEX_CUR_NB","SEX_T","CUR_TYPE_PPP","2023",705.348,,"T30:193","R1:3513"
"MDA","BA:571","EAR_EMTM_SEX_CUR_NB","SEX_T","CUR_TYPE_USD","2023",319.314,,"T30:193","R1:3513"
"MDA","BA:571","EAR_EMTM_SEX_CUR_NB","SEX_T","CUR_TYPE_LCU","2022",5000,,"T30:193","R1:3513"
"MDA","BA:571","EAR_EMTM_SEX_CUR_NB","SEX_T","CUR_TYPE_PPP","2022",662.376,,"T30:193","R1:3513"
"MDA","BA:571","EAR_EMTM_SEX_CUR_NB","SEX_T","CUR_TYPE_USD","2022",264.59,,"T30:193","R1:3513"
"MDA","BA:571","EAR_EMTM_SEX_CUR_NB","SEX_T","CUR_TYPE_LCU","2021",4500,,"T30:193","R1:3513"
"MDA","BA:571","EAR_EMTM_SEX_CUR_NB","SEX_T","CUR_TYPE_PPP","2021",710.586,,"T30:193","R1:3513"
"MDA","BA:571","EAR_EMTM_SEX_CUR_NB","SEX_T","CUR_TYPE_USD","2021",254.518,,"T30:193","R1:3513"
"MDA","BA:571","EAR_EMTM_SEX_CUR_NB","SEX_T","CUR_TYPE_LCU","2020",4000,,"T30:193","R1:3513"
"MDA","BA:571","EAR_EMTM_SEX_CUR_NB","SEX_T","CUR_TYPE_PPP","2020",635.705,,"T30:193","R1:3513"
"MDA","BA:571","EAR_EMTM_SEX_CUR_NB","SEX_T","CUR_TYPE_USD","2020",230.922,,"T30:193","R1:3513"
"MDA","BA:571","EAR_EMTM_SEX_CUR_NB","SEX_T","CUR_TYPE_LCU","2019",3800,,"T30:193","R1:3513"
"MDA","BA:571","EAR_EMTM_SEX_CUR_NB","SEX_T","CUR_TYPE_PPP","2019",594.955,,"T30:193","R1:3513"
"MDA","BA:571","EAR_EMTM_SEX_CUR_NB","SEX_T","CUR_TYPE_USD","2019",216.235,,"T30:193","R1:3513"
"MDA","BA:571","EAR_EMTM_SEX_CUR_NB","SEX_T","CUR_TYPE_LCU","2018",3100,,"T30:193","R1:3513"
"MDA","BA:571","EAR_EMTM_SEX_CUR_NB","SEX_T","CUR_TYPE_PPP","2018",487.403,,"T30:193","R1:3513"
"MDA","BA:571","EAR_EMTM_SEX_CUR_NB","SEX_T","CUR_TYPE_USD","2018",184.501,,"T30:193","R1:3513"
"MDA","BA:571","EAR_EMTM_SEX_CUR_NB","SEX_T","CUR_TYPE_LCU","2017",2800,,"T30:193","R1:3513"
"MDA","BA:571","EAR_EMTM_SEX_CUR_NB","SEX_T","CUR_TYPE_PPP","2017",439.031,,"T30:193","R1:3513"
"MDA","BA:571","EAR_EMTM_SEX_CUR_NB","SEX_T","CUR_TYPE_USD","2017",151.359,,"T30:193","R1:3513"
"MDA","BA:571","EAR_EMTM_SEX_CUR_NB","SEX_T","CUR_TYPE_LCU","2016",2600,,"T30:193","R1:3513"
"MDA","BA:571","EAR_EMTM_SEX_CUR_NB","SEX_T","CUR_TYPE_PPP","2016",409.868,,"T30:193","R1:3513"
"MDA","BA:571","EAR_EMTM_SEX_CUR_NB","SEX_T","CUR_TYPE_USD","2016",130.497,,"T30:193","R1:3513"
"MDA","BA:571","EAR_EMTM_SEX_CUR_NB","SEX_T","CUR_TYPE_LCU","2015",2500,,"T30:193","R1:3513"
"MDA","BA:571","EAR_EMTM_SEX_CUR_NB","SEX_T","CUR_TYPE_PPP","2015",390.284,,"T30:193","R1:3513"
"MDA","BA:571","EAR_EMTM_SEX_CUR_NB","SEX_T","CUR_TYPE_USD","2015",132.848,,"T30:193","R1:3513"
"MDA","BA:571","EAR_EMTM_SEX_CUR_NB","SEX_T","CUR_TYPE_LCU","2014",2200,,"T30:193","R1:3513"
"MDA","BA:571","EAR_EMTM_SEX_CUR_NB","SEX_T","CUR_TYPE_PPP","2014",359.11,,"T30:193","R1:3513"
"MDA","BA:571","EAR_EMTM_SEX_CUR_NB","SEX_T","CUR_TYPE_USD","2014",156.744,,"T30:193","R1:3513"
"MDA","BA:571","EAR_EMTM_SEX_CUR_NB","SEX_T","CUR_TYPE_LCU","2013",2100,,"T30:193","R1:3513"
"MDA","BA:571","EAR_EMTM_SEX_CUR_NB","SEX_T","CUR_TYPE_PPP","2013",353.212,,"T30:193","R1:3513"
"MDA","BA:571","EAR_EMTM_SEX_CUR_NB","SEX_T","CUR_TYPE_USD","2013",166.842,,"T30:193","R1:3513"
"MDA","BA:571","EAR_EMTM_SEX_CUR_NB","SEX_T","CUR_TYPE_LCU","2012",2000,,"T30:193","R1:3513"
"MDA","BA:571","EAR_EMTM_SEX_CUR_NB","SEX_T","CUR_TYPE_PPP","2012",372.131,,"T30:193","R1:3513"
"MDA","BA:571","EAR_EMTM_SEX_CUR_NB","SEX_T","CUR_TYPE_USD","2012",165.133,,"T30:193","R1:3513"
"MDA","BA:571","EAR_EMTM_SEX_CUR_NB","SEX_T","CUR_TYPE_LCU","2011",1900,,"T30:193","R1:3513"
"MDA","BA:571","EAR_EMTM_SEX_CUR_NB","SEX_T","CUR_TYPE_PPP","2011",351.199,,"T30:193","R1:3513"
"MDA","BA:571","EAR_EMTM_SEX_CUR_NB","SEX_T","CUR_TYPE_USD","2011",161.859,,"T30:193","R1:3513"
"MDA","BA:571","EAR_EMTM_SEX_CUR_NB","SEX_T","CUR_TYPE_LCU","2010",1800,,"T30:193","R1:3513"
"MDA","BA:571","EAR_EMTM_SEX_CUR_NB","SEX_T","CUR_TYPE_PPP","2010",347.327,,"T30:193","R1:3513"
"MDA","BA:571","EAR_EMTM_SEX_CUR_NB","SEX_T","CUR_TYPE_USD","2010",145.522,,"T30:193","R1:3513"
"MDA","BA:571","EAR_EMTM_SEX_CUR_NB","SEX_T","CUR_TYPE_LCU","2009",1600,,"T30:193","R1:3513"
"MDA","BA:571","EAR_EMTM_SEX_CUR_NB","SEX_T","CUR_TYPE_PPP","2009",326.486,,"T30:193","R1:3513"
"MDA","BA:571","EAR_EMTM_SEX_CUR_NB","SEX_T","CUR_TYPE_USD","2009",144.02,,"T30:193","R1:3513"
"MDA","BA:571","EAR_EMTM_SEX_CUR_NB","SEX_T","CUR_TYPE_LCU","2008",1500,,"T30:193","R1:3513"
"MDA","BA:571","EAR_EMTM_SEX_CUR_NB","SEX_T","CUR_TYPE_PPP","2008",306.98,,"T30:193","R1:3513"
"MDA","BA:571","EAR_EMTM_SEX_CUR_NB","SEX_T","CUR_TYPE_USD","2008",144.341,,"T30:193","R1:3513"
"MDA","BA:571","EAR_EMTM_SEX_CUR_NB","SEX_T","CUR_TYPE_LCU","2007",1200,,"T30:193","R1:3513"
"MDA","BA:571","EAR_EMTM_SEX_CUR_NB","SEX_T","CUR_TYPE_PPP","2007",266.737,,"T30:193","R1:3513"
"MDA","BA:571","EAR_EMTM_SEX_CUR_NB","SEX_T","CUR_TYPE_USD","2007",98.847,,"T30:193","R1:3513"
"MDG","BA:7423","EAR_EMTM_SEX_CUR_NB","SEX_T","CUR_TYPE_LCU","2015",136245.062,,"T30:28","R1:3513"
"MDG","BA:7423","EAR_EMTM_SEX_CUR_NB","SEX_T","CUR_TYPE_PPP","2015",161.646,,"T30:28","R1:3513"
"MDG","BA:7423","EAR_EMTM_SEX_CUR_NB","SEX_T","CUR_TYPE_USD","2015",46.444,,"T30:28","R1:3513"
"MDG","BA:7423","EAR_EMTM_SEX_CUR_NB","SEX_T","CUR_TYPE_LCU","2012",100000,"B","T30:28_I11:264","R1:3513"
"MDG","BA:7423","EAR_EMTM_SEX_CUR_NB","SEX_T","CUR_TYPE_PPP","2012",141.555,"B","T30:28_I11:264","R1:3513"
"MDG","BA:7423","EAR_EMTM_SEX_CUR_NB","SEX_T","CUR_TYPE_USD","2012",45.559,"B","T30:28_I11:264","R1:3513"
"MDV","BB:704","EAR_EMTM_SEX_CUR_NB","SEX_T","CUR_TYPE_LCU","2019",10000,,"T30:137","R1:3513"
"MDV","BB:704","EAR_EMTM_SEX_CUR_NB","SEX_T","CUR_TYPE_PPP","2019",987.36,,"T30:137","R1:3513"
"MDV","BB:704","EAR_EMTM_SEX_CUR_NB","SEX_T","CUR_TYPE_USD","2019",650.109,,"T30:137","R1:3513"
"MDV","BB:704","EAR_EMTM_SEX_CUR_NB","SEX_T","CUR_TYPE_LCU","2016",9000,"B","T30:137_I11:264","R1:3513"
"MDV","BB:704","EAR_EMTM_SEX_CUR_NB","SEX_T","CUR_TYPE_PPP","2016",916.957,"B","T30:137_I11:264","R1:3513"
"MDV","BB:704","EAR_EMTM_SEX_CUR_NB","SEX_T","CUR_TYPE_USD","2016",585.617,"B","T30:137_I11:264","R1:3513"
"MEX","BA:463","EAR_EMTM_SEX_CUR_NB","SEX_T","CUR_TYPE_LCU","2025",8764.269,,"T30:90","R1:3513"
"MEX","BA:463","EAR_EMTM_SEX_CUR_NB","SEX_T","CUR_TYPE_PPP","2025",774.997,,"T30:90","R1:3513"
"MEX","BA:463","EAR_EMTM_SEX_CUR_NB","SEX_T","CUR_TYPE_USD","2025",455.582,,"T30:90","R1:3513"
"MEX","BA:463","EAR_EMTM_SEX_CUR_NB","SEX_T","CUR_TYPE_LCU","2024",8368.505,,"T30:90","R1:3513"
"MEX","BA:463","EAR_EMTM_SEX_CUR_NB","SEX_T","CUR_TYPE_PPP","2024",774.768,,"T30:90","R1:3513"
"MEX","BA:463","EAR_EMTM_SEX_CUR_NB","SEX_T","CUR_TYPE_USD","2024",457.174,,"T30:90","R1:3513"
"MEX","BA:463","EAR_EMTM_SEX_CUR_NB","SEX_T","CUR_TYPE_LCU","2023",7631.897,,"T30:90","R1:3513"
"MEX","BA:463","EAR_EMTM_SEX_CUR_NB","SEX_T","CUR_TYPE_PPP","2023",726.764,,"T30:90","R1:3513"
"MEX","BA:463","EAR_EMTM_SEX_CUR_NB","SEX_T","CUR_TYPE_USD","2023",429.755,,"T30:90","R1:3513"
"MEX","BA:463","EAR_EMTM_SEX_CUR_NB","SEX_T","CUR_TYPE_LCU","2022",6663.92,,"T30:90","R1:3513"
"MEX","BA:463","EAR_EMTM_SEX_CUR_NB","SEX_T","CUR_TYPE_PPP","2022",605.295,,"T30:90","R1:3513"
"MEX","BA:463","EAR_EMTM_SEX_CUR_NB","SEX_T","CUR_TYPE_USD","2022",331.088,,"T30:90","R1:3513"
"MEX","BA:463","EAR_EMTM_SEX_CUR_NB","SEX_T","CUR_TYPE_LCU","2021",6331.165,,"T30:90","R1:3513"
"MEX","BA:463","EAR_EMTM_SEX_CUR_NB","SEX_T","CUR_TYPE_PPP","2021",564.862,,"T30:90","R1:3513"
"MEX","BA:463","EAR_EMTM_SEX_CUR_NB","SEX_T","CUR_TYPE_USD","2021",312.305,,"T30:90","R1:3513"
"MEX","BA:463","EAR_EMTM_SEX_CUR_NB","SEX_T","CUR_TYPE_LCU","2020",5855.107,"B","T30:90_I11:264","R1:3513"
"MEX","BA:463","EAR_EMTM_SEX_CUR_NB","SEX_T","CUR_TYPE_PPP","2020",524.396,"B","T30:90_I11:264","R1:3513"
"MEX","BA:463","EAR_EMTM_SEX_CUR_NB","SEX_T","CUR_TYPE_USD","2020",272.513,"B","T30:90_I11:264","R1:3513"
"MEX","BA:463","EAR_EMTM_SEX_CUR_NB","SEX_T","CUR_TYPE_LCU","2019",5537.329,,"T30:90","R1:3513"
"MEX","BA:463","EAR_EMTM_SEX_CUR_NB","SEX_T","CUR_TYPE_PPP","2019",513.956,,"T30:90","R1:3513"
"MEX","BA:463","EAR_EMTM_SEX_CUR_NB","SEX_T","CUR_TYPE_USD","2019",287.45,,"T30:90","R1:3513"
"MEX","BA:463","EAR_EMTM_SEX_CUR_NB","SEX_T","CUR_TYPE_LCU","2018",5160,,"T30:90","R1:3513"
"MEX","BA:463","EAR_EMTM_SEX_CUR_NB","SEX_T","CUR_TYPE_PPP","2018",498.479,,"T30:90","R1:3513"
"MEX","BA:463","EAR_EMTM_SEX_CUR_NB","SEX_T","CUR_TYPE_USD","2018",268.131,,"T30:90","R1:3513"
"MEX","BA:463","EAR_EMTM_SEX_CUR_NB","SEX_T","CUR_TYPE_LCU","2017",5119.325,,"T30:90","R1:3513"
"MEX","BA:463","EAR_EMTM_SEX_CUR_NB","SEX_T","CUR_TYPE_PPP","2017",505.094,,"T30:90","R1:3513"
"MEX","BA:463","EAR_EMTM_SEX_CUR_NB","SEX_T","CUR_TYPE_USD","2017",270.484,,"T30:90","R1:3513"
"MEX","BA:463","EAR_EMTM_SEX_CUR_NB","SEX_T","CUR_TYPE_LCU","2016",4751.706,,"T30:90","R1:3513"
"MEX","BA:463","EAR_EMTM_SEX_CUR_NB","SEX_T","CUR_TYPE_PPP","2016",502.298,,"T30:90","R1:3513"
"MEX","BA:463","EAR_EMTM_SEX_CUR_NB","SEX_T","CUR_TYPE_USD","2016",254.591,,"T30:90","R1:3513"
"MEX","BA:463","EAR_EMTM_SEX_CUR_NB","SEX_T","CUR_TYPE_LCU","2015",4300,,"T30:90","R1:3513"
"MEX","BA:463","EAR_EMTM_SEX_CUR_NB","SEX_T","CUR_TYPE_PPP","2015",455.818,,"T30:90","R1:3513"
"MEX","BA:463","EAR_EMTM_SEX_CUR_NB","SEX_T","CUR_TYPE_USD","2015",271.323,,"T30:90","R1:3513"
"MEX","BA:463","EAR_EMTM_SEX_CUR_NB","SEX_T","CUR_TYPE_LCU","2014",4300,,"T30:90","R1:3513"
"MEX","BA:463","EAR_EMTM_SEX_CUR_NB","SEX_T","CUR_TYPE_PPP","2014",459.715,,"T30:90","R1:3513"
"MEX","BA:463","EAR_EMTM_SEX_CUR_NB","SEX_T","CUR_TYPE_USD","2014",323.492,,"T30:90","R1:3513"
"MEX","BA:463","EAR_EMTM_SEX_CUR_NB","SEX_T","CUR_TYPE_LCU","2013",4300,,"T30:90","R1:3513"
"MEX","BA:463","EAR_EMTM_SEX_CUR_NB","SEX_T","CUR_TYPE_PPP","2013",468.364,,"T30:90","R1:3513"
"MEX","BA:463","EAR_EMTM_SEX_CUR_NB","SEX_T","CUR_TYPE_USD","2013",336.674,,"T30:90","R1:3513"
"MEX","BA:463","EAR_EMTM_SEX_CUR_NB","SEX_T","CUR_TYPE_LCU","2012",4119.127,,"T30:90","R1:3513"
"MEX","BA:463","EAR_EMTM_SEX_CUR_NB","SEX_T","CUR_TYPE_PPP","2012",446.592,,"T30:90","R1:3513"
"MEX","BA:463","EAR_EMTM_SEX_CUR_NB","SEX_T","CUR_TYPE_USD","2012",312.779,,"T30:90","R1:3513"
"MEX","BA:463","EAR_EMTM_SEX_CUR_NB","SEX_T","CUR_TYPE_LCU","2011",4000,,"T30:90","R1:3513"
"MEX","BA:463","EAR_EMTM_SEX_CUR_NB","SEX_T","CUR_TYPE_PPP","2011",447.417,,"T30:90","R1:3513"
"MEX","BA:463","EAR_EMTM_SEX_CUR_NB","SEX_T","CUR_TYPE_USD","2011",321.975,,"T30:90","R1:3513"
"MEX","BA:463","EAR_EMTM_SEX_CUR_NB","SEX_T","CUR_TYPE_LCU","2010",3870,,"T30:90","R1:3513"
"MEX","BA:463","EAR_EMTM_SEX_CUR_NB","SEX_T","CUR_TYPE_PPP","2010",434.143,,"T30:90","R1:3513"
"MEX","BA:463","EAR_EMTM_SEX_CUR_NB","SEX_T","CUR_TYPE_USD","2010",306.268,,"T30:90","R1:3513"
"MEX","BA:463","EAR_EMTM_SEX_CUR_NB","SEX_T","CUR_TYPE_LCU","2009",3870,,"T30:90","R1:3513"
"MEX","BA:463","EAR_EMTM_SEX_CUR_NB","SEX_T","CUR_TYPE_PPP","2009",455.779,,"T30:90","R1:3513"
"MEX","BA:463","EAR_EMTM_SEX_CUR_NB","SEX_T","CUR_TYPE_USD","2009",286.381,,"T30:90","R1:3513"
"MEX","BA:463","EAR_EMTM_SEX_CUR_NB","SEX_T","CUR_TYPE_LCU","2008",3870,,"T30:90","R1:3513"
"MEX","BA:463","EAR_EMTM_SEX_CUR_NB","SEX_T","CUR_TYPE_PPP","2008",474.347,,"T30:90","R1:3513"
"MEX","BA:463","EAR_EMTM_SEX_CUR_NB","SEX_T","CUR_TYPE_USD","2008",347.718,,"T30:90","R1:3513"
"MEX","BA:463","EAR_EMTM_SEX_CUR_NB","SEX_T","CUR_TYPE_LCU","2007",3619.15,"B","T30:90_I11:264","R1:3513"
"MEX","BA:463","EAR_EMTM_SEX_CUR_NB","SEX_T","CUR_TYPE_PPP","2007",457.044,"B","T30:90_I11:264","R1:3513"
"MEX","BA:463","EAR_EMTM_SEX_CUR_NB","SEX_T","CUR_TYPE_USD","2007",331.176,"B","T30:90_I11:264","R1:3513"
"MEX","BA:463","EAR_EMTM_SEX_CUR_NB","SEX_T","CUR_TYPE_LCU","2006",3440,,"T30:90","R1:3513"
"MEX","BA:463","EAR_EMTM_SEX_CUR_NB","SEX_T","CUR_TYPE_PPP","2006",453.709,,"T30:90","R1:3513"
"MEX","BA:463","EAR_EMTM_SEX_CUR_NB","SEX_T","CUR_TYPE_USD","2006",315.618,,"T30:90","R1:3513"
"MEX","BA:463","EAR_EMTM_SEX_CUR_NB","SEX_T","CUR_TYPE_LCU","2005",3234.153,"B","T30:90_I11:264","R1:3513"
"MEX","BA:463","EAR_EMTM_SEX_CUR_NB","SEX_T","CUR_TYPE_PPP","2005",422.857,"B","T30:90_I11:264","R1:3513"
"MEX","BA:463","EAR_EMTM_SEX_CUR_NB","SEX_T","CUR_TYPE_USD","2005",296.769,"B","T30:90_I11:264","R1:3513"
"MEX","BA:463","EAR_EMTM_SEX_CUR_NB","SEX_T","CUR_TYPE_LCU","2004",3010,,"T30:90","R1:3513"
"MEX","BA:463","EAR_EMTM_SEX_CUR_NB","SEX_T","CUR_TYPE_PPP","2004",397.712,,"T30:90","R1:3513"
"MEX","BA:463","EAR_EMTM_SEX_CUR_NB","SEX_T","CUR_TYPE_USD","2004",266.703,,"T30:90","R1:3513"
"MEX","BA:463","EAR_EMTM_SEX_CUR_NB","SEX_T","CUR_TYPE_LCU","2003",3000,,"T30:90","R1:3513"
"MEX","BA:463","EAR_EMTM_SEX_CUR_NB","SEX_T","CUR_TYPE_PPP","2003",418.865,,"T30:90","R1:3513"
"MEX","BA:463","EAR_EMTM_SEX_CUR_NB","SEX_T","CUR_TYPE_USD","2003",278.06,,"T30:90","R1:3513"
"MEX","BA:463","EAR_EMTM_SEX_CUR_NB","SEX_T","CUR_TYPE_LCU","2002",2600,"B","T30:90_I11:264","R1:3513"
"MEX","BA:463","EAR_EMTM_SEX_CUR_NB","SEX_T","CUR_TYPE_PPP","2002",359.236,"B","T30:90_I11:264","R1:3513"
"MEX","BA:463","EAR_EMTM_SEX_CUR_NB","SEX_T","CUR_TYPE_USD","2002",269.264,"B","T30:90_I11:264","R1:3513"
"MHL","BB:14101","EAR_EMTM_SEX_CUR_NB","SEX_T","CUR_TYPE_LCU","2019",600,,"T30:218","R1:3513"
"MHL","BB:14101","EAR_EMTM_SEX_CUR_NB","SEX_T","CUR_TYPE_PPP","2019",603.95,,"T30:218","R1:3513"
"MHL","BB:14101","EAR_EMTM_SEX_CUR_NB","SEX_T","CUR_TYPE_USD","2019",600,,"T30:218","R1:3513"
"MLI","BA:219","EAR_EMTM_SEX_CUR_NB","SEX_T","CUR_TYPE_LCU","2024",70000,,"T30:30","R1:3513"
"MLI","BA:219","EAR_EMTM_SEX_CUR_NB","SEX_T","CUR_TYPE_PPP","2024",363.897,,"T30:30","R1:3513"
"MLI","BA:219","EAR_EMTM_SEX_CUR_NB","SEX_T","CUR_TYPE_USD","2024",115.446,,"T30:30","R1:3513"
"MLI","BA:219","EAR_EMTM_SEX_CUR_NB","SEX_T","CUR_TYPE_LCU","2023",60000,,"T30:30","R1:3513"
"MLI","BA:219","EAR_EMTM_SEX_CUR_NB","SEX_T","CUR_TYPE_PPP","2023",312.69,,"T30:30","R1:3513"
"MLI","BA:219","EAR_EMTM_SEX_CUR_NB","SEX_T","CUR_TYPE_USD","2023",98.917,,"T30:30","R1:3513"
"MLI","BA:219","EAR_EMTM_SEX_CUR_NB","SEX_T","CUR_TYPE_LCU","2022",60000,,"T30:30","R1:3513"
"MLI","BA:219","EAR_EMTM_SEX_CUR_NB","SEX_T","CUR_TYPE_PPP","2022",306.51,,"T30:30","R1:3513"
"MLI","BA:219","EAR_EMTM_SEX_CUR_NB","SEX_T","CUR_TYPE_USD","2022",96.191,,"T30:30","R1:3513"
"MLI","BA:219","EAR_EMTM_SEX_CUR_NB","SEX_T","CUR_TYPE_LCU","2020",50000,,"T30:30","R1:3513"
"MLI","BA:219","EAR_EMTM_SEX_CUR_NB","SEX_T","CUR_TYPE_PPP","2020",261.735,,"T30:30","R1:3513"
"MLI","BA:219","EAR_EMTM_SEX_CUR_NB","SEX_T","CUR_TYPE_USD","2020",86.868,,"T30:30","R1:3513"
"MLI","BB:16232","EAR_EMTM_SEX_CUR_NB","SEX_T","CUR_TYPE_LCU","2019",57866.452,,"T30:30","R1:3513"
"MLI","BB:16232","EAR_EMTM_SEX_CUR_NB","SEX_T","CUR_TYPE_PPP","2019",303.62,,"T30:30","R1:3513"
"MLI","BB:16232","EAR_EMTM_SEX_CUR_NB","SEX_T","CUR_TYPE_USD","2019",98.763,,"T30:30","R1:3513"
"MLI","BA:219","EAR_EMTM_SEX_CUR_NB","SEX_T","CUR_TYPE_LCU","2018",50000,,"T30:30","R1:3513"
"MLI","BA:219","EAR_EMTM_SEX_CUR_NB","SEX_T","CUR_TYPE_PPP","2018",257.307,,"T30:30","R1:3513"
"MLI","BA:219","EAR_EMTM_SEX_CUR_NB","SEX_T","CUR_TYPE_USD","2018",90.018,,"T30:30","R1:3513"
"MLI","BA:219","EAR_EMTM_SEX_CUR_NB","SEX_T","CUR_TYPE_LCU","2017",50000,,"T30:30","R1:3513"
"MLI","BA:219","EAR_EMTM_SEX_CUR_NB","SEX_T","CUR_TYPE_PPP","2017",252.662,,"T30:30","R1:3513"
"MLI","BA:219","EAR_EMTM_SEX_CUR_NB","SEX_T","CUR_TYPE_USD","2017",86.109,,"T30:30","R1:3513"
"MLI","BA:219","EAR_EMTM_SEX_CUR_NB","SEX_T","CUR_TYPE_LCU","2016",50000,,"T30:30","R1:3513"
"MLI","BA:219","EAR_EMTM_SEX_CUR_NB","SEX_T","CUR_TYPE_PPP","2016",253.33,,"T30:30","R1:3513"
"MLI","BA:219","EAR_EMTM_SEX_CUR_NB","SEX_T","CUR_TYPE_USD","2016",84.373,,"T30:30","R1:3513"
"MLI","BA:219","EAR_EMTM_SEX_CUR_NB","SEX_T","CUR_TYPE_LCU","2015",50000,,"T30:30","R1:3513"
"MLI","BA:219","EAR_EMTM_SEX_CUR_NB","SEX_T","CUR_TYPE_PPP","2015",239.404,,"T30:30","R1:3513"
"MLI","BA:219","EAR_EMTM_SEX_CUR_NB","SEX_T","CUR_TYPE_USD","2015",84.572,,"T30:30","R1:3513"
"MLI","BA:219","EAR_EMTM_SEX_CUR_NB","SEX_T","CUR_TYPE_LCU","2014",50000,"B","T30:30_I11:264","R1:3513"
"MLI","BA:219","EAR_EMTM_SEX_CUR_NB","SEX_T","CUR_TYPE_PPP","2014",236.395,"B","T30:30_I11:264","R1:3513"
"MLI","BA:219","EAR_EMTM_SEX_CUR_NB","SEX_T","CUR_TYPE_USD","2014",101.264,"B","T30:30_I11:264","R1:3513"
"MLI","BA:219","EAR_EMTM_SEX_CUR_NB","SEX_T","CUR_TYPE_LCU","2013",35000,"B","T30:30_I11:264","R1:3513"
"MLI","BA:219","EAR_EMTM_SEX_CUR_NB","SEX_T","CUR_TYPE_PPP","2013",162.068,"B","T30:30_I11:264","R1:3513"
"MLI","BA:219","EAR_EMTM_SEX_CUR_NB","SEX_T","CUR_TYPE_USD","2013",70.865,"B","T30:30_I11:264","R1:3513"
"MLT","BB:342","EAR_EMTM_SEX_CUR_NB","SEX_T","CUR_TYPE_LCU","2021",2385.817,"U","T30:192","R1:3513_T2:85"
"MLT","BB:342","EAR_EMTM_SEX_CUR_NB","SEX_T","CUR_TYPE_PPP","2021",3758.315,"U","T30:192","R1:3513_T2:85"
"MLT","BB:342","EAR_EMTM_SEX_CUR_NB","SEX_T","CUR_TYPE_USD","2021",2821.705,"U","T30:192","R1:3513_T2:85"
"MLT","BB:342","EAR_EMTM_SEX_CUR_NB","SEX_T","CUR_TYPE_LCU","2020",1826.747,,"T30:192","R1:3513_T2:85"
"MLT","BB:342","EAR_EMTM_SEX_CUR_NB","SEX_T","CUR_TYPE_PPP","2020",2906.011,,"T30:192","R1:3513_T2:85"
"MLT","BB:342","EAR_EMTM_SEX_CUR_NB","SEX_T","CUR_TYPE_USD","2020",2086.51,,"T30:192","R1:3513_T2:85"
"MLT","BB:342","EAR_EMTM_SEX_CUR_NB","SEX_T","CUR_TYPE_LCU","2019",1813.887,,"T30:192","R1:3513_T2:85"
"MLT","BB:342","EAR_EMTM_SEX_CUR_NB","SEX_T","CUR_TYPE_PPP","2019",2947.339,,"T30:192","R1:3513_T2:85"
"MLT","BB:342","EAR_EMTM_SEX_CUR_NB","SEX_T","CUR_TYPE_USD","2019",2030.646,,"T30:192","R1:3513_T2:85"
"MLT","BB:342","EAR_EMTM_SEX_CUR_NB","SEX_T","CUR_TYPE_LCU","2018",1752.732,,"T30:192","R1:3513_T2:85"
"MLT","BB:342","EAR_EMTM_SEX_CUR_NB","SEX_T","CUR_TYPE_PPP","2018",2744.568,,"T30:192","R1:3513_T2:85"
"MLT","BB:342","EAR_EMTM_SEX_CUR_NB","SEX_T","CUR_TYPE_USD","2018",2069.977,,"T30:192","R1:3513_T2:85"
"MLT","BB:342","EAR_EMTM_SEX_CUR_NB","SEX_T","CUR_TYPE_LCU","2017",1759.761,,"T30:192","R1:3513_T2:85"
"MLT","BB:342","EAR_EMTM_SEX_CUR_NB","SEX_T","CUR_TYPE_PPP","2017",2718.652,,"T30:192","R1:3513_T2:85"
"MLT","BB:342","EAR_EMTM_SEX_CUR_NB","SEX_T","CUR_TYPE_USD","2017",1988.002,,"T30:192","R1:3513_T2:85"
"MLT","BB:342","EAR_EMTM_SEX_CUR_NB","SEX_T","CUR_TYPE_LCU","2016",1696.977,,"T30:192","R1:3513_T2:85"
"MLT","BB:342","EAR_EMTM_SEX_CUR_NB","SEX_T","CUR_TYPE_PPP","2016",2663.402,,"T30:192","R1:3513_T2:85"
"MLT","BB:342","EAR_EMTM_SEX_CUR_NB","SEX_T","CUR_TYPE_USD","2016",1878.384,,"T30:192","R1:3513_T2:85"
"MLT","BB:342","EAR_EMTM_SEX_CUR_NB","SEX_T","CUR_TYPE_LCU","2015",1718.389,,"T30:192","R1:3513_T2:85"
"MLT","BB:342","EAR_EMTM_SEX_CUR_NB","SEX_T","CUR_TYPE_PPP","2015",2630.84,,"T30:192","R1:3513_T2:85"
"MLT","BB:342","EAR_EMTM_SEX_CUR_NB","SEX_T","CUR_TYPE_USD","2015",1906.553,,"T30:192","R1:3513_T2:85"
"MLT","BB:342","EAR_EMTM_SEX_CUR_NB","SEX_T","CUR_TYPE_LCU","2014",1650.593,,"T30:192","R1:3513_T2:85"
"MLT","BB:342","EAR_EMTM_SEX_CUR_NB","SEX_T","CUR_TYPE_PPP","2014",2542.657,,"T30:192","R1:3513_T2:85"
"MLT","BB:342","EAR_EMTM_SEX_CUR_NB","SEX_T","CUR_TYPE_USD","2014",2192.813,,"T30:192","R1:3513_T2:85"
"MLT","BB:342","EAR_EMTM_SEX_CUR_NB","SEX_T","CUR_TYPE_LCU","2013",1591.994,,"T30:192","R1:3513_T2:85"
"MLT","BB:342","EAR_EMTM_SEX_CUR_NB","SEX_T","CUR_TYPE_PPP","2013",2441.335,,"T30:192","R1:3513_T2:85"
"MLT","BB:342","EAR_EMTM_SEX_CUR_NB","SEX_T","CUR_TYPE_USD","2013",2114.327,,"T30:192","R1:3513_T2:85"
"MLT","BB:342","EAR_EMTM_SEX_CUR_NB","SEX_T","CUR_TYPE_LCU","2012",1526.469,,"T30:192","R1:3513_T2:85"
"MLT","BB:342","EAR_EMTM_SEX_CUR_NB","SEX_T","CUR_TYPE_PPP","2012",2367.764,,"T30:192","R1:3513_T2:85"
"MLT","BB:342","EAR_EMTM_SEX_CUR_NB","SEX_T","CUR_TYPE_USD","2012",1961.208,,"T30:192","R1:3513_T2:85"
"MLT","BB:342","EAR_EMTM_SEX_CUR_NB","SEX_T","CUR_TYPE_LCU","2011",1510.211,,"T30:192","R1:3513_T2:85"
"MLT","BB:342","EAR_EMTM_SEX_CUR_NB","SEX_T","CUR_TYPE_PPP","2011",2363.757,,"T30:192","R1:3513_T2:85"
"MLT","BB:342","EAR_EMTM_SEX_CUR_NB","SEX_T","CUR_TYPE_USD","2011",2102.214,,"T30:192","R1:3513_T2:85"
"MLT","BB:342","EAR_EMTM_SEX_CUR_NB","SEX_T","CUR_TYPE_LCU","2010",1457.656,,"T30:192","R1:3513_T2:85"
"MLT","BB:342","EAR_EMTM_SEX_CUR_NB","SEX_T","CUR_TYPE_PPP","2010",2280.813,,"T30:192","R1:3513_T2:85"
"MLT","BB:342","EAR_EMTM_SEX_CUR_NB","SEX_T","CUR_TYPE_USD","2010",1932.415,,"T30:192","R1:3513_T2:85"
"MLT","BB:342","EAR_EMTM_SEX_CUR_NB","SEX_T","CUR_TYPE_LCU","2009",1441.437,,"T30:192","R1:3513_T2:85"
"MLT","BB:342","EAR_EMTM_SEX_CUR_NB","SEX_T","CUR_TYPE_PPP","2009",2211.861,,"T30:192","R1:3513_T2:85"
"MLT","BB:342","EAR_EMTM_SEX_CUR_NB","SEX_T","CUR_TYPE_USD","2009",2010.516,,"T30:192","R1:3513_T2:85"
"MLT","BB:342","EAR_EMTM_SEX_CUR_NB","SEX_T","CUR_TYPE_LCU","2008",1348.115,,"T30:320","R1:3513_T2:85"
"MLT","BB:342","EAR_EMTM_SEX_CUR_NB","SEX_T","CUR_TYPE_LCU","2007",1250.565,,"T30:320","R1:3513_T2:85"
"MMR","BA:7009","EAR_EMTM_SEX_CUR_NB","SEX_T","CUR_TYPE_LCU","2020",180000,,"T30:139","R1:3513_S3:6"
"MMR","BA:7009","EAR_EMTM_SEX_CUR_NB","SEX_T","CUR_TYPE_PPP","2020",413.31,,"T30:139","R1:3513_S3:6"
"MMR","BA:7009","EAR_EMTM_SEX_CUR_NB","SEX_T","CUR_TYPE_USD","2020",130.282,,"T30:139","R1:3513_S3:6"
"MMR","BA:7009","EAR_EMTM_SEX_CUR_NB","SEX_T","CUR_TYPE_LCU","2019",200000,,"T30:139","R1:3513"
"MMR","BA:7009","EAR_EMTM_SEX_CUR_NB","SEX_T","CUR_TYPE_PPP","2019",468.041,,"T30:139","R1:3513"
"MMR","BA:7009","EAR_EMTM_SEX_CUR_NB","SEX_T","CUR_TYPE_USD","2019",131.73,,"T30:139","R1:3513"
"MMR","BA:7009","EAR_EMTM_SEX_CUR_NB","SEX_T","CUR_TYPE_LCU","2018",180000,,"T30:139","R1:3513"
"MMR","BA:7009","EAR_EMTM_SEX_CUR_NB","SEX_T","CUR_TYPE_PPP","2018",432.168,,"T30:139","R1:3513"
"MMR","BA:7009","EAR_EMTM_SEX_CUR_NB","SEX_T","CUR_TYPE_USD","2018",125.891,,"T30:139","R1:3513"
"MMR","BA:7009","EAR_EMTM_SEX_CUR_NB","SEX_T","CUR_TYPE_LCU","2017",150000,"B","T30:139_I11:264","R1:3513"
"MMR","BA:7009","EAR_EMTM_SEX_CUR_NB","SEX_T","CUR_TYPE_PPP","2017",369.757,"B","T30:139_I11:264","R1:3513"
"MMR","BA:7009","EAR_EMTM_SEX_CUR_NB","SEX_T","CUR_TYPE_USD","2017",110.265,"B","T30:139_I11:264","R1:3513"
"MMR","BA:7009","EAR_EMTM_SEX_CUR_NB","SEX_T","CUR_TYPE_LCU","2015",91250,"B","T30:139_I11:264","R1:3513"
"MMR","BA:7009","EAR_EMTM_SEX_CUR_NB","SEX_T","CUR_TYPE_PPP","2015",257.802,"B","T30:139_I11:264","R1:3513"
"MMR","BA:7009","EAR_EMTM_SEX_CUR_NB","SEX_T","CUR_TYPE_USD","2015",78.487,"B","T30:139_I11:264","R1:3513"
"MNG","BA:702","EAR_EMTM_SEX_CUR_NB","SEX_T","CUR_TYPE_LCU","2025",1800000,,"T30:138","R1:3513"
"MNG","BA:702","EAR_EMTM_SEX_CUR_NB","SEX_T","CUR_TYPE_PPP","2025",1524.487,,"T30:138","R1:3513"
"MNG","BA:702","EAR_EMTM_SEX_CUR_NB","SEX_T","CUR_TYPE_USD","2025",507.737,,"T30:138","R1:3513"
"MNG","BA:702","EAR_EMTM_SEX_CUR_NB","SEX_T","CUR_TYPE_LCU","2024",1500000,,"T30:138","R1:3513"
"MNG","BA:702","EAR_EMTM_SEX_CUR_NB","SEX_T","CUR_TYPE_PPP","2024",1343.479,,"T30:138","R1:3513"
"MNG","BA:702","EAR_EMTM_SEX_CUR_NB","SEX_T","CUR_TYPE_USD","2024",442.48,,"T30:138","R1:3513"
"MNG","BA:702","EAR_EMTM_SEX_CUR_NB","SEX_T","CUR_TYPE_LCU","2023",1050000,,"T30:138","R1:3513"
"MNG","BA:702","EAR_EMTM_SEX_CUR_NB","SEX_T","CUR_TYPE_PPP","2023",970.108,,"T30:138","R1:3513"
"MNG","BA:702","EAR_EMTM_SEX_CUR_NB","SEX_T","CUR_TYPE_USD","2023",302.966,,"T30:138","R1:3513"
"MNG","BA:702","EAR_EMTM_SEX_CUR_NB","SEX_T","CUR_TYPE_LCU","2022",900000,,"T30:138","R1:3513"
"MNG","BA:702","EAR_EMTM_SEX_CUR_NB","SEX_T","CUR_TYPE_PPP","2022",881.287,,"T30:138","R1:3513"
"MNG","BA:702","EAR_EMTM_SEX_CUR_NB","SEX_T","CUR_TYPE_USD","2022",286.562,,"T30:138","R1:3513"
"MNG","BA:702","EAR_EMTM_SEX_CUR_NB","SEX_T","CUR_TYPE_LCU","2021",800000,,"T30:138","R1:3513"
"MNG","BA:702","EAR_EMTM_SEX_CUR_NB","SEX_T","CUR_TYPE_PPP","2021",835.213,,"T30:138","R1:3513"
"MNG","BA:702","EAR_EMTM_SEX_CUR_NB","SEX_T","CUR_TYPE_USD","2021",280.772,,"T30:138","R1:3513"
"MNG","BA:702","EAR_EMTM_SEX_CUR_NB","SEX_T","CUR_TYPE_LCU","2020",750000,,"T30:138","R1:3513"
"MNG","BA:702","EAR_EMTM_SEX_CUR_NB","SEX_T","CUR_TYPE_PPP","2020",804.184,,"T30:138","R1:3513"
"MNG","BA:702","EAR_EMTM_SEX_CUR_NB","SEX_T","CUR_TYPE_USD","2020",266.592,,"T30:138","R1:3513"
"MNG","BA:702","EAR_EMTM_SEX_CUR_NB","SEX_T","CUR_TYPE_LCU","2019",700000,"B","T30:138_I11:264","R1:3513"
"MNG","BA:702","EAR_EMTM_SEX_CUR_NB","SEX_T","CUR_TYPE_PPP","2019",731.266,"B","T30:138_I11:264","R1:3513"
"MNG","BA:702","EAR_EMTM_SEX_CUR_NB","SEX_T","CUR_TYPE_USD","2019",262.808,"B","T30:138_I11:264","R1:3513"
"MNG","BB:7019","EAR_EMTM_SEX_CUR_NB","SEX_T","CUR_TYPE_LCU","2018",500000,,"T30:138","R1:3513"
"MNG","BB:7019","EAR_EMTM_SEX_CUR_NB","SEX_T","CUR_TYPE_PPP","2018",539.735,,"T30:138","R1:3513"
"MNG","BB:7019","EAR_EMTM_SEX_CUR_NB","SEX_T","CUR_TYPE_USD","2018",202.226,,"T30:138","R1:3513"
"MNG","BB:7019","EAR_EMTM_SEX_CUR_NB","SEX_T","CUR_TYPE_LCU","2017",500000,,"T30:138","R1:3513"
"MNG","BB:7019","EAR_EMTM_SEX_CUR_NB","SEX_T","CUR_TYPE_PPP","2017",557.971,,"T30:138","R1:3513"
"MNG","BB:7019","EAR_EMTM_SEX_CUR_NB","SEX_T","CUR_TYPE_USD","2017",204.937,,"T30:138","R1:3513"
"MNG","BB:7019","EAR_EMTM_SEX_CUR_NB","SEX_T","CUR_TYPE_LCU","2016",500000,,"T30:138","R1:3513"
"MNG","BB:7019","EAR_EMTM_SEX_CUR_NB","SEX_T","CUR_TYPE_PPP","2016",599.402,,"T30:138","R1:3513"
"MNG","BB:7019","EAR_EMTM_SEX_CUR_NB","SEX_T","CUR_TYPE_USD","2016",233.613,,"T30:138","R1:3513"
"MNG","BB:7019","EAR_EMTM_SEX_CUR_NB","SEX_T","CUR_TYPE_LCU","2015",500000,,"T30:138","R1:3513"
"MNG","BB:7019","EAR_EMTM_SEX_CUR_NB","SEX_T","CUR_TYPE_PPP","2015",608.805,,"T30:138","R1:3513"
"MNG","BB:7019","EAR_EMTM_SEX_CUR_NB","SEX_T","CUR_TYPE_USD","2015",253.767,,"T30:138","R1:3513"
"MNG","BB:7019","EAR_EMTM_SEX_CUR_NB","SEX_T","CUR_TYPE_LCU","2014",500000,,"T30:138","R1:3513"
"MNG","BB:7019","EAR_EMTM_SEX_CUR_NB","SEX_T","CUR_TYPE_PPP","2014",617.706,,"T30:138","R1:3513"
"MNG","BB:7019","EAR_EMTM_SEX_CUR_NB","SEX_T","CUR_TYPE_USD","2014",275.037,,"T30:138","R1:3513"
"MNG","BB:7019","EAR_EMTM_SEX_CUR_NB","SEX_T","CUR_TYPE_LCU","2013",400000,,"T30:138","R1:3513"
"MNG","BB:7019","EAR_EMTM_SEX_CUR_NB","SEX_T","CUR_TYPE_PPP","2013",549.411,,"T30:138","R1:3513"
"MNG","BB:7019","EAR_EMTM_SEX_CUR_NB","SEX_T","CUR_TYPE_USD","2013",262.48,,"T30:138","R1:3513"
"MNG","BB:7019","EAR_EMTM_SEX_CUR_NB","SEX_T","CUR_TYPE_LCU","2012",350000,,"T30:138","R1:3513"
"MNG","BB:7019","EAR_EMTM_SEX_CUR_NB","SEX_T","CUR_TYPE_PPP","2012",548.302,,"T30:138","R1:3513"
"MNG","BB:7019","EAR_EMTM_SEX_CUR_NB","SEX_T","CUR_TYPE_USD","2012",257.812,,"T30:138","R1:3513"
"MNG","BB:7019","EAR_EMTM_SEX_CUR_NB","SEX_T","CUR_TYPE_LCU","2011",297500,,"T30:138","R1:3513"
"MNG","BB:7019","EAR_EMTM_SEX_CUR_NB","SEX_T","CUR_TYPE_PPP","2011",512.368,,"T30:138","R1:3513"
"MNG","BB:7019","EAR_EMTM_SEX_CUR_NB","SEX_T","CUR_TYPE_USD","2011",235.082,,"T30:138","R1:3513"
"MNG","BB:7019","EAR_EMTM_SEX_CUR_NB","SEX_T","CUR_TYPE_LCU","2010",233333.328,,"T30:138","R1:3513"
"MNG","BB:7019","EAR_EMTM_SEX_CUR_NB","SEX_T","CUR_TYPE_PPP","2010",422.326,,"T30:138","R1:3513"
"MNG","BB:7019","EAR_EMTM_SEX_CUR_NB","SEX_T","CUR_TYPE_USD","2010",171.94,,"T30:138","R1:3513"
"MNG","BB:7019","EAR_EMTM_SEX_CUR_NB","SEX_T","CUR_TYPE_LCU","2009",210000,,"T30:138","R1:3513"
"MNG","BB:7019","EAR_EMTM_SEX_CUR_NB","SEX_T","CUR_TYPE_PPP","2009",411.529,,"T30:138","R1:3513"
"MNG","BB:7019","EAR_EMTM_SEX_CUR_NB","SEX_T","CUR_TYPE_USD","2009",146.057,,"T30:138","R1:3513"
"MOZ","BB:8363","EAR_EMTM_SEX_CUR_NB","SEX_T","CUR_TYPE_LCU","2022",7500,,"T30:34","R1:3513"
"MOZ","BB:8363","EAR_EMTM_SEX_CUR_NB","SEX_T","CUR_TYPE_PPP","2022",310.93,,"T30:34","R1:3513"
"MOZ","BB:8363","EAR_EMTM_SEX_CUR_NB","SEX_T","CUR_TYPE_USD","2022",117.461,,"T30:34","R1:3513"
"MRT","BB:16077","EAR_EMTM_SEX_CUR_NB","SEX_T","CUR_TYPE_LCU","2019",45000,,"T30:398","R1:3513"
"MUS","BA:82","EAR_EMTM_SEX_CUR_NB","SEX_T","CUR_TYPE_LCU","2024",25000,,"T30:33","R1:3513_T2:85"
"MUS","BA:82","EAR_EMTM_SEX_CUR_NB","SEX_T","CUR_TYPE_PPP","2024",1255.251,,"T30:33","R1:3513_T2:85"
"MUS","BA:82","EAR_EMTM_SEX_CUR_NB","SEX_T","CUR_TYPE_USD","2024",538.623,,"T30:33","R1:3513_T2:85"
"MUS","BA:82","EAR_EMTM_SEX_CUR_NB","SEX_T","CUR_TYPE_LCU","2023",15000,,"T30:33","R1:3513_T2:85"
"MUS","BA:82","EAR_EMTM_SEX_CUR_NB","SEX_T","CUR_TYPE_PPP","2023",757.942,,"T30:33","R1:3513_T2:85"
"MUS","BA:82","EAR_EMTM_SEX_CUR_NB","SEX_T","CUR_TYPE_USD","2023",331.366,,"T30:33","R1:3513_T2:85"
"MUS","BA:82","EAR_EMTM_SEX_CUR_NB","SEX_T","CUR_TYPE_LCU","2022",18000,,"T30:33","R1:3513_T2:85"
"MUS","BA:82","EAR_EMTM_SEX_CUR_NB","SEX_T","CUR_TYPE_PPP","2022",935.185,,"T30:33","R1:3513_T2:85"
"MUS","BA:82","EAR_EMTM_SEX_CUR_NB","SEX_T","CUR_TYPE_USD","2022",407.399,,"T30:33","R1:3513_T2:85"
"MUS","BA:82","EAR_EMTM_SEX_CUR_NB","SEX_T","CUR_TYPE_LCU","2021",16000,,"T30:33","R1:3513_T2:85"
"MUS","BA:82","EAR_EMTM_SEX_CUR_NB","SEX_T","CUR_TYPE_PPP","2021",852.603,,"T30:33","R1:3513_T2:85"
"MUS","BA:82","EAR_EMTM_SEX_CUR_NB","SEX_T","CUR_TYPE_USD","2021",383.765,,"T30:33","R1:3513_T2:85"
"MUS","BA:82","EAR_EMTM_SEX_CUR_NB","SEX_T","CUR_TYPE_LCU","2020",15000,"B","T30:33_I11:264","R1:3513_T2:85_T3:94"
"MUS","BA:82","EAR_EMTM_SEX_CUR_NB","SEX_T","CUR_TYPE_PPP","2020",805.284,"B","T30:33_I11:264","R1:3513_T2:85_T3:94"
"MUS","BA:82","EAR_EMTM_SEX_CUR_NB","SEX_T","CUR_TYPE_USD","2020",381.224,"B","T30:33_I11:264","R1:3513_T2:85_T3:94"
"MUS","BA:82","EAR_EMTM_SEX_CUR_NB","SEX_T","CUR_TYPE_LCU","2019",15000,,"T30:33","R1:3513_T2:85"
"MUS","BA:82","EAR_EMTM_SEX_CUR_NB","SEX_T","CUR_TYPE_PPP","2019",812.629,,"T30:33","R1:3513_T2:85"
"MUS","BA:82","EAR_EMTM_SEX_CUR_NB","SEX_T","CUR_TYPE_USD","2019",422.851,,"T30:33","R1:3513_T2:85"
"MUS","BA:82","EAR_EMTM_SEX_CUR_NB","SEX_T","CUR_TYPE_LCU","2018",16000,,"T30:33","R1:3513_T2:85"
"MUS","BA:82","EAR_EMTM_SEX_CUR_NB","SEX_T","CUR_TYPE_PPP","2018",856.055,,"T30:33","R1:3513_T2:85"
"MUS","BA:82","EAR_EMTM_SEX_CUR_NB","SEX_T","CUR_TYPE_USD","2018",471.497,,"T30:33","R1:3513_T2:85"
"MUS","BA:82","EAR_EMTM_SEX_CUR_NB","SEX_T","CUR_TYPE_LCU","2017",15000,,"T30:33","R1:3513_T2:85"
"MUS","BA:82","EAR_EMTM_SEX_CUR_NB","SEX_T","CUR_TYPE_PPP","2017",819.771,,"T30:33","R1:3513_T2:85"
"MUS","BA:82","EAR_EMTM_SEX_CUR_NB","SEX_T","CUR_TYPE_USD","2017",435.017,,"T30:33","R1:3513_T2:85"
"MUS","BA:82","EAR_EMTM_SEX_CUR_NB","SEX_T","CUR_TYPE_LCU","2016",14200,,"T30:33","R1:3513_T2:85"
"MUS","BA:82","EAR_EMTM_SEX_CUR_NB","SEX_T","CUR_TYPE_PPP","2016",786.883,,"T30:33","R1:3513_T2:85"
"MUS","BA:82","EAR_EMTM_SEX_CUR_NB","SEX_T","CUR_TYPE_USD","2016",399.529,,"T30:33","R1:3513_T2:85"
"MUS","BA:82","EAR_EMTM_SEX_CUR_NB","SEX_T","CUR_TYPE_LCU","2015",14000,,"T30:33","R1:3513_T2:85"
"MUS","BA:82","EAR_EMTM_SEX_CUR_NB","SEX_T","CUR_TYPE_PPP","2015",755.312,,"T30:33","R1:3513_T2:85"
"MUS","BA:82","EAR_EMTM_SEX_CUR_NB","SEX_T","CUR_TYPE_USD","2015",399.353,,"T30:33","R1:3513_T2:85"
"MUS","BA:82","EAR_EMTM_SEX_CUR_NB","SEX_T","CUR_TYPE_LCU","2014",13000,,"T30:33","R1:3513_T2:85"
"MUS","BA:82","EAR_EMTM_SEX_CUR_NB","SEX_T","CUR_TYPE_PPP","2014",696.31,,"T30:33","R1:3513_T2:85"
"MUS","BA:82","EAR_EMTM_SEX_CUR_NB","SEX_T","CUR_TYPE_USD","2014",424.537,,"T30:33","R1:3513_T2:85"
"MUS","BA:82","EAR_EMTM_SEX_CUR_NB","SEX_T","CUR_TYPE_LCU","2013",11750,,"T30:33","R1:3513_T2:85"
"MUS","BA:82","EAR_EMTM_SEX_CUR_NB","SEX_T","CUR_TYPE_PPP","2013",634.316,,"T30:33","R1:3513_T2:85"
"MUS","BA:82","EAR_EMTM_SEX_CUR_NB","SEX_T","CUR_TYPE_USD","2013",382.719,,"T30:33","R1:3513_T2:85"
"MUS","BA:82","EAR_EMTM_SEX_CUR_NB","SEX_T","CUR_TYPE_LCU","2012",10800,,"T30:33","R1:3513_T2:85"
"MUS","BA:82","EAR_EMTM_SEX_CUR_NB","SEX_T","CUR_TYPE_PPP","2012",595.872,,"T30:33","R1:3513_T2:85"
"MUS","BA:82","EAR_EMTM_SEX_CUR_NB","SEX_T","CUR_TYPE_USD","2012",359.401,,"T30:33","R1:3513_T2:85"
"MUS","BA:82","EAR_EMTM_SEX_CUR_NB","SEX_T","CUR_TYPE_LCU","2011",10000,,"T30:33","R1:3513_T2:85"
"MUS","BA:82","EAR_EMTM_SEX_CUR_NB","SEX_T","CUR_TYPE_PPP","2011",538.931,,"T30:33","R1:3513_T2:85"
"MUS","BA:82","EAR_EMTM_SEX_CUR_NB","SEX_T","CUR_TYPE_USD","2011",348.36,,"T30:33","R1:3513_T2:85"
"MUS","BA:82","EAR_EMTM_SEX_CUR_NB","SEX_T","CUR_TYPE_LCU","2010",10000,,"T30:33","R1:3513_T2:85"
"MUS","BA:82","EAR_EMTM_SEX_CUR_NB","SEX_T","CUR_TYPE_PPP","2010",556.514,,"T30:33","R1:3513_T2:85"
"MUS","BA:82","EAR_EMTM_SEX_CUR_NB","SEX_T","CUR_TYPE_USD","2010",324.84,,"T30:33","R1:3513_T2:85"
"MUS","BA:82","EAR_EMTM_SEX_CUR_NB","SEX_T","CUR_TYPE_LCU","2009",9000,,"T30:33","R1:3513_T2:85"
"MUS","BA:82","EAR_EMTM_SEX_CUR_NB","SEX_T","CUR_TYPE_PPP","2009",507.231,,"T30:33","R1:3513_T2:85"
"MUS","BA:82","EAR_EMTM_SEX_CUR_NB","SEX_T","CUR_TYPE_USD","2009",281.604,,"T30:33","R1:3513_T2:85"
"MUS","BA:82","EAR_EMTM_SEX_CUR_NB","SEX_T","CUR_TYPE_LCU","2008",8400,,"T30:33","R1:3513_T2:85"
"MUS","BA:82","EAR_EMTM_SEX_CUR_NB","SEX_T","CUR_TYPE_PPP","2008",487.059,,"T30:33","R1:3513_T2:85"
"MUS","BA:82","EAR_EMTM_SEX_CUR_NB","SEX_T","CUR_TYPE_USD","2008",295.225,,"T30:33","R1:3513_T2:85"
"MUS","BA:82","EAR_EMTM_SEX_CUR_NB","SEX_T","CUR_TYPE_LCU","2007",8000,,"T30:33","R1:3513_T2:85"
"MUS","BA:82","EAR_EMTM_SEX_CUR_NB","SEX_T","CUR_TYPE_PPP","2007",490.191,,"T30:33","R1:3513_T2:85"
"MUS","BA:82","EAR_EMTM_SEX_CUR_NB","SEX_T","CUR_TYPE_USD","2007",255.48,,"T30:33","R1:3513_T2:85"
"MUS","BA:82","EAR_EMTM_SEX_CUR_NB","SEX_T","CUR_TYPE_LCU","2006",7400,,"T30:33","R1:3513_T2:85"
"MUS","BA:82","EAR_EMTM_SEX_CUR_NB","SEX_T","CUR_TYPE_PPP","2006",479.766,,"T30:33","R1:3513_T2:85"
"MUS","BA:82","EAR_EMTM_SEX_CUR_NB","SEX_T","CUR_TYPE_USD","2006",233.379,,"T30:33","R1:3513_T2:85"
"MUS","BA:82","EAR_EMTM_SEX_CUR_NB","SEX_T","CUR_TYPE_LCU","2005",7000,,"T30:33","R1:3513_T2:85"
"MUS","BA:82","EAR_EMTM_SEX_CUR_NB","SEX_T","CUR_TYPE_PPP","2005",478.838,,"T30:33","R1:3513_T2:85"
"MUS","BA:82","EAR_EMTM_SEX_CUR_NB","SEX_T","CUR_TYPE_USD","2005",237.318,,"T30:33","R1:3513_T2:85"
"MUS","BA:82","EAR_EMTM_SEX_CUR_NB","SEX_T","CUR_TYPE_LCU","2004",6500,,"T30:33","R1:3513_T2:85"
"MUS","BA:82","EAR_EMTM_SEX_CUR_NB","SEX_T","CUR_TYPE_PPP","2004",451.277,,"T30:33","R1:3513_T2:85"
"MUS","BA:82","EAR_EMTM_SEX_CUR_NB","SEX_T","CUR_TYPE_USD","2004",236.376,,"T30:33","R1:3513_T2:85"
"MUS","BA:82","EAR_EMTM_SEX_CUR_NB","SEX_T","CUR_TYPE_LCU","2003",6000,"B","T30:33_I11:264","R1:3513_T2:85"
"MUS","BA:82","EAR_EMTM_SEX_CUR_NB","SEX_T","CUR_TYPE_PPP","2003",424.812,"B","T30:33_I11:264","R1:3513_T2:85"
"MUS","BA:82","EAR_EMTM_SEX_CUR_NB","SEX_T","CUR_TYPE_USD","2003",215.042,"B","T30:33_I11:264","R1:3513_T2:85"
"MUS","BA:82","EAR_EMTM_SEX_CUR_NB","SEX_T","CUR_TYPE_LCU","2002",5842.322,,"T30:33","R1:3513_T2:85"
"MUS","BA:82","EAR_EMTM_SEX_CUR_NB","SEX_T","CUR_TYPE_PPP","2002",420.326,,"T30:33","R1:3513_T2:85"
"MUS","BA:82","EAR_EMTM_SEX_CUR_NB","SEX_T","CUR_TYPE_USD","2002",194.991,,"T30:33","R1:3513_T2:85"
"MUS","BA:82","EAR_EMTM_SEX_CUR_NB","SEX_T","CUR_TYPE_LCU","2001",5246.824,"B","T30:33_I11:264","R1:3513_T2:85"
"MUS","BA:82","EAR_EMTM_SEX_CUR_NB","SEX_T","CUR_TYPE_PPP","2001",395.443,"B","T30:33_I11:264","R1:3513_T2:85"
"MUS","BA:82","EAR_EMTM_SEX_CUR_NB","SEX_T","CUR_TYPE_USD","2001",180.122,"B","T30:33_I11:264","R1:3513_T2:85"
"MWI","BA:1448","EAR_EMTM_SEX_CUR_NB","SEX_T","CUR_TYPE_LCU","2013",10000,"B","T30:29_I11:264","R1:3513"
"MWI","BA:1448","EAR_EMTM_SEX_CUR_NB","SEX_T","CUR_TYPE_PPP","2013",84.095,"B","T30:29_I11:264","R1:3513"
"MWI","BA:1448","EAR_EMTM_SEX_CUR_NB","SEX_T","CUR_TYPE_USD","2013",27.442,"B","T30:29_I11:264","R1:3513"
"NAM","BA:1468","EAR_EMTM_SEX_CUR_NB","SEX_T","CUR_TYPE_LCU","2018",2800,,"T30:35","R1:3513"
"NAM","BA:1468","EAR_EMTM_SEX_CUR_NB","SEX_T","CUR_TYPE_PPP","2018",390.262,,"T30:35","R1:3513"
"NAM","BA:1468","EAR_EMTM_SEX_CUR_NB","SEX_T","CUR_TYPE_USD","2018",211.577,,"T30:35","R1:3513"
"NAM","BA:1468","EAR_EMTM_SEX_CUR_NB","SEX_T","CUR_TYPE_LCU","2016",2700,,"T30:35","R1:3513"
"NAM","BA:1468","EAR_EMTM_SEX_CUR_NB","SEX_T","CUR_TYPE_PPP","2016",412.582,,"T30:35","R1:3513"
"NAM","BA:1468","EAR_EMTM_SEX_CUR_NB","SEX_T","CUR_TYPE_USD","2016",183.564,,"T30:35","R1:3513"
"NAM","BA:1468","EAR_EMTM_SEX_CUR_NB","SEX_T","CUR_TYPE_LCU","2014",2400,,"T30:35","R1:3513"
"NAM","BA:1468","EAR_EMTM_SEX_CUR_NB","SEX_T","CUR_TYPE_PPP","2014",400.552,,"T30:35","R1:3513"
"NAM","BA:1468","EAR_EMTM_SEX_CUR_NB","SEX_T","CUR_TYPE_USD","2014",221.343,,"T30:35","R1:3513"
"NAM","BA:1468","EAR_EMTM_SEX_CUR_NB","SEX_T","CUR_TYPE_LCU","2013",2400,,"T30:35","R1:3513"
"NAM","BA:1468","EAR_EMTM_SEX_CUR_NB","SEX_T","CUR_TYPE_PPP","2013",420.053,,"T30:35","R1:3513"
"NAM","BA:1468","EAR_EMTM_SEX_CUR_NB","SEX_T","CUR_TYPE_USD","2013",246.152,,"T30:35","R1:3513"
"NAM","BA:1468","EAR_EMTM_SEX_CUR_NB","SEX_T","CUR_TYPE_LCU","2012",2000,"B","T30:35_I11:264","R1:3513"
"NAM","BA:1468","EAR_EMTM_SEX_CUR_NB","SEX_T","CUR_TYPE_PPP","2012",370.832,"B","T30:35_I11:264","R1:3513"
"NAM","BA:1468","EAR_EMTM_SEX_CUR_NB","SEX_T","CUR_TYPE_USD","2012",244.088,"B","T30:35_I11:264","R1:3513"
"NCL","BA:15961","EAR_EMTM_SEX_CUR_NB","SEX_T","CUR_TYPE_LCU","2017",192000,,"T30:224","R1:3513"
"NCL","BA:15961","EAR_EMTM_SEX_CUR_NB","SEX_T","CUR_TYPE_PPP","2017",1521.347,,"T30:224","R1:3513"
"NCL","BA:15961","EAR_EMTM_SEX_CUR_NB","SEX_T","CUR_TYPE_USD","2017",1817.612,,"T30:224","R1:3513"
"NER","BB:13367","EAR_EMTM_SEX_CUR_NB","SEX_T","CUR_TYPE_LCU","2022",50000,,"T30:36","R1:3513"
"NER","BB:13367","EAR_EMTM_SEX_CUR_NB","SEX_T","CUR_TYPE_PPP","2022",245.952,,"T30:36","R1:3513"
"NER","BB:13367","EAR_EMTM_SEX_CUR_NB","SEX_T","CUR_TYPE_USD","2022",80.159,,"T30:36","R1:3513"
"NER","BB:13367","EAR_EMTM_SEX_CUR_NB","SEX_T","CUR_TYPE_LCU","2019",55988.962,,"T30:36","R1:3513"
"NER","BB:13367","EAR_EMTM_SEX_CUR_NB","SEX_T","CUR_TYPE_PPP","2019",249.399,,"T30:36","R1:3513"
"NER","BB:13367","EAR_EMTM_SEX_CUR_NB","SEX_T","CUR_TYPE_USD","2019",95.559,,"T30:36","R1:3513"
"NER","BB:13367","EAR_EMTM_SEX_CUR_NB","SEX_T","CUR_TYPE_LCU","2014",70000,,"T30:36","R1:3513"
"NER","BB:13367","EAR_EMTM_SEX_CUR_NB","SEX_T","CUR_TYPE_PPP","2014",296.131,,"T30:36","R1:3513"
"NER","BB:13367","EAR_EMTM_SEX_CUR_NB","SEX_T","CUR_TYPE_USD","2014",141.77,,"T30:36","R1:3513"
"NER","BA:14071","EAR_EMTM_SEX_CUR_NB","SEX_T","CUR_TYPE_LCU","2012",64000,"B","T30:36_I11:264","R1:3513"
"NER","BA:14071","EAR_EMTM_SEX_CUR_NB","SEX_T","CUR_TYPE_PPP","2012",282.694,"B","T30:36_I11:264","R1:3513"
"NER","BA:14071","EAR_EMTM_SEX_CUR_NB","SEX_T","CUR_TYPE_USD","2012",125.354,"B","T30:36_I11:264","R1:3513"
"NER","BB:13367","EAR_EMTM_SEX_CUR_NB","SEX_T","CUR_TYPE_LCU","2011",25000,"B","T30:36_I11:264","R1:3513"
"NER","BB:13367","EAR_EMTM_SEX_CUR_NB","SEX_T","CUR_TYPE_PPP","2011",108.499,"B","T30:36_I11:264","R1:3513"
"NER","BB:13367","EAR_EMTM_SEX_CUR_NB","SEX_T","CUR_TYPE_USD","2011",53.051,"B","T30:36_I11:264","R1:3513"
"NGA","BX:7338","EAR_EMTM_SEX_CUR_NB","SEX_T","CUR_TYPE_LCU","2024",50000,,"T30:37","R1:3513"
"NGA","BX:7338","EAR_EMTM_SEX_CUR_NB","SEX_T","CUR_TYPE_PPP","2024",188.295,,"T30:37","R1:3513"
"NGA","BX:7338","EAR_EMTM_SEX_CUR_NB","SEX_T","CUR_TYPE_USD","2024",33.807,,"T30:37","R1:3513"
"NGA","BB:16750","EAR_EMTM_SEX_CUR_NB","SEX_T","CUR_TYPE_LCU","2019",30000,,"T30:37","R1:3513"
"NGA","BB:16750","EAR_EMTM_SEX_CUR_NB","SEX_T","CUR_TYPE_PPP","2019",226.523,,"T30:37","R1:3513"
"NGA","BB:16750","EAR_EMTM_SEX_CUR_NB","SEX_T","CUR_TYPE_USD","2019",97.745,,"T30:37","R1:3513"
"NGA","BX:7338","EAR_EMTM_SEX_CUR_NB","SEX_T","CUR_TYPE_LCU","2013",35000,,"T30:37","R1:3513"
"NGA","BX:7338","EAR_EMTM_SEX_CUR_NB","SEX_T","CUR_TYPE_PPP","2013",381.205,,"T30:37","R1:3513"
"NGA","BX:7338","EAR_EMTM_SEX_CUR_NB","SEX_T","CUR_TYPE_USD","2013",222.488,,"T30:37","R1:3513"
"NGA","BX:7338","EAR_EMTM_SEX_CUR_NB","SEX_T","CUR_TYPE_LCU","2011",25000,"B","T30:37_I11:264","R1:3513"
"NGA","BX:7338","EAR_EMTM_SEX_CUR_NB","SEX_T","CUR_TYPE_PPP","2011",299.103,"B","T30:37_I11:264","R1:3513"
"NGA","BX:7338","EAR_EMTM_SEX_CUR_NB","SEX_T","CUR_TYPE_USD","2011",162.483,"B","T30:37_I11:264","R1:3513"
"NIC","BB:5868","EAR_EMTM_SEX_CUR_NB","SEX_T","CUR_TYPE_LCU","2014",6953.007,"B","T30:93_I11:264","R1:3513"
"NIC","BB:5868","EAR_EMTM_SEX_CUR_NB","SEX_T","CUR_TYPE_PPP","2014",665.662,"B","T30:93_I11:264","R1:3513"
"NIC","BB:5868","EAR_EMTM_SEX_CUR_NB","SEX_T","CUR_TYPE_USD","2014",267.847,"B","T30:93_I11:264","R1:3513"
"NIC","BA:692","EAR_EMTM_SEX_CUR_NB","SEX_T","CUR_TYPE_LCU","2012",3372.067,"B","T30:93_I11:264","R1:3513"
"NIC","BA:692","EAR_EMTM_SEX_CUR_NB","SEX_T","CUR_TYPE_PPP","2012",362.699,"B","T30:93_I11:264","R1:3513"
"NIC","BA:692","EAR_EMTM_SEX_CUR_NB","SEX_T","CUR_TYPE_USD","2012",143.208,"B","T30:93_I11:264","R1:3513"
"NIC","BB:5868","EAR_EMTM_SEX_CUR_NB","SEX_T","CUR_TYPE_LCU","2005",1741.333,,"T30:93","R1:3513"
"NIC","BB:5868","EAR_EMTM_SEX_CUR_NB","SEX_T","CUR_TYPE_PPP","2005",280.693,,"T30:93","R1:3513"
"NIC","BB:5868","EAR_EMTM_SEX_CUR_NB","SEX_T","CUR_TYPE_USD","2005",104.064,,"T30:93","R1:3513"
"NLD","BB:3060","EAR_EMTM_SEX_CUR_NB","SEX_T","CUR_TYPE_LCU","2025",5092.278,,"T30:196","R1:3513_T2:85"
"NLD","BB:3060","EAR_EMTM_SEX_CUR_NB","SEX_T","CUR_TYPE_PPP","2025",6636.239,,"T30:196","R1:3513_T2:85"
"NLD","BB:3060","EAR_EMTM_SEX_CUR_NB","SEX_T","CUR_TYPE_USD","2025",5754.274,,"T30:196","R1:3513_T2:85"
"NLD","BB:3060","EAR_EMTM_SEX_CUR_NB","SEX_T","CUR_TYPE_LCU","2024",4755.57,,"T30:196","R1:3513_T2:85"
"NLD","BB:3060","EAR_EMTM_SEX_CUR_NB","SEX_T","CUR_TYPE_PPP","2024",6409.556,,"T30:196","R1:3513_T2:85"
"NLD","BB:3060","EAR_EMTM_SEX_CUR_NB","SEX_T","CUR_TYPE_USD","2024",5147.429,,"T30:196","R1:3513_T2:85"
"NLD","BB:3060","EAR_EMTM_SEX_CUR_NB","SEX_T","CUR_TYPE_LCU","2023",4395.386,,"T30:196","R1:3513_T2:85"
"NLD","BB:3060","EAR_EMTM_SEX_CUR_NB","SEX_T","CUR_TYPE_PPP","2023",5901.265,,"T30:196","R1:3513_T2:85"
"NLD","BB:3060","EAR_EMTM_SEX_CUR_NB","SEX_T","CUR_TYPE_USD","2023",4752.731,,"T30:196","R1:3513_T2:85"
"NLD","BB:3060","EAR_EMTM_SEX_CUR_NB","SEX_T","CUR_TYPE_LCU","2022",4204.527,,"T30:196","R1:3513_T2:85"
"NLD","BB:3060","EAR_EMTM_SEX_CUR_NB","SEX_T","CUR_TYPE_PPP","2022",5549.388,,"T30:196","R1:3513_T2:85"
"NLD","BB:3060","EAR_EMTM_SEX_CUR_NB","SEX_T","CUR_TYPE_USD","2022",4427.367,,"T30:196","R1:3513_T2:85"
"NLD","BB:3060","EAR_EMTM_SEX_CUR_NB","SEX_T","CUR_TYPE_LCU","2021",4120.761,,"T30:196","R1:3513_T2:85"
"NLD","BB:3060","EAR_EMTM_SEX_CUR_NB","SEX_T","CUR_TYPE_PPP","2021",5150.295,,"T30:196","R1:3513_T2:85"
"NLD","BB:3060","EAR_EMTM_SEX_CUR_NB","SEX_T","CUR_TYPE_USD","2021",4873.624,,"T30:196","R1:3513_T2:85"
"NLD","BB:3060","EAR_EMTM_SEX_CUR_NB","SEX_T","CUR_TYPE_LCU","2020",3907.667,,"T30:196","R1:3513_T2:85"
"NLD","BB:3060","EAR_EMTM_SEX_CUR_NB","SEX_T","CUR_TYPE_PPP","2020",4793.671,,"T30:196","R1:3513_T2:85"
"NLD","BB:3060","EAR_EMTM_SEX_CUR_NB","SEX_T","CUR_TYPE_USD","2020",4463.337,,"T30:196","R1:3513_T2:85"
"NLD","BB:3060","EAR_EMTM_SEX_CUR_NB","SEX_T","CUR_TYPE_LCU","2019",3739.106,,"T30:196","R1:3513_T2:85"
"NLD","BB:3060","EAR_EMTM_SEX_CUR_NB","SEX_T","CUR_TYPE_PPP","2019",4486.849,,"T30:196","R1:3513_T2:85"
"NLD","BB:3060","EAR_EMTM_SEX_CUR_NB","SEX_T","CUR_TYPE_USD","2019",4185.93,,"T30:196","R1:3513_T2:85"
"NLD","BB:3060","EAR_EMTM_SEX_CUR_NB","SEX_T","CUR_TYPE_LCU","2018",3645.653,,"T30:196","R1:3513_T2:85"
"NLD","BB:3060","EAR_EMTM_SEX_CUR_NB","SEX_T","CUR_TYPE_PPP","2018",4320.18,,"T30:196","R1:3513_T2:85"
"NLD","BB:3060","EAR_EMTM_SEX_CUR_NB","SEX_T","CUR_TYPE_USD","2018",4305.516,,"T30:196","R1:3513_T2:85"
"NLD","BB:3060","EAR_EMTM_SEX_CUR_NB","SEX_T","CUR_TYPE_LCU","2017",3612.749,,"T30:196","R1:3513_T2:85"
"NLD","BB:3060","EAR_EMTM_SEX_CUR_NB","SEX_T","CUR_TYPE_PPP","2017",4196.108,,"T30:196","R1:3513_T2:85"
"NLD","BB:3060","EAR_EMTM_SEX_CUR_NB","SEX_T","CUR_TYPE_USD","2017",4081.322,,"T30:196","R1:3513_T2:85"
"NLD","BB:3060","EAR_EMTM_SEX_CUR_NB","SEX_T","CUR_TYPE_LCU","2016",3483.907,,"T30:196","R1:3513_T2:85"
"NLD","BB:3060","EAR_EMTM_SEX_CUR_NB","SEX_T","CUR_TYPE_PPP","2016",3990.863,,"T30:196","R1:3513_T2:85"
"NLD","BB:3060","EAR_EMTM_SEX_CUR_NB","SEX_T","CUR_TYPE_USD","2016",3856.337,,"T30:196","R1:3513_T2:85"
"NLD","BB:3060","EAR_EMTM_SEX_CUR_NB","SEX_T","CUR_TYPE_LCU","2015",3498.416,,"T30:196","R1:3513_T2:85"
"NLD","BB:3060","EAR_EMTM_SEX_CUR_NB","SEX_T","CUR_TYPE_PPP","2015",3937.773,,"T30:196","R1:3513_T2:85"
"NLD","BB:3060","EAR_EMTM_SEX_CUR_NB","SEX_T","CUR_TYPE_USD","2015",3881.493,,"T30:196","R1:3513_T2:85"
"NLD","BB:3060","EAR_EMTM_SEX_CUR_NB","SEX_T","CUR_TYPE_LCU","2014",3489.833,,"T30:196","R1:3513_T2:85"
"NLD","BB:3060","EAR_EMTM_SEX_CUR_NB","SEX_T","CUR_TYPE_PPP","2014",3958.154,,"T30:196","R1:3513_T2:85"
"NLD","BB:3060","EAR_EMTM_SEX_CUR_NB","SEX_T","CUR_TYPE_USD","2014",4636.243,,"T30:196","R1:3513_T2:85"
"NLD","BB:3060","EAR_EMTM_SEX_CUR_NB","SEX_T","CUR_TYPE_LCU","2013",3416.064,,"T30:196","R1:3513_T2:85"
"NLD","BB:3060","EAR_EMTM_SEX_CUR_NB","SEX_T","CUR_TYPE_PPP","2013",3914.035,,"T30:196","R1:3513_T2:85"
"NLD","BB:3060","EAR_EMTM_SEX_CUR_NB","SEX_T","CUR_TYPE_USD","2013",4536.875,,"T30:196","R1:3513_T2:85"
"NLD","BB:3060","EAR_EMTM_SEX_CUR_NB","SEX_T","CUR_TYPE_LCU","2012",3382.983,,"T30:196","R1:3513_T2:85"
"NLD","BB:3060","EAR_EMTM_SEX_CUR_NB","SEX_T","CUR_TYPE_PPP","2012",3832.501,,"T30:196","R1:3513_T2:85"
"NLD","BB:3060","EAR_EMTM_SEX_CUR_NB","SEX_T","CUR_TYPE_USD","2012",4346.457,,"T30:196","R1:3513_T2:85"
"NLD","BB:3060","EAR_EMTM_SEX_CUR_NB","SEX_T","CUR_TYPE_LCU","2011",3299.724,,"T30:196","R1:3513_T2:85"
"NLD","BB:3060","EAR_EMTM_SEX_CUR_NB","SEX_T","CUR_TYPE_PPP","2011",3755.085,,"T30:196","R1:3513_T2:85"
"NLD","BB:3060","EAR_EMTM_SEX_CUR_NB","SEX_T","CUR_TYPE_USD","2011",4593.216,,"T30:196","R1:3513_T2:85"
"NLD","BB:3060","EAR_EMTM_SEX_CUR_NB","SEX_T","CUR_TYPE_LCU","2010",3287.253,,"T30:196","R1:3513_T2:85"
"NLD","BB:3060","EAR_EMTM_SEX_CUR_NB","SEX_T","CUR_TYPE_PPP","2010",3728.99,,"T30:196","R1:3513_T2:85"
"NLD","BB:3060","EAR_EMTM_SEX_CUR_NB","SEX_T","CUR_TYPE_USD","2010",4357.912,,"T30:196","R1:3513_T2:85"
"NLD","BB:3060","EAR_EMTM_SEX_CUR_NB","SEX_T","CUR_TYPE_LCU","2009",3187.178,,"T30:196","R1:3513_T2:85"
"NLD","BB:3060","EAR_EMTM_SEX_CUR_NB","SEX_T","CUR_TYPE_PPP","2009",3654.92,,"T30:196","R1:3513_T2:85"
"NLD","BB:3060","EAR_EMTM_SEX_CUR_NB","SEX_T","CUR_TYPE_USD","2009",4445.475,,"T30:196","R1:3513_T2:85"
"NLD","BB:3060","EAR_EMTM_SEX_CUR_NB","SEX_T","CUR_TYPE_LCU","2008",3083.796,,"T30:196","R1:3513_T2:85"
"NLD","BB:3060","EAR_EMTM_SEX_CUR_NB","SEX_T","CUR_TYPE_PPP","2008",3552.131,,"T30:196","R1:3513_T2:85"
"NLD","BB:3060","EAR_EMTM_SEX_CUR_NB","SEX_T","CUR_TYPE_USD","2008",4535.648,,"T30:196","R1:3513_T2:85"
"NLD","BB:3060","EAR_EMTM_SEX_CUR_NB","SEX_T","CUR_TYPE_LCU","2007",3002.276,,"T30:196","R1:3513_T2:85"
"NLD","BB:3060","EAR_EMTM_SEX_CUR_NB","SEX_T","CUR_TYPE_PPP","2007",3428.05,,"T30:196","R1:3513_T2:85"
"NLD","BB:3060","EAR_EMTM_SEX_CUR_NB","SEX_T","CUR_TYPE_USD","2007",4114.619,,"T30:196","R1:3513_T2:85"
"NLD","BB:3060","EAR_EMTM_SEX_CUR_NB","SEX_T","CUR_TYPE_LCU","2006",2354.825,,"T30:196","R1:3513_T2:85"
"NLD","BB:3060","EAR_EMTM_SEX_CUR_NB","SEX_T","CUR_TYPE_PPP","2006",2646.174,,"T30:196","R1:3513_T2:85"
"NLD","BB:3060","EAR_EMTM_SEX_CUR_NB","SEX_T","CUR_TYPE_USD","2006",2956.719,,"T30:196","R1:3513_T2:85"
"NLD","BB:3060","EAR_EMTM_SEX_CUR_NB","SEX_T","CUR_TYPE_LCU","2005",2390.735,,"T30:196","R1:3513_T2:85"
"NLD","BB:3060","EAR_EMTM_SEX_CUR_NB","SEX_T","CUR_TYPE_PPP","2005",2644.171,,"T30:196","R1:3513_T2:85"
"NLD","BB:3060","EAR_EMTM_SEX_CUR_NB","SEX_T","CUR_TYPE_USD","2005",2974.314,,"T30:196","R1:3513_T2:85"
"NOR","BB:3054","EAR_EMTM_SEX_CUR_NB","SEX_T","CUR_TYPE_LCU","2025",5216.666,,"T30:391","R1:3513_T2:85"
"NOR","BB:3054","EAR_EMTM_SEX_CUR_NB","SEX_T","CUR_TYPE_PPP","2025",6127.361,,"T30:391","R1:3513_T2:85"
"NOR","BB:3054","EAR_EMTM_SEX_CUR_NB","SEX_T","CUR_TYPE_USD","2025",5894.833,,"T30:391","R1:3513_T2:85"
"NOR","BB:3054","EAR_EMTM_SEX_CUR_NB","SEX_T","CUR_TYPE_LCU","2024",5033.334,,"T30:391","R1:3513_T2:85"
"NOR","BB:3054","EAR_EMTM_SEX_CUR_NB","SEX_T","CUR_TYPE_PPP","2024",6136.655,,"T30:391","R1:3513_T2:85"
"NOR","BB:3054","EAR_EMTM_SEX_CUR_NB","SEX_T","CUR_TYPE_USD","2024",5448.08,,"T30:391","R1:3513_T2:85"
"NOR","BB:3054","EAR_EMTM_SEX_CUR_NB","SEX_T","CUR_TYPE_LCU","2023",5324.338,,"T30:391","R1:3513_T2:85"
"NOR","BB:3054","EAR_EMTM_SEX_CUR_NB","SEX_T","CUR_TYPE_PPP","2023",6483.636,,"T30:391","R1:3513_T2:85"
"NOR","BB:3054","EAR_EMTM_SEX_CUR_NB","SEX_T","CUR_TYPE_USD","2023",5757.207,,"T30:391","R1:3513_T2:85"
"NOR","BB:3054","EAR_EMTM_SEX_CUR_NB","SEX_T","CUR_TYPE_LCU","2022",5071.197,,"T30:391","R1:3513_T2:85"
"NOR","BB:3054","EAR_EMTM_SEX_CUR_NB","SEX_T","CUR_TYPE_PPP","2022",5354.234,,"T30:391","R1:3513_T2:85"
"NOR","BB:3054","EAR_EMTM_SEX_CUR_NB","SEX_T","CUR_TYPE_USD","2022",5339.97,,"T30:391","R1:3513_T2:85"
"NOR","BB:3054","EAR_EMTM_SEX_CUR_NB","SEX_T","CUR_TYPE_LCU","2021",4657.315,,"T30:391","R1:3513_T2:85"
"NOR","BB:3054","EAR_EMTM_SEX_CUR_NB","SEX_T","CUR_TYPE_PPP","2021",4751.878,,"T30:391","R1:3513_T2:85"
"NOR","BB:3054","EAR_EMTM_SEX_CUR_NB","SEX_T","CUR_TYPE_USD","2021",5508.206,,"T30:391","R1:3513_T2:85"
"NOR","BB:3054","EAR_EMTM_SEX_CUR_NB","SEX_T","CUR_TYPE_LCU","2020",5128.324,,"T30:391","R1:3513_T2:85"
"NOR","BB:3054","EAR_EMTM_SEX_CUR_NB","SEX_T","CUR_TYPE_PPP","2020",5397.84,,"T30:391","R1:3513_T2:85"
"NOR","BB:3054","EAR_EMTM_SEX_CUR_NB","SEX_T","CUR_TYPE_USD","2020",5857.572,,"T30:391","R1:3513_T2:85"
"NOR","BB:3054","EAR_EMTM_SEX_CUR_NB","SEX_T","CUR_TYPE_LCU","2019",4994.13,,"T30:391","R1:3513_T2:85"
"NOR","BB:3054","EAR_EMTM_SEX_CUR_NB","SEX_T","CUR_TYPE_PPP","2019",4850.213,,"T30:391","R1:3513_T2:85"
"NOR","BB:3054","EAR_EMTM_SEX_CUR_NB","SEX_T","CUR_TYPE_USD","2019",5590.928,,"T30:391","R1:3513_T2:85"
"NOR","BB:3054","EAR_EMTM_SEX_CUR_NB","SEX_T","CUR_TYPE_LCU","2018",4984.598,,"T30:391","R1:3513_T2:85"
"NOR","BB:3054","EAR_EMTM_SEX_CUR_NB","SEX_T","CUR_TYPE_PPP","2018",4642.491,,"T30:391","R1:3513_T2:85"
"NOR","BB:3054","EAR_EMTM_SEX_CUR_NB","SEX_T","CUR_TYPE_USD","2018",5886.811,,"T30:391","R1:3513_T2:85"
"NOR","BB:3054","EAR_EMTM_SEX_CUR_NB","SEX_T","CUR_TYPE_LCU","2017",4910.004,,"T30:391","R1:3513_T2:85"
"NOR","BB:3054","EAR_EMTM_SEX_CUR_NB","SEX_T","CUR_TYPE_PPP","2017",4418.614,,"T30:391","R1:3513_T2:85"
"NOR","BB:3054","EAR_EMTM_SEX_CUR_NB","SEX_T","CUR_TYPE_USD","2017",5546.832,,"T30:391","R1:3513_T2:85"
"NOR","BB:3054","EAR_EMTM_SEX_CUR_NB","SEX_T","CUR_TYPE_LCU","2016",5029.126,,"T30:391","R1:3513_T2:85"
"NOR","BB:3054","EAR_EMTM_SEX_CUR_NB","SEX_T","CUR_TYPE_PPP","2016",4375.695,,"T30:391","R1:3513_T2:85"
"NOR","BB:3054","EAR_EMTM_SEX_CUR_NB","SEX_T","CUR_TYPE_USD","2016",5566.74,,"T30:391","R1:3513_T2:85"
"NOR","BB:3054","EAR_EMTM_SEX_CUR_NB","SEX_T","CUR_TYPE_LCU","2015",5171.599,,"T30:391","R1:3513_T2:85"
"NOR","BB:3054","EAR_EMTM_SEX_CUR_NB","SEX_T","CUR_TYPE_PPP","2015",4365.629,,"T30:391","R1:3513_T2:85"
"NOR","BB:3054","EAR_EMTM_SEX_CUR_NB","SEX_T","CUR_TYPE_USD","2015",5737.889,,"T30:391","R1:3513_T2:85"
"NOR","BB:3054","EAR_EMTM_SEX_CUR_NB","SEX_T","CUR_TYPE_LCU","2014",5524.282,,"T30:391","R1:3513_T2:85"
"NOR","BB:3054","EAR_EMTM_SEX_CUR_NB","SEX_T","CUR_TYPE_PPP","2014",4694.828,,"T30:391","R1:3513_T2:85"
"NOR","BB:3054","EAR_EMTM_SEX_CUR_NB","SEX_T","CUR_TYPE_USD","2014",7339.008,,"T30:391","R1:3513_T2:85"
"NOR","BB:3054","EAR_EMTM_SEX_CUR_NB","SEX_T","CUR_TYPE_LCU","2013",5325.6,,"T30:391","R1:3513_T2:85"
"NOR","BB:3054","EAR_EMTM_SEX_CUR_NB","SEX_T","CUR_TYPE_PPP","2013",4255.007,,"T30:391","R1:3513_T2:85"
"NOR","BB:3054","EAR_EMTM_SEX_CUR_NB","SEX_T","CUR_TYPE_USD","2013",7072.929,,"T30:391","R1:3513_T2:85"
"NOR","BB:3054","EAR_EMTM_SEX_CUR_NB","SEX_T","CUR_TYPE_LCU","2012",4942.302,,"T30:391","R1:3513_T2:85"
"NOR","BB:3054","EAR_EMTM_SEX_CUR_NB","SEX_T","CUR_TYPE_PPP","2012",3769.468,,"T30:391","R1:3513_T2:85"
"NOR","BB:3054","EAR_EMTM_SEX_CUR_NB","SEX_T","CUR_TYPE_USD","2012",6349.87,,"T30:391","R1:3513_T2:85"
"NOR","BB:3054","EAR_EMTM_SEX_CUR_NB","SEX_T","CUR_TYPE_LCU","2011",4571.412,,"T30:391","R1:3513_T2:85"
"NOR","BB:3054","EAR_EMTM_SEX_CUR_NB","SEX_T","CUR_TYPE_PPP","2011",3646.524,,"T30:391","R1:3513_T2:85"
"NOR","BB:3054","EAR_EMTM_SEX_CUR_NB","SEX_T","CUR_TYPE_USD","2011",6363.406,,"T30:391","R1:3513_T2:85"
"NOR","BB:3054","EAR_EMTM_SEX_CUR_NB","SEX_T","CUR_TYPE_LCU","2010",4056.913,,"T30:391","R1:3513_T2:85"
"NOR","BB:3054","EAR_EMTM_SEX_CUR_NB","SEX_T","CUR_TYPE_PPP","2010",3327.692,,"T30:391","R1:3513_T2:85"
"NOR","BB:3054","EAR_EMTM_SEX_CUR_NB","SEX_T","CUR_TYPE_USD","2010",5378.25,,"T30:391","R1:3513_T2:85"
"NOR","BB:3054","EAR_EMTM_SEX_CUR_NB","SEX_T","CUR_TYPE_LCU","2009",4113.214,,"T30:391","R1:3513_T2:85"
"NOR","BB:3054","EAR_EMTM_SEX_CUR_NB","SEX_T","CUR_TYPE_PPP","2009",3732.893,,"T30:391","R1:3513_T2:85"
"NOR","BB:3054","EAR_EMTM_SEX_CUR_NB","SEX_T","CUR_TYPE_USD","2009",5737.111,,"T30:391","R1:3513_T2:85"
"NOR","BB:3054","EAR_EMTM_SEX_CUR_NB","SEX_T","CUR_TYPE_LCU","2008",3964.058,,"T30:391","R1:3513_T2:85"
"NOR","BB:3054","EAR_EMTM_SEX_CUR_NB","SEX_T","CUR_TYPE_PPP","2008",3417.026,,"T30:391","R1:3513_T2:85"
"NOR","BB:3054","EAR_EMTM_SEX_CUR_NB","SEX_T","CUR_TYPE_USD","2008",5830.336,,"T30:391","R1:3513_T2:85"
"NOR","BB:3054","EAR_EMTM_SEX_CUR_NB","SEX_T","CUR_TYPE_LCU","2007",3716.79,,"T30:391","R1:3513_T2:85"
"NOR","BB:3054","EAR_EMTM_SEX_CUR_NB","SEX_T","CUR_TYPE_PPP","2007",3140.916,,"T30:391","R1:3513_T2:85"
"NOR","BB:3054","EAR_EMTM_SEX_CUR_NB","SEX_T","CUR_TYPE_USD","2007",5093.861,,"T30:391","R1:3513_T2:85"
"NOR","BB:3054","EAR_EMTM_SEX_CUR_NB","SEX_T","CUR_TYPE_LCU","2006",3134.53,,"T30:391","R1:3513_T2:85"
"NOR","BB:3054","EAR_EMTM_SEX_CUR_NB","SEX_T","CUR_TYPE_PPP","2006",2576.138,,"T30:391","R1:3513_T2:85"
"NOR","BB:3054","EAR_EMTM_SEX_CUR_NB","SEX_T","CUR_TYPE_USD","2006",3935.716,,"T30:391","R1:3513_T2:85"
"NOR","BB:3054","EAR_EMTM_SEX_CUR_NB","SEX_T","CUR_TYPE_LCU","2005",2903.633,,"T30:391","R1:3513_T2:85"
"NOR","BB:3054","EAR_EMTM_SEX_CUR_NB","SEX_T","CUR_TYPE_PPP","2005",2338.457,,"T30:391","R1:3513_T2:85"
"NOR","BB:3054","EAR_EMTM_SEX_CUR_NB","SEX_T","CUR_TYPE_USD","2005",3612.41,,"T30:391","R1:3513_T2:85"
"NOR","BB:3054","EAR_EMTM_SEX_CUR_NB","SEX_T","CUR_TYPE_LCU","2004",3010.235,,"T30:391","R1:3513_T2:85"
"NOR","BB:3054","EAR_EMTM_SEX_CUR_NB","SEX_T","CUR_TYPE_PPP","2004",2534.108,,"T30:391","R1:3513_T2:85"
"NOR","BB:3054","EAR_EMTM_SEX_CUR_NB","SEX_T","CUR_TYPE_USD","2004",3744.432,,"T30:391","R1:3513_T2:85"
"NPL","BA:1510","EAR_EMTM_SEX_CUR_NB","SEX_T","CUR_TYPE_LCU","2017",15208.333,"B","T30:140_I11:264","R1:3513"
"NPL","BA:1510","EAR_EMTM_SEX_CUR_NB","SEX_T","CUR_TYPE_PPP","2017",501.058,"B","T30:140_I11:264","R1:3513"
"NPL","BA:1510","EAR_EMTM_SEX_CUR_NB","SEX_T","CUR_TYPE_USD","2017",145.518,"B","T30:140_I11:264","R1:3513"
"NPL","BA:1510","EAR_EMTM_SEX_CUR_NB","SEX_T","CUR_TYPE_LCU","2008",5000,"B","T30:140_I11:264","R1:3513"
"NPL","BA:1510","EAR_EMTM_SEX_CUR_NB","SEX_T","CUR_TYPE_PPP","2008",246.626,"B","T30:140_I11:264","R1:3513"
"NPL","BA:1510","EAR_EMTM_SEX_CUR_NB","SEX_T","CUR_TYPE_USD","2008",71.673,"B","T30:140_I11:264","R1:3513"
"NRU","BB:14049","EAR_EMTM_SEX_CUR_NB","SEX_T","CUR_TYPE_LCU","2006",8303.441,,"T30:219","R1:3513"
"NRU","BB:14049","EAR_EMTM_SEX_CUR_NB","SEX_T","CUR_TYPE_USD","2006",6252.716,,"T30:219","R1:3513"
"PAK","BA:538","EAR_EMTM_SEX_CUR_NB","SEX_T","CUR_TYPE_LCU","2025",25980,,"T30:142","R1:3513_S3:26"
"PAK","BA:538","EAR_EMTM_SEX_CUR_NB","SEX_T","CUR_TYPE_PPP","2025",397.271,,"T30:142","R1:3513_S3:26"
"PAK","BA:538","EAR_EMTM_SEX_CUR_NB","SEX_T","CUR_TYPE_USD","2025",92.408,,"T30:142","R1:3513_S3:26"
"PAK","BA:538","EAR_EMTM_SEX_CUR_NB","SEX_T","CUR_TYPE_LCU","2021",18200,,"T30:142","R1:3513_S3:26"
"PAK","BA:538","EAR_EMTM_SEX_CUR_NB","SEX_T","CUR_TYPE_PPP","2021",427.957,,"T30:142","R1:3513_S3:26"
"PAK","BA:538","EAR_EMTM_SEX_CUR_NB","SEX_T","CUR_TYPE_USD","2021",111.721,,"T30:142","R1:3513_S3:26"
"PAK","BB:16125","EAR_EMTM_SEX_CUR_NB","SEX_T","CUR_TYPE_LCU","2020",17500,"B","T30:142_I11:264","R1:3513"
"PAK","BB:16125","EAR_EMTM_SEX_CUR_NB","SEX_T","CUR_TYPE_PPP","2020",438.435,"B","T30:142_I11:264","R1:3513"
"PAK","BB:16125","EAR_EMTM_SEX_CUR_NB","SEX_T","CUR_TYPE_USD","2020",108.132,"B","T30:142_I11:264","R1:3513"
"PAK","BA:538","EAR_EMTM_SEX_CUR_NB","SEX_T","CUR_TYPE_LCU","2019",16500,,"T30:142","R1:3513_S3:26"
"PAK","BA:538","EAR_EMTM_SEX_CUR_NB","SEX_T","CUR_TYPE_PPP","2019",442.314,,"T30:142","R1:3513_S3:26"
"PAK","BA:538","EAR_EMTM_SEX_CUR_NB","SEX_T","CUR_TYPE_USD","2019",109.973,,"T30:142","R1:3513_S3:26"
"PAK","BA:538","EAR_EMTM_SEX_CUR_NB","SEX_T","CUR_TYPE_LCU","2018",15000,,"T30:142","R1:3513_S3:26"
"PAK","BA:538","EAR_EMTM_SEX_CUR_NB","SEX_T","CUR_TYPE_PPP","2018",438.574,,"T30:142","R1:3513_S3:26"
"PAK","BA:538","EAR_EMTM_SEX_CUR_NB","SEX_T","CUR_TYPE_USD","2018",123.128,,"T30:142","R1:3513_S3:26"
"PAK","BB:16125","EAR_EMTM_SEX_CUR_NB","SEX_T","CUR_TYPE_LCU","2016",10000,,"T30:142","R1:3513"
"PAK","BB:16125","EAR_EMTM_SEX_CUR_NB","SEX_T","CUR_TYPE_PPP","2016",315.083,,"T30:142","R1:3513"
"PAK","BB:16125","EAR_EMTM_SEX_CUR_NB","SEX_T","CUR_TYPE_USD","2016",95.448,,"T30:142","R1:3513"
"PAK","BA:538","EAR_EMTM_SEX_CUR_NB","SEX_T","CUR_TYPE_LCU","2015",12000,,"T30:142","R1:3513"
"PAK","BA:538","EAR_EMTM_SEX_CUR_NB","SEX_T","CUR_TYPE_PPP","2015",386.082,,"T30:142","R1:3513"
"PAK","BA:538","EAR_EMTM_SEX_CUR_NB","SEX_T","CUR_TYPE_USD","2015",116.766,,"T30:142","R1:3513"
"PAK","BA:538","EAR_EMTM_SEX_CUR_NB","SEX_T","CUR_TYPE_LCU","2014",10000,,"T30:142","R1:3513"
"PAK","BA:538","EAR_EMTM_SEX_CUR_NB","SEX_T","CUR_TYPE_PPP","2014",327.804,,"T30:142","R1:3513"
"PAK","BA:538","EAR_EMTM_SEX_CUR_NB","SEX_T","CUR_TYPE_USD","2014",98.912,,"T30:142","R1:3513"
"PAK","BA:538","EAR_EMTM_SEX_CUR_NB","SEX_T","CUR_TYPE_LCU","2013",9000,"B","T30:142_I11:264","R1:3513"
"PAK","BA:538","EAR_EMTM_SEX_CUR_NB","SEX_T","CUR_TYPE_PPP","2013",313.03,"B","T30:142_I11:264","R1:3513"
"PAK","BA:538","EAR_EMTM_SEX_CUR_NB","SEX_T","CUR_TYPE_USD","2013",88.558,"B","T30:142_I11:264","R1:3513"
"PAK","BB:16125","EAR_EMTM_SEX_CUR_NB","SEX_T","CUR_TYPE_LCU","2012",7000,,"T30:142","R1:3513"
"PAK","BB:16125","EAR_EMTM_SEX_CUR_NB","SEX_T","CUR_TYPE_PPP","2012",264.605,,"T30:142","R1:3513"
"PAK","BB:16125","EAR_EMTM_SEX_CUR_NB","SEX_T","CUR_TYPE_USD","2012",74.95,,"T30:142","R1:3513"
"PAK","BA:538","EAR_EMTM_SEX_CUR_NB","SEX_T","CUR_TYPE_LCU","2011",7500,,"T30:142","R1:3513"
"PAK","BA:538","EAR_EMTM_SEX_CUR_NB","SEX_T","CUR_TYPE_PPP","2011",294.169,,"T30:142","R1:3513"
"PAK","BA:538","EAR_EMTM_SEX_CUR_NB","SEX_T","CUR_TYPE_USD","2011",86.862,,"T30:142","R1:3513"
"PAK","BA:538","EAR_EMTM_SEX_CUR_NB","SEX_T","CUR_TYPE_LCU","2010",6716.666,,"T30:142","R1:3513"
"PAK","BA:538","EAR_EMTM_SEX_CUR_NB","SEX_T","CUR_TYPE_PPP","2010",285.814,,"T30:142","R1:3513"
"PAK","BA:538","EAR_EMTM_SEX_CUR_NB","SEX_T","CUR_TYPE_USD","2010",78.84,,"T30:142","R1:3513"
"PAK","BA:538","EAR_EMTM_SEX_CUR_NB","SEX_T","CUR_TYPE_LCU","2009",6000,,"T30:142","R1:3513"
"PAK","BA:538","EAR_EMTM_SEX_CUR_NB","SEX_T","CUR_TYPE_PPP","2009",283.7,,"T30:142","R1:3513"
"PAK","BA:538","EAR_EMTM_SEX_CUR_NB","SEX_T","CUR_TYPE_USD","2009",73.428,,"T30:142","R1:3513"
"PAK","BA:538","EAR_EMTM_SEX_CUR_NB","SEX_T","CUR_TYPE_LCU","2008",5200,,"T30:142","R1:3513"
"PAK","BA:538","EAR_EMTM_SEX_CUR_NB","SEX_T","CUR_TYPE_PPP","2008",280.427,,"T30:142","R1:3513"
"PAK","BA:538","EAR_EMTM_SEX_CUR_NB","SEX_T","CUR_TYPE_USD","2008",73.855,,"T30:142","R1:3513"
"PAK","BA:538","EAR_EMTM_SEX_CUR_NB","SEX_T","CUR_TYPE_LCU","2007",4500,,"T30:142","R1:3513"
"PAK","BA:538","EAR_EMTM_SEX_CUR_NB","SEX_T","CUR_TYPE_PPP","2007",281.115,,"T30:142","R1:3513"
"PAK","BA:538","EAR_EMTM_SEX_CUR_NB","SEX_T","CUR_TYPE_USD","2007",74.088,,"T30:142","R1:3513"
"PAK","BA:538","EAR_EMTM_SEX_CUR_NB","SEX_T","CUR_TYPE_LCU","2006",3900,"B","T30:142_I11:264","R1:3513"
"PAK","BA:538","EAR_EMTM_SEX_CUR_NB","SEX_T","CUR_TYPE_PPP","2006",254.875,"B","T30:142_I11:264","R1:3513"
"PAK","BA:538","EAR_EMTM_SEX_CUR_NB","SEX_T","CUR_TYPE_USD","2006",64.707,"B","T30:142_I11:264","R1:3513"
"PAK","BB:16125","EAR_EMTM_SEX_CUR_NB","SEX_T","CUR_TYPE_LCU","2005",3000,,"T30:142","R1:3513"
"PAK","BB:16125","EAR_EMTM_SEX_CUR_NB","SEX_T","CUR_TYPE_PPP","2005",204.975,,"T30:142","R1:3513"
"PAK","BB:16125","EAR_EMTM_SEX_CUR_NB","SEX_T","CUR_TYPE_USD","2005",50.408,,"T30:142","R1:3513"
"PAN","BA:511","EAR_EMTM_SEX_CUR_NB","SEX_T","CUR_TYPE_LCU","2025",700,,"T30:94","R1:3513_S3:21"
"PAN","BA:511","EAR_EMTM_SEX_CUR_NB","SEX_T","CUR_TYPE_PPP","2025",1409.292,,"T30:94","R1:3513_S3:21"
"PAN","BA:511","EAR_EMTM_SEX_CUR_NB","SEX_T","CUR_TYPE_USD","2025",700,,"T30:94","R1:3513_S3:21"
"PAN","BA:511","EAR_EMTM_SEX_CUR_NB","SEX_T","CUR_TYPE_LCU","2024",674.246,,"T30:94","R1:3513_S3:21"
"PAN","BA:511","EAR_EMTM_SEX_CUR_NB","SEX_T","CUR_TYPE_PPP","2024",1319.271,,"T30:94","R1:3513_S3:21"
"PAN","BA:511","EAR_EMTM_SEX_CUR_NB","SEX_T","CUR_TYPE_USD","2024",674.246,,"T30:94","R1:3513_S3:21"
"PAN","BA:511","EAR_EMTM_SEX_CUR_NB","SEX_T","CUR_TYPE_LCU","2023",694.464,,"T30:94","R1:3513_S3:21"
"PAN","BA:511","EAR_EMTM_SEX_CUR_NB","SEX_T","CUR_TYPE_PPP","2023",1329.05,,"T30:94","R1:3513_S3:21"
"PAN","BA:511","EAR_EMTM_SEX_CUR_NB","SEX_T","CUR_TYPE_USD","2023",694.464,,"T30:94","R1:3513_S3:21"
"PAN","BX:16113","EAR_EMTM_SEX_CUR_NB","SEX_T","CUR_TYPE_LCU","2022",605,,"T30:94","R1:3513_S3:21"
"PAN","BX:16113","EAR_EMTM_SEX_CUR_NB","SEX_T","CUR_TYPE_PPP","2022",1128.59,,"T30:94","R1:3513_S3:21"
"PAN","BX:16113","EAR_EMTM_SEX_CUR_NB","SEX_T","CUR_TYPE_USD","2022",605,,"T30:94","R1:3513_S3:21"
"PAN","BA:511","EAR_EMTM_SEX_CUR_NB","SEX_T","CUR_TYPE_LCU","2021",650,"B","T30:94_I11:264","R1:3513_S3:21"
"PAN","BA:511","EAR_EMTM_SEX_CUR_NB","SEX_T","CUR_TYPE_PPP","2021",1154.793,"B","T30:94_I11:264","R1:3513_S3:21"
"PAN","BA:511","EAR_EMTM_SEX_CUR_NB","SEX_T","CUR_TYPE_USD","2021",650,"B","T30:94_I11:264","R1:3513_S3:21"
"PAN","BA:511","EAR_EMTM_SEX_CUR_NB","SEX_T","CUR_TYPE_LCU","2020",700,"B","T30:94_I11:264","R1:3513_S3:19"
"PAN","BA:511","EAR_EMTM_SEX_CUR_NB","SEX_T","CUR_TYPE_PPP","2020",1271.532,"B","T30:94_I11:264","R1:3513_S3:19"
"PAN","BA:511","EAR_EMTM_SEX_CUR_NB","SEX_T","CUR_TYPE_USD","2020",700,"B","T30:94_I11:264","R1:3513_S3:19"
"PAN","BA:511","EAR_EMTM_SEX_CUR_NB","SEX_T","CUR_TYPE_LCU","2019",653,,"T30:94","R1:3513_S3:19"
"PAN","BA:511","EAR_EMTM_SEX_CUR_NB","SEX_T","CUR_TYPE_PPP","2019",1221.677,,"T30:94","R1:3513_S3:19"
"PAN","BA:511","EAR_EMTM_SEX_CUR_NB","SEX_T","CUR_TYPE_USD","2019",653,,"T30:94","R1:3513_S3:19"
"PAN","BA:511","EAR_EMTM_SEX_CUR_NB","SEX_T","CUR_TYPE_LCU","2018",630,,"T30:94","R1:3513_S3:19"
"PAN","BA:511","EAR_EMTM_SEX_CUR_NB","SEX_T","CUR_TYPE_PPP","2018",1216.252,,"T30:94","R1:3513_S3:19"
"PAN","BA:511","EAR_EMTM_SEX_CUR_NB","SEX_T","CUR_TYPE_USD","2018",630,,"T30:94","R1:3513_S3:19"
"PAN","BA:511","EAR_EMTM_SEX_CUR_NB","SEX_T","CUR_TYPE_LCU","2017",610,,"T30:94","R1:3513_S3:19"
"PAN","BA:511","EAR_EMTM_SEX_CUR_NB","SEX_T","CUR_TYPE_PPP","2017",1261.498,,"T30:94","R1:3513_S3:19"
"PAN","BA:511","EAR_EMTM_SEX_CUR_NB","SEX_T","CUR_TYPE_USD","2017",610,,"T30:94","R1:3513_S3:19"
"PAN","BA:511","EAR_EMTM_SEX_CUR_NB","SEX_T","CUR_TYPE_LCU","2016",600,,"T30:94","R1:3513_S3:19"
"PAN","BA:511","EAR_EMTM_SEX_CUR_NB","SEX_T","CUR_TYPE_PPP","2016",1212.163,,"T30:94","R1:3513_S3:19"
"PAN","BA:511","EAR_EMTM_SEX_CUR_NB","SEX_T","CUR_TYPE_USD","2016",600,,"T30:94","R1:3513_S3:19"
"PAN","BA:511","EAR_EMTM_SEX_CUR_NB","SEX_T","CUR_TYPE_LCU","2015",575,,"T30:94","R1:3513_S3:19"
"PAN","BA:511","EAR_EMTM_SEX_CUR_NB","SEX_T","CUR_TYPE_PPP","2015",1115.359,,"T30:94","R1:3513_S3:19"
"PAN","BA:511","EAR_EMTM_SEX_CUR_NB","SEX_T","CUR_TYPE_USD","2015",575,,"T30:94","R1:3513_S3:19"
"PAN","BA:511","EAR_EMTM_SEX_CUR_NB","SEX_T","CUR_TYPE_LCU","2014",550,,"T30:94","R1:3513_S3:19"
"PAN","BA:511","EAR_EMTM_SEX_CUR_NB","SEX_T","CUR_TYPE_PPP","2014",1022.229,,"T30:94","R1:3513_S3:19"
"PAN","BA:511","EAR_EMTM_SEX_CUR_NB","SEX_T","CUR_TYPE_USD","2014",550,,"T30:94","R1:3513_S3:19"
"PAN","BA:511","EAR_EMTM_SEX_CUR_NB","SEX_T","CUR_TYPE_LCU","2013",500,,"T30:94","R1:3513_S3:19"
"PAN","BA:511","EAR_EMTM_SEX_CUR_NB","SEX_T","CUR_TYPE_PPP","2013",914.781,,"T30:94","R1:3513_S3:19"
"PAN","BA:511","EAR_EMTM_SEX_CUR_NB","SEX_T","CUR_TYPE_USD","2013",500,,"T30:94","R1:3513_S3:19"
"PAN","BA:511","EAR_EMTM_SEX_CUR_NB","SEX_T","CUR_TYPE_LCU","2012",464,,"T30:94","R1:3513_S3:19"
"PAN","BA:511","EAR_EMTM_SEX_CUR_NB","SEX_T","CUR_TYPE_PPP","2012",863.29,,"T30:94","R1:3513_S3:19"
"PAN","BA:511","EAR_EMTM_SEX_CUR_NB","SEX_T","CUR_TYPE_USD","2012",464,,"T30:94","R1:3513_S3:19"
"PAN","BA:511","EAR_EMTM_SEX_CUR_NB","SEX_T","CUR_TYPE_LCU","2011",416,,"T30:94","R1:3513_S3:19"
"PAN","BA:511","EAR_EMTM_SEX_CUR_NB","SEX_T","CUR_TYPE_PPP","2011",751.936,,"T30:94","R1:3513_S3:19"
"PAN","BA:511","EAR_EMTM_SEX_CUR_NB","SEX_T","CUR_TYPE_USD","2011",416,,"T30:94","R1:3513_S3:19"
"PAN","BA:511","EAR_EMTM_SEX_CUR_NB","SEX_T","CUR_TYPE_LCU","2010",400,"B","T30:94_I11:264","R1:3513_S3:19"
"PAN","BA:511","EAR_EMTM_SEX_CUR_NB","SEX_T","CUR_TYPE_PPP","2010",742.072,"B","T30:94_I11:264","R1:3513_S3:19"
"PAN","BA:511","EAR_EMTM_SEX_CUR_NB","SEX_T","CUR_TYPE_USD","2010",400,"B","T30:94_I11:264","R1:3513_S3:19"
"PAN","BX:3055","EAR_EMTM_SEX_CUR_NB","SEX_T","CUR_TYPE_LCU","2009",350,,"T30:94","R1:3513_S3:19"
"PAN","BX:3055","EAR_EMTM_SEX_CUR_NB","SEX_T","CUR_TYPE_PPP","2009",661.14,,"T30:94","R1:3513_S3:19"
"PAN","BX:3055","EAR_EMTM_SEX_CUR_NB","SEX_T","CUR_TYPE_USD","2009",350,,"T30:94","R1:3513_S3:19"
"PAN","BB:16128","EAR_EMTM_SEX_CUR_NB","SEX_T","CUR_TYPE_LCU","2008",328,,"T30:94","R1:3513"
"PAN","BB:16128","EAR_EMTM_SEX_CUR_NB","SEX_T","CUR_TYPE_PPP","2008",636.772,,"T30:94","R1:3513"
"PAN","BB:16128","EAR_EMTM_SEX_CUR_NB","SEX_T","CUR_TYPE_USD","2008",328,,"T30:94","R1:3513"
"PAN","BX:3055","EAR_EMTM_SEX_CUR_NB","SEX_T","CUR_TYPE_LCU","2007",300,,"T30:94","R1:3513_S3:19"
"PAN","BX:3055","EAR_EMTM_SEX_CUR_NB","SEX_T","CUR_TYPE_PPP","2007",610.007,,"T30:94","R1:3513_S3:19"
"PAN","BX:3055","EAR_EMTM_SEX_CUR_NB","SEX_T","CUR_TYPE_USD","2007",300,,"T30:94","R1:3513_S3:19"
"PAN","BX:3055","EAR_EMTM_SEX_CUR_NB","SEX_T","CUR_TYPE_LCU","2006",300,"B","T30:94_I11:264","R1:3513_S3:19"
"PAN","BX:3055","EAR_EMTM_SEX_CUR_NB","SEX_T","CUR_TYPE_PPP","2006",617.812,"B","T30:94_I11:264","R1:3513_S3:19"
"PAN","BX:3055","EAR_EMTM_SEX_CUR_NB","SEX_T","CUR_TYPE_USD","2006",300,"B","T30:94_I11:264","R1:3513_S3:19"
"PAN","BB:16128","EAR_EMTM_SEX_CUR_NB","SEX_T","CUR_TYPE_LCU","2003",275,,"T30:94","R1:3513"
"PAN","BB:16128","EAR_EMTM_SEX_CUR_NB","SEX_T","CUR_TYPE_PPP","2003",547.2,,"T30:94","R1:3513"
"PAN","BB:16128","EAR_EMTM_SEX_CUR_NB","SEX_T","CUR_TYPE_USD","2003",275,,"T30:94","R1:3513"
"PER","BA:16208","EAR_EMTM_SEX_CUR_NB","SEX_T","CUR_TYPE_LCU","2025",1520,,"T30:96","R1:3513"
"PER","BA:16208","EAR_EMTM_SEX_CUR_NB","SEX_T","CUR_TYPE_PPP","2025",788.778,,"T30:96","R1:3513"
"PER","BA:16208","EAR_EMTM_SEX_CUR_NB","SEX_T","CUR_TYPE_USD","2025",426.121,,"T30:96","R1:3513"
"PER","BA:16208","EAR_EMTM_SEX_CUR_NB","SEX_T","CUR_TYPE_LCU","2024",1490,,"T30:96","R1:3513"
"PER","BA:16208","EAR_EMTM_SEX_CUR_NB","SEX_T","CUR_TYPE_PPP","2024",764.424,,"T30:96","R1:3513"
"PER","BA:16208","EAR_EMTM_SEX_CUR_NB","SEX_T","CUR_TYPE_USD","2024",397.069,,"T30:96","R1:3513"
"PER","BA:16208","EAR_EMTM_SEX_CUR_NB","SEX_T","CUR_TYPE_LCU","2023",1400,,"T30:96","R1:3513"
"PER","BA:16208","EAR_EMTM_SEX_CUR_NB","SEX_T","CUR_TYPE_PPP","2023",711.68,,"T30:96","R1:3513"
"PER","BA:16208","EAR_EMTM_SEX_CUR_NB","SEX_T","CUR_TYPE_USD","2023",373.949,,"T30:96","R1:3513"
"PER","BA:16208","EAR_EMTM_SEX_CUR_NB","SEX_T","CUR_TYPE_LCU","2022",1275,"B","T30:96_I11:264","R1:3513"
"PER","BA:16208","EAR_EMTM_SEX_CUR_NB","SEX_T","CUR_TYPE_PPP","2022",662.699,"B","T30:96_I11:264","R1:3513"
"PER","BA:16208","EAR_EMTM_SEX_CUR_NB","SEX_T","CUR_TYPE_USD","2022",332.448,"B","T30:96_I11:264","R1:3513"
"PER","BX:375","EAR_EMTM_SEX_CUR_NB","SEX_T","CUR_TYPE_LCU","2021",1228.349,,"T30:96","R1:3513"
"PER","BX:375","EAR_EMTM_SEX_CUR_NB","SEX_T","CUR_TYPE_PPP","2021",640.408,,"T30:96","R1:3513"
"PER","BX:375","EAR_EMTM_SEX_CUR_NB","SEX_T","CUR_TYPE_USD","2021",316.539,,"T30:96","R1:3513"
"PER","BX:375","EAR_EMTM_SEX_CUR_NB","SEX_T","CUR_TYPE_LCU","2020",1190.845,"B","T30:96_I11:264","R1:3513"
"PER","BX:375","EAR_EMTM_SEX_CUR_NB","SEX_T","CUR_TYPE_PPP","2020",628.688,"B","T30:96_I11:264","R1:3513"
"PER","BX:375","EAR_EMTM_SEX_CUR_NB","SEX_T","CUR_TYPE_USD","2020",340.734,"B","T30:96_I11:264","R1:3513"
"PER","BX:375","EAR_EMTM_SEX_CUR_NB","SEX_T","CUR_TYPE_LCU","2019",1216.063,,"T30:96","R1:3513"
"PER","BX:375","EAR_EMTM_SEX_CUR_NB","SEX_T","CUR_TYPE_PPP","2019",635.127,,"T30:96","R1:3513"
"PER","BX:375","EAR_EMTM_SEX_CUR_NB","SEX_T","CUR_TYPE_USD","2019",364.389,,"T30:96","R1:3513"
"PER","BX:375","EAR_EMTM_SEX_CUR_NB","SEX_T","CUR_TYPE_LCU","2018",1200,,"T30:96","R1:3513"
"PER","BX:375","EAR_EMTM_SEX_CUR_NB","SEX_T","CUR_TYPE_PPP","2018",625.92,,"T30:96","R1:3513"
"PER","BX:375","EAR_EMTM_SEX_CUR_NB","SEX_T","CUR_TYPE_USD","2018",365.119,,"T30:96","R1:3513"
"PER","BX:375","EAR_EMTM_SEX_CUR_NB","SEX_T","CUR_TYPE_LCU","2017",1200,,"T30:96","R1:3513"
"PER","BX:375","EAR_EMTM_SEX_CUR_NB","SEX_T","CUR_TYPE_PPP","2017",627.013,,"T30:96","R1:3513"
"PER","BX:375","EAR_EMTM_SEX_CUR_NB","SEX_T","CUR_TYPE_USD","2017",368.043,,"T30:96","R1:3513"
"PER","BX:375","EAR_EMTM_SEX_CUR_NB","SEX_T","CUR_TYPE_LCU","2016",1135.467,,"T30:96","R1:3513"
"PER","BX:375","EAR_EMTM_SEX_CUR_NB","SEX_T","CUR_TYPE_PPP","2016",615.046,,"T30:96","R1:3513"
"PER","BX:375","EAR_EMTM_SEX_CUR_NB","SEX_T","CUR_TYPE_USD","2016",336.429,,"T30:96","R1:3513"
"PER","BX:375","EAR_EMTM_SEX_CUR_NB","SEX_T","CUR_TYPE_LCU","2015",1083.333,,"T30:96","R1:3513"
"PER","BX:375","EAR_EMTM_SEX_CUR_NB","SEX_T","CUR_TYPE_PPP","2015",607.734,,"T30:96","R1:3513"
"PER","BX:375","EAR_EMTM_SEX_CUR_NB","SEX_T","CUR_TYPE_USD","2015",340.196,,"T30:96","R1:3513"
"PER","BX:375","EAR_EMTM_SEX_CUR_NB","SEX_T","CUR_TYPE_LCU","2014",1040,,"T30:96","R1:3513"
"PER","BX:375","EAR_EMTM_SEX_CUR_NB","SEX_T","CUR_TYPE_PPP","2014",609.06,,"T30:96","R1:3513"
"PER","BX:375","EAR_EMTM_SEX_CUR_NB","SEX_T","CUR_TYPE_USD","2014",366.32,,"T30:96","R1:3513"
"PER","BX:375","EAR_EMTM_SEX_CUR_NB","SEX_T","CUR_TYPE_LCU","2013",1000,,"T30:96","R1:3513"
"PER","BX:375","EAR_EMTM_SEX_CUR_NB","SEX_T","CUR_TYPE_PPP","2013",606.413,,"T30:96","R1:3513"
"PER","BX:375","EAR_EMTM_SEX_CUR_NB","SEX_T","CUR_TYPE_USD","2013",370.11,,"T30:96","R1:3513"
"PER","BX:375","EAR_EMTM_SEX_CUR_NB","SEX_T","CUR_TYPE_LCU","2012",916.833,,"T30:96","R1:3513"
"PER","BX:375","EAR_EMTM_SEX_CUR_NB","SEX_T","CUR_TYPE_PPP","2012",582.085,,"T30:96","R1:3513"
"PER","BX:375","EAR_EMTM_SEX_CUR_NB","SEX_T","CUR_TYPE_USD","2012",347.603,,"T30:96","R1:3513"
"PER","BX:375","EAR_EMTM_SEX_CUR_NB","SEX_T","CUR_TYPE_LCU","2011",850,,"T30:96","R1:3513"
"PER","BX:375","EAR_EMTM_SEX_CUR_NB","SEX_T","CUR_TYPE_PPP","2011",538.255,,"T30:96","R1:3513"
"PER","BX:375","EAR_EMTM_SEX_CUR_NB","SEX_T","CUR_TYPE_USD","2011",308.631,,"T30:96","R1:3513"
"PER","BX:375","EAR_EMTM_SEX_CUR_NB","SEX_T","CUR_TYPE_LCU","2010",780,,"T30:96","R1:3513"
"PER","BX:375","EAR_EMTM_SEX_CUR_NB","SEX_T","CUR_TYPE_PPP","2010",494.945,,"T30:96","R1:3513"
"PER","BX:375","EAR_EMTM_SEX_CUR_NB","SEX_T","CUR_TYPE_USD","2010",276.094,,"T30:96","R1:3513"
"PER","BX:375","EAR_EMTM_SEX_CUR_NB","SEX_T","CUR_TYPE_LCU","2009",758.333,,"T30:96","R1:3513"
"PER","BX:375","EAR_EMTM_SEX_CUR_NB","SEX_T","CUR_TYPE_PPP","2009",480.668,,"T30:96","R1:3513"
"PER","BX:375","EAR_EMTM_SEX_CUR_NB","SEX_T","CUR_TYPE_USD","2009",251.812,,"T30:96","R1:3513"
"PER","BX:375","EAR_EMTM_SEX_CUR_NB","SEX_T","CUR_TYPE_LCU","2008",693.333,,"T30:96","R1:3513"
"PER","BX:375","EAR_EMTM_SEX_CUR_NB","SEX_T","CUR_TYPE_PPP","2008",453.986,,"T30:96","R1:3513"
"PER","BX:375","EAR_EMTM_SEX_CUR_NB","SEX_T","CUR_TYPE_USD","2008",237.085,,"T30:96","R1:3513"
"PER","BX:375","EAR_EMTM_SEX_CUR_NB","SEX_T","CUR_TYPE_LCU","2007",633.758,,"T30:96","R1:3513"
"PER","BX:375","EAR_EMTM_SEX_CUR_NB","SEX_T","CUR_TYPE_PPP","2007",422.757,,"T30:96","R1:3513"
"PER","BX:375","EAR_EMTM_SEX_CUR_NB","SEX_T","CUR_TYPE_USD","2007",202.605,,"T30:96","R1:3513"
"PER","BX:375","EAR_EMTM_SEX_CUR_NB","SEX_T","CUR_TYPE_LCU","2006",590.861,,"T30:96","R1:3513"
"PER","BX:375","EAR_EMTM_SEX_CUR_NB","SEX_T","CUR_TYPE_PPP","2006",390.031,,"T30:96","R1:3513"
"PER","BX:375","EAR_EMTM_SEX_CUR_NB","SEX_T","CUR_TYPE_USD","2006",180.469,,"T30:96","R1:3513"
"PER","BX:375","EAR_EMTM_SEX_CUR_NB","SEX_T","CUR_TYPE_LCU","2005",520,,"T30:96","R1:3513"
"PER","BX:375","EAR_EMTM_SEX_CUR_NB","SEX_T","CUR_TYPE_PPP","2005",339.186,,"T30:96","R1:3513"
"PER","BX:375","EAR_EMTM_SEX_CUR_NB","SEX_T","CUR_TYPE_USD","2005",157.775,,"T30:96","R1:3513"
"PER","BX:375","EAR_EMTM_SEX_CUR_NB","SEX_T","CUR_TYPE_LCU","2004",541.667,,"T30:96","R1:3513"
"PER","BX:375","EAR_EMTM_SEX_CUR_NB","SEX_T","CUR_TYPE_PPP","2004",347.248,,"T30:96","R1:3513"
"PER","BX:375","EAR_EMTM_SEX_CUR_NB","SEX_T","CUR_TYPE_USD","2004",158.699,,"T30:96","R1:3513"
"PER","BX:375","EAR_EMTM_SEX_CUR_NB","SEX_T","CUR_TYPE_LCU","2003",557.758,,"T30:96","R1:3513"
"PER","BX:375","EAR_EMTM_SEX_CUR_NB","SEX_T","CUR_TYPE_PPP","2003",360.995,,"T30:96","R1:3513"
"PER","BX:375","EAR_EMTM_SEX_CUR_NB","SEX_T","CUR_TYPE_USD","2003",160.346,,"T30:96","R1:3513"
"PER","BX:375","EAR_EMTM_SEX_CUR_NB","SEX_T","CUR_TYPE_LCU","2002",550,"B","T30:96_I11:264","R1:3513"
"PER","BX:375","EAR_EMTM_SEX_CUR_NB","SEX_T","CUR_TYPE_PPP","2002",355.937,"B","T30:96_I11:264","R1:3513"
"PER","BX:375","EAR_EMTM_SEX_CUR_NB","SEX_T","CUR_TYPE_USD","2002",156.405,"B","T30:96_I11:264","R1:3513"
"PER","BX:375","EAR_EMTM_SEX_CUR_NB","SEX_T","CUR_TYPE_LCU","2001",520,,"T30:96","R1:3513"
"PER","BX:375","EAR_EMTM_SEX_CUR_NB","SEX_T","CUR_TYPE_PPP","2001",331.908,,"T30:96","R1:3513"
"PER","BX:375","EAR_EMTM_SEX_CUR_NB","SEX_T","CUR_TYPE_USD","2001",148.282,,"T30:96","R1:3513"
"PER","BX:375","EAR_EMTM_SEX_CUR_NB","SEX_T","CUR_TYPE_LCU","2000",533.771,,"T30:96","R1:3513"
"PER","BX:375","EAR_EMTM_SEX_CUR_NB","SEX_T","CUR_TYPE_PPP","2000",337.884,,"T30:96","R1:3513"
"PER","BX:375","EAR_EMTM_SEX_CUR_NB","SEX_T","CUR_TYPE_USD","2000",152.943,,"T30:96","R1:3513"
"PHL","BA:629","EAR_EMTM_SEX_CUR_NB","SEX_T","CUR_TYPE_LCU","2024",15208.333,,"T30:143","R1:3513"
"PHL","BA:629","EAR_EMTM_SEX_CUR_NB","SEX_T","CUR_TYPE_PPP","2024",733.161,,"T30:143","R1:3513"
"PHL","BA:629","EAR_EMTM_SEX_CUR_NB","SEX_T","CUR_TYPE_USD","2024",265.459,,"T30:143","R1:3513"
"PHL","BA:629","EAR_EMTM_SEX_CUR_NB","SEX_T","CUR_TYPE_LCU","2023",15208.333,,"T30:143","R1:3513"
"PHL","BA:629","EAR_EMTM_SEX_CUR_NB","SEX_T","CUR_TYPE_PPP","2023",735.035,,"T30:143","R1:3513"
"PHL","BA:629","EAR_EMTM_SEX_CUR_NB","SEX_T","CUR_TYPE_USD","2023",273.382,,"T30:143","R1:3513"
"PHL","BA:629","EAR_EMTM_SEX_CUR_NB","SEX_T","CUR_TYPE_LCU","2022",13687.5,,"T30:143","R1:3513"
"PHL","BA:629","EAR_EMTM_SEX_CUR_NB","SEX_T","CUR_TYPE_PPP","2022",673.36,,"T30:143","R1:3513"
"PHL","BA:629","EAR_EMTM_SEX_CUR_NB","SEX_T","CUR_TYPE_USD","2022",251.249,,"T30:143","R1:3513"
"PHL","BA:629","EAR_EMTM_SEX_CUR_NB","SEX_T","CUR_TYPE_LCU","2021",12166.667,"B","T30:143_I11:264","R1:3513"
"PHL","BA:629","EAR_EMTM_SEX_CUR_NB","SEX_T","CUR_TYPE_PPP","2021",586.452,"B","T30:143_I11:264","R1:3513"
"PHL","BA:629","EAR_EMTM_SEX_CUR_NB","SEX_T","CUR_TYPE_USD","2021",247.016,"B","T30:143_I11:264","R1:3513"
"PHL","BA:629","EAR_EMTM_SEX_CUR_NB","SEX_T","CUR_TYPE_LCU","2020",12166.667,,"T30:143","R1:3513"
"PHL","BA:629","EAR_EMTM_SEX_CUR_NB","SEX_T","CUR_TYPE_PPP","2020",587.97,,"T30:143","R1:3513"
"PHL","BA:629","EAR_EMTM_SEX_CUR_NB","SEX_T","CUR_TYPE_USD","2020",245.177,,"T30:143","R1:3513"
"PHL","BA:629","EAR_EMTM_SEX_CUR_NB","SEX_T","CUR_TYPE_LCU","2019",12045,,"T30:143","R1:3513"
"PHL","BA:629","EAR_EMTM_SEX_CUR_NB","SEX_T","CUR_TYPE_PPP","2019",584.53,,"T30:143","R1:3513"
"PHL","BA:629","EAR_EMTM_SEX_CUR_NB","SEX_T","CUR_TYPE_USD","2019",232.548,,"T30:143","R1:3513"
"PHL","BA:629","EAR_EMTM_SEX_CUR_NB","SEX_T","CUR_TYPE_LCU","2018",10799.482,,"T30:143","R1:3513"
"PHL","BA:629","EAR_EMTM_SEX_CUR_NB","SEX_T","CUR_TYPE_PPP","2018",523.672,,"T30:143","R1:3513"
"PHL","BA:629","EAR_EMTM_SEX_CUR_NB","SEX_T","CUR_TYPE_USD","2018",205.074,,"T30:143","R1:3513"
"PHL","BA:629","EAR_EMTM_SEX_CUR_NB","SEX_T","CUR_TYPE_LCU","2017",10499.452,,"T30:143","R1:3513"
"PHL","BA:629","EAR_EMTM_SEX_CUR_NB","SEX_T","CUR_TYPE_PPP","2017",522.224,,"T30:143","R1:3513"
"PHL","BA:629","EAR_EMTM_SEX_CUR_NB","SEX_T","CUR_TYPE_USD","2017",208.307,,"T30:143","R1:3513"
"PHL","BA:629","EAR_EMTM_SEX_CUR_NB","SEX_T","CUR_TYPE_LCU","2016",9450.645,"B","T30:143_I11:264","R1:3513"
"PHL","BA:629","EAR_EMTM_SEX_CUR_NB","SEX_T","CUR_TYPE_PPP","2016",484.554,"B","T30:143_I11:264","R1:3513"
"PHL","BA:629","EAR_EMTM_SEX_CUR_NB","SEX_T","CUR_TYPE_USD","2016",198.993,"B","T30:143_I11:264","R1:3513"
"PHL","BA:629","EAR_EMTM_SEX_CUR_NB","SEX_T","CUR_TYPE_LCU","2015",9125,,"T30:143","R1:3513"
"PHL","BA:629","EAR_EMTM_SEX_CUR_NB","SEX_T","CUR_TYPE_PPP","2015",467.891,,"T30:143","R1:3513"
"PHL","BA:629","EAR_EMTM_SEX_CUR_NB","SEX_T","CUR_TYPE_USD","2015",200.537,,"T30:143","R1:3513"
"PHL","BA:629","EAR_EMTM_SEX_CUR_NB","SEX_T","CUR_TYPE_LCU","2014",9125,,"T30:143","R1:3513"
"PHL","BA:629","EAR_EMTM_SEX_CUR_NB","SEX_T","CUR_TYPE_PPP","2014",469.995,,"T30:143","R1:3513"
"PHL","BA:629","EAR_EMTM_SEX_CUR_NB","SEX_T","CUR_TYPE_USD","2014",205.541,,"T30:143","R1:3513"
"PHL","BA:629","EAR_EMTM_SEX_CUR_NB","SEX_T","CUR_TYPE_LCU","2013",8327.187,,"T30:143","R1:3513"
"PHL","BA:629","EAR_EMTM_SEX_CUR_NB","SEX_T","CUR_TYPE_PPP","2013",440.308,,"T30:143","R1:3513"
"PHL","BA:629","EAR_EMTM_SEX_CUR_NB","SEX_T","CUR_TYPE_USD","2013",196.182,,"T30:143","R1:3513"
"PHL","BA:629","EAR_EMTM_SEX_CUR_NB","SEX_T","CUR_TYPE_LCU","2012",7801.292,,"T30:143","R1:3513"
"PHL","BA:629","EAR_EMTM_SEX_CUR_NB","SEX_T","CUR_TYPE_PPP","2012",427.781,,"T30:143","R1:3513"
"PHL","BA:629","EAR_EMTM_SEX_CUR_NB","SEX_T","CUR_TYPE_USD","2012",184.739,,"T30:143","R1:3513"
"PHL","BA:629","EAR_EMTM_SEX_CUR_NB","SEX_T","CUR_TYPE_LCU","2011",7604.166,,"T30:143","R1:3513"
"PHL","BA:629","EAR_EMTM_SEX_CUR_NB","SEX_T","CUR_TYPE_PPP","2011",405.078,,"T30:143","R1:3513"
"PHL","BA:629","EAR_EMTM_SEX_CUR_NB","SEX_T","CUR_TYPE_USD","2011",175.563,,"T30:143","R1:3513"
"PHL","BA:629","EAR_EMTM_SEX_CUR_NB","SEX_T","CUR_TYPE_LCU","2010",7518.537,,"T30:143","R1:3513"
"PHL","BA:629","EAR_EMTM_SEX_CUR_NB","SEX_T","CUR_TYPE_PPP","2010",406.579,,"T30:143","R1:3513"
"PHL","BA:629","EAR_EMTM_SEX_CUR_NB","SEX_T","CUR_TYPE_USD","2010",166.672,,"T30:143","R1:3513"
"PHL","BA:629","EAR_EMTM_SEX_CUR_NB","SEX_T","CUR_TYPE_LCU","2009",7368.359,,"T30:143","R1:3513"
"PHL","BA:629","EAR_EMTM_SEX_CUR_NB","SEX_T","CUR_TYPE_PPP","2009",406.886,,"T30:143","R1:3513"
"PHL","BA:629","EAR_EMTM_SEX_CUR_NB","SEX_T","CUR_TYPE_USD","2009",154.539,,"T30:143","R1:3513"
"PHL","BA:629","EAR_EMTM_SEX_CUR_NB","SEX_T","CUR_TYPE_LCU","2008",7048.311,,"T30:143","R1:3513"
"PHL","BA:629","EAR_EMTM_SEX_CUR_NB","SEX_T","CUR_TYPE_PPP","2008",407.081,,"T30:143","R1:3513"
"PHL","BA:629","EAR_EMTM_SEX_CUR_NB","SEX_T","CUR_TYPE_USD","2008",159.02,,"T30:143","R1:3513"
"PHL","BA:629","EAR_EMTM_SEX_CUR_NB","SEX_T","CUR_TYPE_LCU","2007",6373.386,,"T30:143","R1:3513"
"PHL","BA:629","EAR_EMTM_SEX_CUR_NB","SEX_T","CUR_TYPE_PPP","2007",383.773,,"T30:143","R1:3513"
"PHL","BA:629","EAR_EMTM_SEX_CUR_NB","SEX_T","CUR_TYPE_USD","2007",138.106,,"T30:143","R1:3513"
"PHL","BA:629","EAR_EMTM_SEX_CUR_NB","SEX_T","CUR_TYPE_LCU","2006",6113.629,,"T30:143","R1:3513"
"PHL","BA:629","EAR_EMTM_SEX_CUR_NB","SEX_T","CUR_TYPE_PPP","2006",368.301,,"T30:143","R1:3513"
"PHL","BA:629","EAR_EMTM_SEX_CUR_NB","SEX_T","CUR_TYPE_USD","2006",119.141,,"T30:143","R1:3513"
"PHL","BA:629","EAR_EMTM_SEX_CUR_NB","SEX_T","CUR_TYPE_LCU","2005",6083.334,,"T30:143","R1:3513"
"PHL","BA:629","EAR_EMTM_SEX_CUR_NB","SEX_T","CUR_TYPE_PPP","2005",374.497,,"T30:143","R1:3513"
"PHL","BA:629","EAR_EMTM_SEX_CUR_NB","SEX_T","CUR_TYPE_USD","2005",110.434,,"T30:143","R1:3513"
"PHL","BA:629","EAR_EMTM_SEX_CUR_NB","SEX_T","CUR_TYPE_LCU","2004",6040.388,,"T30:143","R1:3513"
"PHL","BA:629","EAR_EMTM_SEX_CUR_NB","SEX_T","CUR_TYPE_PPP","2004",383.09,,"T30:143","R1:3513"
"PHL","BA:629","EAR_EMTM_SEX_CUR_NB","SEX_T","CUR_TYPE_USD","2004",107.787,,"T30:143","R1:3513"
"PHL","BA:629","EAR_EMTM_SEX_CUR_NB","SEX_T","CUR_TYPE_LCU","2003",6019.129,,"T30:143","R1:3513"
"PHL","BA:629","EAR_EMTM_SEX_CUR_NB","SEX_T","CUR_TYPE_PPP","2003",389.742,,"T30:143","R1:3513"
"PHL","BA:629","EAR_EMTM_SEX_CUR_NB","SEX_T","CUR_TYPE_USD","2003",111.047,,"T30:143","R1:3513"
"PHL","BA:629","EAR_EMTM_SEX_CUR_NB","SEX_T","CUR_TYPE_LCU","2001",5482.636,"B","T30:143_I11:264","R1:3513"
"PHL","BA:629","EAR_EMTM_SEX_CUR_NB","SEX_T","CUR_TYPE_PPP","2001",359.043,"B","T30:143_I11:264","R1:3513"
"PHL","BA:629","EAR_EMTM_SEX_CUR_NB","SEX_T","CUR_TYPE_USD","2001",107.518,"B","T30:143_I11:264","R1:3513"
"PLW","BB:14046","EAR_EMTM_SEX_CUR_NB","SEX_T","CUR_TYPE_LCU","2023",831.092,,"T30:225","R1:3513"
"PLW","BB:14046","EAR_EMTM_SEX_CUR_NB","SEX_T","CUR_TYPE_PPP","2023",830.725,,"T30:225","R1:3513"
"PLW","BB:14046","EAR_EMTM_SEX_CUR_NB","SEX_T","CUR_TYPE_USD","2023",831.092,,"T30:225","R1:3513"
"PLW","AA:1541","EAR_EMTM_SEX_CUR_NB","SEX_T","CUR_TYPE_LCU","2000",583.333,,"T30:225","R1:3513"
"PLW","AA:1541","EAR_EMTM_SEX_CUR_NB","SEX_T","CUR_TYPE_PPP","2000",705.432,,"T30:225","R1:3513"
"POL","BB:13355","EAR_EMTM_SEX_CUR_NB","SEX_T","CUR_TYPE_LCU","2025",1774.854,,"T30:392","R1:3513_T2:85"
"POL","BB:13355","EAR_EMTM_SEX_CUR_NB","SEX_T","CUR_TYPE_PPP","2025",3655.603,,"T30:392","R1:3513_T2:85"
"POL","BB:13355","EAR_EMTM_SEX_CUR_NB","SEX_T","CUR_TYPE_USD","2025",2005.585,,"T30:392","R1:3513_T2:85"
"POL","BB:13355","EAR_EMTM_SEX_CUR_NB","SEX_T","CUR_TYPE_LCU","2024",1421.493,,"T30:392","R1:3513_T2:85"
"POL","BB:13355","EAR_EMTM_SEX_CUR_NB","SEX_T","CUR_TYPE_PPP","2024",3050.197,,"T30:392","R1:3513_T2:85"
"POL","BB:13355","EAR_EMTM_SEX_CUR_NB","SEX_T","CUR_TYPE_USD","2024",1538.623,,"T30:392","R1:3513_T2:85"
"POL","BB:13355","EAR_EMTM_SEX_CUR_NB","SEX_T","CUR_TYPE_LCU","2023",1153.658,,"T30:392","R1:3513_T2:85"
"POL","BB:13355","EAR_EMTM_SEX_CUR_NB","SEX_T","CUR_TYPE_PPP","2023",2629.275,,"T30:392","R1:3513_T2:85"
"POL","BB:13355","EAR_EMTM_SEX_CUR_NB","SEX_T","CUR_TYPE_USD","2023",1247.451,,"T30:392","R1:3513_T2:85"
"POL","BB:13355","EAR_EMTM_SEX_CUR_NB","SEX_T","CUR_TYPE_LCU","2022",1089.967,,"T30:392","R1:3513_T2:85"
"POL","BB:13355","EAR_EMTM_SEX_CUR_NB","SEX_T","CUR_TYPE_PPP","2022",2652.549,,"T30:392","R1:3513_T2:85"
"POL","BB:13355","EAR_EMTM_SEX_CUR_NB","SEX_T","CUR_TYPE_USD","2022",1147.735,,"T30:392","R1:3513_T2:85"
"POL","BB:13355","EAR_EMTM_SEX_CUR_NB","SEX_T","CUR_TYPE_LCU","2021",994.242,,"T30:392","R1:3513_T2:85"
"POL","BB:13355","EAR_EMTM_SEX_CUR_NB","SEX_T","CUR_TYPE_PPP","2021",2374.143,,"T30:392","R1:3513_T2:85"
"POL","BB:13355","EAR_EMTM_SEX_CUR_NB","SEX_T","CUR_TYPE_USD","2021",1175.89,,"T30:392","R1:3513_T2:85"
"POL","BB:13355","EAR_EMTM_SEX_CUR_NB","SEX_T","CUR_TYPE_LCU","2020",975.254,,"T30:392","R1:3513_T2:85"
"POL","BB:13355","EAR_EMTM_SEX_CUR_NB","SEX_T","CUR_TYPE_PPP","2020",2358.327,,"T30:392","R1:3513_T2:85"
"POL","BB:13355","EAR_EMTM_SEX_CUR_NB","SEX_T","CUR_TYPE_USD","2020",1113.936,,"T30:392","R1:3513_T2:85"
"POL","BB:13355","EAR_EMTM_SEX_CUR_NB","SEX_T","CUR_TYPE_LCU","2019",883.746,,"T30:392","R1:3513_T2:85"
"POL","BB:13355","EAR_EMTM_SEX_CUR_NB","SEX_T","CUR_TYPE_PPP","2019",2074.168,,"T30:392","R1:3513_T2:85"
"POL","BB:13355","EAR_EMTM_SEX_CUR_NB","SEX_T","CUR_TYPE_USD","2019",989.353,,"T30:392","R1:3513_T2:85"
"POL","BB:13355","EAR_EMTM_SEX_CUR_NB","SEX_T","CUR_TYPE_LCU","2018",804.812,,"T30:392","R1:3513_T2:85"
"POL","BB:13355","EAR_EMTM_SEX_CUR_NB","SEX_T","CUR_TYPE_PPP","2018",1830.326,,"T30:392","R1:3513_T2:85"
"POL","BB:13355","EAR_EMTM_SEX_CUR_NB","SEX_T","CUR_TYPE_USD","2018",950.483,,"T30:392","R1:3513_T2:85"
"POL","BB:13355","EAR_EMTM_SEX_CUR_NB","SEX_T","CUR_TYPE_LCU","2017",743.606,,"T30:392","R1:3513_T2:85"
"POL","BB:13355","EAR_EMTM_SEX_CUR_NB","SEX_T","CUR_TYPE_PPP","2017",1691.852,,"T30:392","R1:3513_T2:85"
"POL","BB:13355","EAR_EMTM_SEX_CUR_NB","SEX_T","CUR_TYPE_USD","2017",840.052,,"T30:392","R1:3513_T2:85"
"POL","BB:13355","EAR_EMTM_SEX_CUR_NB","SEX_T","CUR_TYPE_LCU","2016",739.128,,"T30:392","R1:3513_T2:85"
"POL","BB:13355","EAR_EMTM_SEX_CUR_NB","SEX_T","CUR_TYPE_PPP","2016",1754.418,,"T30:392","R1:3513_T2:85"
"POL","BB:13355","EAR_EMTM_SEX_CUR_NB","SEX_T","CUR_TYPE_USD","2016",818.141,,"T30:392","R1:3513_T2:85"
"POL","BB:13355","EAR_EMTM_SEX_CUR_NB","SEX_T","CUR_TYPE_LCU","2015",700.754,,"T30:392","R1:3513_T2:85"
"POL","BB:13355","EAR_EMTM_SEX_CUR_NB","SEX_T","CUR_TYPE_PPP","2015",1562.013,,"T30:392","R1:3513_T2:85"
"POL","BB:13355","EAR_EMTM_SEX_CUR_NB","SEX_T","CUR_TYPE_USD","2015",777.487,,"T30:392","R1:3513_T2:85"
"POL","BB:13355","EAR_EMTM_SEX_CUR_NB","SEX_T","CUR_TYPE_LCU","2014",713.702,,"T30:392","R1:3513_T2:85"
"POL","BB:13355","EAR_EMTM_SEX_CUR_NB","SEX_T","CUR_TYPE_PPP","2014",1591.527,,"T30:392","R1:3513_T2:85"
"POL","BB:13355","EAR_EMTM_SEX_CUR_NB","SEX_T","CUR_TYPE_USD","2014",948.152,,"T30:392","R1:3513_T2:85"
"POL","BB:13355","EAR_EMTM_SEX_CUR_NB","SEX_T","CUR_TYPE_LCU","2013",690.682,,"T30:392","R1:3513_T2:85"
"POL","BB:13355","EAR_EMTM_SEX_CUR_NB","SEX_T","CUR_TYPE_PPP","2013",1548.202,,"T30:392","R1:3513_T2:85"
"POL","BB:13355","EAR_EMTM_SEX_CUR_NB","SEX_T","CUR_TYPE_USD","2013",917.294,,"T30:392","R1:3513_T2:85"
"POL","BB:13355","EAR_EMTM_SEX_CUR_NB","SEX_T","CUR_TYPE_LCU","2012",686.813,,"T30:392","R1:3513_T2:85"
"POL","BB:13355","EAR_EMTM_SEX_CUR_NB","SEX_T","CUR_TYPE_PPP","2012",1506.134,,"T30:392","R1:3513_T2:85"
"POL","BB:13355","EAR_EMTM_SEX_CUR_NB","SEX_T","CUR_TYPE_USD","2012",882.418,,"T30:392","R1:3513_T2:85"
"POL","BB:13355","EAR_EMTM_SEX_CUR_NB","SEX_T","CUR_TYPE_LCU","2011",670.087,,"T30:392","R1:3513_T2:85"
"POL","BB:13355","EAR_EMTM_SEX_CUR_NB","SEX_T","CUR_TYPE_PPP","2011",1439.237,,"T30:392","R1:3513_T2:85"
"POL","BB:13355","EAR_EMTM_SEX_CUR_NB","SEX_T","CUR_TYPE_USD","2011",932.761,,"T30:392","R1:3513_T2:85"
"POL","BB:13355","EAR_EMTM_SEX_CUR_NB","SEX_T","CUR_TYPE_LCU","2010",593.414,,"T30:392","R1:3513_T2:85"
"POL","BB:13355","EAR_EMTM_SEX_CUR_NB","SEX_T","CUR_TYPE_PPP","2010",1216.018,,"T30:392","R1:3513_T2:85"
"POL","BB:13355","EAR_EMTM_SEX_CUR_NB","SEX_T","CUR_TYPE_USD","2010",786.689,,"T30:392","R1:3513_T2:85"
"POL","BB:13355","EAR_EMTM_SEX_CUR_NB","SEX_T","CUR_TYPE_LCU","2009",690.987,,"T30:392","R1:3513_T2:85"
"POL","BB:13355","EAR_EMTM_SEX_CUR_NB","SEX_T","CUR_TYPE_PPP","2009",1484.901,,"T30:392","R1:3513_T2:85"
"POL","BB:13355","EAR_EMTM_SEX_CUR_NB","SEX_T","CUR_TYPE_USD","2009",963.789,,"T30:392","R1:3513_T2:85"
"POL","BB:13355","EAR_EMTM_SEX_CUR_NB","SEX_T","CUR_TYPE_LCU","2008",595.258,,"T30:392","R1:3513_T2:85"
"POL","BB:13355","EAR_EMTM_SEX_CUR_NB","SEX_T","CUR_TYPE_PPP","2008",1051.565,,"T30:392","R1:3513_T2:85"
"POL","BB:13355","EAR_EMTM_SEX_CUR_NB","SEX_T","CUR_TYPE_USD","2008",875.506,,"T30:392","R1:3513_T2:85"
"POL","BB:13355","EAR_EMTM_SEX_CUR_NB","SEX_T","CUR_TYPE_LCU","2007",506.661,,"T30:392","R1:3513_T2:85"
"POL","BB:13355","EAR_EMTM_SEX_CUR_NB","SEX_T","CUR_TYPE_PPP","2007",949.899,,"T30:392","R1:3513_T2:85"
"POL","BB:13355","EAR_EMTM_SEX_CUR_NB","SEX_T","CUR_TYPE_USD","2007",694.379,,"T30:392","R1:3513_T2:85"
"POL","BB:13355","EAR_EMTM_SEX_CUR_NB","SEX_T","CUR_TYPE_LCU","2006",420.701,,"T30:392","R1:3513_T2:85"
"POL","BB:13355","EAR_EMTM_SEX_CUR_NB","SEX_T","CUR_TYPE_PPP","2006",784.417,,"T30:392","R1:3513_T2:85"
"POL","BB:13355","EAR_EMTM_SEX_CUR_NB","SEX_T","CUR_TYPE_USD","2006",528.232,,"T30:392","R1:3513_T2:85"
"POL","BB:13355","EAR_EMTM_SEX_CUR_NB","SEX_T","CUR_TYPE_LCU","2005",358.634,,"T30:392","R1:3513_T2:85"
"POL","BB:13355","EAR_EMTM_SEX_CUR_NB","SEX_T","CUR_TYPE_PPP","2005",681.741,,"T30:392","R1:3513_T2:85"
"POL","BB:13355","EAR_EMTM_SEX_CUR_NB","SEX_T","CUR_TYPE_USD","2005",446.176,,"T30:392","R1:3513_T2:85"
"PRI","AA:1553","EAR_EMTM_SEX_CUR_NB","SEX_T","CUR_TYPE_LCU","2020",1575,,"T30:97","R1:3513"
"PRI","AA:1553","EAR_EMTM_SEX_CUR_NB","SEX_T","CUR_TYPE_PPP","2020",1679.866,,"T30:97","R1:3513"
"PRI","AA:1553","EAR_EMTM_SEX_CUR_NB","SEX_T","CUR_TYPE_USD","2020",1575,,"T30:97","R1:3513"
"PRI","AA:1553","EAR_EMTM_SEX_CUR_NB","SEX_T","CUR_TYPE_LCU","2015",1500,,"T30:97","R1:3513"
"PRI","AA:1553","EAR_EMTM_SEX_CUR_NB","SEX_T","CUR_TYPE_PPP","2015",1467.377,,"T30:97","R1:3513"
"PRI","AA:1553","EAR_EMTM_SEX_CUR_NB","SEX_T","CUR_TYPE_USD","2015",1500,,"T30:97","R1:3513"
"PRT","BA:199","EAR_EMTM_SEX_CUR_NB","SEX_T","CUR_TYPE_LCU","2025",1050,,"T30:199","R1:3513"
"PRT","BA:199","EAR_EMTM_SEX_CUR_NB","SEX_T","CUR_TYPE_PPP","2025",1826.999,,"T30:199","R1:3513"
"PRT","BA:199","EAR_EMTM_SEX_CUR_NB","SEX_T","CUR_TYPE_USD","2025",1186.5,,"T30:199","R1:3513"
"PRT","BA:199","EAR_EMTM_SEX_CUR_NB","SEX_T","CUR_TYPE_LCU","2024",1000,,"T30:199","R1:3513"
"PRT","BA:199","EAR_EMTM_SEX_CUR_NB","SEX_T","CUR_TYPE_PPP","2024",1789.712,,"T30:199","R1:3513"
"PRT","BA:199","EAR_EMTM_SEX_CUR_NB","SEX_T","CUR_TYPE_USD","2024",1082.4,,"T30:199","R1:3513"
"PRT","BA:199","EAR_EMTM_SEX_CUR_NB","SEX_T","CUR_TYPE_LCU","2023",900,,"T30:199","R1:3513"
"PRT","BA:199","EAR_EMTM_SEX_CUR_NB","SEX_T","CUR_TYPE_PPP","2023",1621.519,,"T30:199","R1:3513"
"PRT","BA:199","EAR_EMTM_SEX_CUR_NB","SEX_T","CUR_TYPE_USD","2023",973.17,,"T30:199","R1:3513"
"PRT","BA:199","EAR_EMTM_SEX_CUR_NB","SEX_T","CUR_TYPE_LCU","2022",860,,"T30:199","R1:3513"
"PRT","BA:199","EAR_EMTM_SEX_CUR_NB","SEX_T","CUR_TYPE_PPP","2022",1485.779,,"T30:199","R1:3513"
"PRT","BA:199","EAR_EMTM_SEX_CUR_NB","SEX_T","CUR_TYPE_USD","2022",905.58,,"T30:199","R1:3513"
"PRT","BA:199","EAR_EMTM_SEX_CUR_NB","SEX_T","CUR_TYPE_LCU","2021",830,,"T30:199","R1:3513"
"PRT","BA:199","EAR_EMTM_SEX_CUR_NB","SEX_T","CUR_TYPE_PPP","2021",1355.146,,"T30:199","R1:3513"
"PRT","BA:199","EAR_EMTM_SEX_CUR_NB","SEX_T","CUR_TYPE_USD","2021",981.641,,"T30:199","R1:3513"
"PRT","BA:199","EAR_EMTM_SEX_CUR_NB","SEX_T","CUR_TYPE_LCU","2020",790,,"T30:199","R1:3513"
"PRT","BA:199","EAR_EMTM_SEX_CUR_NB","SEX_T","CUR_TYPE_PPP","2020",1247.064,,"T30:199","R1:3513"
"PRT","BA:199","EAR_EMTM_SEX_CUR_NB","SEX_T","CUR_TYPE_USD","2020",902.338,,"T30:199","R1:3513"
"PRT","BA:199","EAR_EMTM_SEX_CUR_NB","SEX_T","CUR_TYPE_LCU","2019",750,,"T30:199","R1:3513"
"PRT","BA:199","EAR_EMTM_SEX_CUR_NB","SEX_T","CUR_TYPE_PPP","2019",1199.244,,"T30:199","R1:3513"
"PRT","BA:199","EAR_EMTM_SEX_CUR_NB","SEX_T","CUR_TYPE_USD","2019",839.625,,"T30:199","R1:3513"
"PRT","BA:199","EAR_EMTM_SEX_CUR_NB","SEX_T","CUR_TYPE_LCU","2018",700,,"T30:199","R1:3513"
"PRT","BA:199","EAR_EMTM_SEX_CUR_NB","SEX_T","CUR_TYPE_PPP","2018",1075.933,,"T30:199","R1:3513"
"PRT","BA:199","EAR_EMTM_SEX_CUR_NB","SEX_T","CUR_TYPE_USD","2018",826.7,,"T30:199","R1:3513"
"PRT","BA:199","EAR_EMTM_SEX_CUR_NB","SEX_T","CUR_TYPE_LCU","2017",700,,"T30:199","R1:3513"
"PRT","BA:199","EAR_EMTM_SEX_CUR_NB","SEX_T","CUR_TYPE_PPP","2017",1049.272,,"T30:199","R1:3513"
"PRT","BA:199","EAR_EMTM_SEX_CUR_NB","SEX_T","CUR_TYPE_USD","2017",790.79,,"T30:199","R1:3513"
"PRT","BA:199","EAR_EMTM_SEX_CUR_NB","SEX_T","CUR_TYPE_LCU","2016",680,,"T30:199","R1:3513"
"PRT","BA:199","EAR_EMTM_SEX_CUR_NB","SEX_T","CUR_TYPE_PPP","2016",1033.408,,"T30:199","R1:3513"
"PRT","BA:199","EAR_EMTM_SEX_CUR_NB","SEX_T","CUR_TYPE_USD","2016",752.692,,"T30:199","R1:3513"
"PRT","BA:199","EAR_EMTM_SEX_CUR_NB","SEX_T","CUR_TYPE_LCU","2015",660,,"T30:199","R1:3513"
"PRT","BA:199","EAR_EMTM_SEX_CUR_NB","SEX_T","CUR_TYPE_PPP","2015",980.634,,"T30:199","R1:3513"
"PRT","BA:199","EAR_EMTM_SEX_CUR_NB","SEX_T","CUR_TYPE_USD","2015",732.27,,"T30:199","R1:3513"
"PRT","BA:199","EAR_EMTM_SEX_CUR_NB","SEX_T","CUR_TYPE_LCU","2014",650,,"T30:199","R1:3513"
"PRT","BA:199","EAR_EMTM_SEX_CUR_NB","SEX_T","CUR_TYPE_PPP","2014",974.091,,"T30:199","R1:3513"
"PRT","BA:199","EAR_EMTM_SEX_CUR_NB","SEX_T","CUR_TYPE_USD","2014",863.525,,"T30:199","R1:3513"
"PRT","BA:199","EAR_EMTM_SEX_CUR_NB","SEX_T","CUR_TYPE_LCU","2013",650,,"T30:199","R1:3513"
"PRT","BA:199","EAR_EMTM_SEX_CUR_NB","SEX_T","CUR_TYPE_PPP","2013",977.722,,"T30:199","R1:3513"
"PRT","BA:199","EAR_EMTM_SEX_CUR_NB","SEX_T","CUR_TYPE_USD","2013",863.265,,"T30:199","R1:3513"
"PRT","BA:199","EAR_EMTM_SEX_CUR_NB","SEX_T","CUR_TYPE_LCU","2012",650,,"T30:199","R1:3513"
"PRT","BA:199","EAR_EMTM_SEX_CUR_NB","SEX_T","CUR_TYPE_PPP","2012",942.729,,"T30:199","R1:3513"
"PRT","BA:199","EAR_EMTM_SEX_CUR_NB","SEX_T","CUR_TYPE_USD","2012",835.12,,"T30:199","R1:3513"
"PRT","BA:199","EAR_EMTM_SEX_CUR_NB","SEX_T","CUR_TYPE_LCU","2011",630,,"T30:199","R1:3513"
"PRT","BA:199","EAR_EMTM_SEX_CUR_NB","SEX_T","CUR_TYPE_PPP","2011",907.883,,"T30:199","R1:3513"
"PRT","BA:199","EAR_EMTM_SEX_CUR_NB","SEX_T","CUR_TYPE_USD","2011",876.96,,"T30:199","R1:3513"
"PRT","BA:199","EAR_EMTM_SEX_CUR_NB","SEX_T","CUR_TYPE_LCU","2010",600,,"T30:199","R1:3513"
"PRT","BA:199","EAR_EMTM_SEX_CUR_NB","SEX_T","CUR_TYPE_PPP","2010",856.641,,"T30:199","R1:3513"
"PRT","BA:199","EAR_EMTM_SEX_CUR_NB","SEX_T","CUR_TYPE_USD","2010",795.42,,"T30:199","R1:3513"
"PRT","BA:199","EAR_EMTM_SEX_CUR_NB","SEX_T","CUR_TYPE_LCU","2009",600,,"T30:199","R1:3513"
"PRT","BA:199","EAR_EMTM_SEX_CUR_NB","SEX_T","CUR_TYPE_PPP","2009",850.52,,"T30:199","R1:3513"
"PRT","BA:199","EAR_EMTM_SEX_CUR_NB","SEX_T","CUR_TYPE_USD","2009",836.88,,"T30:199","R1:3513"
"PRT","BA:199","EAR_EMTM_SEX_CUR_NB","SEX_T","CUR_TYPE_LCU","2008",600,,"T30:199","R1:3513"
"PRT","BA:199","EAR_EMTM_SEX_CUR_NB","SEX_T","CUR_TYPE_PPP","2008",839.453,,"T30:199","R1:3513"
"PRT","BA:199","EAR_EMTM_SEX_CUR_NB","SEX_T","CUR_TYPE_USD","2008",882.48,,"T30:199","R1:3513"
"PRT","BA:199","EAR_EMTM_SEX_CUR_NB","SEX_T","CUR_TYPE_LCU","2007",590,,"T30:199","R1:3513"
"PRT","BA:199","EAR_EMTM_SEX_CUR_NB","SEX_T","CUR_TYPE_PPP","2007",822.117,,"T30:199","R1:3513"
"PRT","BA:199","EAR_EMTM_SEX_CUR_NB","SEX_T","CUR_TYPE_USD","2007",808.595,,"T30:199","R1:3513"
"PRT","BA:199","EAR_EMTM_SEX_CUR_NB","SEX_T","CUR_TYPE_LCU","2006",565,,"T30:199","R1:3513"
"PRT","BA:199","EAR_EMTM_SEX_CUR_NB","SEX_T","CUR_TYPE_PPP","2006",809.698,,"T30:199","R1:3513"
"PRT","BA:199","EAR_EMTM_SEX_CUR_NB","SEX_T","CUR_TYPE_USD","2006",709.414,,"T30:199","R1:3513"
"PRT","BA:199","EAR_EMTM_SEX_CUR_NB","SEX_T","CUR_TYPE_LCU","2005",550,,"T30:199","R1:3513"
"PRT","BA:199","EAR_EMTM_SEX_CUR_NB","SEX_T","CUR_TYPE_PPP","2005",780.992,,"T30:199","R1:3513"
"PRT","BA:199","EAR_EMTM_SEX_CUR_NB","SEX_T","CUR_TYPE_USD","2005",684.255,,"T30:199","R1:3513"
"PRT","BA:199","EAR_EMTM_SEX_CUR_NB","SEX_T","CUR_TYPE_LCU","2004",505,,"T30:199","R1:3513"
"PRT","BA:199","EAR_EMTM_SEX_CUR_NB","SEX_T","CUR_TYPE_PPP","2004",705.893,,"T30:199","R1:3513"
"PRT","BA:199","EAR_EMTM_SEX_CUR_NB","SEX_T","CUR_TYPE_USD","2004",628.17,,"T30:199","R1:3513"
"PRT","BA:199","EAR_EMTM_SEX_CUR_NB","SEX_T","CUR_TYPE_LCU","2003",500,,"T30:199","R1:3513"
"PRT","BA:199","EAR_EMTM_SEX_CUR_NB","SEX_T","CUR_TYPE_PPP","2003",700.117,,"T30:199","R1:3513"
"PRT","BA:199","EAR_EMTM_SEX_CUR_NB","SEX_T","CUR_TYPE_USD","2003",565.6,,"T30:199","R1:3513"
"PRT","BA:199","EAR_EMTM_SEX_CUR_NB","SEX_T","CUR_TYPE_LCU","2002",500,,"T30:199","R1:3513"
"PRT","BA:199","EAR_EMTM_SEX_CUR_NB","SEX_T","CUR_TYPE_PPP","2002",692.77,,"T30:199","R1:3513"
"PRT","BA:199","EAR_EMTM_SEX_CUR_NB","SEX_T","CUR_TYPE_USD","2002",472.8,,"T30:199","R1:3513"
"PRT","BA:199","EAR_EMTM_SEX_CUR_NB","SEX_T","CUR_TYPE_LCU","2001",94000,,"T30:330","R1:3513"
"PRT","BA:199","EAR_EMTM_SEX_CUR_NB","SEX_T","CUR_TYPE_LCU","2000",90000,,"T30:330","R1:3513"
"PRY","BX:14043","EAR_EMTM_SEX_CUR_NB","SEX_T","CUR_TYPE_LCU","2025",2800000,,"T30:95","R1:3513"
"PRY","BX:14043","EAR_EMTM_SEX_CUR_NB","SEX_T","CUR_TYPE_PPP","2025",974.062,,"T30:95","R1:3513"
"PRY","BX:14043","EAR_EMTM_SEX_CUR_NB","SEX_T","CUR_TYPE_USD","2025",371.085,,"T30:95","R1:3513"
"PRY","BX:14043","EAR_EMTM_SEX_CUR_NB","SEX_T","CUR_TYPE_LCU","2024",2660000,,"T30:95","R1:3513"
"PRY","BX:14043","EAR_EMTM_SEX_CUR_NB","SEX_T","CUR_TYPE_PPP","2024",937.432,,"T30:95","R1:3513"
"PRY","BX:14043","EAR_EMTM_SEX_CUR_NB","SEX_T","CUR_TYPE_USD","2024",351.84,,"T30:95","R1:3513"
"PRY","BX:14043","EAR_EMTM_SEX_CUR_NB","SEX_T","CUR_TYPE_LCU","2023",2500000,,"T30:95","R1:3513"
"PRY","BX:14043","EAR_EMTM_SEX_CUR_NB","SEX_T","CUR_TYPE_PPP","2023",888.626,,"T30:95","R1:3513"
"PRY","BX:14043","EAR_EMTM_SEX_CUR_NB","SEX_T","CUR_TYPE_USD","2023",342.989,,"T30:95","R1:3513"
"PRY","BX:14043","EAR_EMTM_SEX_CUR_NB","SEX_T","CUR_TYPE_LCU","2022",2300000,,"T30:95","R1:3513"
"PRY","BX:14043","EAR_EMTM_SEX_CUR_NB","SEX_T","CUR_TYPE_PPP","2022",821.585,,"T30:95","R1:3513"
"PRY","BX:14043","EAR_EMTM_SEX_CUR_NB","SEX_T","CUR_TYPE_USD","2022",329.383,,"T30:95","R1:3513"
"PRY","BX:14043","EAR_EMTM_SEX_CUR_NB","SEX_T","CUR_TYPE_LCU","2021",2169927.206,,"T30:95","R1:3513"
"PRY","BX:14043","EAR_EMTM_SEX_CUR_NB","SEX_T","CUR_TYPE_PPP","2021",787.773,,"T30:95","R1:3513"
"PRY","BX:14043","EAR_EMTM_SEX_CUR_NB","SEX_T","CUR_TYPE_USD","2021",320.324,,"T30:95","R1:3513"
"PRY","BX:14043","EAR_EMTM_SEX_CUR_NB","SEX_T","CUR_TYPE_LCU","2019",2109848.184,,"T30:95","R1:3513"
"PRY","BX:14043","EAR_EMTM_SEX_CUR_NB","SEX_T","CUR_TYPE_PPP","2019",795.601,,"T30:95","R1:3513"
"PRY","BX:14043","EAR_EMTM_SEX_CUR_NB","SEX_T","CUR_TYPE_USD","2019",338.078,,"T30:95","R1:3513"
"PRY","BX:14043","EAR_EMTM_SEX_CUR_NB","SEX_T","CUR_TYPE_LCU","2018",2000000,,"T30:95","R1:3513"
"PRY","BX:14043","EAR_EMTM_SEX_CUR_NB","SEX_T","CUR_TYPE_PPP","2018",767.132,,"T30:95","R1:3513"
"PRY","BX:14043","EAR_EMTM_SEX_CUR_NB","SEX_T","CUR_TYPE_USD","2018",348.912,,"T30:95","R1:3513"
"PRY","BX:14043","EAR_EMTM_SEX_CUR_NB","SEX_T","CUR_TYPE_LCU","2017",2000000,,"T30:95","R1:3513"
"PRY","BX:14043","EAR_EMTM_SEX_CUR_NB","SEX_T","CUR_TYPE_PPP","2017",798.506,,"T30:95","R1:3513"
"PRY","BX:14043","EAR_EMTM_SEX_CUR_NB","SEX_T","CUR_TYPE_USD","2017",355.939,,"T30:95","R1:3513"
"PRY","BX:534","EAR_EMTM_SEX_CUR_NB","SEX_T","CUR_TYPE_LCU","2016",1750000,,"T30:95","R1:3513"
"PRY","BX:534","EAR_EMTM_SEX_CUR_NB","SEX_T","CUR_TYPE_PPP","2016",716.938,,"T30:95","R1:3513"
"PRY","BX:534","EAR_EMTM_SEX_CUR_NB","SEX_T","CUR_TYPE_USD","2016",308.612,,"T30:95","R1:3513"
"PRY","BX:534","EAR_EMTM_SEX_CUR_NB","SEX_T","CUR_TYPE_LCU","2015",1800000,,"T30:95","R1:3513"
"PRY","BX:534","EAR_EMTM_SEX_CUR_NB","SEX_T","CUR_TYPE_PPP","2015",749.746,,"T30:95","R1:3513"
"PRY","BX:534","EAR_EMTM_SEX_CUR_NB","SEX_T","CUR_TYPE_USD","2015",345.827,,"T30:95","R1:3513"
"PRY","BX:534","EAR_EMTM_SEX_CUR_NB","SEX_T","CUR_TYPE_LCU","2014",1768292.308,,"T30:95","R1:3513"
"PRY","BX:534","EAR_EMTM_SEX_CUR_NB","SEX_T","CUR_TYPE_PPP","2014",751.006,,"T30:95","R1:3513"
"PRY","BX:534","EAR_EMTM_SEX_CUR_NB","SEX_T","CUR_TYPE_USD","2014",396.284,,"T30:95","R1:3513"
"PRY","BX:534","EAR_EMTM_SEX_CUR_NB","SEX_T","CUR_TYPE_LCU","2013",1600000,,"T30:95","R1:3513"
"PRY","BX:534","EAR_EMTM_SEX_CUR_NB","SEX_T","CUR_TYPE_PPP","2013",702.138,,"T30:95","R1:3513"
"PRY","BX:534","EAR_EMTM_SEX_CUR_NB","SEX_T","CUR_TYPE_USD","2013",371.757,,"T30:95","R1:3513"
"PRY","BX:534","EAR_EMTM_SEX_CUR_NB","SEX_T","CUR_TYPE_LCU","2012",1508991,,"T30:95","R1:3513"
"PRY","BX:534","EAR_EMTM_SEX_CUR_NB","SEX_T","CUR_TYPE_PPP","2012",682.394,,"T30:95","R1:3513"
"PRY","BX:534","EAR_EMTM_SEX_CUR_NB","SEX_T","CUR_TYPE_USD","2012",341.273,,"T30:95","R1:3513"
"PRY","BX:534","EAR_EMTM_SEX_CUR_NB","SEX_T","CUR_TYPE_LCU","2011",1500000,,"T30:95","R1:3513"
"PRY","BX:534","EAR_EMTM_SEX_CUR_NB","SEX_T","CUR_TYPE_PPP","2011",669.017,,"T30:95","R1:3513"
"PRY","BX:534","EAR_EMTM_SEX_CUR_NB","SEX_T","CUR_TYPE_USD","2011",357.671,,"T30:95","R1:3513"
"PRY","BX:534","EAR_EMTM_SEX_CUR_NB","SEX_T","CUR_TYPE_LCU","2010",1200000,,"T30:95","R1:3513"
"PRY","BX:534","EAR_EMTM_SEX_CUR_NB","SEX_T","CUR_TYPE_PPP","2010",561.659,,"T30:95","R1:3513"
"PRY","BX:534","EAR_EMTM_SEX_CUR_NB","SEX_T","CUR_TYPE_USD","2010",252.184,,"T30:95","R1:3513"
"PRY","BX:534","EAR_EMTM_SEX_CUR_NB","SEX_T","CUR_TYPE_LCU","2009",1170000,,"T30:95","R1:3513"
"PRY","BX:534","EAR_EMTM_SEX_CUR_NB","SEX_T","CUR_TYPE_PPP","2009",563.841,,"T30:95","R1:3513"
"PRY","BX:534","EAR_EMTM_SEX_CUR_NB","SEX_T","CUR_TYPE_USD","2009",235.57,,"T30:95","R1:3513"
"PRY","BX:534","EAR_EMTM_SEX_CUR_NB","SEX_T","CUR_TYPE_LCU","2008",1000000,,"T30:95","R1:3513"
"PRY","BX:534","EAR_EMTM_SEX_CUR_NB","SEX_T","CUR_TYPE_PPP","2008",496.17,,"T30:95","R1:3513"
"PRY","BX:534","EAR_EMTM_SEX_CUR_NB","SEX_T","CUR_TYPE_USD","2008",229.185,,"T30:95","R1:3513"
"PRY","BX:534","EAR_EMTM_SEX_CUR_NB","SEX_T","CUR_TYPE_LCU","2007",900000,,"T30:95","R1:3513"
"PRY","BX:534","EAR_EMTM_SEX_CUR_NB","SEX_T","CUR_TYPE_PPP","2007",473.714,,"T30:95","R1:3513"
"PRY","BX:534","EAR_EMTM_SEX_CUR_NB","SEX_T","CUR_TYPE_USD","2007",178.83,,"T30:95","R1:3513"
"PRY","BX:534","EAR_EMTM_SEX_CUR_NB","SEX_T","CUR_TYPE_LCU","2006",900000,,"T30:95","R1:3513"
"PRY","BX:534","EAR_EMTM_SEX_CUR_NB","SEX_T","CUR_TYPE_PPP","2006",498.022,,"T30:95","R1:3513"
"PRY","BX:534","EAR_EMTM_SEX_CUR_NB","SEX_T","CUR_TYPE_USD","2006",159.713,,"T30:95","R1:3513"
"PRY","BX:534","EAR_EMTM_SEX_CUR_NB","SEX_T","CUR_TYPE_LCU","2005",720000,,"T30:95","R1:3513"
"PRY","BX:534","EAR_EMTM_SEX_CUR_NB","SEX_T","CUR_TYPE_PPP","2005",422.978,,"T30:95","R1:3513"
"PRY","BX:534","EAR_EMTM_SEX_CUR_NB","SEX_T","CUR_TYPE_USD","2005",116.544,,"T30:95","R1:3513"
"PRY","BX:534","EAR_EMTM_SEX_CUR_NB","SEX_T","CUR_TYPE_LCU","2004",600000,,"T30:95","R1:3513"
"PRY","BX:534","EAR_EMTM_SEX_CUR_NB","SEX_T","CUR_TYPE_PPP","2004",364.123,,"T30:95","R1:3513"
"PRY","BX:534","EAR_EMTM_SEX_CUR_NB","SEX_T","CUR_TYPE_USD","2004",100.426,,"T30:95","R1:3513"
"PRY","BX:534","EAR_EMTM_SEX_CUR_NB","SEX_T","CUR_TYPE_LCU","2003",650000,,"T30:95","R1:3513"
"PRY","BX:534","EAR_EMTM_SEX_CUR_NB","SEX_T","CUR_TYPE_PPP","2003",400.79,,"T30:95","R1:3513"
"PRY","BX:534","EAR_EMTM_SEX_CUR_NB","SEX_T","CUR_TYPE_USD","2003",101.178,,"T30:95","R1:3513"
"PRY","BX:534","EAR_EMTM_SEX_CUR_NB","SEX_T","CUR_TYPE_LCU","2002",600000,"B","T30:95_I11:264","R1:3513"
"PRY","BX:534","EAR_EMTM_SEX_CUR_NB","SEX_T","CUR_TYPE_PPP","2002",413.249,"B","T30:95_I11:264","R1:3513"
"PRY","BX:534","EAR_EMTM_SEX_CUR_NB","SEX_T","CUR_TYPE_USD","2002",104.964,"B","T30:95_I11:264","R1:3513"
"PRY","BX:534","EAR_EMTM_SEX_CUR_NB","SEX_T","CUR_TYPE_LCU","2001",650000,"B","T30:95_I11:264","R1:3513"
"PRY","BX:534","EAR_EMTM_SEX_CUR_NB","SEX_T","CUR_TYPE_PPP","2001",487.015,"B","T30:95_I11:264","R1:3513"
"PRY","BX:534","EAR_EMTM_SEX_CUR_NB","SEX_T","CUR_TYPE_USD","2001",158.308,"B","T30:95_I11:264","R1:3513"
"PSE","BA:592","EAR_EMTM_SEX_CUR_NB","SEX_T","CUR_TYPE_LCU","2025",2499.808,,"T30:157","R1:3513_S4:6333"
"PSE","BA:592","EAR_EMTM_SEX_CUR_NB","SEX_T","CUR_TYPE_LCU","2024",2499.808,"B","T30:157_I11:264","R1:3513_S4:6333"
"PSE","BA:592","EAR_EMTM_SEX_CUR_NB","SEX_T","CUR_TYPE_LCU","2022",2499.808,,"T30:157","R1:3513"
"PSE","BA:592","EAR_EMTM_SEX_CUR_NB","SEX_T","CUR_TYPE_LCU","2021",2499.708,,"T30:157","R1:3513"
"PSE","BA:592","EAR_EMTM_SEX_CUR_NB","SEX_T","CUR_TYPE_LCU","2020",2421.889,,"T30:157","R1:3513"
"PSE","BA:592","EAR_EMTM_SEX_CUR_NB","SEX_T","CUR_TYPE_LCU","2019",2249.827,,"T30:157","R1:3513"
"PSE","BA:592","EAR_EMTM_SEX_CUR_NB","SEX_T","CUR_TYPE_LCU","2018",2166.5,,"T30:157","R1:3513"
"PSE","BA:592","EAR_EMTM_SEX_CUR_NB","SEX_T","CUR_TYPE_LCU","2017",2083.173,,"T30:157","R1:3513"
"PSE","BA:592","EAR_EMTM_SEX_CUR_NB","SEX_T","CUR_TYPE_LCU","2016",1967.048,,"T30:157","R1:3513"
"PSE","BA:592","EAR_EMTM_SEX_CUR_NB","SEX_T","CUR_TYPE_LCU","2015",1916.519,,"T30:157","R1:3513"
"ROU","BB:439","EAR_EMTM_SEX_CUR_NB","SEX_T","CUR_TYPE_LCU","2025",1373.812,,"T30:393","R1:3513_T2:85"
"ROU","BB:439","EAR_EMTM_SEX_CUR_NB","SEX_T","CUR_TYPE_PPP","2025",3182.726,,"T30:393","R1:3513_T2:85"
"ROU","BB:439","EAR_EMTM_SEX_CUR_NB","SEX_T","CUR_TYPE_USD","2025",1552.408,,"T30:393","R1:3513_T2:85"
"ROU","BB:439","EAR_EMTM_SEX_CUR_NB","SEX_T","CUR_TYPE_LCU","2024",1255.837,,"T30:393","R1:3513_T2:85"
"ROU","BB:439","EAR_EMTM_SEX_CUR_NB","SEX_T","CUR_TYPE_PPP","2024",3039.388,,"T30:393","R1:3513_T2:85"
"ROU","BB:439","EAR_EMTM_SEX_CUR_NB","SEX_T","CUR_TYPE_USD","2024",1359.318,,"T30:393","R1:3513_T2:85"
"ROU","BB:439","EAR_EMTM_SEX_CUR_NB","SEX_T","CUR_TYPE_LCU","2023",1134.217,,"T30:393","R1:3513_T2:85"
"ROU","BB:439","EAR_EMTM_SEX_CUR_NB","SEX_T","CUR_TYPE_PPP","2023",2849.426,,"T30:393","R1:3513_T2:85"
"ROU","BB:439","EAR_EMTM_SEX_CUR_NB","SEX_T","CUR_TYPE_USD","2023",1226.428,,"T30:393","R1:3513_T2:85"
"ROU","BB:439","EAR_EMTM_SEX_CUR_NB","SEX_T","CUR_TYPE_LCU","2022",946.205,,"T30:393","R1:3513_T2:85"
"ROU","BB:439","EAR_EMTM_SEX_CUR_NB","SEX_T","CUR_TYPE_PPP","2022",2347.617,,"T30:393","R1:3513_T2:85"
"ROU","BB:439","EAR_EMTM_SEX_CUR_NB","SEX_T","CUR_TYPE_USD","2022",996.354,,"T30:393","R1:3513_T2:85"
"ROU","BB:439","EAR_EMTM_SEX_CUR_NB","SEX_T","CUR_TYPE_LCU","2021",794.939,,"T30:393","R1:3513_T2:85"
"ROU","BB:439","EAR_EMTM_SEX_CUR_NB","SEX_T","CUR_TYPE_PPP","2021",2049.454,,"T30:393","R1:3513_T2:85"
"ROU","BB:439","EAR_EMTM_SEX_CUR_NB","SEX_T","CUR_TYPE_USD","2021",940.174,,"T30:393","R1:3513_T2:85"
"ROU","BB:439","EAR_EMTM_SEX_CUR_NB","SEX_T","CUR_TYPE_LCU","2020",723.153,,"T30:393","R1:3513_T2:85"
"ROU","BB:439","EAR_EMTM_SEX_CUR_NB","SEX_T","CUR_TYPE_PPP","2020",1863.924,,"T30:393","R1:3513_T2:85"
"ROU","BB:439","EAR_EMTM_SEX_CUR_NB","SEX_T","CUR_TYPE_USD","2020",825.986,,"T30:393","R1:3513_T2:85"
"ROU","BB:439","EAR_EMTM_SEX_CUR_NB","SEX_T","CUR_TYPE_LCU","2019",694.028,,"T30:393","R1:3513_T2:85"
"ROU","BB:439","EAR_EMTM_SEX_CUR_NB","SEX_T","CUR_TYPE_PPP","2019",1757.02,,"T30:393","R1:3513_T2:85"
"ROU","BB:439","EAR_EMTM_SEX_CUR_NB","SEX_T","CUR_TYPE_USD","2019",776.965,,"T30:393","R1:3513_T2:85"
"ROU","BB:439","EAR_EMTM_SEX_CUR_NB","SEX_T","CUR_TYPE_LCU","2018",492.73,,"T30:393","R1:3513_T2:85"
"ROU","BB:439","EAR_EMTM_SEX_CUR_NB","SEX_T","CUR_TYPE_PPP","2018",1198.212,,"T30:393","R1:3513_T2:85"
"ROU","BB:439","EAR_EMTM_SEX_CUR_NB","SEX_T","CUR_TYPE_USD","2018",581.914,,"T30:393","R1:3513_T2:85"
"ROU","BB:439","EAR_EMTM_SEX_CUR_NB","SEX_T","CUR_TYPE_LCU","2017",404.652,,"T30:393","R1:3513_T2:85"
"ROU","BB:439","EAR_EMTM_SEX_CUR_NB","SEX_T","CUR_TYPE_PPP","2017",987.514,,"T30:393","R1:3513_T2:85"
"ROU","BB:439","EAR_EMTM_SEX_CUR_NB","SEX_T","CUR_TYPE_USD","2017",457.135,,"T30:393","R1:3513_T2:85"
"ROU","BB:439","EAR_EMTM_SEX_CUR_NB","SEX_T","CUR_TYPE_LCU","2016",339.67,,"T30:393","R1:3513_T2:85"
"ROU","BB:439","EAR_EMTM_SEX_CUR_NB","SEX_T","CUR_TYPE_PPP","2016",838.715,,"T30:393","R1:3513_T2:85"
"ROU","BB:439","EAR_EMTM_SEX_CUR_NB","SEX_T","CUR_TYPE_USD","2016",375.981,,"T30:393","R1:3513_T2:85"
"ROU","BB:439","EAR_EMTM_SEX_CUR_NB","SEX_T","CUR_TYPE_LCU","2015",307.128,,"T30:393","R1:3513_T2:85"
"ROU","BB:439","EAR_EMTM_SEX_CUR_NB","SEX_T","CUR_TYPE_PPP","2015",715.528,,"T30:393","R1:3513_T2:85"
"ROU","BB:439","EAR_EMTM_SEX_CUR_NB","SEX_T","CUR_TYPE_USD","2015",340.759,,"T30:393","R1:3513_T2:85"
"ROU","BB:439","EAR_EMTM_SEX_CUR_NB","SEX_T","CUR_TYPE_LCU","2014",293.02,,"T30:393","R1:3513_T2:85"
"ROU","BB:439","EAR_EMTM_SEX_CUR_NB","SEX_T","CUR_TYPE_PPP","2014",690.231,,"T30:393","R1:3513_T2:85"
"ROU","BB:439","EAR_EMTM_SEX_CUR_NB","SEX_T","CUR_TYPE_USD","2014",389.277,,"T30:393","R1:3513_T2:85"
"ROU","BB:439","EAR_EMTM_SEX_CUR_NB","SEX_T","CUR_TYPE_LCU","2013",285.652,,"T30:393","R1:3513_T2:85"
"ROU","BB:439","EAR_EMTM_SEX_CUR_NB","SEX_T","CUR_TYPE_PPP","2013",670.145,,"T30:393","R1:3513_T2:85"
"ROU","BB:439","EAR_EMTM_SEX_CUR_NB","SEX_T","CUR_TYPE_USD","2013",379.375,,"T30:393","R1:3513_T2:85"
"ROU","BB:439","EAR_EMTM_SEX_CUR_NB","SEX_T","CUR_TYPE_LCU","2012",290.553,,"T30:393","R1:3513_T2:85"
"ROU","BB:439","EAR_EMTM_SEX_CUR_NB","SEX_T","CUR_TYPE_PPP","2012",691.264,,"T30:393","R1:3513_T2:85"
"ROU","BB:439","EAR_EMTM_SEX_CUR_NB","SEX_T","CUR_TYPE_USD","2012",373.302,,"T30:393","R1:3513_T2:85"
"ROU","BB:439","EAR_EMTM_SEX_CUR_NB","SEX_T","CUR_TYPE_LCU","2011",284.467,,"T30:393","R1:3513_T2:85"
"ROU","BB:439","EAR_EMTM_SEX_CUR_NB","SEX_T","CUR_TYPE_PPP","2011",653.409,,"T30:393","R1:3513_T2:85"
"ROU","BB:439","EAR_EMTM_SEX_CUR_NB","SEX_T","CUR_TYPE_USD","2011",395.978,,"T30:393","R1:3513_T2:85"
"ROU","BB:439","EAR_EMTM_SEX_CUR_NB","SEX_T","CUR_TYPE_LCU","2010",277.585,,"T30:393","R1:3513_T2:85"
"ROU","BB:439","EAR_EMTM_SEX_CUR_NB","SEX_T","CUR_TYPE_PPP","2010",631.554,,"T30:393","R1:3513_T2:85"
"ROU","BB:439","EAR_EMTM_SEX_CUR_NB","SEX_T","CUR_TYPE_USD","2010",367.994,,"T30:393","R1:3513_T2:85"
"ROU","BB:439","EAR_EMTM_SEX_CUR_NB","SEX_T","CUR_TYPE_LCU","2009",297.425,,"T30:393","R1:3513_T2:85"
"ROU","BB:439","EAR_EMTM_SEX_CUR_NB","SEX_T","CUR_TYPE_PPP","2009",673.412,,"T30:393","R1:3513_T2:85"
"ROU","BB:439","EAR_EMTM_SEX_CUR_NB","SEX_T","CUR_TYPE_USD","2009",414.848,,"T30:393","R1:3513_T2:85"
"ROU","BB:439","EAR_EMTM_SEX_CUR_NB","SEX_T","CUR_TYPE_LCU","2008",285.239,,"T30:393","R1:3513_T2:85"
"ROU","BB:439","EAR_EMTM_SEX_CUR_NB","SEX_T","CUR_TYPE_PPP","2008",572.336,,"T30:393","R1:3513_T2:85"
"ROU","BB:439","EAR_EMTM_SEX_CUR_NB","SEX_T","CUR_TYPE_USD","2008",419.53,,"T30:393","R1:3513_T2:85"
"ROU","BB:439","EAR_EMTM_SEX_CUR_NB","SEX_T","CUR_TYPE_LCU","2007",241.012,,"T30:393","R1:3513_T2:85"
"ROU","BB:439","EAR_EMTM_SEX_CUR_NB","SEX_T","CUR_TYPE_PPP","2007",452.825,,"T30:393","R1:3513_T2:85"
"ROU","BB:439","EAR_EMTM_SEX_CUR_NB","SEX_T","CUR_TYPE_USD","2007",330.307,,"T30:393","R1:3513_T2:85"
"RWA","BA:1590","EAR_EMTM_SEX_CUR_NB","SEX_T","CUR_TYPE_LCU","2024",35000,,"T30:39","R1:3513"
"RWA","BA:1590","EAR_EMTM_SEX_CUR_NB","SEX_T","CUR_TYPE_PPP","2024",96.847,,"T30:39","R1:3513"
"RWA","BA:1590","EAR_EMTM_SEX_CUR_NB","SEX_T","CUR_TYPE_USD","2024",26.553,,"T30:39","R1:3513"
"RWA","BA:1590","EAR_EMTM_SEX_CUR_NB","SEX_T","CUR_TYPE_LCU","2023",21666.666,,"T30:39","R1:3513"
"RWA","BA:1590","EAR_EMTM_SEX_CUR_NB","SEX_T","CUR_TYPE_PPP","2023",59.266,,"T30:39","R1:3513"
"RWA","BA:1590","EAR_EMTM_SEX_CUR_NB","SEX_T","CUR_TYPE_USD","2023",18.677,,"T30:39","R1:3513"
"RWA","BA:1590","EAR_EMTM_SEX_CUR_NB","SEX_T","CUR_TYPE_LCU","2022",21666.666,,"T30:39","R1:3513"
"RWA","BA:1590","EAR_EMTM_SEX_CUR_NB","SEX_T","CUR_TYPE_PPP","2022",68.188,,"T30:39","R1:3513"
"RWA","BA:1590","EAR_EMTM_SEX_CUR_NB","SEX_T","CUR_TYPE_USD","2022",21.029,,"T30:39","R1:3513"
"RWA","BA:1590","EAR_EMTM_SEX_CUR_NB","SEX_T","CUR_TYPE_LCU","2021",21666.666,,"T30:39","R1:3513"
"RWA","BA:1590","EAR_EMTM_SEX_CUR_NB","SEX_T","CUR_TYPE_PPP","2021",74.303,,"T30:39","R1:3513"
"RWA","BA:1590","EAR_EMTM_SEX_CUR_NB","SEX_T","CUR_TYPE_USD","2021",21.916,,"T30:39","R1:3513"
"RWA","BA:1590","EAR_EMTM_SEX_CUR_NB","SEX_T","CUR_TYPE_LCU","2017",17333.334,"B","T30:39_I11:264","R1:3513"
"RWA","BA:1590","EAR_EMTM_SEX_CUR_NB","SEX_T","CUR_TYPE_PPP","2017",58.24,"B","T30:39_I11:264","R1:3513"
"RWA","BA:1590","EAR_EMTM_SEX_CUR_NB","SEX_T","CUR_TYPE_USD","2017",20.844,"B","T30:39_I11:264","R1:3513"
"RWA","BB:763","EAR_EMTM_SEX_CUR_NB","SEX_T","CUR_TYPE_LCU","2014",30416.666,"B","T30:39_I11:264","R1:3513"
"RWA","BB:763","EAR_EMTM_SEX_CUR_NB","SEX_T","CUR_TYPE_PPP","2014",113.617,"B","T30:39_I11:264","R1:3513"
"RWA","BB:763","EAR_EMTM_SEX_CUR_NB","SEX_T","CUR_TYPE_USD","2014",44.571,"B","T30:39_I11:264","R1:3513"
"SDN","BA:1603","EAR_EMTM_SEX_CUR_NB","SEX_T","CUR_TYPE_LCU","2022",80277.572,"B","T30:48_I11:264","R1:3513"
"SDN","BA:1603","EAR_EMTM_SEX_CUR_NB","SEX_T","CUR_TYPE_PPP","2022",357.929,"B","T30:48_I11:264","R1:3513"
"SDN","BA:1603","EAR_EMTM_SEX_CUR_NB","SEX_T","CUR_TYPE_USD","2022",146.824,"B","T30:48_I11:264","R1:3513"
"SDN","BA:1603","EAR_EMTM_SEX_CUR_NB","SEX_T","CUR_TYPE_LCU","2011",400,,"T30:48","R1:3513"
"SDN","BA:1603","EAR_EMTM_SEX_CUR_NB","SEX_T","CUR_TYPE_PPP","2011",273.082,,"T30:48","R1:3513"
"SDN","BA:1603","EAR_EMTM_SEX_CUR_NB","SEX_T","CUR_TYPE_USD","2011",150.003,,"T30:48","R1:3513"
"SEN","BA:13368","EAR_EMTM_SEX_CUR_NB","SEX_T","CUR_TYPE_LCU","2025",86666.664,,"T30:42","R1:3513"
"SEN","BA:13368","EAR_EMTM_SEX_CUR_NB","SEX_T","CUR_TYPE_PPP","2025",382.61,,"T30:42","R1:3513"
"SEN","BA:13368","EAR_EMTM_SEX_CUR_NB","SEX_T","CUR_TYPE_USD","2025",148.93,,"T30:42","R1:3513"
"SEN","BA:13368","EAR_EMTM_SEX_CUR_NB","SEX_T","CUR_TYPE_LCU","2024",80000,,"T30:42","R1:3513"
"SEN","BA:13368","EAR_EMTM_SEX_CUR_NB","SEX_T","CUR_TYPE_PPP","2024",348.917,,"T30:42","R1:3513"
"SEN","BA:13368","EAR_EMTM_SEX_CUR_NB","SEX_T","CUR_TYPE_USD","2024",131.938,,"T30:42","R1:3513"
"SEN","BA:13368","EAR_EMTM_SEX_CUR_NB","SEX_T","CUR_TYPE_LCU","2023",65000,,"T30:42","R1:3513"
"SEN","BA:13368","EAR_EMTM_SEX_CUR_NB","SEX_T","CUR_TYPE_PPP","2023",277.588,,"T30:42","R1:3513"
"SEN","BA:13368","EAR_EMTM_SEX_CUR_NB","SEX_T","CUR_TYPE_USD","2023",107.16,,"T30:42","R1:3513"
"SEN","BA:13368","EAR_EMTM_SEX_CUR_NB","SEX_T","CUR_TYPE_LCU","2022",65000,,"T30:42","R1:3513"
"SEN","BA:13368","EAR_EMTM_SEX_CUR_NB","SEX_T","CUR_TYPE_PPP","2022",282.449,,"T30:42","R1:3513"
"SEN","BA:13368","EAR_EMTM_SEX_CUR_NB","SEX_T","CUR_TYPE_USD","2022",104.207,,"T30:42","R1:3513"
"SEN","BA:13368","EAR_EMTM_SEX_CUR_NB","SEX_T","CUR_TYPE_LCU","2019",54166.668,,"T30:42","R1:3513"
"SEN","BA:13368","EAR_EMTM_SEX_CUR_NB","SEX_T","CUR_TYPE_PPP","2019",232.905,,"T30:42","R1:3513"
"SEN","BA:13368","EAR_EMTM_SEX_CUR_NB","SEX_T","CUR_TYPE_USD","2019",92.449,,"T30:42","R1:3513"
"SEN","BX:1608","EAR_EMTM_SEX_CUR_NB","SEX_T","CUR_TYPE_LCU","2011",50000,"B","T30:42_I11:264","R1:3513"
"SEN","BX:1608","EAR_EMTM_SEX_CUR_NB","SEX_T","CUR_TYPE_PPP","2011",200.58,"B","T30:42_I11:264","R1:3513"
"SEN","BX:1608","EAR_EMTM_SEX_CUR_NB","SEX_T","CUR_TYPE_USD","2011",106.101,"B","T30:42_I11:264","R1:3513"
"SLB","BB:14050","EAR_EMTM_SEX_CUR_NB","SEX_T","CUR_TYPE_LCU","2005",8591.596,,"T30:229","R1:3513"
"SLB","BB:14050","EAR_EMTM_SEX_CUR_NB","SEX_T","CUR_TYPE_PPP","2005",1707.051,,"T30:229","R1:3513"
"SLB","BB:14050","EAR_EMTM_SEX_CUR_NB","SEX_T","CUR_TYPE_USD","2005",1141.001,,"T30:229","R1:3513"
"SLE","BX:15953","EAR_EMTM_SEX_CUR_NB","SEX_T","CUR_TYPE_LCU","2018",779558.104,,"T30:44","R1:3513"
"SLV","BX:461","EAR_EMTM_SEX_CUR_NB","SEX_T","CUR_TYPE_LCU","2025",433.333,,"T30:78","R1:3513"
"SLV","BX:461","EAR_EMTM_SEX_CUR_NB","SEX_T","CUR_TYPE_PPP","2025",924.254,,"T30:78","R1:3513"
"SLV","BX:461","EAR_EMTM_SEX_CUR_NB","SEX_T","CUR_TYPE_USD","2025",433.333,,"T30:78","R1:3513"
"SLV","BX:461","EAR_EMTM_SEX_CUR_NB","SEX_T","CUR_TYPE_LCU","2024",405,,"T30:78","R1:3513"
"SLV","BX:461","EAR_EMTM_SEX_CUR_NB","SEX_T","CUR_TYPE_PPP","2024",843.293,,"T30:78","R1:3513"
"SLV","BX:461","EAR_EMTM_SEX_CUR_NB","SEX_T","CUR_TYPE_USD","2024",405,,"T30:78","R1:3513"
"SLV","BX:461","EAR_EMTM_SEX_CUR_NB","SEX_T","CUR_TYPE_LCU","2023",390,,"T30:78","R1:3513"
"SLV","BX:461","EAR_EMTM_SEX_CUR_NB","SEX_T","CUR_TYPE_PPP","2023",795.529,,"T30:78","R1:3513"
"SLV","BX:461","EAR_EMTM_SEX_CUR_NB","SEX_T","CUR_TYPE_USD","2023",390,,"T30:78","R1:3513"
"SLV","BX:461","EAR_EMTM_SEX_CUR_NB","SEX_T","CUR_TYPE_LCU","2022",380,,"T30:78","R1:3513"
"SLV","BX:461","EAR_EMTM_SEX_CUR_NB","SEX_T","CUR_TYPE_PPP","2022",774.604,,"T30:78","R1:3513"
"SLV","BX:461","EAR_EMTM_SEX_CUR_NB","SEX_T","CUR_TYPE_USD","2022",380,,"T30:78","R1:3513"
"SLV","BX:461","EAR_EMTM_SEX_CUR_NB","SEX_T","CUR_TYPE_LCU","2021",336.772,,"T30:78","R1:3513"
"SLV","BX:461","EAR_EMTM_SEX_CUR_NB","SEX_T","CUR_TYPE_PPP","2021",681.374,,"T30:78","R1:3513"
"SLV","BX:461","EAR_EMTM_SEX_CUR_NB","SEX_T","CUR_TYPE_USD","2021",336.772,,"T30:78","R1:3513"
"SLV","BX:461","EAR_EMTM_SEX_CUR_NB","SEX_T","CUR_TYPE_LCU","2019",313.333,,"T30:78","R1:3513_T2:85"
"SLV","BX:461","EAR_EMTM_SEX_CUR_NB","SEX_T","CUR_TYPE_PPP","2019",621.651,,"T30:78","R1:3513_T2:85"
"SLV","BX:461","EAR_EMTM_SEX_CUR_NB","SEX_T","CUR_TYPE_USD","2019",313.333,,"T30:78","R1:3513_T2:85"
"SLV","BX:461","EAR_EMTM_SEX_CUR_NB","SEX_T","CUR_TYPE_LCU","2018",304.167,,"T30:78","R1:3513_T2:85"
"SLV","BX:461","EAR_EMTM_SEX_CUR_NB","SEX_T","CUR_TYPE_PPP","2018",591.016,,"T30:78","R1:3513_T2:85"
"SLV","BX:461","EAR_EMTM_SEX_CUR_NB","SEX_T","CUR_TYPE_USD","2018",304.167,,"T30:78","R1:3513_T2:85"
"SLV","BX:461","EAR_EMTM_SEX_CUR_NB","SEX_T","CUR_TYPE_LCU","2017",300,,"T30:78","R1:3513_T2:85"
"SLV","BX:461","EAR_EMTM_SEX_CUR_NB","SEX_T","CUR_TYPE_PPP","2017",571.897,,"T30:78","R1:3513_T2:85"
"SLV","BX:461","EAR_EMTM_SEX_CUR_NB","SEX_T","CUR_TYPE_USD","2017",300,,"T30:78","R1:3513_T2:85"
"SLV","BX:461","EAR_EMTM_SEX_CUR_NB","SEX_T","CUR_TYPE_LCU","2016",270.432,,"T30:78","R1:3513_T2:85"
"SLV","BX:461","EAR_EMTM_SEX_CUR_NB","SEX_T","CUR_TYPE_PPP","2016",520.304,,"T30:78","R1:3513_T2:85"
"SLV","BX:461","EAR_EMTM_SEX_CUR_NB","SEX_T","CUR_TYPE_USD","2016",270.432,,"T30:78","R1:3513_T2:85"
"SLV","BX:461","EAR_EMTM_SEX_CUR_NB","SEX_T","CUR_TYPE_LCU","2015",252.917,,"T30:78","R1:3513_T2:85"
"SLV","BX:461","EAR_EMTM_SEX_CUR_NB","SEX_T","CUR_TYPE_PPP","2015",483.678,,"T30:78","R1:3513_T2:85"
"SLV","BX:461","EAR_EMTM_SEX_CUR_NB","SEX_T","CUR_TYPE_USD","2015",252.917,,"T30:78","R1:3513_T2:85"
"SLV","BX:461","EAR_EMTM_SEX_CUR_NB","SEX_T","CUR_TYPE_LCU","2014",250,,"T30:78","R1:3513_T2:85"
"SLV","BX:461","EAR_EMTM_SEX_CUR_NB","SEX_T","CUR_TYPE_PPP","2014",472.444,,"T30:78","R1:3513_T2:85"
"SLV","BX:461","EAR_EMTM_SEX_CUR_NB","SEX_T","CUR_TYPE_USD","2014",250,,"T30:78","R1:3513_T2:85"
"SLV","BX:461","EAR_EMTM_SEX_CUR_NB","SEX_T","CUR_TYPE_LCU","2013",250,,"T30:78","R1:3513_T2:85"
"SLV","BX:461","EAR_EMTM_SEX_CUR_NB","SEX_T","CUR_TYPE_PPP","2013",473.329,,"T30:78","R1:3513_T2:85"
"SLV","BX:461","EAR_EMTM_SEX_CUR_NB","SEX_T","CUR_TYPE_USD","2013",250,,"T30:78","R1:3513_T2:85"
"SLV","BX:461","EAR_EMTM_SEX_CUR_NB","SEX_T","CUR_TYPE_LCU","2012",234.833,,"T30:78","R1:3513_T2:85"
"SLV","BX:461","EAR_EMTM_SEX_CUR_NB","SEX_T","CUR_TYPE_PPP","2012",451.424,,"T30:78","R1:3513_T2:85"
"SLV","BX:461","EAR_EMTM_SEX_CUR_NB","SEX_T","CUR_TYPE_USD","2012",234.833,,"T30:78","R1:3513_T2:85"
"SLV","BX:461","EAR_EMTM_SEX_CUR_NB","SEX_T","CUR_TYPE_LCU","2011",218.5,,"T30:78","R1:3513_T2:85"
"SLV","BX:461","EAR_EMTM_SEX_CUR_NB","SEX_T","CUR_TYPE_PPP","2011",406.705,,"T30:78","R1:3513_T2:85"
"SLV","BX:461","EAR_EMTM_SEX_CUR_NB","SEX_T","CUR_TYPE_USD","2011",218.5,,"T30:78","R1:3513_T2:85"
"SLV","BX:461","EAR_EMTM_SEX_CUR_NB","SEX_T","CUR_TYPE_LCU","2010",216.25,"B","T30:78_I11:264","R1:3513_T2:85"
"SLV","BX:461","EAR_EMTM_SEX_CUR_NB","SEX_T","CUR_TYPE_PPP","2010",410.212,"B","T30:78_I11:264","R1:3513_T2:85"
"SLV","BX:461","EAR_EMTM_SEX_CUR_NB","SEX_T","CUR_TYPE_USD","2010",216.25,"B","T30:78_I11:264","R1:3513_T2:85"
"SOM","BB:16925","EAR_EMTM_SEX_CUR_NB","SEX_T","CUR_TYPE_LCU","2022",192,,"T30:405","R1:3513"
"SRB","BB:6644","EAR_EMTM_SEX_CUR_NB","SEX_T","CUR_TYPE_LCU","2025",1191.388,,"T30:394","R1:3513_T2:85"
"SRB","BB:6644","EAR_EMTM_SEX_CUR_NB","SEX_T","CUR_TYPE_PPP","2025",2644.617,,"T30:394","R1:3513_T2:85"
"SRB","BB:6644","EAR_EMTM_SEX_CUR_NB","SEX_T","CUR_TYPE_USD","2025",1346.268,,"T30:394","R1:3513_T2:85"
"SRB","BB:6644","EAR_EMTM_SEX_CUR_NB","SEX_T","CUR_TYPE_LCU","2024",947.398,,"T30:394","R1:3513_T2:85"
"SRB","BB:6644","EAR_EMTM_SEX_CUR_NB","SEX_T","CUR_TYPE_PPP","2024",2193.637,,"T30:394","R1:3513_T2:85"
"SRB","BB:6644","EAR_EMTM_SEX_CUR_NB","SEX_T","CUR_TYPE_USD","2024",1025.463,,"T30:394","R1:3513_T2:85"
"SRB","BB:6644","EAR_EMTM_SEX_CUR_NB","SEX_T","CUR_TYPE_LCU","2023",774.99,,"T30:394","R1:3513_T2:85"
"SRB","BB:6644","EAR_EMTM_SEX_CUR_NB","SEX_T","CUR_TYPE_PPP","2023",1845.268,,"T30:394","R1:3513_T2:85"
"SRB","BB:6644","EAR_EMTM_SEX_CUR_NB","SEX_T","CUR_TYPE_USD","2023",837.997,,"T30:394","R1:3513_T2:85"
"SRB","BB:6644","EAR_EMTM_SEX_CUR_NB","SEX_T","CUR_TYPE_LCU","2022",688.951,,"T30:394","R1:3513_T2:85"
"SRB","BB:6644","EAR_EMTM_SEX_CUR_NB","SEX_T","CUR_TYPE_PPP","2022",1634.498,,"T30:394","R1:3513_T2:85"
"SRB","BB:6644","EAR_EMTM_SEX_CUR_NB","SEX_T","CUR_TYPE_USD","2022",725.466,,"T30:394","R1:3513_T2:85"
"SRB","BB:6644","EAR_EMTM_SEX_CUR_NB","SEX_T","CUR_TYPE_LCU","2021",617.858,,"T30:394","R1:3513_T2:85"
"SRB","BB:6644","EAR_EMTM_SEX_CUR_NB","SEX_T","CUR_TYPE_PPP","2021",1496.308,,"T30:394","R1:3513_T2:85"
"SRB","BB:6644","EAR_EMTM_SEX_CUR_NB","SEX_T","CUR_TYPE_USD","2021",730.741,,"T30:394","R1:3513_T2:85"
"SRB","BB:6644","EAR_EMTM_SEX_CUR_NB","SEX_T","CUR_TYPE_LCU","2020",593.722,,"T30:394","R1:3513_T2:85"
"SRB","BB:6644","EAR_EMTM_SEX_CUR_NB","SEX_T","CUR_TYPE_PPP","2020",1446.125,,"T30:394","R1:3513_T2:85"
"SRB","BB:6644","EAR_EMTM_SEX_CUR_NB","SEX_T","CUR_TYPE_USD","2020",678.149,,"T30:394","R1:3513_T2:85"
"SRB","BB:6644","EAR_EMTM_SEX_CUR_NB","SEX_T","CUR_TYPE_LCU","2019",766.168,,"T30:394","R1:3513_T2:85"
"SRB","BB:6644","EAR_EMTM_SEX_CUR_NB","SEX_T","CUR_TYPE_PPP","2019",1905.687,,"T30:394","R1:3513_T2:85"
"SRB","BB:6644","EAR_EMTM_SEX_CUR_NB","SEX_T","CUR_TYPE_USD","2019",857.726,,"T30:394","R1:3513_T2:85"
"SRB","BB:6644","EAR_EMTM_SEX_CUR_NB","SEX_T","CUR_TYPE_LCU","2018",657.211,,"T30:394","R1:3513_T2:85"
"SRB","BB:6644","EAR_EMTM_SEX_CUR_NB","SEX_T","CUR_TYPE_PPP","2018",1596.78,,"T30:394","R1:3513_T2:85"
"SRB","BB:6644","EAR_EMTM_SEX_CUR_NB","SEX_T","CUR_TYPE_USD","2018",776.166,,"T30:394","R1:3513_T2:85"
"SRB","BB:6644","EAR_EMTM_SEX_CUR_NB","SEX_T","CUR_TYPE_LCU","2017",650.092,,"T30:394","R1:3513_T2:85"
"SRB","BB:6644","EAR_EMTM_SEX_CUR_NB","SEX_T","CUR_TYPE_PPP","2017",1617.122,,"T30:394","R1:3513_T2:85"
"SRB","BB:6644","EAR_EMTM_SEX_CUR_NB","SEX_T","CUR_TYPE_USD","2017",734.41,,"T30:394","R1:3513_T2:85"
"SRB","BB:6644","EAR_EMTM_SEX_CUR_NB","SEX_T","CUR_TYPE_LCU","2016",606.111,,"T30:394","R1:3513_T2:85"
"SRB","BB:6644","EAR_EMTM_SEX_CUR_NB","SEX_T","CUR_TYPE_PPP","2016",1563.46,,"T30:394","R1:3513_T2:85"
"SRB","BB:6644","EAR_EMTM_SEX_CUR_NB","SEX_T","CUR_TYPE_USD","2016",670.904,,"T30:394","R1:3513_T2:85"
"SRB","BB:6644","EAR_EMTM_SEX_CUR_NB","SEX_T","CUR_TYPE_LCU","2015",606.142,,"T30:394","R1:3513_T2:85"
"SRB","BB:6644","EAR_EMTM_SEX_CUR_NB","SEX_T","CUR_TYPE_PPP","2015",1516.286,,"T30:394","R1:3513_T2:85"
"SRB","BB:6644","EAR_EMTM_SEX_CUR_NB","SEX_T","CUR_TYPE_USD","2015",672.514,,"T30:394","R1:3513_T2:85"
"SRB","BB:6644","EAR_EMTM_SEX_CUR_NB","SEX_T","CUR_TYPE_LCU","2014",626.592,,"T30:394","R1:3513_T2:85"
"SRB","BB:6644","EAR_EMTM_SEX_CUR_NB","SEX_T","CUR_TYPE_PPP","2014",1540.964,,"T30:394","R1:3513_T2:85"
"SRB","BB:6644","EAR_EMTM_SEX_CUR_NB","SEX_T","CUR_TYPE_USD","2014",832.428,,"T30:394","R1:3513_T2:85"
"SRB","BB:6644","EAR_EMTM_SEX_CUR_NB","SEX_T","CUR_TYPE_LCU","2013",446,,"T30:394","R1:3513_T2:85"
"SRB","BB:6644","EAR_EMTM_SEX_CUR_NB","SEX_T","CUR_TYPE_PPP","2013",1058.456,,"T30:394","R1:3513_T2:85"
"SRB","BB:6644","EAR_EMTM_SEX_CUR_NB","SEX_T","CUR_TYPE_USD","2013",592.333,,"T30:394","R1:3513_T2:85"
"SUR","BB:15691","EAR_EMTM_SEX_CUR_NB","SEX_T","CUR_TYPE_LCU","2016",1800,,"T30:102","R1:3513"
"SUR","BB:15691","EAR_EMTM_SEX_CUR_NB","SEX_T","CUR_TYPE_PPP","2016",689.473,,"T30:102","R1:3513"
"SUR","BB:15691","EAR_EMTM_SEX_CUR_NB","SEX_T","CUR_TYPE_USD","2016",288.988,,"T30:102","R1:3513"
"SVK","BB:560","EAR_EMTM_SEX_CUR_NB","SEX_T","CUR_TYPE_LCU","2025",2008.665,,"T30:204","R1:3513_T2:85"
"SVK","BB:560","EAR_EMTM_SEX_CUR_NB","SEX_T","CUR_TYPE_PPP","2025",3550.46,,"T30:204","R1:3513_T2:85"
"SVK","BB:560","EAR_EMTM_SEX_CUR_NB","SEX_T","CUR_TYPE_USD","2025",2269.792,,"T30:204","R1:3513_T2:85"
"SVK","BB:560","EAR_EMTM_SEX_CUR_NB","SEX_T","CUR_TYPE_LCU","2024",1218.565,,"T30:204","R1:3513_T2:85"
"SVK","BB:560","EAR_EMTM_SEX_CUR_NB","SEX_T","CUR_TYPE_PPP","2024",2234.624,,"T30:204","R1:3513_T2:85"
"SVK","BB:560","EAR_EMTM_SEX_CUR_NB","SEX_T","CUR_TYPE_USD","2024",1318.975,,"T30:204","R1:3513_T2:85"
"SVK","BB:560","EAR_EMTM_SEX_CUR_NB","SEX_T","CUR_TYPE_LCU","2023",1287.264,,"T30:204","R1:3513_T2:85"
"SVK","BB:560","EAR_EMTM_SEX_CUR_NB","SEX_T","CUR_TYPE_PPP","2023",2378.94,,"T30:204","R1:3513_T2:85"
"SVK","BB:560","EAR_EMTM_SEX_CUR_NB","SEX_T","CUR_TYPE_USD","2023",1391.918,,"T30:204","R1:3513_T2:85"
"SVK","BB:560","EAR_EMTM_SEX_CUR_NB","SEX_T","CUR_TYPE_LCU","2022",1205.241,,"T30:204","R1:3513_T2:85"
"SVK","BB:560","EAR_EMTM_SEX_CUR_NB","SEX_T","CUR_TYPE_PPP","2022",2115.585,,"T30:204","R1:3513_T2:85"
"SVK","BB:560","EAR_EMTM_SEX_CUR_NB","SEX_T","CUR_TYPE_USD","2022",1269.118,,"T30:204","R1:3513_T2:85"
"SVK","BB:560","EAR_EMTM_SEX_CUR_NB","SEX_T","CUR_TYPE_LCU","2021",1228.077,,"T30:204","R1:3513_T2:85"
"SVK","BB:560","EAR_EMTM_SEX_CUR_NB","SEX_T","CUR_TYPE_PPP","2021",2151.301,,"T30:204","R1:3513_T2:85"
"SVK","BB:560","EAR_EMTM_SEX_CUR_NB","SEX_T","CUR_TYPE_USD","2021",1452.446,,"T30:204","R1:3513_T2:85"
"SVK","BB:560","EAR_EMTM_SEX_CUR_NB","SEX_T","CUR_TYPE_LCU","2020",1268.003,,"T30:204","R1:3513_T2:85"
"SVK","BB:560","EAR_EMTM_SEX_CUR_NB","SEX_T","CUR_TYPE_PPP","2020",2172.172,,"T30:204","R1:3513_T2:85"
"SVK","BB:560","EAR_EMTM_SEX_CUR_NB","SEX_T","CUR_TYPE_USD","2020",1448.313,,"T30:204","R1:3513_T2:85"
"SVK","BB:560","EAR_EMTM_SEX_CUR_NB","SEX_T","CUR_TYPE_LCU","2019",1194.469,,"T30:204","R1:3513_T2:85"
"SVK","BB:560","EAR_EMTM_SEX_CUR_NB","SEX_T","CUR_TYPE_PPP","2019",1950.622,,"T30:204","R1:3513_T2:85"
"SVK","BB:560","EAR_EMTM_SEX_CUR_NB","SEX_T","CUR_TYPE_USD","2019",1337.208,,"T30:204","R1:3513_T2:85"
"SVK","BB:560","EAR_EMTM_SEX_CUR_NB","SEX_T","CUR_TYPE_LCU","2018",1105.9,,"T30:204","R1:3513_T2:85"
"SVK","BB:560","EAR_EMTM_SEX_CUR_NB","SEX_T","CUR_TYPE_PPP","2018",1772.568,,"T30:204","R1:3513_T2:85"
"SVK","BB:560","EAR_EMTM_SEX_CUR_NB","SEX_T","CUR_TYPE_USD","2018",1306.068,,"T30:204","R1:3513_T2:85"
"SVK","BB:560","EAR_EMTM_SEX_CUR_NB","SEX_T","CUR_TYPE_LCU","2017",996.368,,"T30:204","R1:3513_T2:85"
"SVK","BB:560","EAR_EMTM_SEX_CUR_NB","SEX_T","CUR_TYPE_PPP","2017",1612.041,,"T30:204","R1:3513_T2:85"
"SVK","BB:560","EAR_EMTM_SEX_CUR_NB","SEX_T","CUR_TYPE_USD","2017",1125.598,,"T30:204","R1:3513_T2:85"
"SVK","BB:560","EAR_EMTM_SEX_CUR_NB","SEX_T","CUR_TYPE_LCU","2016",986.529,,"T30:204","R1:3513_T2:85"
"SVK","BB:560","EAR_EMTM_SEX_CUR_NB","SEX_T","CUR_TYPE_PPP","2016",1679.836,,"T30:204","R1:3513_T2:85"
"SVK","BB:560","EAR_EMTM_SEX_CUR_NB","SEX_T","CUR_TYPE_USD","2016",1091.989,,"T30:204","R1:3513_T2:85"
"SVK","BB:560","EAR_EMTM_SEX_CUR_NB","SEX_T","CUR_TYPE_LCU","2015",975.565,,"T30:204","R1:3513_T2:85"
"SVK","BB:560","EAR_EMTM_SEX_CUR_NB","SEX_T","CUR_TYPE_PPP","2015",1773.875,,"T30:204","R1:3513_T2:85"
"SVK","BB:560","EAR_EMTM_SEX_CUR_NB","SEX_T","CUR_TYPE_USD","2015",1082.39,,"T30:204","R1:3513_T2:85"
"SVK","BB:560","EAR_EMTM_SEX_CUR_NB","SEX_T","CUR_TYPE_LCU","2014",964.3,,"T30:204","R1:3513_T2:85"
"SVK","BB:560","EAR_EMTM_SEX_CUR_NB","SEX_T","CUR_TYPE_PPP","2014",1769.533,,"T30:204","R1:3513_T2:85"
"SVK","BB:560","EAR_EMTM_SEX_CUR_NB","SEX_T","CUR_TYPE_USD","2014",1281.073,,"T30:204","R1:3513_T2:85"
"SVK","BB:560","EAR_EMTM_SEX_CUR_NB","SEX_T","CUR_TYPE_LCU","2013",868.694,,"T30:204","R1:3513_T2:85"
"SVK","BB:560","EAR_EMTM_SEX_CUR_NB","SEX_T","CUR_TYPE_PPP","2013",1579.605,,"T30:204","R1:3513_T2:85"
"SVK","BB:560","EAR_EMTM_SEX_CUR_NB","SEX_T","CUR_TYPE_USD","2013",1153.713,,"T30:204","R1:3513_T2:85"
"SVK","BB:560","EAR_EMTM_SEX_CUR_NB","SEX_T","CUR_TYPE_LCU","2012",887.247,,"T30:204","R1:3513_T2:85"
"SVK","BB:560","EAR_EMTM_SEX_CUR_NB","SEX_T","CUR_TYPE_PPP","2012",1558.031,,"T30:204","R1:3513_T2:85"
"SVK","BB:560","EAR_EMTM_SEX_CUR_NB","SEX_T","CUR_TYPE_USD","2012",1139.935,,"T30:204","R1:3513_T2:85"
"SVK","BB:560","EAR_EMTM_SEX_CUR_NB","SEX_T","CUR_TYPE_LCU","2011",798.33,,"T30:204","R1:3513_T2:85"
"SVK","BB:560","EAR_EMTM_SEX_CUR_NB","SEX_T","CUR_TYPE_PPP","2011",1413.485,,"T30:204","R1:3513_T2:85"
"SVK","BB:560","EAR_EMTM_SEX_CUR_NB","SEX_T","CUR_TYPE_USD","2011",1111.275,,"T30:204","R1:3513_T2:85"
"SVK","BB:560","EAR_EMTM_SEX_CUR_NB","SEX_T","CUR_TYPE_LCU","2010",827.531,,"T30:204","R1:3513_T2:85"
"SVK","BB:560","EAR_EMTM_SEX_CUR_NB","SEX_T","CUR_TYPE_PPP","2010",1456.17,,"T30:204","R1:3513_T2:85"
"SVK","BB:560","EAR_EMTM_SEX_CUR_NB","SEX_T","CUR_TYPE_USD","2010",1097.058,,"T30:204","R1:3513_T2:85"
"SVK","BB:560","EAR_EMTM_SEX_CUR_NB","SEX_T","CUR_TYPE_LCU","2009",812.941,,"T30:204","R1:3513_T2:85"
"SVK","BB:560","EAR_EMTM_SEX_CUR_NB","SEX_T","CUR_TYPE_PPP","2009",1369,,"T30:204","R1:3513_T2:85"
"SVK","BB:560","EAR_EMTM_SEX_CUR_NB","SEX_T","CUR_TYPE_USD","2009",1133.89,,"T30:204","R1:3513_T2:85"
"SVK","BB:560","EAR_EMTM_SEX_CUR_NB","SEX_T","CUR_TYPE_LCU","2008",680.391,,"T30:204","R1:3513_T2:85"
"SVK","BB:560","EAR_EMTM_SEX_CUR_NB","SEX_T","CUR_TYPE_PPP","2008",1118.309,,"T30:204","R1:3513_T2:85"
"SVK","BB:560","EAR_EMTM_SEX_CUR_NB","SEX_T","CUR_TYPE_USD","2008",1000.72,,"T30:204","R1:3513_T2:85"
"SVK","BB:560","EAR_EMTM_SEX_CUR_NB","SEX_T","CUR_TYPE_LCU","2007",555.363,,"T30:204","R1:3513_T2:85"
"SVK","BB:560","EAR_EMTM_SEX_CUR_NB","SEX_T","CUR_TYPE_PPP","2007",888.58,,"T30:204","R1:3513_T2:85"
"SVK","BB:560","EAR_EMTM_SEX_CUR_NB","SEX_T","CUR_TYPE_USD","2007",761.125,,"T30:204","R1:3513_T2:85"
"SVK","BB:560","EAR_EMTM_SEX_CUR_NB","SEX_T","CUR_TYPE_LCU","2006",336.797,,"T30:204","R1:3513_T2:85"
"SVK","BB:560","EAR_EMTM_SEX_CUR_NB","SEX_T","CUR_TYPE_PPP","2006",538.387,,"T30:204","R1:3513_T2:85"
"SVK","BB:560","EAR_EMTM_SEX_CUR_NB","SEX_T","CUR_TYPE_USD","2006",422.882,,"T30:204","R1:3513_T2:85"
"SVK","BB:560","EAR_EMTM_SEX_CUR_NB","SEX_T","CUR_TYPE_LCU","2005",312.33,,"T30:204","R1:3513_T2:85"
"SVK","BB:560","EAR_EMTM_SEX_CUR_NB","SEX_T","CUR_TYPE_PPP","2005",508.316,,"T30:204","R1:3513_T2:85"
"SVK","BB:560","EAR_EMTM_SEX_CUR_NB","SEX_T","CUR_TYPE_USD","2005",388.57,,"T30:204","R1:3513_T2:85"
"SVN","BB:445","EAR_EMTM_SEX_CUR_NB","SEX_T","CUR_TYPE_LCU","2025",2823.832,,"T30:205","R1:3513_T2:85"
"SVN","BB:445","EAR_EMTM_SEX_CUR_NB","SEX_T","CUR_TYPE_PPP","2025",4763.518,,"T30:205","R1:3513_T2:85"
"SVN","BB:445","EAR_EMTM_SEX_CUR_NB","SEX_T","CUR_TYPE_USD","2025",3190.931,,"T30:205","R1:3513_T2:85"
"SVN","BB:445","EAR_EMTM_SEX_CUR_NB","SEX_T","CUR_TYPE_LCU","2024",2666.105,,"T30:205","R1:3513_T2:85"
"SVN","BB:445","EAR_EMTM_SEX_CUR_NB","SEX_T","CUR_TYPE_PPP","2024",4620.071,,"T30:205","R1:3513_T2:85"
"SVN","BB:445","EAR_EMTM_SEX_CUR_NB","SEX_T","CUR_TYPE_USD","2024",2885.792,,"T30:205","R1:3513_T2:85"
"SVN","BB:445","EAR_EMTM_SEX_CUR_NB","SEX_T","CUR_TYPE_LCU","2023",2414.167,,"T30:205","R1:3513_T2:85"
"SVN","BB:445","EAR_EMTM_SEX_CUR_NB","SEX_T","CUR_TYPE_PPP","2023",4184.846,,"T30:205","R1:3513_T2:85"
"SVN","BB:445","EAR_EMTM_SEX_CUR_NB","SEX_T","CUR_TYPE_USD","2023",2610.439,,"T30:205","R1:3513_T2:85"
"SVN","BB:445","EAR_EMTM_SEX_CUR_NB","SEX_T","CUR_TYPE_LCU","2022",2317.799,,"T30:205","R1:3513_T2:85"
"SVN","BB:445","EAR_EMTM_SEX_CUR_NB","SEX_T","CUR_TYPE_PPP","2022",3965.955,,"T30:205","R1:3513_T2:85"
"SVN","BB:445","EAR_EMTM_SEX_CUR_NB","SEX_T","CUR_TYPE_USD","2022",2440.643,,"T30:205","R1:3513_T2:85"
"SVN","BB:445","EAR_EMTM_SEX_CUR_NB","SEX_T","CUR_TYPE_LCU","2021",2132.072,,"T30:205","R1:3513_T2:85"
"SVN","BB:445","EAR_EMTM_SEX_CUR_NB","SEX_T","CUR_TYPE_PPP","2021",3531.458,,"T30:205","R1:3513_T2:85"
"SVN","BB:445","EAR_EMTM_SEX_CUR_NB","SEX_T","CUR_TYPE_USD","2021",2521.601,,"T30:205","R1:3513_T2:85"
"SVN","BB:445","EAR_EMTM_SEX_CUR_NB","SEX_T","CUR_TYPE_LCU","2020",1979.773,,"T30:205","R1:3513_T2:85"
"SVN","BB:445","EAR_EMTM_SEX_CUR_NB","SEX_T","CUR_TYPE_PPP","2020",3232.489,,"T30:205","R1:3513_T2:85"
"SVN","BB:445","EAR_EMTM_SEX_CUR_NB","SEX_T","CUR_TYPE_USD","2020",2261.297,,"T30:205","R1:3513_T2:85"
"SVN","BB:445","EAR_EMTM_SEX_CUR_NB","SEX_T","CUR_TYPE_LCU","2019",1869.696,,"T30:205","R1:3513_T2:85"
"SVN","BB:445","EAR_EMTM_SEX_CUR_NB","SEX_T","CUR_TYPE_PPP","2019",3023.783,,"T30:205","R1:3513_T2:85"
"SVN","BB:445","EAR_EMTM_SEX_CUR_NB","SEX_T","CUR_TYPE_USD","2019",2093.124,,"T30:205","R1:3513_T2:85"
"SVN","BB:445","EAR_EMTM_SEX_CUR_NB","SEX_T","CUR_TYPE_LCU","2018",1795,,"T30:205","R1:3513_T2:85"
"SVN","BB:445","EAR_EMTM_SEX_CUR_NB","SEX_T","CUR_TYPE_PPP","2018",2793.314,,"T30:205","R1:3513_T2:85"
"SVN","BB:445","EAR_EMTM_SEX_CUR_NB","SEX_T","CUR_TYPE_USD","2018",2119.895,,"T30:205","R1:3513_T2:85"
"SVN","BB:445","EAR_EMTM_SEX_CUR_NB","SEX_T","CUR_TYPE_LCU","2017",1765.65,,"T30:205","R1:3513_T2:85"
"SVN","BB:445","EAR_EMTM_SEX_CUR_NB","SEX_T","CUR_TYPE_PPP","2017",2719.92,,"T30:205","R1:3513_T2:85"
"SVN","BB:445","EAR_EMTM_SEX_CUR_NB","SEX_T","CUR_TYPE_USD","2017",1994.655,,"T30:205","R1:3513_T2:85"
"SVN","BB:445","EAR_EMTM_SEX_CUR_NB","SEX_T","CUR_TYPE_LCU","2016",1738.333,,"T30:205","R1:3513_T2:85"
"SVN","BB:445","EAR_EMTM_SEX_CUR_NB","SEX_T","CUR_TYPE_PPP","2016",2654.329,,"T30:205","R1:3513_T2:85"
"SVN","BB:445","EAR_EMTM_SEX_CUR_NB","SEX_T","CUR_TYPE_USD","2016",1924.161,,"T30:205","R1:3513_T2:85"
"SVN","BB:445","EAR_EMTM_SEX_CUR_NB","SEX_T","CUR_TYPE_LCU","2015",1756.667,,"T30:205","R1:3513_T2:85"
"SVN","BB:445","EAR_EMTM_SEX_CUR_NB","SEX_T","CUR_TYPE_PPP","2015",2624.288,,"T30:205","R1:3513_T2:85"
"SVN","BB:445","EAR_EMTM_SEX_CUR_NB","SEX_T","CUR_TYPE_USD","2015",1949.022,,"T30:205","R1:3513_T2:85"
"SVN","BB:445","EAR_EMTM_SEX_CUR_NB","SEX_T","CUR_TYPE_LCU","2014",1671.667,,"T30:205","R1:3513_T2:85"
"SVN","BB:445","EAR_EMTM_SEX_CUR_NB","SEX_T","CUR_TYPE_PPP","2014",2509.52,,"T30:205","R1:3513_T2:85"
"SVN","BB:445","EAR_EMTM_SEX_CUR_NB","SEX_T","CUR_TYPE_USD","2014",2220.809,,"T30:205","R1:3513_T2:85"
"SVN","BB:445","EAR_EMTM_SEX_CUR_NB","SEX_T","CUR_TYPE_LCU","2013",1665.451,,"T30:205","R1:3513_T2:85"
"SVN","BB:445","EAR_EMTM_SEX_CUR_NB","SEX_T","CUR_TYPE_PPP","2013",2501.947,,"T30:205","R1:3513_T2:85"
"SVN","BB:445","EAR_EMTM_SEX_CUR_NB","SEX_T","CUR_TYPE_USD","2013",2211.886,,"T30:205","R1:3513_T2:85"
"SVN","BB:445","EAR_EMTM_SEX_CUR_NB","SEX_T","CUR_TYPE_LCU","2012",1658.796,,"T30:205","R1:3513_T2:85"
"SVN","BB:445","EAR_EMTM_SEX_CUR_NB","SEX_T","CUR_TYPE_PPP","2012",2447.786,,"T30:205","R1:3513_T2:85"
"SVN","BB:445","EAR_EMTM_SEX_CUR_NB","SEX_T","CUR_TYPE_USD","2012",2131.221,,"T30:205","R1:3513_T2:85"
"SVN","BB:445","EAR_EMTM_SEX_CUR_NB","SEX_T","CUR_TYPE_LCU","2011",1596.02,,"T30:205","R1:3513_T2:85"
"SVN","BB:445","EAR_EMTM_SEX_CUR_NB","SEX_T","CUR_TYPE_PPP","2011",2342.348,,"T30:205","R1:3513_T2:85"
"SVN","BB:445","EAR_EMTM_SEX_CUR_NB","SEX_T","CUR_TYPE_USD","2011",2221.659,,"T30:205","R1:3513_T2:85"
"SVN","BB:445","EAR_EMTM_SEX_CUR_NB","SEX_T","CUR_TYPE_LCU","2010",1555.34,,"T30:205","R1:3513_T2:85"
"SVN","BB:445","EAR_EMTM_SEX_CUR_NB","SEX_T","CUR_TYPE_PPP","2010",2225.443,,"T30:205","R1:3513_T2:85"
"SVN","BB:445","EAR_EMTM_SEX_CUR_NB","SEX_T","CUR_TYPE_USD","2010",2061.914,,"T30:205","R1:3513_T2:85"
"SVN","BB:445","EAR_EMTM_SEX_CUR_NB","SEX_T","CUR_TYPE_LCU","2009",1530.012,,"T30:205","R1:3513_T2:85"
"SVN","BB:445","EAR_EMTM_SEX_CUR_NB","SEX_T","CUR_TYPE_PPP","2009",2158.586,,"T30:205","R1:3513_T2:85"
"SVN","BB:445","EAR_EMTM_SEX_CUR_NB","SEX_T","CUR_TYPE_USD","2009",2134.061,,"T30:205","R1:3513_T2:85"
"SVN","BB:445","EAR_EMTM_SEX_CUR_NB","SEX_T","CUR_TYPE_LCU","2008",1436.637,,"T30:205","R1:3513_T2:85"
"SVN","BB:445","EAR_EMTM_SEX_CUR_NB","SEX_T","CUR_TYPE_PPP","2008",2092.735,,"T30:205","R1:3513_T2:85"
"SVN","BB:445","EAR_EMTM_SEX_CUR_NB","SEX_T","CUR_TYPE_USD","2008",2113.006,,"T30:205","R1:3513_T2:85"
"SVN","BB:445","EAR_EMTM_SEX_CUR_NB","SEX_T","CUR_TYPE_LCU","2007",1342.345,,"T30:205","R1:3513_T2:85"
"SVN","BB:445","EAR_EMTM_SEX_CUR_NB","SEX_T","CUR_TYPE_PPP","2007",1962.972,,"T30:205","R1:3513_T2:85"
"SVN","BB:445","EAR_EMTM_SEX_CUR_NB","SEX_T","CUR_TYPE_USD","2007",1839.684,,"T30:205","R1:3513_T2:85"
"SVN","BB:445","EAR_EMTM_SEX_CUR_NB","SEX_T","CUR_TYPE_LCU","2006",1052.242,,"T30:205","R1:3513_T2:85"
"SVN","BB:445","EAR_EMTM_SEX_CUR_NB","SEX_T","CUR_TYPE_PPP","2006",1578.267,,"T30:205","R1:3513_T2:85"
"SVN","BB:445","EAR_EMTM_SEX_CUR_NB","SEX_T","CUR_TYPE_USD","2006",1321.195,,"T30:205","R1:3513_T2:85"
"SVN","BB:445","EAR_EMTM_SEX_CUR_NB","SEX_T","CUR_TYPE_LCU","2005",1019.502,,"T30:205","R1:3513_T2:85"
"SVN","BB:445","EAR_EMTM_SEX_CUR_NB","SEX_T","CUR_TYPE_PPP","2005",1538.998,,"T30:205","R1:3513_T2:85"
"SVN","BB:445","EAR_EMTM_SEX_CUR_NB","SEX_T","CUR_TYPE_USD","2005",1268.362,,"T30:205","R1:3513_T2:85"
"SWE","BB:3063","EAR_EMTM_SEX_CUR_NB","SEX_T","CUR_TYPE_LCU","2025",3886.1,,"T30:395","R1:3513_T2:85"
"SWE","BB:3063","EAR_EMTM_SEX_CUR_NB","SEX_T","CUR_TYPE_PPP","2025",4851.566,,"T30:395","R1:3513_T2:85"
"SWE","BB:3063","EAR_EMTM_SEX_CUR_NB","SEX_T","CUR_TYPE_USD","2025",4391.293,,"T30:395","R1:3513_T2:85"
"SWE","BB:3063","EAR_EMTM_SEX_CUR_NB","SEX_T","CUR_TYPE_LCU","2024",3644.431,,"T30:395","R1:3513_T2:85"
"SWE","BB:3063","EAR_EMTM_SEX_CUR_NB","SEX_T","CUR_TYPE_PPP","2024",4859.917,,"T30:395","R1:3513_T2:85"
"SWE","BB:3063","EAR_EMTM_SEX_CUR_NB","SEX_T","CUR_TYPE_USD","2024",3944.732,,"T30:395","R1:3513_T2:85"
"SWE","BB:3063","EAR_EMTM_SEX_CUR_NB","SEX_T","CUR_TYPE_LCU","2023",3798.392,,"T30:395","R1:3513_T2:85"
"SWE","BB:3063","EAR_EMTM_SEX_CUR_NB","SEX_T","CUR_TYPE_PPP","2023",5117.302,,"T30:395","R1:3513_T2:85"
"SWE","BB:3063","EAR_EMTM_SEX_CUR_NB","SEX_T","CUR_TYPE_USD","2023",4107.201,,"T30:395","R1:3513_T2:85"
"SWE","BB:3063","EAR_EMTM_SEX_CUR_NB","SEX_T","CUR_TYPE_LCU","2022",3830.021,,"T30:395","R1:3513_T2:85"
"SWE","BB:3063","EAR_EMTM_SEX_CUR_NB","SEX_T","CUR_TYPE_PPP","2022",4713.177,,"T30:395","R1:3513_T2:85"
"SWE","BB:3063","EAR_EMTM_SEX_CUR_NB","SEX_T","CUR_TYPE_USD","2022",4033.013,,"T30:395","R1:3513_T2:85"
"SWE","BB:3063","EAR_EMTM_SEX_CUR_NB","SEX_T","CUR_TYPE_LCU","2021",3573.473,,"T30:395","R1:3513_T2:85"
"SWE","BB:3063","EAR_EMTM_SEX_CUR_NB","SEX_T","CUR_TYPE_PPP","2021",4006.848,,"T30:395","R1:3513_T2:85"
"SWE","BB:3063","EAR_EMTM_SEX_CUR_NB","SEX_T","CUR_TYPE_USD","2021",4226.347,,"T30:395","R1:3513_T2:85"
"SWE","BB:3063","EAR_EMTM_SEX_CUR_NB","SEX_T","CUR_TYPE_LCU","2020",3468.323,,"T30:395","R1:3513_T2:85"
"SWE","BB:3063","EAR_EMTM_SEX_CUR_NB","SEX_T","CUR_TYPE_PPP","2020",3971.9,,"T30:395","R1:3513_T2:85"
"SWE","BB:3063","EAR_EMTM_SEX_CUR_NB","SEX_T","CUR_TYPE_USD","2020",3961.518,,"T30:395","R1:3513_T2:85"
"SWE","BB:3063","EAR_EMTM_SEX_CUR_NB","SEX_T","CUR_TYPE_LCU","2019",3496.483,,"T30:395","R1:3513_T2:85"
"SWE","BB:3063","EAR_EMTM_SEX_CUR_NB","SEX_T","CUR_TYPE_PPP","2019",3988.316,,"T30:395","R1:3513_T2:85"
"SWE","BB:3063","EAR_EMTM_SEX_CUR_NB","SEX_T","CUR_TYPE_USD","2019",3914.313,,"T30:395","R1:3513_T2:85"
"SWE","BB:3063","EAR_EMTM_SEX_CUR_NB","SEX_T","CUR_TYPE_LCU","2018",3607.948,,"T30:395","R1:3513_T2:85"
"SWE","BB:3063","EAR_EMTM_SEX_CUR_NB","SEX_T","CUR_TYPE_PPP","2018",3911.029,,"T30:395","R1:3513_T2:85"
"SWE","BB:3063","EAR_EMTM_SEX_CUR_NB","SEX_T","CUR_TYPE_USD","2018",4260.986,,"T30:395","R1:3513_T2:85"
"SWE","BB:3063","EAR_EMTM_SEX_CUR_NB","SEX_T","CUR_TYPE_LCU","2017",3525.355,,"T30:395","R1:3513_T2:85"
"SWE","BB:3063","EAR_EMTM_SEX_CUR_NB","SEX_T","CUR_TYPE_PPP","2017",3589.943,,"T30:395","R1:3513_T2:85"
"SWE","BB:3063","EAR_EMTM_SEX_CUR_NB","SEX_T","CUR_TYPE_USD","2017",3982.594,,"T30:395","R1:3513_T2:85"
"SWE","BB:3063","EAR_EMTM_SEX_CUR_NB","SEX_T","CUR_TYPE_LCU","2016",3479.604,,"T30:395","R1:3513_T2:85"
"SWE","BB:3063","EAR_EMTM_SEX_CUR_NB","SEX_T","CUR_TYPE_PPP","2016",3536.744,,"T30:395","R1:3513_T2:85"
"SWE","BB:3063","EAR_EMTM_SEX_CUR_NB","SEX_T","CUR_TYPE_USD","2016",3851.574,,"T30:395","R1:3513_T2:85"
"SWE","BB:3063","EAR_EMTM_SEX_CUR_NB","SEX_T","CUR_TYPE_LCU","2015",3433.782,,"T30:395","R1:3513_T2:85"
"SWE","BB:3063","EAR_EMTM_SEX_CUR_NB","SEX_T","CUR_TYPE_PPP","2015",3454.875,,"T30:395","R1:3513_T2:85"
"SWE","BB:3063","EAR_EMTM_SEX_CUR_NB","SEX_T","CUR_TYPE_USD","2015",3809.781,,"T30:395","R1:3513_T2:85"
"SWE","BB:3063","EAR_EMTM_SEX_CUR_NB","SEX_T","CUR_TYPE_LCU","2014",3524.636,,"T30:395","R1:3513_T2:85"
"SWE","BB:3063","EAR_EMTM_SEX_CUR_NB","SEX_T","CUR_TYPE_PPP","2014",3521.512,,"T30:395","R1:3513_T2:85"
"SWE","BB:3063","EAR_EMTM_SEX_CUR_NB","SEX_T","CUR_TYPE_USD","2014",4682.478,,"T30:395","R1:3513_T2:85"
"SWE","BB:3063","EAR_EMTM_SEX_CUR_NB","SEX_T","CUR_TYPE_LCU","2013",3503.075,,"T30:395","R1:3513_T2:85"
"SWE","BB:3063","EAR_EMTM_SEX_CUR_NB","SEX_T","CUR_TYPE_PPP","2013",3348.058,,"T30:395","R1:3513_T2:85"
"SWE","BB:3063","EAR_EMTM_SEX_CUR_NB","SEX_T","CUR_TYPE_USD","2013",4652.434,,"T30:395","R1:3513_T2:85"
"SWE","BB:3063","EAR_EMTM_SEX_CUR_NB","SEX_T","CUR_TYPE_LCU","2012",3280.071,,"T30:395","R1:3513_T2:85"
"SWE","BB:3063","EAR_EMTM_SEX_CUR_NB","SEX_T","CUR_TYPE_PPP","2012",3186.16,,"T30:395","R1:3513_T2:85"
"SWE","BB:3063","EAR_EMTM_SEX_CUR_NB","SEX_T","CUR_TYPE_USD","2012",4214.235,,"T30:395","R1:3513_T2:85"
"SWE","BB:3063","EAR_EMTM_SEX_CUR_NB","SEX_T","CUR_TYPE_LCU","2011",2981.45,,"T30:395","R1:3513_T2:85"
"SWE","BB:3063","EAR_EMTM_SEX_CUR_NB","SEX_T","CUR_TYPE_PPP","2011",2985.787,,"T30:395","R1:3513_T2:85"
"SWE","BB:3063","EAR_EMTM_SEX_CUR_NB","SEX_T","CUR_TYPE_USD","2011",4150.179,,"T30:395","R1:3513_T2:85"
"SWE","BB:3063","EAR_EMTM_SEX_CUR_NB","SEX_T","CUR_TYPE_LCU","2010",2676.789,,"T30:395","R1:3513_T2:85"
"SWE","BB:3063","EAR_EMTM_SEX_CUR_NB","SEX_T","CUR_TYPE_PPP","2010",2794.555,,"T30:395","R1:3513_T2:85"
"SWE","BB:3063","EAR_EMTM_SEX_CUR_NB","SEX_T","CUR_TYPE_USD","2010",3548.62,,"T30:395","R1:3513_T2:85"
"SWE","BB:3063","EAR_EMTM_SEX_CUR_NB","SEX_T","CUR_TYPE_LCU","2009",2868.632,,"T30:395","R1:3513_T2:85"
"SWE","BB:3063","EAR_EMTM_SEX_CUR_NB","SEX_T","CUR_TYPE_PPP","2009",3375.413,,"T30:395","R1:3513_T2:85"
"SWE","BB:3063","EAR_EMTM_SEX_CUR_NB","SEX_T","CUR_TYPE_USD","2009",4001.168,,"T30:395","R1:3513_T2:85"
"SWE","BB:3063","EAR_EMTM_SEX_CUR_NB","SEX_T","CUR_TYPE_LCU","2008",2856.703,,"T30:395","R1:3513_T2:85"
"SWE","BB:3063","EAR_EMTM_SEX_CUR_NB","SEX_T","CUR_TYPE_PPP","2008",3102.221,,"T30:395","R1:3513_T2:85"
"SWE","BB:3063","EAR_EMTM_SEX_CUR_NB","SEX_T","CUR_TYPE_USD","2008",4201.639,,"T30:395","R1:3513_T2:85"
"SWE","BB:3063","EAR_EMTM_SEX_CUR_NB","SEX_T","CUR_TYPE_LCU","2007",2732.259,,"T30:395","R1:3513_T2:85"
"SWE","BB:3063","EAR_EMTM_SEX_CUR_NB","SEX_T","CUR_TYPE_PPP","2007",2797.441,,"T30:395","R1:3513_T2:85"
"SWE","BB:3063","EAR_EMTM_SEX_CUR_NB","SEX_T","CUR_TYPE_USD","2007",3744.56,,"T30:395","R1:3513_T2:85"
"SWE","BB:3063","EAR_EMTM_SEX_CUR_NB","SEX_T","CUR_TYPE_LCU","2006",2142.723,,"T30:395","R1:3513_T2:85"
"SWE","BB:3063","EAR_EMTM_SEX_CUR_NB","SEX_T","CUR_TYPE_PPP","2006",2140.423,,"T30:395","R1:3513_T2:85"
"SWE","BB:3063","EAR_EMTM_SEX_CUR_NB","SEX_T","CUR_TYPE_USD","2006",2690.403,,"T30:395","R1:3513_T2:85"
"SWE","BB:3063","EAR_EMTM_SEX_CUR_NB","SEX_T","CUR_TYPE_LCU","2005",2152.213,,"T30:395","R1:3513_T2:85"
"SWE","BB:3063","EAR_EMTM_SEX_CUR_NB","SEX_T","CUR_TYPE_PPP","2005",2099.9,,"T30:395","R1:3513_T2:85"
"SWE","BB:3063","EAR_EMTM_SEX_CUR_NB","SEX_T","CUR_TYPE_USD","2005",2677.569,,"T30:395","R1:3513_T2:85"
"SWE","BB:3063","EAR_EMTM_SEX_CUR_NB","SEX_T","CUR_TYPE_LCU","2004",2104.576,,"T30:395","R1:3513_T2:85"
"SWE","BB:3063","EAR_EMTM_SEX_CUR_NB","SEX_T","CUR_TYPE_PPP","2004",2018.653,,"T30:395","R1:3513_T2:85"
"SWE","BB:3063","EAR_EMTM_SEX_CUR_NB","SEX_T","CUR_TYPE_USD","2004",2617.883,,"T30:395","R1:3513_T2:85"
"SWZ","BA:1672","EAR_EMTM_SEX_CUR_NB","SEX_T","CUR_TYPE_LCU","2023",3000,,"T30:49","R1:3513"
"SWZ","BA:1672","EAR_EMTM_SEX_CUR_NB","SEX_T","CUR_TYPE_USD","2023",162.57,,"T30:49","R1:3513"
"SWZ","BA:1672","EAR_EMTM_SEX_CUR_NB","SEX_T","CUR_TYPE_LCU","2021",2500,,"T30:49","R1:3513"
"SWZ","BA:1672","EAR_EMTM_SEX_CUR_NB","SEX_T","CUR_TYPE_PPP","2021",403.941,,"T30:49","R1:3513"
"SWZ","BA:1672","EAR_EMTM_SEX_CUR_NB","SEX_T","CUR_TYPE_USD","2021",169.108,,"T30:49","R1:3513"
"SWZ","BA:1672","EAR_EMTM_SEX_CUR_NB","SEX_T","CUR_TYPE_LCU","2016",2000,,"T30:49","R1:3513"
"SWZ","BA:1672","EAR_EMTM_SEX_CUR_NB","SEX_T","CUR_TYPE_PPP","2016",347.107,,"T30:49","R1:3513"
"SWZ","BA:1672","EAR_EMTM_SEX_CUR_NB","SEX_T","CUR_TYPE_USD","2016",135.965,,"T30:49","R1:3513"
"TCD","BB:15712","EAR_EMTM_SEX_CUR_NB","SEX_T","CUR_TYPE_LCU","2022",75000,,"T30:53","R1:3513"
"TCD","BB:15712","EAR_EMTM_SEX_CUR_NB","SEX_T","CUR_TYPE_PPP","2022",354.726,,"T30:53","R1:3513"
"TCD","BB:15712","EAR_EMTM_SEX_CUR_NB","SEX_T","CUR_TYPE_USD","2022",120.239,,"T30:53","R1:3513"
"TCD","BB:15712","EAR_EMTM_SEX_CUR_NB","SEX_T","CUR_TYPE_LCU","2018",75000,,"T30:53","R1:3513"
"TCD","BB:15712","EAR_EMTM_SEX_CUR_NB","SEX_T","CUR_TYPE_PPP","2018",326.471,,"T30:53","R1:3513"
"TCD","BB:15712","EAR_EMTM_SEX_CUR_NB","SEX_T","CUR_TYPE_USD","2018",135.026,,"T30:53","R1:3513"
"TGO","BB:16196","EAR_EMTM_SEX_CUR_NB","SEX_T","CUR_TYPE_LCU","2022",52000,,"T30:54","R1:3513"
"TGO","BB:16196","EAR_EMTM_SEX_CUR_NB","SEX_T","CUR_TYPE_PPP","2022",235.725,,"T30:54","R1:3513"
"TGO","BB:16196","EAR_EMTM_SEX_CUR_NB","SEX_T","CUR_TYPE_USD","2022",83.365,,"T30:54","R1:3513"
"TGO","BB:16196","EAR_EMTM_SEX_CUR_NB","SEX_T","CUR_TYPE_LCU","2019",40000,,"T30:54","R1:3513"
"TGO","BB:16196","EAR_EMTM_SEX_CUR_NB","SEX_T","CUR_TYPE_PPP","2019",173.321,,"T30:54","R1:3513"
"TGO","BB:16196","EAR_EMTM_SEX_CUR_NB","SEX_T","CUR_TYPE_USD","2019",68.27,,"T30:54","R1:3513"
"TGO","BA:14123","EAR_EMTM_SEX_CUR_NB","SEX_T","CUR_TYPE_LCU","2017",45000,"B","T30:54_I11:264","R1:3513_T3:240"
"TGO","BA:14123","EAR_EMTM_SEX_CUR_NB","SEX_T","CUR_TYPE_PPP","2017",186.358,"B","T30:54_I11:264","R1:3513_T3:240"
"TGO","BA:14123","EAR_EMTM_SEX_CUR_NB","SEX_T","CUR_TYPE_USD","2017",77.499,"B","T30:54_I11:264","R1:3513_T3:240"
"TGO","BX:686","EAR_EMTM_SEX_CUR_NB","SEX_T","CUR_TYPE_LCU","2015",35000,,"T30:54","R1:3513"
"TGO","BX:686","EAR_EMTM_SEX_CUR_NB","SEX_T","CUR_TYPE_PPP","2015",143.788,,"T30:54","R1:3513"
"TGO","BX:686","EAR_EMTM_SEX_CUR_NB","SEX_T","CUR_TYPE_USD","2015",59.2,,"T30:54","R1:3513"
"TGO","BX:686","EAR_EMTM_SEX_CUR_NB","SEX_T","CUR_TYPE_LCU","2011",30000,"B","T30:54_I11:264","R1:3513"
"TGO","BX:686","EAR_EMTM_SEX_CUR_NB","SEX_T","CUR_TYPE_PPP","2011",126.803,"B","T30:54_I11:264","R1:3513"
"TGO","BX:686","EAR_EMTM_SEX_CUR_NB","SEX_T","CUR_TYPE_USD","2011",63.661,"B","T30:54_I11:264","R1:3513"
"THA","BA:741","EAR_EMTM_SEX_CUR_NB","SEX_T","CUR_TYPE_LCU","2025",13000,,"T30:151","R1:3513"
"THA","BA:741","EAR_EMTM_SEX_CUR_NB","SEX_T","CUR_TYPE_PPP","2025",1225.691,,"T30:151","R1:3513"
"THA","BA:741","EAR_EMTM_SEX_CUR_NB","SEX_T","CUR_TYPE_USD","2025",395.343,,"T30:151","R1:3513"
"THA","BA:741","EAR_EMTM_SEX_CUR_NB","SEX_T","CUR_TYPE_LCU","2024",13000,,"T30:151","R1:3513"
"THA","BA:741","EAR_EMTM_SEX_CUR_NB","SEX_T","CUR_TYPE_PPP","2024",1191.894,,"T30:151","R1:3513"
"THA","BA:741","EAR_EMTM_SEX_CUR_NB","SEX_T","CUR_TYPE_USD","2024",368.339,,"T30:151","R1:3513"
"THA","BA:741","EAR_EMTM_SEX_CUR_NB","SEX_T","CUR_TYPE_LCU","2023",13000,,"T30:151","R1:3513"
"THA","BA:741","EAR_EMTM_SEX_CUR_NB","SEX_T","CUR_TYPE_PPP","2023",1162.357,,"T30:151","R1:3513"
"THA","BA:741","EAR_EMTM_SEX_CUR_NB","SEX_T","CUR_TYPE_USD","2023",373.54,,"T30:151","R1:3513"
"THA","BA:741","EAR_EMTM_SEX_CUR_NB","SEX_T","CUR_TYPE_LCU","2022",12640,,"T30:151","R1:3513"
"THA","BA:741","EAR_EMTM_SEX_CUR_NB","SEX_T","CUR_TYPE_PPP","2022",1098.828,,"T30:151","R1:3513"
"THA","BA:741","EAR_EMTM_SEX_CUR_NB","SEX_T","CUR_TYPE_USD","2022",360.511,,"T30:151","R1:3513"
"THA","BA:741","EAR_EMTM_SEX_CUR_NB","SEX_T","CUR_TYPE_LCU","2021",12000,,"T30:151","R1:3513"
"THA","BA:741","EAR_EMTM_SEX_CUR_NB","SEX_T","CUR_TYPE_PPP","2021",1024.58,,"T30:151","R1:3513"
"THA","BA:741","EAR_EMTM_SEX_CUR_NB","SEX_T","CUR_TYPE_USD","2021",375.269,,"T30:151","R1:3513"
"THA","BA:741","EAR_EMTM_SEX_CUR_NB","SEX_T","CUR_TYPE_LCU","2020",11530,,"T30:151","R1:3513"
"THA","BA:741","EAR_EMTM_SEX_CUR_NB","SEX_T","CUR_TYPE_PPP","2020",961.922,,"T30:151","R1:3513"
"THA","BA:741","EAR_EMTM_SEX_CUR_NB","SEX_T","CUR_TYPE_USD","2020",368.445,,"T30:151","R1:3513"
"THA","BA:741","EAR_EMTM_SEX_CUR_NB","SEX_T","CUR_TYPE_LCU","2019",11700,,"T30:151","R1:3513"
"THA","BA:741","EAR_EMTM_SEX_CUR_NB","SEX_T","CUR_TYPE_PPP","2019",956.064,,"T30:151","R1:3513"
"THA","BA:741","EAR_EMTM_SEX_CUR_NB","SEX_T","CUR_TYPE_USD","2019",376.841,,"T30:151","R1:3513"
"THA","BA:741","EAR_EMTM_SEX_CUR_NB","SEX_T","CUR_TYPE_LCU","2018",11450,,"T30:151","R1:3513"
"THA","BA:741","EAR_EMTM_SEX_CUR_NB","SEX_T","CUR_TYPE_PPP","2018",924.02,,"T30:151","R1:3513"
"THA","BA:741","EAR_EMTM_SEX_CUR_NB","SEX_T","CUR_TYPE_USD","2018",354.377,,"T30:151","R1:3513"
"THA","BA:741","EAR_EMTM_SEX_CUR_NB","SEX_T","CUR_TYPE_LCU","2017",11000,,"T30:151","R1:3513"
"THA","BA:741","EAR_EMTM_SEX_CUR_NB","SEX_T","CUR_TYPE_PPP","2017",876.545,,"T30:151","R1:3513"
"THA","BA:741","EAR_EMTM_SEX_CUR_NB","SEX_T","CUR_TYPE_USD","2017",324.103,,"T30:151","R1:3513"
"THA","BA:741","EAR_EMTM_SEX_CUR_NB","SEX_T","CUR_TYPE_LCU","2016",10800,,"T30:151","R1:3513"
"THA","BA:741","EAR_EMTM_SEX_CUR_NB","SEX_T","CUR_TYPE_PPP","2016",866.575,,"T30:151","R1:3513"
"THA","BA:741","EAR_EMTM_SEX_CUR_NB","SEX_T","CUR_TYPE_USD","2016",305.98,,"T30:151","R1:3513"
"THA","BA:741","EAR_EMTM_SEX_CUR_NB","SEX_T","CUR_TYPE_LCU","2015",8800,,"T30:151","R1:3513"
"THA","BA:741","EAR_EMTM_SEX_CUR_NB","SEX_T","CUR_TYPE_PPP","2015",704.072,,"T30:151","R1:3513"
"THA","BA:741","EAR_EMTM_SEX_CUR_NB","SEX_T","CUR_TYPE_USD","2015",256.951,,"T30:151","R1:3513"
"THA","BA:741","EAR_EMTM_SEX_CUR_NB","SEX_T","CUR_TYPE_LCU","2014",10000,,"T30:151","R1:3513"
"THA","BA:741","EAR_EMTM_SEX_CUR_NB","SEX_T","CUR_TYPE_PPP","2014",792.018,,"T30:151","R1:3513"
"THA","BA:741","EAR_EMTM_SEX_CUR_NB","SEX_T","CUR_TYPE_USD","2014",307.883,,"T30:151","R1:3513"
"THA","BB:15893","EAR_EMTM_SEX_CUR_NB","SEX_T","CUR_TYPE_LCU","2013",9100,,"T30:151","R1:3513"
"THA","BB:15893","EAR_EMTM_SEX_CUR_NB","SEX_T","CUR_TYPE_PPP","2013",725.639,,"T30:151","R1:3513"
"THA","BB:15893","EAR_EMTM_SEX_CUR_NB","SEX_T","CUR_TYPE_USD","2013",296.166,,"T30:151","R1:3513"
"THA","BB:15893","EAR_EMTM_SEX_CUR_NB","SEX_T","CUR_TYPE_LCU","2007",6266.666,,"T30:151","R1:3513"
"THA","BB:15893","EAR_EMTM_SEX_CUR_NB","SEX_T","CUR_TYPE_PPP","2007",507.476,,"T30:151","R1:3513"
"THA","BB:15893","EAR_EMTM_SEX_CUR_NB","SEX_T","CUR_TYPE_USD","2007",181.547,,"T30:151","R1:3513"
"THA","BB:15893","EAR_EMTM_SEX_CUR_NB","SEX_T","CUR_TYPE_LCU","2000",4505,,"T30:151","R1:3513"
"THA","BB:15893","EAR_EMTM_SEX_CUR_NB","SEX_T","CUR_TYPE_PPP","2000",362.769,,"T30:151","R1:3513"
"THA","BB:15893","EAR_EMTM_SEX_CUR_NB","SEX_T","CUR_TYPE_USD","2000",112.311,,"T30:151","R1:3513"
"TJK","BB:2229","EAR_EMTM_SEX_CUR_NB","SEX_T","CUR_TYPE_LCU","2009",200,,"T30:150","R1:3513"
"TJK","BB:2229","EAR_EMTM_SEX_CUR_NB","SEX_T","CUR_TYPE_PPP","2009",127.789,,"T30:150","R1:3513"
"TJK","BB:2229","EAR_EMTM_SEX_CUR_NB","SEX_T","CUR_TYPE_USD","2009",48.278,,"T30:150","R1:3513"
"TJK","BB:2229","EAR_EMTM_SEX_CUR_NB","SEX_T","CUR_TYPE_LCU","2007",140,,"T30:150","R1:3513"
"TJK","BB:2229","EAR_EMTM_SEX_CUR_NB","SEX_T","CUR_TYPE_PPP","2007",110.866,,"T30:150","R1:3513"
"TJK","BB:2229","EAR_EMTM_SEX_CUR_NB","SEX_T","CUR_TYPE_USD","2007",40.668,,"T30:150","R1:3513"
"TJK","BB:2229","EAR_EMTM_SEX_CUR_NB","SEX_T","CUR_TYPE_LCU","2003",23.75,,"T30:150","R1:3513"
"TJK","BB:2229","EAR_EMTM_SEX_CUR_NB","SEX_T","CUR_TYPE_PPP","2003",23.832,,"T30:150","R1:3513"
"TJK","BB:2229","EAR_EMTM_SEX_CUR_NB","SEX_T","CUR_TYPE_USD","2003",7.758,,"T30:150","R1:3513"
"TKL","BB:16122","EAR_EMTM_SEX_CUR_NB","SEX_T","CUR_TYPE_LCU","2016",563.374,,"T30:230","R1:3513"
"TLS","BA:3050","EAR_EMTM_SEX_CUR_NB","SEX_T","CUR_TYPE_LCU","2021",200,,"T30:152","R1:3513"
"TLS","BA:3050","EAR_EMTM_SEX_CUR_NB","SEX_T","CUR_TYPE_PPP","2021",448.887,,"T30:152","R1:3513"
"TLS","BA:3050","EAR_EMTM_SEX_CUR_NB","SEX_T","CUR_TYPE_USD","2021",200,,"T30:152","R1:3513"
"TLS","BA:3050","EAR_EMTM_SEX_CUR_NB","SEX_T","CUR_TYPE_LCU","2016",225.154,,"T30:152","R1:3513"
"TLS","BA:3050","EAR_EMTM_SEX_CUR_NB","SEX_T","CUR_TYPE_PPP","2016",537.615,,"T30:152","R1:3513"
"TLS","BA:3050","EAR_EMTM_SEX_CUR_NB","SEX_T","CUR_TYPE_USD","2016",225.154,,"T30:152","R1:3513"
"TLS","BA:3050","EAR_EMTM_SEX_CUR_NB","SEX_T","CUR_TYPE_LCU","2013",232,"B","T30:152_I11:264","R1:3513"
"TLS","BA:3050","EAR_EMTM_SEX_CUR_NB","SEX_T","CUR_TYPE_PPP","2013",440.124,"B","T30:152_I11:264","R1:3513"
"TLS","BA:3050","EAR_EMTM_SEX_CUR_NB","SEX_T","CUR_TYPE_USD","2013",232,"B","T30:152_I11:264","R1:3513"
"TLS","BA:3050","EAR_EMTM_SEX_CUR_NB","SEX_T","CUR_TYPE_LCU","2010",150,"B","T30:152_I11:264","R1:3513"
"TLS","BA:3050","EAR_EMTM_SEX_CUR_NB","SEX_T","CUR_TYPE_PPP","2010",328.702,"B","T30:152_I11:264","R1:3513"
"TLS","BA:3050","EAR_EMTM_SEX_CUR_NB","SEX_T","CUR_TYPE_USD","2010",150,"B","T30:152_I11:264","R1:3513"
"TLS","BB:7029","EAR_EMTM_SEX_CUR_NB","SEX_T","CUR_TYPE_LCU","2007",129.935,,"T30:152","R1:3513"
"TLS","BB:7029","EAR_EMTM_SEX_CUR_NB","SEX_T","CUR_TYPE_PPP","2007",317.374,,"T30:152","R1:3513"
"TLS","BB:7029","EAR_EMTM_SEX_CUR_NB","SEX_T","CUR_TYPE_USD","2007",129.935,,"T30:152","R1:3513"
"TLS","BB:7029","EAR_EMTM_SEX_CUR_NB","SEX_T","CUR_TYPE_LCU","2001",1200000,,"T30:349","R1:3513"
"TON","BA:1712","EAR_EMTM_SEX_CUR_NB","SEX_T","CUR_TYPE_LCU","2023",1295.197,,"T30:231","R1:3513"
"TON","BA:1712","EAR_EMTM_SEX_CUR_NB","SEX_T","CUR_TYPE_PPP","2023",711.137,,"T30:231","R1:3513"
"TON","BA:1712","EAR_EMTM_SEX_CUR_NB","SEX_T","CUR_TYPE_USD","2023",547.954,,"T30:231","R1:3513"
"TON","BB:16119","EAR_EMTM_SEX_CUR_NB","SEX_T","CUR_TYPE_LCU","2021",977.158,,"T30:231","R1:3513"
"TON","BB:16119","EAR_EMTM_SEX_CUR_NB","SEX_T","CUR_TYPE_PPP","2021",563.094,,"T30:231","R1:3513"
"TON","BB:16119","EAR_EMTM_SEX_CUR_NB","SEX_T","CUR_TYPE_USD","2021",431.424,,"T30:231","R1:3513"
"TON","BA:1712","EAR_EMTM_SEX_CUR_NB","SEX_T","CUR_TYPE_LCU","2018",975,"B","T30:231_I11:264","R1:3513"
"TON","BA:1712","EAR_EMTM_SEX_CUR_NB","SEX_T","CUR_TYPE_PPP","2018",554.576,"B","T30:231_I11:264","R1:3513"
"TON","BA:1712","EAR_EMTM_SEX_CUR_NB","SEX_T","CUR_TYPE_USD","2018",435.935,"B","T30:231_I11:264","R1:3513"
"TTO","BA:549","EAR_EMTM_SEX_CUR_NB","SEX_T","CUR_TYPE_LCU","2016",5250,,"T30:103","R1:3513"
"TTO","BA:549","EAR_EMTM_SEX_CUR_NB","SEX_T","CUR_TYPE_PPP","2016",1163.785,,"T30:103","R1:3513"
"TTO","BA:549","EAR_EMTM_SEX_CUR_NB","SEX_T","CUR_TYPE_USD","2016",787.228,,"T30:103","R1:3513"
"TTO","BA:549","EAR_EMTM_SEX_CUR_NB","SEX_T","CUR_TYPE_LCU","2015",5250,,"T30:103","R1:3513"
"TTO","BA:549","EAR_EMTM_SEX_CUR_NB","SEX_T","CUR_TYPE_PPP","2015",1150.102,,"T30:103","R1:3513"
"TTO","BA:549","EAR_EMTM_SEX_CUR_NB","SEX_T","CUR_TYPE_USD","2015",823.214,,"T30:103","R1:3513"
"TTO","BA:549","EAR_EMTM_SEX_CUR_NB","SEX_T","CUR_TYPE_LCU","2014",4750,,"T30:103","R1:3513"
"TTO","BA:549","EAR_EMTM_SEX_CUR_NB","SEX_T","CUR_TYPE_PPP","2014",1042.958,,"T30:103","R1:3513"
"TTO","BA:549","EAR_EMTM_SEX_CUR_NB","SEX_T","CUR_TYPE_USD","2014",741.134,,"T30:103","R1:3513"
"TTO","BA:549","EAR_EMTM_SEX_CUR_NB","SEX_T","CUR_TYPE_LCU","2013",4250,,"T30:103","R1:3513"
"TTO","BA:549","EAR_EMTM_SEX_CUR_NB","SEX_T","CUR_TYPE_PPP","2013",928.945,,"T30:103","R1:3513"
"TTO","BA:549","EAR_EMTM_SEX_CUR_NB","SEX_T","CUR_TYPE_USD","2013",659.669,,"T30:103","R1:3513"
"TTO","BA:549","EAR_EMTM_SEX_CUR_NB","SEX_T","CUR_TYPE_LCU","2012",4250,,"T30:103","R1:3513"
"TTO","BA:549","EAR_EMTM_SEX_CUR_NB","SEX_T","CUR_TYPE_PPP","2012",978.22,,"T30:103","R1:3513"
"TTO","BA:549","EAR_EMTM_SEX_CUR_NB","SEX_T","CUR_TYPE_USD","2012",661.005,,"T30:103","R1:3513"
"TTO","BA:549","EAR_EMTM_SEX_CUR_NB","SEX_T","CUR_TYPE_LCU","2011",4250,,"T30:103","R1:3513"
"TTO","BA:549","EAR_EMTM_SEX_CUR_NB","SEX_T","CUR_TYPE_PPP","2011",940.173,,"T30:103","R1:3513"
"TTO","BA:549","EAR_EMTM_SEX_CUR_NB","SEX_T","CUR_TYPE_USD","2011",663.099,,"T30:103","R1:3513"
"TTO","BA:549","EAR_EMTM_SEX_CUR_NB","SEX_T","CUR_TYPE_LCU","2010",3750,"B","T30:103_I11:264","R1:3513"
"TTO","BA:549","EAR_EMTM_SEX_CUR_NB","SEX_T","CUR_TYPE_PPP","2010",845.248,"B","T30:103_I11:264","R1:3513"
"TTO","BA:549","EAR_EMTM_SEX_CUR_NB","SEX_T","CUR_TYPE_USD","2010",588.188,"B","T30:103_I11:264","R1:3513"
"TUN","BA:743","EAR_EMTM_SEX_CUR_NB","SEX_T","CUR_TYPE_LCU","2019",600,,"T30:55","R1:3513_S3:9"
"TUN","BA:743","EAR_EMTM_SEX_CUR_NB","SEX_T","CUR_TYPE_PPP","2019",731.513,,"T30:55","R1:3513_S3:9"
"TUN","BA:743","EAR_EMTM_SEX_CUR_NB","SEX_T","CUR_TYPE_USD","2019",204.469,,"T30:55","R1:3513_S3:9"
"TUR","BA:622","EAR_EMTM_SEX_CUR_NB","SEX_T","CUR_TYPE_LCU","2025",30000,,"T30:208","R1:3513"
"TUR","BA:622","EAR_EMTM_SEX_CUR_NB","SEX_T","CUR_TYPE_PPP","2025",1690.676,,"T30:208","R1:3513"
"TUR","BA:622","EAR_EMTM_SEX_CUR_NB","SEX_T","CUR_TYPE_USD","2025",760.364,,"T30:208","R1:3513"
"TUR","BA:622","EAR_EMTM_SEX_CUR_NB","SEX_T","CUR_TYPE_LCU","2024",22000,,"T30:208","R1:3513"
"TUR","BA:622","EAR_EMTM_SEX_CUR_NB","SEX_T","CUR_TYPE_PPP","2024",1752.755,,"T30:208","R1:3513"
"TUR","BA:622","EAR_EMTM_SEX_CUR_NB","SEX_T","CUR_TYPE_USD","2024",670.612,,"T30:208","R1:3513"
"TUR","BA:622","EAR_EMTM_SEX_CUR_NB","SEX_T","CUR_TYPE_LCU","2023",11500,,"T30:208","R1:3513"
"TUR","BA:622","EAR_EMTM_SEX_CUR_NB","SEX_T","CUR_TYPE_PPP","2023",1494.271,,"T30:208","R1:3513"
"TUR","BA:622","EAR_EMTM_SEX_CUR_NB","SEX_T","CUR_TYPE_USD","2023",484.444,,"T30:208","R1:3513"
"TUR","BA:622","EAR_EMTM_SEX_CUR_NB","SEX_T","CUR_TYPE_LCU","2022",5500,,"T30:208","R1:3513"
"TUR","BA:622","EAR_EMTM_SEX_CUR_NB","SEX_T","CUR_TYPE_PPP","2022",1130.936,,"T30:208","R1:3513"
"TUR","BA:622","EAR_EMTM_SEX_CUR_NB","SEX_T","CUR_TYPE_USD","2022",332.349,,"T30:208","R1:3513"
"TUR","BA:622","EAR_EMTM_SEX_CUR_NB","SEX_T","CUR_TYPE_LCU","2021",3200,,"T30:208","R1:3513"
"TUR","BA:622","EAR_EMTM_SEX_CUR_NB","SEX_T","CUR_TYPE_PPP","2021",1040.152,,"T30:208","R1:3513"
"TUR","BA:622","EAR_EMTM_SEX_CUR_NB","SEX_T","CUR_TYPE_USD","2021",361.565,,"T30:208","R1:3513"
"TUR","BA:622","EAR_EMTM_SEX_CUR_NB","SEX_T","CUR_TYPE_LCU","2020",2700,,"T30:208","R1:3513"
"TUR","BA:622","EAR_EMTM_SEX_CUR_NB","SEX_T","CUR_TYPE_PPP","2020",1064.736,,"T30:208","R1:3513"
"TUR","BA:622","EAR_EMTM_SEX_CUR_NB","SEX_T","CUR_TYPE_USD","2020",385.241,,"T30:208","R1:3513"
"TUR","BA:622","EAR_EMTM_SEX_CUR_NB","SEX_T","CUR_TYPE_LCU","2019",2350,,"T30:208","R1:3513"
"TUR","BA:622","EAR_EMTM_SEX_CUR_NB","SEX_T","CUR_TYPE_PPP","2019",1097.893,,"T30:208","R1:3513"
"TUR","BA:622","EAR_EMTM_SEX_CUR_NB","SEX_T","CUR_TYPE_USD","2019",414.183,,"T30:208","R1:3513"
"TUR","BA:622","EAR_EMTM_SEX_CUR_NB","SEX_T","CUR_TYPE_LCU","2018",2000,,"T30:208","R1:3513"
"TUR","BA:622","EAR_EMTM_SEX_CUR_NB","SEX_T","CUR_TYPE_PPP","2018",1035.589,,"T30:208","R1:3513"
"TUR","BA:622","EAR_EMTM_SEX_CUR_NB","SEX_T","CUR_TYPE_USD","2018",414.218,,"T30:208","R1:3513"
"TUR","BA:622","EAR_EMTM_SEX_CUR_NB","SEX_T","CUR_TYPE_LCU","2017",1700,,"T30:208","R1:3513"
"TUR","BA:622","EAR_EMTM_SEX_CUR_NB","SEX_T","CUR_TYPE_PPP","2017",995.43,,"T30:208","R1:3513"
"TUR","BA:622","EAR_EMTM_SEX_CUR_NB","SEX_T","CUR_TYPE_USD","2017",465.992,,"T30:208","R1:3513"
"TUR","BA:622","EAR_EMTM_SEX_CUR_NB","SEX_T","CUR_TYPE_LCU","2016",1500,,"T30:208","R1:3513"
"TUR","BA:622","EAR_EMTM_SEX_CUR_NB","SEX_T","CUR_TYPE_PPP","2016",964.535,,"T30:208","R1:3513"
"TUR","BA:622","EAR_EMTM_SEX_CUR_NB","SEX_T","CUR_TYPE_USD","2016",496.667,,"T30:208","R1:3513"
"TUR","BA:622","EAR_EMTM_SEX_CUR_NB","SEX_T","CUR_TYPE_LCU","2015",1300,,"T30:208","R1:3513"
"TUR","BA:622","EAR_EMTM_SEX_CUR_NB","SEX_T","CUR_TYPE_PPP","2015",899.229,,"T30:208","R1:3513"
"TUR","BA:622","EAR_EMTM_SEX_CUR_NB","SEX_T","CUR_TYPE_USD","2015",477.94,,"T30:208","R1:3513"
"TUR","BA:622","EAR_EMTM_SEX_CUR_NB","SEX_T","CUR_TYPE_LCU","2014",1200,,"T30:208","R1:3513"
"TUR","BA:622","EAR_EMTM_SEX_CUR_NB","SEX_T","CUR_TYPE_PPP","2014",876.332,,"T30:208","R1:3513"
"TUR","BA:622","EAR_EMTM_SEX_CUR_NB","SEX_T","CUR_TYPE_USD","2014",548.31,,"T30:208","R1:3513"
"TUR","BA:622","EAR_EMTM_SEX_CUR_NB","SEX_T","CUR_TYPE_LCU","2013",1000,,"T30:208","R1:3513"
"TUR","BA:622","EAR_EMTM_SEX_CUR_NB","SEX_T","CUR_TYPE_PPP","2013",770.802,,"T30:208","R1:3513"
"TUR","BA:622","EAR_EMTM_SEX_CUR_NB","SEX_T","CUR_TYPE_USD","2013",525.274,,"T30:208","R1:3513"
"TUR","BA:622","EAR_EMTM_SEX_CUR_NB","SEX_T","CUR_TYPE_LCU","2012",1000,,"T30:208","R1:3513"
"TUR","BA:622","EAR_EMTM_SEX_CUR_NB","SEX_T","CUR_TYPE_PPP","2012",812.703,,"T30:208","R1:3513"
"TUR","BA:622","EAR_EMTM_SEX_CUR_NB","SEX_T","CUR_TYPE_USD","2012",556.793,,"T30:208","R1:3513"
"TUR","BA:622","EAR_EMTM_SEX_CUR_NB","SEX_T","CUR_TYPE_LCU","2011",850,,"T30:208","R1:3513"
"TUR","BA:622","EAR_EMTM_SEX_CUR_NB","SEX_T","CUR_TYPE_PPP","2011",740.245,,"T30:208","R1:3513"
"TUR","BA:622","EAR_EMTM_SEX_CUR_NB","SEX_T","CUR_TYPE_USD","2011",507.476,,"T30:208","R1:3513"
"TUR","BA:622","EAR_EMTM_SEX_CUR_NB","SEX_T","CUR_TYPE_LCU","2010",800,,"T30:208","R1:3513"
"TUR","BA:622","EAR_EMTM_SEX_CUR_NB","SEX_T","CUR_TYPE_PPP","2010",717.783,,"T30:208","R1:3513"
"TUR","BA:622","EAR_EMTM_SEX_CUR_NB","SEX_T","CUR_TYPE_USD","2010",532.322,,"T30:208","R1:3513"
"TUR","BA:622","EAR_EMTM_SEX_CUR_NB","SEX_T","CUR_TYPE_LCU","2009",750,,"T30:208","R1:3513"
"TUR","BA:622","EAR_EMTM_SEX_CUR_NB","SEX_T","CUR_TYPE_PPP","2009",690.813,,"T30:208","R1:3513"
"TUR","BA:622","EAR_EMTM_SEX_CUR_NB","SEX_T","CUR_TYPE_USD","2009",483.884,,"T30:208","R1:3513"
"TUR","BA:622","EAR_EMTM_SEX_CUR_NB","SEX_T","CUR_TYPE_LCU","2008",700,,"T30:351","R1:3513"
"TUR","BA:622","EAR_EMTM_SEX_CUR_NB","SEX_T","CUR_TYPE_LCU","2007",600,,"T30:351","R1:3513"
"TUR","BA:622","EAR_EMTM_SEX_CUR_NB","SEX_T","CUR_TYPE_LCU","2006",500,,"T30:351","R1:3513"
"TUR","BA:622","EAR_EMTM_SEX_CUR_NB","SEX_T","CUR_TYPE_LCU","2005",500,,"T30:351","R1:3513"
"TZA","BA:1743","EAR_EMTM_SEX_CUR_NB","SEX_T","CUR_TYPE_LCU","2025",345583.29,,"T30:50","R1:3513"
"TZA","BA:1743","EAR_EMTM_SEX_CUR_NB","SEX_T","CUR_TYPE_PPP","2025",522.427,,"T30:50","R1:3513"
"TZA","BA:1743","EAR_EMTM_SEX_CUR_NB","SEX_T","CUR_TYPE_LCU","2024",300000,"B","T30:50_I11:264","R1:3513"
"TZA","BA:1743","EAR_EMTM_SEX_CUR_NB","SEX_T","CUR_TYPE_PPP","2024",456.294,"B","T30:50_I11:264","R1:3513"
"TZA","BA:1743","EAR_EMTM_SEX_CUR_NB","SEX_T","CUR_TYPE_USD","2024",115.478,"B","T30:50_I11:264","R1:3513"
"TZA","BA:1743","EAR_EMTM_SEX_CUR_NB","SEX_T","CUR_TYPE_LCU","2020",300000,"B","T30:50_I11:264","R1:3513"
"TZA","BA:1743","EAR_EMTM_SEX_CUR_NB","SEX_T","CUR_TYPE_PPP","2020",431.794,"B","T30:50_I11:264","R1:3513"
"TZA","BA:1743","EAR_EMTM_SEX_CUR_NB","SEX_T","CUR_TYPE_USD","2020",130.768,"B","T30:50_I11:264","R1:3513"
"TZA","BB:2542","EAR_EMTM_SEX_CUR_NB","SEX_T","CUR_TYPE_LCU","2014",200000,,"T30:50","R1:3513"
"TZA","BB:2542","EAR_EMTM_SEX_CUR_NB","SEX_T","CUR_TYPE_PPP","2014",278.698,,"T30:50","R1:3513"
"TZA","BB:2542","EAR_EMTM_SEX_CUR_NB","SEX_T","CUR_TYPE_USD","2014",120.975,,"T30:50","R1:3513"
"TZA","BB:2542","EAR_EMTM_SEX_CUR_NB","SEX_T","CUR_TYPE_LCU","2012",150000,,"T30:50","R1:3513"
"TZA","BB:2542","EAR_EMTM_SEX_CUR_NB","SEX_T","CUR_TYPE_PPP","2012",234.47,,"T30:50","R1:3513"
"TZA","BB:2542","EAR_EMTM_SEX_CUR_NB","SEX_T","CUR_TYPE_USD","2012",95.438,,"T30:50","R1:3513"
"TZA","BB:2542","EAR_EMTM_SEX_CUR_NB","SEX_T","CUR_TYPE_LCU","2010",120000,,"T30:50","R1:3513"
"TZA","BB:2542","EAR_EMTM_SEX_CUR_NB","SEX_T","CUR_TYPE_PPP","2010",222.646,,"T30:50","R1:3513"
"TZA","BB:2542","EAR_EMTM_SEX_CUR_NB","SEX_T","CUR_TYPE_USD","2010",85.983,,"T30:50","R1:3513"
"TZA","BA:1743","EAR_EMTM_SEX_CUR_NB","SEX_T","CUR_TYPE_LCU","2006",60000,"B","T30:50_I11:264","R1:3513"
"TZA","BA:1743","EAR_EMTM_SEX_CUR_NB","SEX_T","CUR_TYPE_PPP","2006",144.665,"B","T30:50_I11:264","R1:3513"
"TZA","BA:1743","EAR_EMTM_SEX_CUR_NB","SEX_T","CUR_TYPE_USD","2006",47.927,"B","T30:50_I11:264","R1:3513"
"TZA","BA:1743","EAR_EMTM_SEX_CUR_NB","SEX_T","CUR_TYPE_LCU","2001",42000,"B","T30:50_I11:264","R1:3513"
"TZA","BA:1743","EAR_EMTM_SEX_CUR_NB","SEX_T","CUR_TYPE_PPP","2001",116.385,"B","T30:50_I11:264","R1:3513"
"TZA","BA:1743","EAR_EMTM_SEX_CUR_NB","SEX_T","CUR_TYPE_USD","2001",47.923,"B","T30:50_I11:264","R1:3513"
"UGA","BA:13047","EAR_EMTM_SEX_CUR_NB","SEX_T","CUR_TYPE_LCU","2021",240000,,"T30:56","R1:3513"
"UGA","BA:13047","EAR_EMTM_SEX_CUR_NB","SEX_T","CUR_TYPE_PPP","2021",182.472,,"T30:56","R1:3513"
"UGA","BA:13047","EAR_EMTM_SEX_CUR_NB","SEX_T","CUR_TYPE_USD","2021",66.907,,"T30:56","R1:3513"
"UGA","BB:268","EAR_EMTM_SEX_CUR_NB","SEX_T","CUR_TYPE_LCU","2019",220000,,"T30:56","R1:3513"
"UGA","BB:268","EAR_EMTM_SEX_CUR_NB","SEX_T","CUR_TYPE_PPP","2019",171.922,,"T30:56","R1:3513"
"UGA","BB:268","EAR_EMTM_SEX_CUR_NB","SEX_T","CUR_TYPE_USD","2019",59.394,,"T30:56","R1:3513"
"UGA","BA:13047","EAR_EMTM_SEX_CUR_NB","SEX_T","CUR_TYPE_LCU","2017",216666.672,"B","T30:56_I11:264","R1:3513"
"UGA","BA:13047","EAR_EMTM_SEX_CUR_NB","SEX_T","CUR_TYPE_PPP","2017",177.714,"B","T30:56_I11:264","R1:3513"
"UGA","BA:13047","EAR_EMTM_SEX_CUR_NB","SEX_T","CUR_TYPE_USD","2017",59.998,"B","T30:56_I11:264","R1:3513"
"UGA","BB:268","EAR_EMTM_SEX_CUR_NB","SEX_T","CUR_TYPE_LCU","2014",400000,,"T30:56","R1:3513"
"UGA","BB:268","EAR_EMTM_SEX_CUR_NB","SEX_T","CUR_TYPE_PPP","2014",370.262,,"T30:56","R1:3513"
"UGA","BB:268","EAR_EMTM_SEX_CUR_NB","SEX_T","CUR_TYPE_USD","2014",153.859,,"T30:56","R1:3513"
"UGA","BA:13047","EAR_EMTM_SEX_CUR_NB","SEX_T","CUR_TYPE_LCU","2012",150000,"B","T30:56_I11:264","R1:3513"
"UGA","BA:13047","EAR_EMTM_SEX_CUR_NB","SEX_T","CUR_TYPE_PPP","2012",147.487,"B","T30:56_I11:264","R1:3513"
"UGA","BA:13047","EAR_EMTM_SEX_CUR_NB","SEX_T","CUR_TYPE_USD","2012",59.891,"B","T30:56_I11:264","R1:3513"
"UGA","BB:268","EAR_EMTM_SEX_CUR_NB","SEX_T","CUR_TYPE_LCU","2011",200000,,"T30:56","R1:3513"
"UGA","BB:268","EAR_EMTM_SEX_CUR_NB","SEX_T","CUR_TYPE_PPP","2011",211.807,,"T30:56","R1:3513"
"UGA","BB:268","EAR_EMTM_SEX_CUR_NB","SEX_T","CUR_TYPE_USD","2011",79.277,,"T30:56","R1:3513"
"UGA","BB:268","EAR_EMTM_SEX_CUR_NB","SEX_T","CUR_TYPE_LCU","2010",214544.657,,"T30:56","R1:3513"
"UGA","BB:268","EAR_EMTM_SEX_CUR_NB","SEX_T","CUR_TYPE_PPP","2010",256.741,,"T30:56","R1:3513"
"UGA","BB:268","EAR_EMTM_SEX_CUR_NB","SEX_T","CUR_TYPE_USD","2010",98.525,,"T30:56","R1:3513"
"URY","BA:16753","EAR_EMTM_SEX_CUR_NB","SEX_T","CUR_TYPE_LCU","2024",39527.16,,"T30:106","R1:3513"
"URY","BA:16753","EAR_EMTM_SEX_CUR_NB","SEX_T","CUR_TYPE_PPP","2024",1349.132,,"T30:106","R1:3513"
"URY","BA:16753","EAR_EMTM_SEX_CUR_NB","SEX_T","CUR_TYPE_USD","2024",982.95,,"T30:106","R1:3513"
"URY","BA:16753","EAR_EMTM_SEX_CUR_NB","SEX_T","CUR_TYPE_LCU","2023",35000,,"T30:106","R1:3513"
"URY","BA:16753","EAR_EMTM_SEX_CUR_NB","SEX_T","CUR_TYPE_PPP","2023",1216.655,,"T30:106","R1:3513"
"URY","BA:16753","EAR_EMTM_SEX_CUR_NB","SEX_T","CUR_TYPE_USD","2023",901.506,,"T30:106","R1:3513"
"URY","BA:16753","EAR_EMTM_SEX_CUR_NB","SEX_T","CUR_TYPE_LCU","2022",32000,,"T30:106","R1:3513"
"URY","BA:16753","EAR_EMTM_SEX_CUR_NB","SEX_T","CUR_TYPE_PPP","2022",1131.097,,"T30:106","R1:3513"
"URY","BA:16753","EAR_EMTM_SEX_CUR_NB","SEX_T","CUR_TYPE_USD","2022",777.244,,"T30:106","R1:3513"
"URY","BA:348","EAR_EMTM_SEX_CUR_NB","SEX_T","CUR_TYPE_LCU","2020",31402.62,"B","T30:106_I11:264","R1:3513"
"URY","BA:348","EAR_EMTM_SEX_CUR_NB","SEX_T","CUR_TYPE_PPP","2020",1131.056,"B","T30:106_I11:264","R1:3513"
"URY","BA:348","EAR_EMTM_SEX_CUR_NB","SEX_T","CUR_TYPE_USD","2020",747.445,"B","T30:106_I11:264","R1:3513"
"URY","BA:348","EAR_EMTM_SEX_CUR_NB","SEX_T","CUR_TYPE_LCU","2019",29032,"B","T30:106_I11:264","R1:3513"
"URY","BA:348","EAR_EMTM_SEX_CUR_NB","SEX_T","CUR_TYPE_PPP","2019",1063.392,"B","T30:106_I11:264","R1:3513"
"URY","BA:348","EAR_EMTM_SEX_CUR_NB","SEX_T","CUR_TYPE_USD","2019",823.477,"B","T30:106_I11:264","R1:3513"
"URY","BA:348","EAR_EMTM_SEX_CUR_NB","SEX_T","CUR_TYPE_LCU","2018",27046,,"T30:106","R1:3513"
"URY","BA:348","EAR_EMTM_SEX_CUR_NB","SEX_T","CUR_TYPE_PPP","2018",1024.992,,"T30:106","R1:3513"
"URY","BA:348","EAR_EMTM_SEX_CUR_NB","SEX_T","CUR_TYPE_USD","2018",880.253,,"T30:106","R1:3513"
"URY","BA:348","EAR_EMTM_SEX_CUR_NB","SEX_T","CUR_TYPE_LCU","2017",25336,,"T30:106","R1:3513"
"URY","BA:348","EAR_EMTM_SEX_CUR_NB","SEX_T","CUR_TYPE_PPP","2017",988.155,,"T30:106","R1:3513"
"URY","BA:348","EAR_EMTM_SEX_CUR_NB","SEX_T","CUR_TYPE_USD","2017",883.514,,"T30:106","R1:3513"
"URY","BA:348","EAR_EMTM_SEX_CUR_NB","SEX_T","CUR_TYPE_LCU","2016",22682,,"T30:106","R1:3513"
"URY","BA:348","EAR_EMTM_SEX_CUR_NB","SEX_T","CUR_TYPE_PPP","2016",938.115,,"T30:106","R1:3513"
"URY","BA:348","EAR_EMTM_SEX_CUR_NB","SEX_T","CUR_TYPE_USD","2016",751.991,,"T30:106","R1:3513"
"URY","BA:348","EAR_EMTM_SEX_CUR_NB","SEX_T","CUR_TYPE_LCU","2015",21096,,"T30:106","R1:3513"
"URY","BA:348","EAR_EMTM_SEX_CUR_NB","SEX_T","CUR_TYPE_PPP","2015",946.855,,"T30:106","R1:3513"
"URY","BA:348","EAR_EMTM_SEX_CUR_NB","SEX_T","CUR_TYPE_USD","2015",771.973,,"T30:106","R1:3513"
"URY","BA:348","EAR_EMTM_SEX_CUR_NB","SEX_T","CUR_TYPE_LCU","2014",18927,,"T30:106","R1:3513"
"URY","BA:348","EAR_EMTM_SEX_CUR_NB","SEX_T","CUR_TYPE_PPP","2014",922.804,,"T30:106","R1:3513"
"URY","BA:348","EAR_EMTM_SEX_CUR_NB","SEX_T","CUR_TYPE_USD","2014",814.204,,"T30:106","R1:3513"
"URY","BA:348","EAR_EMTM_SEX_CUR_NB","SEX_T","CUR_TYPE_LCU","2013",16720.131,,"T30:106","R1:3513"
"URY","BA:348","EAR_EMTM_SEX_CUR_NB","SEX_T","CUR_TYPE_PPP","2013",883.951,,"T30:106","R1:3513"
"URY","BA:348","EAR_EMTM_SEX_CUR_NB","SEX_T","CUR_TYPE_USD","2013",816.348,,"T30:106","R1:3513"
"URY","BA:348","EAR_EMTM_SEX_CUR_NB","SEX_T","CUR_TYPE_LCU","2012",14927.87,,"T30:106","R1:3513"
"URY","BA:348","EAR_EMTM_SEX_CUR_NB","SEX_T","CUR_TYPE_PPP","2012",868.449,,"T30:106","R1:3513"
"URY","BA:348","EAR_EMTM_SEX_CUR_NB","SEX_T","CUR_TYPE_USD","2012",734.98,,"T30:106","R1:3513"
"URY","BA:348","EAR_EMTM_SEX_CUR_NB","SEX_T","CUR_TYPE_LCU","2011",13026.528,,"T30:106","R1:3513"
"URY","BA:348","EAR_EMTM_SEX_CUR_NB","SEX_T","CUR_TYPE_PPP","2011",784.332,,"T30:106","R1:3513"
"URY","BA:348","EAR_EMTM_SEX_CUR_NB","SEX_T","CUR_TYPE_USD","2011",674.453,,"T30:106","R1:3513"
"URY","BA:348","EAR_EMTM_SEX_CUR_NB","SEX_T","CUR_TYPE_LCU","2010",11062.1,,"T30:106","R1:3513"
"URY","BA:348","EAR_EMTM_SEX_CUR_NB","SEX_T","CUR_TYPE_PPP","2010",697.923,,"T30:106","R1:3513"
"URY","BA:348","EAR_EMTM_SEX_CUR_NB","SEX_T","CUR_TYPE_USD","2010",551.471,,"T30:106","R1:3513"
"URY","BA:348","EAR_EMTM_SEX_CUR_NB","SEX_T","CUR_TYPE_LCU","2009",10157.489,,"T30:106","R1:3513"
"URY","BA:348","EAR_EMTM_SEX_CUR_NB","SEX_T","CUR_TYPE_PPP","2009",672.745,,"T30:106","R1:3513"
"URY","BA:348","EAR_EMTM_SEX_CUR_NB","SEX_T","CUR_TYPE_USD","2009",450.084,,"T30:106","R1:3513"
"URY","BA:348","EAR_EMTM_SEX_CUR_NB","SEX_T","CUR_TYPE_LCU","2008",8815.786,,"T30:106","R1:3513"
"URY","BA:348","EAR_EMTM_SEX_CUR_NB","SEX_T","CUR_TYPE_PPP","2008",627.348,,"T30:106","R1:3513"
"URY","BA:348","EAR_EMTM_SEX_CUR_NB","SEX_T","CUR_TYPE_USD","2008",420.815,,"T30:106","R1:3513"
"URY","BA:348","EAR_EMTM_SEX_CUR_NB","SEX_T","CUR_TYPE_LCU","2007",7717,,"T30:106","R1:3513"
"URY","BA:348","EAR_EMTM_SEX_CUR_NB","SEX_T","CUR_TYPE_PPP","2007",570.511,,"T30:106","R1:3513"
"URY","BA:348","EAR_EMTM_SEX_CUR_NB","SEX_T","CUR_TYPE_USD","2007",328.788,,"T30:106","R1:3513"
"URY","BA:348","EAR_EMTM_SEX_CUR_NB","SEX_T","CUR_TYPE_LCU","2006",6737,,"T30:106","R1:3513"
"URY","BA:348","EAR_EMTM_SEX_CUR_NB","SEX_T","CUR_TYPE_PPP","2006",523.542,,"T30:106","R1:3513"
"URY","BA:348","EAR_EMTM_SEX_CUR_NB","SEX_T","CUR_TYPE_USD","2006",279.853,,"T30:106","R1:3513"
"URY","BA:348","EAR_EMTM_SEX_CUR_NB","SEX_T","CUR_TYPE_LCU","2005",5974.93,,"T30:106","R1:3513"
"URY","BA:348","EAR_EMTM_SEX_CUR_NB","SEX_T","CUR_TYPE_PPP","2005",478.587,,"T30:106","R1:3513"
"URY","BA:348","EAR_EMTM_SEX_CUR_NB","SEX_T","CUR_TYPE_USD","2005",244.088,,"T30:106","R1:3513"
"URY","BA:348","EAR_EMTM_SEX_CUR_NB","SEX_T","CUR_TYPE_LCU","2004",5600,,"T30:106","R1:3513"
"URY","BA:348","EAR_EMTM_SEX_CUR_NB","SEX_T","CUR_TYPE_PPP","2004",454.223,,"T30:106","R1:3513"
"URY","BA:348","EAR_EMTM_SEX_CUR_NB","SEX_T","CUR_TYPE_USD","2004",195.097,,"T30:106","R1:3513"
"URY","BA:348","EAR_EMTM_SEX_CUR_NB","SEX_T","CUR_TYPE_LCU","2003",5143.9,,"T30:106","R1:3513"
"URY","BA:348","EAR_EMTM_SEX_CUR_NB","SEX_T","CUR_TYPE_PPP","2003",443.561,,"T30:106","R1:3513"
"URY","BA:348","EAR_EMTM_SEX_CUR_NB","SEX_T","CUR_TYPE_USD","2003",182.352,,"T30:106","R1:3513"
"URY","BA:348","EAR_EMTM_SEX_CUR_NB","SEX_T","CUR_TYPE_LCU","2002",5000,,"T30:106","R1:3513"
"URY","BA:348","EAR_EMTM_SEX_CUR_NB","SEX_T","CUR_TYPE_PPP","2002",503.284,,"T30:106","R1:3513"
"URY","BA:348","EAR_EMTM_SEX_CUR_NB","SEX_T","CUR_TYPE_USD","2002",235.217,,"T30:106","R1:3513"
"URY","BA:348","EAR_EMTM_SEX_CUR_NB","SEX_T","CUR_TYPE_LCU","2001",4876.7,,"T30:106","R1:3513"
"URY","BA:348","EAR_EMTM_SEX_CUR_NB","SEX_T","CUR_TYPE_PPP","2001",550.726,,"T30:106","R1:3513"
"URY","BA:348","EAR_EMTM_SEX_CUR_NB","SEX_T","CUR_TYPE_USD","2001",366.143,,"T30:106","R1:3513"
"URY","BA:348","EAR_EMTM_SEX_CUR_NB","SEX_T","CUR_TYPE_LCU","2000",5000,,"T30:106","R1:3513"
"URY","BA:348","EAR_EMTM_SEX_CUR_NB","SEX_T","CUR_TYPE_PPP","2000",573.069,,"T30:106","R1:3513"
"URY","BA:348","EAR_EMTM_SEX_CUR_NB","SEX_T","CUR_TYPE_USD","2000",413.237,,"T30:106","R1:3513"
"USA","BA:453","EAR_EMTM_SEX_CUR_NB","SEX_T","CUR_TYPE_LCU","2025",4480.666,"B","T30:105_I11:264","R1:3513_R1:2803_T2:85"
"USA","BA:453","EAR_EMTM_SEX_CUR_NB","SEX_T","CUR_TYPE_PPP","2025",4480.666,"B","T30:105_I11:264","R1:3513_R1:2803_T2:85"
"USA","BA:453","EAR_EMTM_SEX_CUR_NB","SEX_T","CUR_TYPE_USD","2025",4480.666,"B","T30:105_I11:264","R1:3513_R1:2803_T2:85"
"USA","BA:453","EAR_EMTM_SEX_CUR_NB","SEX_T","CUR_TYPE_LCU","2024",4333.334,,"T30:105","R1:3513_T2:85"
"USA","BA:453","EAR_EMTM_SEX_CUR_NB","SEX_T","CUR_TYPE_PPP","2024",4333.334,,"T30:105","R1:3513_T2:85"
"USA","BA:453","EAR_EMTM_SEX_CUR_NB","SEX_T","CUR_TYPE_USD","2024",4333.334,,"T30:105","R1:3513_T2:85"
"USA","BA:453","EAR_EMTM_SEX_CUR_NB","SEX_T","CUR_TYPE_LCU","2023",4166.63,,"T30:105","R1:3513_T2:85"
"USA","BA:453","EAR_EMTM_SEX_CUR_NB","SEX_T","CUR_TYPE_PPP","2023",4166.63,,"T30:105","R1:3513_T2:85"
"USA","BA:453","EAR_EMTM_SEX_CUR_NB","SEX_T","CUR_TYPE_USD","2023",4166.63,,"T30:105","R1:3513_T2:85"
"USA","BA:453","EAR_EMTM_SEX_CUR_NB","SEX_T","CUR_TYPE_LCU","2022",3999.667,,"T30:105","R1:3513_T2:85"
"USA","BA:453","EAR_EMTM_SEX_CUR_NB","SEX_T","CUR_TYPE_PPP","2022",3999.667,,"T30:105","R1:3513_T2:85"
"USA","BA:453","EAR_EMTM_SEX_CUR_NB","SEX_T","CUR_TYPE_USD","2022",3999.667,,"T30:105","R1:3513_T2:85"
"USA","BA:453","EAR_EMTM_SEX_CUR_NB","SEX_T","CUR_TYPE_LCU","2021",3749.98,,"T30:105","R1:3513_T2:85"
"USA","BA:453","EAR_EMTM_SEX_CUR_NB","SEX_T","CUR_TYPE_PPP","2021",3749.98,,"T30:105","R1:3513_T2:85"
"USA","BA:453","EAR_EMTM_SEX_CUR_NB","SEX_T","CUR_TYPE_USD","2021",3749.98,,"T30:105","R1:3513_T2:85"
"USA","BA:453","EAR_EMTM_SEX_CUR_NB","SEX_T","CUR_TYPE_LCU","2020",3640,"B","T30:105_I11:264","R1:3513_T2:85"
"USA","BA:453","EAR_EMTM_SEX_CUR_NB","SEX_T","CUR_TYPE_PPP","2020",3640,"B","T30:105_I11:264","R1:3513_T2:85"
"USA","BA:453","EAR_EMTM_SEX_CUR_NB","SEX_T","CUR_TYPE_USD","2020",3640,"B","T30:105_I11:264","R1:3513_T2:85"
"USA","BA:453","EAR_EMTM_SEX_CUR_NB","SEX_T","CUR_TYPE_LCU","2019",3380,,"T30:105","R1:3513_T2:85"
"USA","BA:453","EAR_EMTM_SEX_CUR_NB","SEX_T","CUR_TYPE_PPP","2019",3380,,"T30:105","R1:3513_T2:85"
"USA","BA:453","EAR_EMTM_SEX_CUR_NB","SEX_T","CUR_TYPE_USD","2019",3380,,"T30:105","R1:3513_T2:85"
"USA","BA:453","EAR_EMTM_SEX_CUR_NB","SEX_T","CUR_TYPE_LCU","2018",3277.733,,"T30:105","R1:3513_T2:85"
"USA","BA:453","EAR_EMTM_SEX_CUR_NB","SEX_T","CUR_TYPE_PPP","2018",3277.733,,"T30:105","R1:3513_T2:85"
"USA","BA:453","EAR_EMTM_SEX_CUR_NB","SEX_T","CUR_TYPE_USD","2018",3277.733,,"T30:105","R1:3513_T2:85"
"USA","BA:453","EAR_EMTM_SEX_CUR_NB","SEX_T","CUR_TYPE_LCU","2017",3120,,"T30:105","R1:3513_T2:85"
"USA","BA:453","EAR_EMTM_SEX_CUR_NB","SEX_T","CUR_TYPE_PPP","2017",3120,,"T30:105","R1:3513_T2:85"
"USA","BA:453","EAR_EMTM_SEX_CUR_NB","SEX_T","CUR_TYPE_USD","2017",3120,,"T30:105","R1:3513_T2:85"
"USA","BA:453","EAR_EMTM_SEX_CUR_NB","SEX_T","CUR_TYPE_LCU","2016",3033.333,,"T30:105","R1:3513_T2:85"
"USA","BA:453","EAR_EMTM_SEX_CUR_NB","SEX_T","CUR_TYPE_PPP","2016",3033.333,,"T30:105","R1:3513_T2:85"
"USA","BA:453","EAR_EMTM_SEX_CUR_NB","SEX_T","CUR_TYPE_USD","2016",3033.333,,"T30:105","R1:3513_T2:85"
"USA","BA:453","EAR_EMTM_SEX_CUR_NB","SEX_T","CUR_TYPE_LCU","2015",2946.667,,"T30:105","R1:3513_T2:85"
"USA","BA:453","EAR_EMTM_SEX_CUR_NB","SEX_T","CUR_TYPE_PPP","2015",2946.667,,"T30:105","R1:3513_T2:85"
"USA","BA:453","EAR_EMTM_SEX_CUR_NB","SEX_T","CUR_TYPE_USD","2015",2946.667,,"T30:105","R1:3513_T2:85"
"USA","BA:453","EAR_EMTM_SEX_CUR_NB","SEX_T","CUR_TYPE_LCU","2014",2902.236,,"T30:105","R1:3513_T2:85"
"USA","BA:453","EAR_EMTM_SEX_CUR_NB","SEX_T","CUR_TYPE_PPP","2014",2902.236,,"T30:105","R1:3513_T2:85"
"USA","BA:453","EAR_EMTM_SEX_CUR_NB","SEX_T","CUR_TYPE_USD","2014",2902.236,,"T30:105","R1:3513_T2:85"
"USA","BA:453","EAR_EMTM_SEX_CUR_NB","SEX_T","CUR_TYPE_LCU","2013",2816.667,,"T30:105","R1:3513_T2:85"
"USA","BA:453","EAR_EMTM_SEX_CUR_NB","SEX_T","CUR_TYPE_PPP","2013",2816.667,,"T30:105","R1:3513_T2:85"
"USA","BA:453","EAR_EMTM_SEX_CUR_NB","SEX_T","CUR_TYPE_USD","2013",2816.667,,"T30:105","R1:3513_T2:85"
"USA","BA:453","EAR_EMTM_SEX_CUR_NB","SEX_T","CUR_TYPE_LCU","2012",2773.333,,"T30:105","R1:3513_T2:85"
"USA","BA:453","EAR_EMTM_SEX_CUR_NB","SEX_T","CUR_TYPE_PPP","2012",2773.333,,"T30:105","R1:3513_T2:85"
"USA","BA:453","EAR_EMTM_SEX_CUR_NB","SEX_T","CUR_TYPE_USD","2012",2773.333,,"T30:105","R1:3513_T2:85"
"USA","BA:453","EAR_EMTM_SEX_CUR_NB","SEX_T","CUR_TYPE_LCU","2011",2704,,"T30:105","R1:3513_T2:85"
"USA","BA:453","EAR_EMTM_SEX_CUR_NB","SEX_T","CUR_TYPE_PPP","2011",2704,,"T30:105","R1:3513_T2:85"
"USA","BA:453","EAR_EMTM_SEX_CUR_NB","SEX_T","CUR_TYPE_USD","2011",2704,,"T30:105","R1:3513_T2:85"
"USA","BA:453","EAR_EMTM_SEX_CUR_NB","SEX_T","CUR_TYPE_LCU","2010",2666.647,,"T30:105","R1:3513_T2:85"
"USA","BA:453","EAR_EMTM_SEX_CUR_NB","SEX_T","CUR_TYPE_PPP","2010",2666.647,,"T30:105","R1:3513_T2:85"
"USA","BA:453","EAR_EMTM_SEX_CUR_NB","SEX_T","CUR_TYPE_USD","2010",2666.647,,"T30:105","R1:3513_T2:85"
"USA","BA:453","EAR_EMTM_SEX_CUR_NB","SEX_T","CUR_TYPE_LCU","2009",2665,,"T30:105","R1:3513_T2:85"
"USA","BA:453","EAR_EMTM_SEX_CUR_NB","SEX_T","CUR_TYPE_PPP","2009",2665,,"T30:105","R1:3513_T2:85"
"USA","BA:453","EAR_EMTM_SEX_CUR_NB","SEX_T","CUR_TYPE_USD","2009",2665,,"T30:105","R1:3513_T2:85"
"USA","BA:453","EAR_EMTM_SEX_CUR_NB","SEX_T","CUR_TYPE_LCU","2008",2665,,"T30:105","R1:3513_T2:85"
"USA","BA:453","EAR_EMTM_SEX_CUR_NB","SEX_T","CUR_TYPE_PPP","2008",2665,,"T30:105","R1:3513_T2:85"
"USA","BA:453","EAR_EMTM_SEX_CUR_NB","SEX_T","CUR_TYPE_USD","2008",2665,,"T30:105","R1:3513_T2:85"
"USA","BA:453","EAR_EMTM_SEX_CUR_NB","SEX_T","CUR_TYPE_LCU","2007",2600,,"T30:105","R1:3513_T2:85"
"USA","BA:453","EAR_EMTM_SEX_CUR_NB","SEX_T","CUR_TYPE_PPP","2007",2600,,"T30:105","R1:3513_T2:85"
"USA","BA:453","EAR_EMTM_SEX_CUR_NB","SEX_T","CUR_TYPE_USD","2007",2600,,"T30:105","R1:3513_T2:85"
"USA","BA:453","EAR_EMTM_SEX_CUR_NB","SEX_T","CUR_TYPE_LCU","2006",2499.987,,"T30:105","R1:3513_T2:85"
"USA","BA:453","EAR_EMTM_SEX_CUR_NB","SEX_T","CUR_TYPE_PPP","2006",2499.987,,"T30:105","R1:3513_T2:85"
"USA","BA:453","EAR_EMTM_SEX_CUR_NB","SEX_T","CUR_TYPE_USD","2006",2499.987,,"T30:105","R1:3513_T2:85"
"USA","BA:453","EAR_EMTM_SEX_CUR_NB","SEX_T","CUR_TYPE_LCU","2005",2426.667,,"T30:105","R1:3513_T2:85"
"USA","BA:453","EAR_EMTM_SEX_CUR_NB","SEX_T","CUR_TYPE_PPP","2005",2426.667,,"T30:105","R1:3513_T2:85"
"USA","BA:453","EAR_EMTM_SEX_CUR_NB","SEX_T","CUR_TYPE_USD","2005",2426.667,,"T30:105","R1:3513_T2:85"
"USA","BA:453","EAR_EMTM_SEX_CUR_NB","SEX_T","CUR_TYPE_LCU","2004",2383.333,,"T30:105","R1:3513_T2:85"
"USA","BA:453","EAR_EMTM_SEX_CUR_NB","SEX_T","CUR_TYPE_PPP","2004",2383.333,,"T30:105","R1:3513_T2:85"
"USA","BA:453","EAR_EMTM_SEX_CUR_NB","SEX_T","CUR_TYPE_USD","2004",2383.333,,"T30:105","R1:3513_T2:85"
"USA","BA:453","EAR_EMTM_SEX_CUR_NB","SEX_T","CUR_TYPE_LCU","2003",2301,,"T30:105","R1:3513_T2:85"
"USA","BA:453","EAR_EMTM_SEX_CUR_NB","SEX_T","CUR_TYPE_PPP","2003",2301,,"T30:105","R1:3513_T2:85"
"USA","BA:453","EAR_EMTM_SEX_CUR_NB","SEX_T","CUR_TYPE_USD","2003",2301,,"T30:105","R1:3513_T2:85"
"USA","BA:453","EAR_EMTM_SEX_CUR_NB","SEX_T","CUR_TYPE_LCU","2002",2253.333,,"T30:105","R1:3513_T2:85"
"USA","BA:453","EAR_EMTM_SEX_CUR_NB","SEX_T","CUR_TYPE_PPP","2002",2253.333,,"T30:105","R1:3513_T2:85"
"USA","BA:453","EAR_EMTM_SEX_CUR_NB","SEX_T","CUR_TYPE_USD","2002",2253.333,,"T30:105","R1:3513_T2:85"
"USA","BA:453","EAR_EMTM_SEX_CUR_NB","SEX_T","CUR_TYPE_LCU","2001",2166.667,,"T30:105","R1:3513_T2:85"
"USA","BA:453","EAR_EMTM_SEX_CUR_NB","SEX_T","CUR_TYPE_PPP","2001",2166.667,,"T30:105","R1:3513_T2:85"
"USA","BA:453","EAR_EMTM_SEX_CUR_NB","SEX_T","CUR_TYPE_USD","2001",2166.667,,"T30:105","R1:3513_T2:85"
"USA","BA:453","EAR_EMTM_SEX_CUR_NB","SEX_T","CUR_TYPE_LCU","2000",2110.333,,"T30:105","R1:3513_T2:85"
"USA","BA:453","EAR_EMTM_SEX_CUR_NB","SEX_T","CUR_TYPE_PPP","2000",2110.333,,"T30:105","R1:3513_T2:85"
"USA","BA:453","EAR_EMTM_SEX_CUR_NB","SEX_T","CUR_TYPE_USD","2000",2110.333,,"T30:105","R1:3513_T2:85"
"VEN","BA:382","EAR_EMTM_SEX_CUR_NB","SEX_T","CUR_TYPE_LCU","2017",250000,,"T30:107","R1:3513"
"VEN","BA:382","EAR_EMTM_SEX_CUR_NB","SEX_T","CUR_TYPE_LCU","2016",18000,,"T30:107","R1:3513"
"VEN","BA:382","EAR_EMTM_SEX_CUR_NB","SEX_T","CUR_TYPE_LCU","2012",2500,,"T30:107","R1:3513"
"VEN","BA:382","EAR_EMTM_SEX_CUR_NB","SEX_T","CUR_TYPE_LCU","2011",2000,,"T30:107","R1:3513"
"VEN","BA:382","EAR_EMTM_SEX_CUR_NB","SEX_T","CUR_TYPE_LCU","2010",1600,,"T30:107","R1:3513"
"VEN","BA:382","EAR_EMTM_SEX_CUR_NB","SEX_T","CUR_TYPE_LCU","2009",1200,,"T30:107","R1:3513"
"VEN","BA:382","EAR_EMTM_SEX_CUR_NB","SEX_T","CUR_TYPE_LCU","2008",1000,,"T30:107","R1:3513"
"VEN","BA:382","EAR_EMTM_SEX_CUR_NB","SEX_T","CUR_TYPE_LCU","2007",720000,,"T30:358","R1:3513"
"VEN","BA:382","EAR_EMTM_SEX_CUR_NB","SEX_T","CUR_TYPE_LCU","2006",520000,,"T30:358","R1:3513"
"VEN","BA:382","EAR_EMTM_SEX_CUR_NB","SEX_T","CUR_TYPE_LCU","2005",405000,"B","T30:358_I11:264","R1:3513"
"VNM","BA:1788","EAR_EMTM_SEX_CUR_NB","SEX_T","CUR_TYPE_LCU","2024",8000000,,"T30:156","R1:3513"
"VNM","BA:1788","EAR_EMTM_SEX_CUR_NB","SEX_T","CUR_TYPE_PPP","2024",1117.207,,"T30:156","R1:3513"
"VNM","BA:1788","EAR_EMTM_SEX_CUR_NB","SEX_T","CUR_TYPE_USD","2024",331.059,,"T30:156","R1:3513"
"VNM","BA:1788","EAR_EMTM_SEX_CUR_NB","SEX_T","CUR_TYPE_LCU","2023",7300000,,"T30:156","R1:3513"
"VNM","BA:1788","EAR_EMTM_SEX_CUR_NB","SEX_T","CUR_TYPE_PPP","2023",1026.102,,"T30:156","R1:3513"
"VNM","BA:1788","EAR_EMTM_SEX_CUR_NB","SEX_T","CUR_TYPE_USD","2023",306.886,,"T30:156","R1:3513"
"VNM","BA:1788","EAR_EMTM_SEX_CUR_NB","SEX_T","CUR_TYPE_LCU","2022",7000000,,"T30:156","R1:3513"
"VNM","BA:1788","EAR_EMTM_SEX_CUR_NB","SEX_T","CUR_TYPE_PPP","2022",975.773,,"T30:156","R1:3513"
"VNM","BA:1788","EAR_EMTM_SEX_CUR_NB","SEX_T","CUR_TYPE_USD","2022",300.801,,"T30:156","R1:3513"
"VNM","BA:1788","EAR_EMTM_SEX_CUR_NB","SEX_T","CUR_TYPE_LCU","2021",6300000,,"T30:156","R1:3513"
"VNM","BA:1788","EAR_EMTM_SEX_CUR_NB","SEX_T","CUR_TYPE_PPP","2021",838.79,,"T30:156","R1:3513"
"VNM","BA:1788","EAR_EMTM_SEX_CUR_NB","SEX_T","CUR_TYPE_USD","2021",272.023,,"T30:156","R1:3513"
"VNM","BA:1788","EAR_EMTM_SEX_CUR_NB","SEX_T","CUR_TYPE_LCU","2020",6300000,,"T30:156","R1:3513"
"VNM","BA:1788","EAR_EMTM_SEX_CUR_NB","SEX_T","CUR_TYPE_PPP","2020",826.028,,"T30:156","R1:3513"
"VNM","BA:1788","EAR_EMTM_SEX_CUR_NB","SEX_T","CUR_TYPE_USD","2020",271.454,,"T30:156","R1:3513"
"VNM","BA:1788","EAR_EMTM_SEX_CUR_NB","SEX_T","CUR_TYPE_LCU","2019",6000000,,"I20:4077_T30:156","R1:3513"
"VNM","BA:1788","EAR_EMTM_SEX_CUR_NB","SEX_T","CUR_TYPE_PPP","2019",791.971,,"I20:4077_T30:156","R1:3513"
"VNM","BA:1788","EAR_EMTM_SEX_CUR_NB","SEX_T","CUR_TYPE_USD","2019",260.301,,"I20:4077_T30:156","R1:3513"
"VNM","BA:1788","EAR_EMTM_SEX_CUR_NB","SEX_T","CUR_TYPE_LCU","2018",5200000,,"T30:156","R1:3513"
"VNM","BA:1788","EAR_EMTM_SEX_CUR_NB","SEX_T","CUR_TYPE_PPP","2018",685.828,,"T30:156","R1:3513"
"VNM","BA:1788","EAR_EMTM_SEX_CUR_NB","SEX_T","CUR_TYPE_USD","2018",230.068,,"T30:156","R1:3513"
"VNM","BA:1788","EAR_EMTM_SEX_CUR_NB","SEX_T","CUR_TYPE_LCU","2017",5000000,,"T30:156","R1:3513"
"VNM","BA:1788","EAR_EMTM_SEX_CUR_NB","SEX_T","CUR_TYPE_PPP","2017",668.032,,"T30:156","R1:3513"
"VNM","BA:1788","EAR_EMTM_SEX_CUR_NB","SEX_T","CUR_TYPE_USD","2017",223.513,,"T30:156","R1:3513"
"VNM","BA:1788","EAR_EMTM_SEX_CUR_NB","SEX_T","CUR_TYPE_LCU","2016",4750000,,"T30:156","R1:3513"
"VNM","BA:1788","EAR_EMTM_SEX_CUR_NB","SEX_T","CUR_TYPE_PPP","2016",637.627,,"T30:156","R1:3513"
"VNM","BA:1788","EAR_EMTM_SEX_CUR_NB","SEX_T","CUR_TYPE_USD","2016",216.549,,"T30:156","R1:3513"
"VNM","BA:1788","EAR_EMTM_SEX_CUR_NB","SEX_T","CUR_TYPE_LCU","2015",4500000,,"T30:156","R1:3513"
"VNM","BA:1788","EAR_EMTM_SEX_CUR_NB","SEX_T","CUR_TYPE_PPP","2015",594.224,,"T30:156","R1:3513"
"VNM","BA:1788","EAR_EMTM_SEX_CUR_NB","SEX_T","CUR_TYPE_USD","2015",207.397,,"T30:156","R1:3513"
"VNM","BA:1788","EAR_EMTM_SEX_CUR_NB","SEX_T","CUR_TYPE_LCU","2014",4000000,,"T30:156","R1:3513"
"VNM","BA:1788","EAR_EMTM_SEX_CUR_NB","SEX_T","CUR_TYPE_PPP","2014",509.828,,"T30:156","R1:3513"
"VNM","BA:1788","EAR_EMTM_SEX_CUR_NB","SEX_T","CUR_TYPE_USD","2014",189.143,,"T30:156","R1:3513"
"VNM","BA:1788","EAR_EMTM_SEX_CUR_NB","SEX_T","CUR_TYPE_LCU","2013",3600000,,"T30:156","R1:3513"
"VNM","BA:1788","EAR_EMTM_SEX_CUR_NB","SEX_T","CUR_TYPE_PPP","2013",459.081,,"T30:156","R1:3513"
"VNM","BA:1788","EAR_EMTM_SEX_CUR_NB","SEX_T","CUR_TYPE_USD","2013",171.974,,"T30:156","R1:3513"
"VNM","BA:1788","EAR_EMTM_SEX_CUR_NB","SEX_T","CUR_TYPE_LCU","2012",3250000,,"T30:156","R1:3513"
"VNM","BA:1788","EAR_EMTM_SEX_CUR_NB","SEX_T","CUR_TYPE_PPP","2012",432.446,,"T30:156","R1:3513"
"VNM","BA:1788","EAR_EMTM_SEX_CUR_NB","SEX_T","CUR_TYPE_USD","2012",156.04,,"T30:156","R1:3513"
"VNM","BA:1788","EAR_EMTM_SEX_CUR_NB","SEX_T","CUR_TYPE_LCU","2011",2700000,,"T30:156","R1:3513"
"VNM","BA:1788","EAR_EMTM_SEX_CUR_NB","SEX_T","CUR_TYPE_PPP","2011",358.643,,"T30:156","R1:3513"
"VNM","BA:1788","EAR_EMTM_SEX_CUR_NB","SEX_T","CUR_TYPE_USD","2011",131.645,,"T30:156","R1:3513"
"VNM","BA:1788","EAR_EMTM_SEX_CUR_NB","SEX_T","CUR_TYPE_LCU","2010",2100000,,"T30:156","R1:3513"
"VNM","BA:1788","EAR_EMTM_SEX_CUR_NB","SEX_T","CUR_TYPE_PPP","2010",320.914,,"T30:156","R1:3513"
"VNM","BA:1788","EAR_EMTM_SEX_CUR_NB","SEX_T","CUR_TYPE_USD","2010",112.825,,"T30:156","R1:3513"
"VNM","BA:1788","EAR_EMTM_SEX_CUR_NB","SEX_T","CUR_TYPE_LCU","2009",1948500,,"T30:156","R1:3513"
"VNM","BA:1788","EAR_EMTM_SEX_CUR_NB","SEX_T","CUR_TYPE_PPP","2009",319.932,,"T30:156","R1:3513"
"VNM","BA:1788","EAR_EMTM_SEX_CUR_NB","SEX_T","CUR_TYPE_USD","2009",114.18,,"T30:156","R1:3513"
"VNM","BA:1788","EAR_EMTM_SEX_CUR_NB","SEX_T","CUR_TYPE_LCU","2007",1200000,"B","T30:156_I11:264","R1:3513"
"VNM","BA:1788","EAR_EMTM_SEX_CUR_NB","SEX_T","CUR_TYPE_PPP","2007",250.19,"B","T30:156_I11:264","R1:3513"
"VNM","BA:1788","EAR_EMTM_SEX_CUR_NB","SEX_T","CUR_TYPE_USD","2007",74.51,"B","T30:156_I11:264","R1:3513"
"VUT","BB:15632","EAR_EMTM_SEX_CUR_NB","SEX_T","CUR_TYPE_LCU","2010",29000,,"T30:233","R1:3513"
"VUT","BB:15632","EAR_EMTM_SEX_CUR_NB","SEX_T","CUR_TYPE_PPP","2010",244.832,,"T30:233","R1:3513"
"VUT","BB:15632","EAR_EMTM_SEX_CUR_NB","SEX_T","CUR_TYPE_USD","2010",299.26,,"T30:233","R1:3513"
"WLF","BB:16123","EAR_EMTM_SEX_CUR_NB","SEX_T","CUR_TYPE_LCU","2019",180000,,"T30:216","R1:3513"
"WSM","BA:1794","EAR_EMTM_SEX_CUR_NB","SEX_T","CUR_TYPE_LCU","2022",1125.8,"B","T30:228_I11:264","R1:3513"
"WSM","BA:1794","EAR_EMTM_SEX_CUR_NB","SEX_T","CUR_TYPE_PPP","2022",612.561,"B","T30:228_I11:264","R1:3513"
"WSM","BA:1794","EAR_EMTM_SEX_CUR_NB","SEX_T","CUR_TYPE_USD","2022",418.669,"B","T30:228_I11:264","R1:3513"
"WSM","BB:7015","EAR_EMTM_SEX_CUR_NB","SEX_T","CUR_TYPE_LCU","2018",211.504,,"T30:228","R1:3513"
"WSM","BB:7015","EAR_EMTM_SEX_CUR_NB","SEX_T","CUR_TYPE_PPP","2018",112.32,,"T30:228","R1:3513"
"WSM","BB:7015","EAR_EMTM_SEX_CUR_NB","SEX_T","CUR_TYPE_USD","2018",81.748,,"T30:228","R1:3513"
"WSM","BA:1794","EAR_EMTM_SEX_CUR_NB","SEX_T","CUR_TYPE_LCU","2017",1000,"B","T30:228_I11:264","R1:3513"
"WSM","BA:1794","EAR_EMTM_SEX_CUR_NB","SEX_T","CUR_TYPE_PPP","2017",540.154,"B","T30:228_I11:264","R1:3513"
"WSM","BA:1794","EAR_EMTM_SEX_CUR_NB","SEX_T","CUR_TYPE_USD","2017",391.485,"B","T30:228_I11:264","R1:3513"
"WSM","BA:1794","EAR_EMTM_SEX_CUR_NB","SEX_T","CUR_TYPE_LCU","2012",825.595,"B","T30:228_I11:264","R1:3513"
"WSM","BA:1794","EAR_EMTM_SEX_CUR_NB","SEX_T","CUR_TYPE_PPP","2012",434.547,"B","T30:228_I11:264","R1:3513"
"WSM","BA:1794","EAR_EMTM_SEX_CUR_NB","SEX_T","CUR_TYPE_USD","2012",360.158,"B","T30:228_I11:264","R1:3513"
"YEM","BA:13360","EAR_EMTM_SEX_CUR_NB","SEX_T","CUR_TYPE_LCU","2014",41000,"B","T30:158_I11:264","R1:3513"
"YEM","BA:13360","EAR_EMTM_SEX_CUR_NB","SEX_T","CUR_TYPE_USD","2014",190.795,"B","T30:158_I11:264","R1:3513"
"ZAF","BB:16198","EAR_EMTM_SEX_CUR_NB","SEX_T","CUR_TYPE_LCU","2020",4200,,"T30:46","R1:3513"
"ZAF","BB:16198","EAR_EMTM_SEX_CUR_NB","SEX_T","CUR_TYPE_PPP","2020",566.304,,"T30:46","R1:3513"
"ZAF","BB:16198","EAR_EMTM_SEX_CUR_NB","SEX_T","CUR_TYPE_USD","2020",255.178,,"T30:46","R1:3513"
"ZAF","BB:16198","EAR_EMTM_SEX_CUR_NB","SEX_T","CUR_TYPE_LCU","2017",3965.446,,"T30:46","R1:3513"
"ZAF","BB:16198","EAR_EMTM_SEX_CUR_NB","SEX_T","CUR_TYPE_PPP","2017",595.532,,"T30:46","R1:3513"
"ZAF","BB:16198","EAR_EMTM_SEX_CUR_NB","SEX_T","CUR_TYPE_USD","2017",297.621,,"T30:46","R1:3513"
"ZAF","BA:595","EAR_EMTM_SEX_CUR_NB","SEX_T","CUR_TYPE_LCU","2015",3100,,"T30:46","R1:3513"
"ZAF","BA:595","EAR_EMTM_SEX_CUR_NB","SEX_T","CUR_TYPE_PPP","2015",511.243,,"T30:46","R1:3513"
"ZAF","BA:595","EAR_EMTM_SEX_CUR_NB","SEX_T","CUR_TYPE_USD","2015",242.967,,"T30:46","R1:3513"
"ZAF","BA:595","EAR_EMTM_SEX_CUR_NB","SEX_T","CUR_TYPE_LCU","2014",3100,,"T30:46","R1:3513"
"ZAF","BA:595","EAR_EMTM_SEX_CUR_NB","SEX_T","CUR_TYPE_PPP","2014",532.956,,"T30:46","R1:3513"
"ZAF","BA:595","EAR_EMTM_SEX_CUR_NB","SEX_T","CUR_TYPE_USD","2014",285.644,,"T30:46","R1:3513"
"ZAF","BA:595","EAR_EMTM_SEX_CUR_NB","SEX_T","CUR_TYPE_LCU","2013",3100,,"T30:46","R1:3513"
"ZAF","BA:595","EAR_EMTM_SEX_CUR_NB","SEX_T","CUR_TYPE_PPP","2013",565.188,,"T30:46","R1:3513"
"ZAF","BA:595","EAR_EMTM_SEX_CUR_NB","SEX_T","CUR_TYPE_USD","2013",321.075,,"T30:46","R1:3513"
"ZAF","BA:595","EAR_EMTM_SEX_CUR_NB","SEX_T","CUR_TYPE_LCU","2012",3200,,"T30:46","R1:3513"
"ZAF","BA:595","EAR_EMTM_SEX_CUR_NB","SEX_T","CUR_TYPE_PPP","2012",622.996,,"T30:46","R1:3513"
"ZAF","BA:595","EAR_EMTM_SEX_CUR_NB","SEX_T","CUR_TYPE_USD","2012",389.77,,"T30:46","R1:3513"
"ZAF","BA:595","EAR_EMTM_SEX_CUR_NB","SEX_T","CUR_TYPE_LCU","2011",3000,,"T30:46","R1:3513"
"ZAF","BA:595","EAR_EMTM_SEX_CUR_NB","SEX_T","CUR_TYPE_PPP","2011",596.283,,"T30:46","R1:3513"
"ZAF","BA:595","EAR_EMTM_SEX_CUR_NB","SEX_T","CUR_TYPE_USD","2011",413.159,,"T30:46","R1:3513"
"ZAF","BA:595","EAR_EMTM_SEX_CUR_NB","SEX_T","CUR_TYPE_LCU","2010",2950,,"T30:46","R1:3513"
"ZAF","BA:595","EAR_EMTM_SEX_CUR_NB","SEX_T","CUR_TYPE_PPP","2010",596.826,,"T30:46","R1:3513"
"ZAF","BA:595","EAR_EMTM_SEX_CUR_NB","SEX_T","CUR_TYPE_USD","2010",402.938,,"T30:46","R1:3513"
"ZAF","BA:595","EAR_EMTM_SEX_CUR_NB","SEX_T","CUR_TYPE_LCU","2007",2049.985,,"T30:46","R1:3513"
"ZAF","BA:595","EAR_EMTM_SEX_CUR_NB","SEX_T","CUR_TYPE_PPP","2007",483.726,,"T30:46","R1:3513"
"ZAF","BA:595","EAR_EMTM_SEX_CUR_NB","SEX_T","CUR_TYPE_USD","2007",290.969,,"T30:46","R1:3513"
"ZAF","BA:595","EAR_EMTM_SEX_CUR_NB","SEX_T","CUR_TYPE_LCU","2006",2000,,"T30:46","R1:3513"
"ZAF","BA:595","EAR_EMTM_SEX_CUR_NB","SEX_T","CUR_TYPE_PPP","2006",487.188,,"T30:46","R1:3513"
"ZAF","BA:595","EAR_EMTM_SEX_CUR_NB","SEX_T","CUR_TYPE_USD","2006",295.353,,"T30:46","R1:3513"
"ZAF","BA:595","EAR_EMTM_SEX_CUR_NB","SEX_T","CUR_TYPE_LCU","2005",1731.741,,"T30:46","R1:3513"
"ZAF","BA:595","EAR_EMTM_SEX_CUR_NB","SEX_T","CUR_TYPE_PPP","2005",421.915,,"T30:46","R1:3513"
"ZAF","BA:595","EAR_EMTM_SEX_CUR_NB","SEX_T","CUR_TYPE_USD","2005",272.315,,"T30:46","R1:3513"
"ZAF","BA:595","EAR_EMTM_SEX_CUR_NB","SEX_T","CUR_TYPE_LCU","2004",1549.863,,"T30:46","R1:3513"
"ZAF","BA:595","EAR_EMTM_SEX_CUR_NB","SEX_T","CUR_TYPE_PPP","2004",372.746,,"T30:46","R1:3513"
"ZAF","BA:595","EAR_EMTM_SEX_CUR_NB","SEX_T","CUR_TYPE_USD","2004",239.928,,"T30:46","R1:3513"
"ZAF","BA:595","EAR_EMTM_SEX_CUR_NB","SEX_T","CUR_TYPE_LCU","2003",1500,,"T30:46","R1:3513"
"ZAF","BA:595","EAR_EMTM_SEX_CUR_NB","SEX_T","CUR_TYPE_PPP","2003",348.916,,"T30:46","R1:3513"
"ZAF","BA:595","EAR_EMTM_SEX_CUR_NB","SEX_T","CUR_TYPE_USD","2003",198.288,,"T30:46","R1:3513"
"ZAF","BA:595","EAR_EMTM_SEX_CUR_NB","SEX_T","CUR_TYPE_LCU","2002",1500,,"T30:46","R1:3513"
"ZAF","BA:595","EAR_EMTM_SEX_CUR_NB","SEX_T","CUR_TYPE_PPP","2002",360.548,,"T30:46","R1:3513"
"ZAF","BA:595","EAR_EMTM_SEX_CUR_NB","SEX_T","CUR_TYPE_USD","2002",142.305,,"T30:46","R1:3513"
"ZAF","BA:595","EAR_EMTM_SEX_CUR_NB","SEX_T","CUR_TYPE_LCU","2001",1550.15,,"T30:46","R1:3513"
"ZAF","BA:595","EAR_EMTM_SEX_CUR_NB","SEX_T","CUR_TYPE_PPP","2001",401.61,,"T30:46","R1:3513"
"ZAF","BA:595","EAR_EMTM_SEX_CUR_NB","SEX_T","CUR_TYPE_USD","2001",180.058,,"T30:46","R1:3513"
"ZAF","BA:595","EAR_EMTM_SEX_CUR_NB","SEX_T","CUR_TYPE_LCU","2000",1370.896,"B","T30:46_I11:264","R1:3513"
"ZAF","BA:595","EAR_EMTM_SEX_CUR_NB","SEX_T","CUR_TYPE_PPP","2000",365.102,"B","T30:46_I11:264","R1:3513"
"ZAF","BA:595","EAR_EMTM_SEX_CUR_NB","SEX_T","CUR_TYPE_USD","2000",197.54,"B","T30:46_I11:264","R1:3513"
"ZMB","BA:2212","EAR_EMTM_SEX_CUR_NB","SEX_T","CUR_TYPE_LCU","2024",2500,,"T30:379","R1:3513"
"ZMB","BA:2212","EAR_EMTM_SEX_CUR_NB","SEX_T","CUR_TYPE_PPP","2024",330.404,,"T30:379","R1:3513"
"ZMB","BA:2212","EAR_EMTM_SEX_CUR_NB","SEX_T","CUR_TYPE_USD","2024",95.542,,"T30:379","R1:3513"
"ZMB","BA:2212","EAR_EMTM_SEX_CUR_NB","SEX_T","CUR_TYPE_LCU","2023",1500,,"T30:379","R1:3513"
"ZMB","BA:2212","EAR_EMTM_SEX_CUR_NB","SEX_T","CUR_TYPE_PPP","2023",221.42,,"T30:379","R1:3513"
"ZMB","BA:2212","EAR_EMTM_SEX_CUR_NB","SEX_T","CUR_TYPE_USD","2023",74.213,,"T30:379","R1:3513"
"ZMB","BA:2212","EAR_EMTM_SEX_CUR_NB","SEX_T","CUR_TYPE_LCU","2022",2000,,"T30:379","R1:3513"
"ZMB","BA:2212","EAR_EMTM_SEX_CUR_NB","SEX_T","CUR_TYPE_PPP","2022",314.418,,"T30:379","R1:3513"
"ZMB","BA:2212","EAR_EMTM_SEX_CUR_NB","SEX_T","CUR_TYPE_USD","2022",118.08,,"T30:379","R1:3513"
"ZMB","BA:2212","EAR_EMTM_SEX_CUR_NB","SEX_T","CUR_TYPE_LCU","2021",1600,,"T30:379","R1:3513"
"ZMB","BA:2212","EAR_EMTM_SEX_CUR_NB","SEX_T","CUR_TYPE_PPP","2021",258.499,,"T30:379","R1:3513"
"ZMB","BA:2212","EAR_EMTM_SEX_CUR_NB","SEX_T","CUR_TYPE_USD","2021",79.926,,"T30:379","R1:3513"
"ZMB","BA:2212","EAR_EMTM_SEX_CUR_NB","SEX_T","CUR_TYPE_LCU","2020",1600,,"T30:379","R1:3513"
"ZMB","BA:2212","EAR_EMTM_SEX_CUR_NB","SEX_T","CUR_TYPE_PPP","2020",298.702,,"T30:379","R1:3513"
"ZMB","BA:2212","EAR_EMTM_SEX_CUR_NB","SEX_T","CUR_TYPE_USD","2020",87.222,,"T30:379","R1:3513"
"ZMB","BA:2212","EAR_EMTM_SEX_CUR_NB","SEX_T","CUR_TYPE_LCU","2019",1300,,"T30:379","R1:3513"
"ZMB","BA:2212","EAR_EMTM_SEX_CUR_NB","SEX_T","CUR_TYPE_PPP","2019",273.741,,"T30:379","R1:3513"
"ZMB","BA:2212","EAR_EMTM_SEX_CUR_NB","SEX_T","CUR_TYPE_USD","2019",100.853,,"T30:379","R1:3513"
"ZMB","BA:2212","EAR_EMTM_SEX_CUR_NB","SEX_T","CUR_TYPE_LCU","2018",1500,"B","T30:379_I11:264","R1:3513"
"ZMB","BA:2212","EAR_EMTM_SEX_CUR_NB","SEX_T","CUR_TYPE_PPP","2018",337.604,"B","T30:379_I11:264","R1:3513"
"ZMB","BA:2212","EAR_EMTM_SEX_CUR_NB","SEX_T","CUR_TYPE_USD","2018",143.426,"B","T30:379_I11:264","R1:3513"
"ZMB","BA:2212","EAR_EMTM_SEX_CUR_NB","SEX_T","CUR_TYPE_LCU","2017",1500,"B","T30:379_I11:264","R1:3513"
"ZMB","BA:2212","EAR_EMTM_SEX_CUR_NB","SEX_T","CUR_TYPE_PPP","2017",354.766,"B","T30:379_I11:264","R1:3513"
"ZMB","BA:2212","EAR_EMTM_SEX_CUR_NB","SEX_T","CUR_TYPE_USD","2017",157.604,"B","T30:379_I11:264","R1:3513"
"ZWE","BA:1823","EAR_EMTM_SEX_CUR_NB","SEX_T","CUR_TYPE_LCU","2014",250,,"T30:58","R1:3513"
"ZWE","BA:1823","EAR_EMTM_SEX_CUR_NB","SEX_T","CUR_TYPE_LCU","2011",150,"B","T30:58_I11:264","R1:3513"
