"ref_area","source","indicator","sex","classif1","time","obs_value","obs_status","note_classif","note_indicator","note_source"
"ABW","AA:22","EAR_EMTA_SEX_ECO_NB","SEX_T","ECO_SECTOR_TOTAL","2010",3013,,,"T11:142_T33:396_T30:62","S3:20"
"AFG","BA:15715","EAR_EMTA_SEX_ECO_NB","SEX_T","ECO_SECTOR_TOTAL","2020",13202.245,"B",,"T30:110_I11:264","R1:3513"
"AFG","BB:6361","EAR_EMTA_SEX_ECO_NB","SEX_T","ECO_SECTOR_TOTAL","2014",8848.569,,,"T30:110","R1:3513"
"AGO","BA:13951","EAR_EMTA_SEX_ECO_NB","SEX_T","ECO_SECTOR_TOTAL","2024",111867.158,,,"T30:2","R1:3513"
"AGO","BA:13951","EAR_EMTA_SEX_ECO_NB","SEX_T","ECO_SECTOR_TOTAL","2023",125379.111,,,"T30:2","R1:3513"
"AGO","BA:13951","EAR_EMTA_SEX_ECO_NB","SEX_T","ECO_SECTOR_TOTAL","2022",96491.325,,,"T30:2","R1:3513"
"AGO","BA:13951","EAR_EMTA_SEX_ECO_NB","SEX_T","ECO_SECTOR_TOTAL","2021",88751.625,,,"T30:2","R1:3513"
"AGO","BA:13951","EAR_EMTA_SEX_ECO_NB","SEX_T","ECO_SECTOR_TOTAL","2020",88286.47,,,"T30:2","R1:3513"
"AGO","BA:13951","EAR_EMTA_SEX_ECO_NB","SEX_T","ECO_SECTOR_TOTAL","2019",82234.658,"B",,"T30:2_I11:264","R1:3513"
"ALB","FA:13364","EAR_EMTA_SEX_ECO_NB","SEX_T","ECO_SECTOR_TOTAL","2022",61898,,,"T30:159","S9:259"
"ALB","FA:13364","EAR_EMTA_SEX_ECO_NB","SEX_T","ECO_SECTOR_TOTAL","2021",57191,,,"T30:159","S9:259"
"ALB","FA:13364","EAR_EMTA_SEX_ECO_NB","SEX_T","ECO_SECTOR_TOTAL","2020",53662,,,"T30:159","S9:259"
"ALB","FA:13364","EAR_EMTA_SEX_ECO_NB","SEX_T","ECO_SECTOR_TOTAL","2019",52380,,,"T30:159","S9:259"
"ALB","FA:13364","EAR_EMTA_SEX_ECO_NB","SEX_T","ECO_SECTOR_TOTAL","2018",50589,,,"T30:159","S9:259"
"ALB","FA:13364","EAR_EMTA_SEX_ECO_NB","SEX_T","ECO_SECTOR_TOTAL","2017",48966.821,,,"T11:142_T12:146_T30:159","S9:259"
"ALB","FA:13364","EAR_EMTA_SEX_ECO_NB","SEX_T","ECO_SECTOR_TOTAL","2016",47522.434,,,"T11:142_T12:146_T30:159","S9:259"
"ALB","FA:13364","EAR_EMTA_SEX_ECO_NB","SEX_T","ECO_SECTOR_TOTAL","2015",46829,,,"T11:142_T12:146_T30:159","S9:259"
"AND","FX:851","EAR_EMTA_SEX_ECO_NB","SEX_T","ECO_SECTOR_TOTAL","2008",1946.74,,,"T33:396_T30:160",
"AND","FX:851","EAR_EMTA_SEX_ECO_NB","SEX_T","ECO_SECTOR_TOTAL","2007",1851.47,,,"T33:396_T30:160",
"AND","FX:851","EAR_EMTA_SEX_ECO_NB","SEX_T","ECO_SECTOR_TOTAL","2006",1762.52,,,"T33:396_T30:160",
"AND","FX:851","EAR_EMTA_SEX_ECO_NB","SEX_T","ECO_SECTOR_TOTAL","2005",1662.46,,,"T33:396_T30:160",
"AND","FX:851","EAR_EMTA_SEX_ECO_NB","SEX_T","ECO_SECTOR_TOTAL","2004",1575.55,,,"T33:396_T30:160",
"AND","FX:851","EAR_EMTA_SEX_ECO_NB","SEX_T","ECO_SECTOR_TOTAL","2003",1494.85,,,"T33:396_T30:160",
"AND","FX:851","EAR_EMTA_SEX_ECO_NB","SEX_T","ECO_SECTOR_TOTAL","2002",1412.68,,,"T33:396_T30:160",
"AND","FX:851","EAR_EMTA_SEX_ECO_NB","SEX_T","ECO_SECTOR_TOTAL","2001",1349.03,,,"T33:396_T30:160",
"AND","FX:851","EAR_EMTA_SEX_ECO_NB","SEX_T","ECO_SECTOR_TOTAL","2000",1249,,,"T33:396_T30:160",
"ARE","BA:716","EAR_EMTA_SEX_ECO_NB","SEX_T","ECO_SECTOR_TOTAL","2009",7450.614,,,"T9:131_T11:142_T33:396_T30:154","S3:16_S5:2378"
"ARG","BA:150","EAR_EMTA_SEX_ECO_NB","SEX_T","ECO_SECTOR_TOTAL","2025",1006879.138,,,"T30:61","R1:3513_S4:33"
"ARG","BA:150","EAR_EMTA_SEX_ECO_NB","SEX_T","ECO_SECTOR_TOTAL","2024",592512.448,,,"T30:61","R1:3513_S4:33"
"ARG","BA:150","EAR_EMTA_SEX_ECO_NB","SEX_T","ECO_SECTOR_TOTAL","2023",190754.004,,,"T30:61","R1:3513_S4:33"
"ARG","BA:150","EAR_EMTA_SEX_ECO_NB","SEX_T","ECO_SECTOR_TOTAL","2022",83060.662,,,"T30:61","R1:3513_S4:33"
"ARG","BA:150","EAR_EMTA_SEX_ECO_NB","SEX_T","ECO_SECTOR_TOTAL","2021",51752.749,,,"T30:61","R1:3513_S4:33"
"ARG","BA:150","EAR_EMTA_SEX_ECO_NB","SEX_T","ECO_SECTOR_TOTAL","2020",36282.026,,,"T30:61","R1:3513_S4:33"
"ARG","BA:150","EAR_EMTA_SEX_ECO_NB","SEX_T","ECO_SECTOR_TOTAL","2019",25562.726,,,"T30:61","R1:3513_S4:33"
"ARG","BA:150","EAR_EMTA_SEX_ECO_NB","SEX_T","ECO_SECTOR_TOTAL","2018",18457.024,,,"T30:61","R1:3513_S4:33"
"ARG","BA:150","EAR_EMTA_SEX_ECO_NB","SEX_T","ECO_SECTOR_TOTAL","2017",14490.073,,,"T30:61","R1:3513_S4:33"
"ARG","BA:150","EAR_EMTA_SEX_ECO_NB","SEX_T","ECO_SECTOR_TOTAL","2014",6460.093,,,"T30:61_I13:3888","R1:3513_S4:33"
"ARG","BA:150","EAR_EMTA_SEX_ECO_NB","SEX_T","ECO_SECTOR_TOTAL","2013",4981.156,,,"T30:61_I13:3888","R1:3513_S4:33"
"ARG","BA:150","EAR_EMTA_SEX_ECO_NB","SEX_T","ECO_SECTOR_TOTAL","2012",3925.666,,,"T30:61_I13:3888","R1:3513_S4:33"
"ARG","BA:150","EAR_EMTA_SEX_ECO_NB","SEX_T","ECO_SECTOR_TOTAL","2011",3150.631,,,"T30:61_I13:3888","R1:3513_S4:33"
"ARG","BA:150","EAR_EMTA_SEX_ECO_NB","SEX_T","ECO_SECTOR_TOTAL","2010",2418.527,,,"T30:61_I13:3888","R1:3513_S4:33"
"ARG","BA:150","EAR_EMTA_SEX_ECO_NB","SEX_T","ECO_SECTOR_TOTAL","2009",1968.266,,,"T30:61_I13:3888","R1:3513_S4:33"
"ARG","BA:150","EAR_EMTA_SEX_ECO_NB","SEX_T","ECO_SECTOR_TOTAL","2008",1636.195,,,"T30:61_I13:3888","R1:3513_S4:33"
"ARG","FX:3502","EAR_EMTA_SEX_ECO_NB","SEX_T","ECO_SECTOR_TOTAL","2007",1967.994,,,"T30:61",
"ARG","BA:150","EAR_EMTA_SEX_ECO_NB","SEX_T","ECO_SECTOR_TOTAL","2006",1026.552,,,"T30:61","R1:3513_S4:33"
"ARG","BA:150","EAR_EMTA_SEX_ECO_NB","SEX_T","ECO_SECTOR_TOTAL","2005",816.306,,,"T30:61","R1:3513_S4:33"
"ARG","BA:150","EAR_EMTA_SEX_ECO_NB","SEX_T","ECO_SECTOR_TOTAL","2004",685.086,"B",,"T30:61_I11:264","R1:3513_S4:33"
"ARM","BB:173","EAR_EMTA_SEX_ECO_NB","SEX_T","ECO_SECTOR_TOTAL","2023",159067.084,,,"T30:111","R1:3513_T3:240"
"ARM","BB:173","EAR_EMTA_SEX_ECO_NB","SEX_T","ECO_SECTOR_TOTAL","2022",142818.811,,,"T30:111","R1:3513_T3:240"
"ARM","BB:173","EAR_EMTA_SEX_ECO_NB","SEX_T","ECO_SECTOR_TOTAL","2021",130559.108,,,"T30:111","R1:3513_T3:240"
"ARM","BB:173","EAR_EMTA_SEX_ECO_NB","SEX_T","ECO_SECTOR_TOTAL","2020",125733.844,,,"T30:111","R1:3513_T3:240"
"ARM","BB:173","EAR_EMTA_SEX_ECO_NB","SEX_T","ECO_SECTOR_TOTAL","2019",119804.028,,,"T30:111","R1:3513_T3:240"
"ARM","BA:867","EAR_EMTA_SEX_ECO_NB","SEX_T","ECO_SECTOR_TOTAL","2017",103505.383,,,"T30:111","R1:3513_T3:240"
"ARM","BA:867","EAR_EMTA_SEX_ECO_NB","SEX_T","ECO_SECTOR_TOTAL","2016",99931.079,,,"T30:111","R1:3513_T3:240"
"ARM","BA:867","EAR_EMTA_SEX_ECO_NB","SEX_T","ECO_SECTOR_TOTAL","2015",100331.238,,,"T30:111","R1:3513_T3:240"
"ARM","BA:867","EAR_EMTA_SEX_ECO_NB","SEX_T","ECO_SECTOR_TOTAL","2014",95690.029,"B",,"T30:111_I11:264","R1:3513_T3:240"
"ARM","BB:173","EAR_EMTA_SEX_ECO_NB","SEX_T","ECO_SECTOR_TOTAL","2013",93306.883,,,"T30:111","R1:3513_T3:240"
"ARM","BB:173","EAR_EMTA_SEX_ECO_NB","SEX_T","ECO_SECTOR_TOTAL","2012",88760.389,,,"T30:111","R1:3513_T3:240"
"ARM","BB:173","EAR_EMTA_SEX_ECO_NB","SEX_T","ECO_SECTOR_TOTAL","2011",82681.486,,,"T30:111","R1:3513_T3:240"
"ARM","BB:173","EAR_EMTA_SEX_ECO_NB","SEX_T","ECO_SECTOR_TOTAL","2010",79081.411,,,"T30:111","R1:3513_T3:240"
"ARM","DA:177","EAR_EMTA_SEX_ECO_NB","SEX_T","ECO_SECTOR_TOTAL","2009",96019,,,"T11:142_T33:396_T30:111",
"ARM","DA:177","EAR_EMTA_SEX_ECO_NB","SEX_T","ECO_SECTOR_TOTAL","2008",87406,,,"T33:396_T30:111",
"ARM","BB:173","EAR_EMTA_SEX_ECO_NB","SEX_T","ECO_SECTOR_TOTAL","2007",57952.92,"B",,"T30:111_I11:264","R1:3513_T3:240"
"ARM","DA:177","EAR_EMTA_SEX_ECO_NB","SEX_T","ECO_SECTOR_TOTAL","2006",62293,,,"T33:396_T30:111",
"ARM","DA:177","EAR_EMTA_SEX_ECO_NB","SEX_T","ECO_SECTOR_TOTAL","2005",52060,,,"T33:396_T30:111",
"ARM","DA:177","EAR_EMTA_SEX_ECO_NB","SEX_T","ECO_SECTOR_TOTAL","2004",43445,,,"T33:396_T30:111",
"ARM","DA:177","EAR_EMTA_SEX_ECO_NB","SEX_T","ECO_SECTOR_TOTAL","2003",34783,,,"T11:142_T33:396_T30:111",
"ARM","DA:177","EAR_EMTA_SEX_ECO_NB","SEX_T","ECO_SECTOR_TOTAL","2002",27324,,,"T33:396_T30:111",
"ARM","DA:177","EAR_EMTA_SEX_ECO_NB","SEX_T","ECO_SECTOR_TOTAL","2001",24483,,,"T33:396_T30:111",
"ARM","DA:177","EAR_EMTA_SEX_ECO_NB","SEX_T","ECO_SECTOR_TOTAL","2000",22706,,,"T33:396_T30:111",
"ATG","BA:16714","EAR_EMTA_SEX_ECO_NB","SEX_T","ECO_SECTOR_TOTAL","2018",2672.81,,,"T30:60","R1:3513"
"AUS","BB:15747","EAR_EMTA_SEX_ECO_NB","SEX_T","ECO_SECTOR_TOTAL","2021",5905.537,,,"T30:212","R1:3513"
"AUS","BB:15747","EAR_EMTA_SEX_ECO_NB","SEX_T","ECO_SECTOR_TOTAL","2020",5629.683,,,"T30:212","R1:3513"
"AUS","BB:15747","EAR_EMTA_SEX_ECO_NB","SEX_T","ECO_SECTOR_TOTAL","2019",5518.336,,,"T30:212","R1:3513"
"AUS","BB:15747","EAR_EMTA_SEX_ECO_NB","SEX_T","ECO_SECTOR_TOTAL","2018",5323.882,,,"T30:212","R1:3513"
"AUS","BB:15747","EAR_EMTA_SEX_ECO_NB","SEX_T","ECO_SECTOR_TOTAL","2017",5178.878,,,"T30:212","R1:3513"
"AUS","BB:15747","EAR_EMTA_SEX_ECO_NB","SEX_T","ECO_SECTOR_TOTAL","2016",5071.584,,,"T30:212","R1:3513"
"AUS","BB:15747","EAR_EMTA_SEX_ECO_NB","SEX_T","ECO_SECTOR_TOTAL","2015",4836.662,,,"T30:212","R1:3513"
"AUS","BB:15747","EAR_EMTA_SEX_ECO_NB","SEX_T","ECO_SECTOR_TOTAL","2014",4800.452,,,"T30:212","R1:3513"
"AUS","BB:15747","EAR_EMTA_SEX_ECO_NB","SEX_T","ECO_SECTOR_TOTAL","2013",4686.129,,,"T30:212","R1:3513"
"AUS","BB:15747","EAR_EMTA_SEX_ECO_NB","SEX_T","ECO_SECTOR_TOTAL","2012",4633.052,,,"T30:212","R1:3513"
"AUS","BB:15747","EAR_EMTA_SEX_ECO_NB","SEX_T","ECO_SECTOR_TOTAL","2011",4425.492,,,"T30:212","R1:3513"
"AUS","BB:15747","EAR_EMTA_SEX_ECO_NB","SEX_T","ECO_SECTOR_TOTAL","2010",4312.991,,,"T30:212","R1:3513"
"AUS","BB:15747","EAR_EMTA_SEX_ECO_NB","SEX_T","ECO_SECTOR_TOTAL","2009",4078.189,,,"T30:212","R1:3513"
"AUS","BB:15747","EAR_EMTA_SEX_ECO_NB","SEX_T","ECO_SECTOR_TOTAL","2008",3996.722,,,"T30:212","R1:3513"
"AUS","BB:15747","EAR_EMTA_SEX_ECO_NB","SEX_T","ECO_SECTOR_TOTAL","2007",3718.602,,,"T30:212","R1:3513"
"AUS","BB:15747","EAR_EMTA_SEX_ECO_NB","SEX_T","ECO_SECTOR_TOTAL","2006",3519.786,,,"T30:212","R1:3513"
"AUS","BB:15747","EAR_EMTA_SEX_ECO_NB","SEX_T","ECO_SECTOR_TOTAL","2005",3327.375,,,"T30:212","R1:3513"
"AUS","BB:15747","EAR_EMTA_SEX_ECO_NB","SEX_T","ECO_SECTOR_TOTAL","2004",3109.75,,,"T30:212","R1:3513"
"AUS","BB:15747","EAR_EMTA_SEX_ECO_NB","SEX_T","ECO_SECTOR_TOTAL","2003",3051.079,,,"T30:212","R1:3513"
"AUS","BB:15747","EAR_EMTA_SEX_ECO_NB","SEX_T","ECO_SECTOR_TOTAL","2002",2921.565,,,"T30:212","R1:3513"
"AUS","BB:15747","EAR_EMTA_SEX_ECO_NB","SEX_T","ECO_SECTOR_TOTAL","2001",3068.934,,,"T30:212","R1:3513"
"AUT","BB:275","EAR_EMTA_SEX_ECO_NB","SEX_T","ECO_SECTOR_TOTAL","2025",5446.933,,,"T30:161","R1:3513_T2:85"
"AUT","BB:275","EAR_EMTA_SEX_ECO_NB","SEX_T","ECO_SECTOR_TOTAL","2024",4922.564,,,"T30:161","R1:3513_T2:85"
"AUT","BB:275","EAR_EMTA_SEX_ECO_NB","SEX_T","ECO_SECTOR_TOTAL","2023",4490.404,,,"T30:161","R1:3513_T2:85"
"AUT","BB:275","EAR_EMTA_SEX_ECO_NB","SEX_T","ECO_SECTOR_TOTAL","2022",4256.412,,,"T30:161","R1:3513_T2:85"
"AUT","BB:275","EAR_EMTA_SEX_ECO_NB","SEX_T","ECO_SECTOR_TOTAL","2021",4275.853,,,"T30:161","R1:3513_T2:85"
"AUT","BB:275","EAR_EMTA_SEX_ECO_NB","SEX_T","ECO_SECTOR_TOTAL","2020",4161.638,,,"T30:161","R1:3513_T2:85"
"AUT","BB:275","EAR_EMTA_SEX_ECO_NB","SEX_T","ECO_SECTOR_TOTAL","2019",3977.213,,,"T30:161","R1:3513_T2:85"
"AUT","BB:275","EAR_EMTA_SEX_ECO_NB","SEX_T","ECO_SECTOR_TOTAL","2018",3865.847,,,"T30:161","R1:3513_T2:85"
"AUT","BB:275","EAR_EMTA_SEX_ECO_NB","SEX_T","ECO_SECTOR_TOTAL","2017",3796.298,,,"T30:161","R1:3513_T2:85"
"AUT","BB:275","EAR_EMTA_SEX_ECO_NB","SEX_T","ECO_SECTOR_TOTAL","2016",3752.687,,,"T30:161","R1:3513_T2:85"
"AUT","BB:275","EAR_EMTA_SEX_ECO_NB","SEX_T","ECO_SECTOR_TOTAL","2015",3667.316,,,"T30:161","R1:3513_T2:85"
"AUT","BB:275","EAR_EMTA_SEX_ECO_NB","SEX_T","ECO_SECTOR_TOTAL","2014",3662.191,,,"T30:161","R1:3513_T2:85"
"AUT","BB:275","EAR_EMTA_SEX_ECO_NB","SEX_T","ECO_SECTOR_TOTAL","2013",3581.594,,,"T30:161","R1:3513_T2:85"
"AUT","BB:275","EAR_EMTA_SEX_ECO_NB","SEX_T","ECO_SECTOR_TOTAL","2012",3459.086,,,"T30:161","R1:3513_T2:85"
"AUT","BB:275","EAR_EMTA_SEX_ECO_NB","SEX_T","ECO_SECTOR_TOTAL","2011",3335.132,,,"T30:161","R1:3513_T2:85"
"AUT","BB:275","EAR_EMTA_SEX_ECO_NB","SEX_T","ECO_SECTOR_TOTAL","2010",3374.459,,,"T30:161","R1:3513_T2:85"
"AUT","BB:275","EAR_EMTA_SEX_ECO_NB","SEX_T","ECO_SECTOR_TOTAL","2009",3296.399,,,"T30:161","R1:3513_T2:85"
"AUT","BB:275","EAR_EMTA_SEX_ECO_NB","SEX_T","ECO_SECTOR_TOTAL","2008",3135.246,,,"T30:161","R1:3513_T2:85"
"AUT","BB:275","EAR_EMTA_SEX_ECO_NB","SEX_T","ECO_SECTOR_TOTAL","2007",2812.792,,,"T30:161","R1:3513_T2:85"
"AUT","BB:275","EAR_EMTA_SEX_ECO_NB","SEX_T","ECO_SECTOR_TOTAL","2006",2250.82,,,"T30:161","R1:3513_T2:85"
"AUT","BB:275","EAR_EMTA_SEX_ECO_NB","SEX_T","ECO_SECTOR_TOTAL","2005",2247.152,,,"T30:161","R1:3513_T2:85"
"AUT","BB:275","EAR_EMTA_SEX_ECO_NB","SEX_T","ECO_SECTOR_TOTAL","2004",2163.847,,,"T30:161","R1:3513_T2:85"
"AUT","FA:883","EAR_EMTA_SEX_ECO_NB","SEX_T","ECO_SECTOR_TOTAL","2003",2305,,,"T33:396_T30:161",
"AUT","FA:883","EAR_EMTA_SEX_ECO_NB","SEX_T","ECO_SECTOR_TOTAL","2002",2265,,,"T33:396_T30:161",
"AUT","FA:883","EAR_EMTA_SEX_ECO_NB","SEX_T","ECO_SECTOR_TOTAL","2001",2254,,,"T33:396_T30:161",
"AUT","FA:883","EAR_EMTA_SEX_ECO_NB","SEX_T","ECO_SECTOR_TOTAL","2000",2112,,,"T33:396_T30:161_I11:268",
"AZE","DA:126","EAR_EMTA_SEX_ECO_NB","SEX_T","ECO_SECTOR_TOTAL","2022",839.4,"U",,"T30:112",
"AZE","DA:126","EAR_EMTA_SEX_ECO_NB","SEX_T","ECO_SECTOR_TOTAL","2021",732.1,,,"T30:112",
"AZE","DA:126","EAR_EMTA_SEX_ECO_NB","SEX_T","ECO_SECTOR_TOTAL","2020",707.3,,,"T30:112","S3:24"
"AZE","DA:126","EAR_EMTA_SEX_ECO_NB","SEX_T","ECO_SECTOR_TOTAL","2019",634.8,,,"T30:112","S3:24"
"AZE","DA:126","EAR_EMTA_SEX_ECO_NB","SEX_T","ECO_SECTOR_TOTAL","2018",544.6,,,"T30:112","S3:24"
"AZE","DA:126","EAR_EMTA_SEX_ECO_NB","SEX_T","ECO_SECTOR_TOTAL","2017",528.5,,,"T30:112",
"AZE","DA:126","EAR_EMTA_SEX_ECO_NB","SEX_T","ECO_SECTOR_TOTAL","2016",499.8,,,"T30:112",
"AZE","DA:126","EAR_EMTA_SEX_ECO_NB","SEX_T","ECO_SECTOR_TOTAL","2015",466.9,,,"T33:396_T30:112",
"AZE","DA:126","EAR_EMTA_SEX_ECO_NB","SEX_T","ECO_SECTOR_TOTAL","2014",444.5,,,"T33:396_T30:112",
"AZE","DA:126","EAR_EMTA_SEX_ECO_NB","SEX_T","ECO_SECTOR_TOTAL","2013",425.1,,,"T33:396_T30:112",
"AZE","DA:126","EAR_EMTA_SEX_ECO_NB","SEX_T","ECO_SECTOR_TOTAL","2012",398.4,,,"T33:396_T30:112",
"AZE","DA:126","EAR_EMTA_SEX_ECO_NB","SEX_T","ECO_SECTOR_TOTAL","2011",364.2,,,"T33:396_T30:112",
"AZE","DA:126","EAR_EMTA_SEX_ECO_NB","SEX_T","ECO_SECTOR_TOTAL","2010",331.5,,,"T33:396_T30:112",
"AZE","DA:126","EAR_EMTA_SEX_ECO_NB","SEX_T","ECO_SECTOR_TOTAL","2009",298,,,"T33:396_T30:112",
"AZE","DA:126","EAR_EMTA_SEX_ECO_NB","SEX_T","ECO_SECTOR_TOTAL","2008",274.4,,,"T33:396_T30:112",
"AZE","DA:126","EAR_EMTA_SEX_ECO_NB","SEX_T","ECO_SECTOR_TOTAL","2007",215.8,,,"T33:396_T30:112",
"AZE","DA:126","EAR_EMTA_SEX_ECO_NB","SEX_T","ECO_SECTOR_TOTAL","2006",149,,,"T33:396_T30:112",
"AZE","DA:126","EAR_EMTA_SEX_ECO_NB","SEX_T","ECO_SECTOR_TOTAL","2005",123.6,,,"T33:396_T30:112_I11:268",
"AZE","DA:126","EAR_EMTA_SEX_ECO_NB","SEX_T","ECO_SECTOR_TOTAL","2004",497081.2,,,"T33:396_T30:260",
"AZE","DA:126","EAR_EMTA_SEX_ECO_NB","SEX_T","ECO_SECTOR_TOTAL","2003",386974.2,,,"T33:396_T30:260",
"AZE","DA:126","EAR_EMTA_SEX_ECO_NB","SEX_T","ECO_SECTOR_TOTAL","2002",315406.7,,,"T33:396_T30:260",
"AZE","DA:126","EAR_EMTA_SEX_ECO_NB","SEX_T","ECO_SECTOR_TOTAL","2001",259990.7,,,"T33:396_T30:260",
"AZE","DA:126","EAR_EMTA_SEX_ECO_NB","SEX_T","ECO_SECTOR_TOTAL","2000",221606,,,"T33:396_T30:260",
"BDI","BB:7040","EAR_EMTA_SEX_ECO_NB","SEX_T","ECO_SECTOR_TOTAL","2020",96843.791,,,"T30:6","R1:3513"
"BDI","BB:7040","EAR_EMTA_SEX_ECO_NB","SEX_T","ECO_SECTOR_TOTAL","2014",64028.147,,,"T30:6","R1:3513"
"BEL","BB:276","EAR_EMTA_SEX_ECO_NB","SEX_T","ECO_SECTOR_TOTAL","2025",6233.682,,,"T30:163","R1:3513_T2:85"
"BEL","BB:276","EAR_EMTA_SEX_ECO_NB","SEX_T","ECO_SECTOR_TOTAL","2024",6229.047,,,"T30:163","R1:3513_T2:85"
"BEL","BB:276","EAR_EMTA_SEX_ECO_NB","SEX_T","ECO_SECTOR_TOTAL","2023",5825.694,,,"T30:163","R1:3513_T2:85"
"BEL","BB:276","EAR_EMTA_SEX_ECO_NB","SEX_T","ECO_SECTOR_TOTAL","2022",5397.058,,,"T30:163","R1:3513_T2:85"
"BEL","BB:276","EAR_EMTA_SEX_ECO_NB","SEX_T","ECO_SECTOR_TOTAL","2021",5180.976,,,"T30:163","R1:3513_T2:85"
"BEL","BB:276","EAR_EMTA_SEX_ECO_NB","SEX_T","ECO_SECTOR_TOTAL","2020",5040.321,,,"T30:163","R1:3513_T2:85"
"BEL","BB:276","EAR_EMTA_SEX_ECO_NB","SEX_T","ECO_SECTOR_TOTAL","2019",4941.387,,,"T30:163","R1:3513_T2:85"
"BEL","BB:276","EAR_EMTA_SEX_ECO_NB","SEX_T","ECO_SECTOR_TOTAL","2018",4701.583,,,"T30:163","R1:3513_T2:85"
"BEL","BB:276","EAR_EMTA_SEX_ECO_NB","SEX_T","ECO_SECTOR_TOTAL","2017",4655.451,,,"T30:163","R1:3513_T2:85"
"BEL","BB:276","EAR_EMTA_SEX_ECO_NB","SEX_T","ECO_SECTOR_TOTAL","2016",4566.641,,,"T30:163","R1:3513_T2:85"
"BEL","BB:276","EAR_EMTA_SEX_ECO_NB","SEX_T","ECO_SECTOR_TOTAL","2015",4517.856,,,"T30:163","R1:3513_T2:85"
"BEL","BB:276","EAR_EMTA_SEX_ECO_NB","SEX_T","ECO_SECTOR_TOTAL","2014",4527.225,,,"T30:163","R1:3513_T2:85"
"BEL","BB:276","EAR_EMTA_SEX_ECO_NB","SEX_T","ECO_SECTOR_TOTAL","2013",4422.129,,,"T30:163","R1:3513_T2:85"
"BEL","BB:276","EAR_EMTA_SEX_ECO_NB","SEX_T","ECO_SECTOR_TOTAL","2012",4252.609,,,"T30:163","R1:3513_T2:85"
"BEL","BB:276","EAR_EMTA_SEX_ECO_NB","SEX_T","ECO_SECTOR_TOTAL","2011",4118.507,,,"T30:163","R1:3513_T2:85"
"BEL","BB:276","EAR_EMTA_SEX_ECO_NB","SEX_T","ECO_SECTOR_TOTAL","2010",4016.742,,,"T30:163","R1:3513_T2:85"
"BEL","BB:276","EAR_EMTA_SEX_ECO_NB","SEX_T","ECO_SECTOR_TOTAL","2009",3922.081,,,"T30:163","R1:3513_T2:85"
"BEL","BB:276","EAR_EMTA_SEX_ECO_NB","SEX_T","ECO_SECTOR_TOTAL","2008",3706.729,,,"T30:163","R1:3513_T2:85"
"BEL","BB:276","EAR_EMTA_SEX_ECO_NB","SEX_T","ECO_SECTOR_TOTAL","2007",3722.836,,,"T30:163","R1:3513_T2:85"
"BEL","BB:276","EAR_EMTA_SEX_ECO_NB","SEX_T","ECO_SECTOR_TOTAL","2006",2685.664,,,"T30:163","R1:3513_T2:85"
"BEL","BB:276","EAR_EMTA_SEX_ECO_NB","SEX_T","ECO_SECTOR_TOTAL","2005",2603.602,,,"T30:163","R1:3513_T2:85"
"BEL","BB:276","EAR_EMTA_SEX_ECO_NB","SEX_T","ECO_SECTOR_TOTAL","2004",2509.499,,,"T30:163","R1:3513_T2:85"
"BEN","BB:426","EAR_EMTA_SEX_ECO_NB","SEX_T","ECO_SECTOR_TOTAL","2022",84524.927,,,"T30:3","R1:3513"
"BEN","BB:426","EAR_EMTA_SEX_ECO_NB","SEX_T","ECO_SECTOR_TOTAL","2019",74175.732,,,"T30:3","R1:3513"
"BEN","BB:426","EAR_EMTA_SEX_ECO_NB","SEX_T","ECO_SECTOR_TOTAL","2011",78811.643,,,"T30:3","R1:3513"
"BFA","BA:15678","EAR_EMTA_SEX_ECO_NB","SEX_T","ECO_SECTOR_TOTAL","2023",103666.669,,,"T30:5","R1:3513"
"BFA","BB:16126","EAR_EMTA_SEX_ECO_NB","SEX_T","ECO_SECTOR_TOTAL","2022",84008.694,,,"T30:5","R1:3513"
"BFA","BB:16126","EAR_EMTA_SEX_ECO_NB","SEX_T","ECO_SECTOR_TOTAL","2019",111405.428,,,"T30:5","R1:3513"
"BFA","BA:15678","EAR_EMTA_SEX_ECO_NB","SEX_T","ECO_SECTOR_TOTAL","2018",107024.67,,,"T30:5","R1:3513"
"BGD","BA:673","EAR_EMTA_SEX_ECO_NB","SEX_T","ECO_SECTOR_TOTAL","2024",15516.525,,,"T30:114","R1:3513"
"BGD","BA:673","EAR_EMTA_SEX_ECO_NB","SEX_T","ECO_SECTOR_TOTAL","2023",13802.508,,,"T30:114","R1:3513"
"BGD","BA:673","EAR_EMTA_SEX_ECO_NB","SEX_T","ECO_SECTOR_TOTAL","2022",13403.404,,,"T30:114","R1:3513"
"BGD","BA:673","EAR_EMTA_SEX_ECO_NB","SEX_T","ECO_SECTOR_TOTAL","2017",11811.698,,,"T30:114","R1:3513"
"BGD","BA:673","EAR_EMTA_SEX_ECO_NB","SEX_T","ECO_SECTOR_TOTAL","2016",12915,,,"T8:252_T30:114","S5:38"
"BGD","BA:673","EAR_EMTA_SEX_ECO_NB","SEX_T","ECO_SECTOR_TOTAL","2013",11229.39,"B",,"T30:114_I11:264","R1:3513"
"BGR","BB:3058","EAR_EMTA_SEX_ECO_NB","SEX_T","ECO_SECTOR_TOTAL","2025",1392.171,,,"T30:385","R1:3513_T2:85"
"BGR","BB:3058","EAR_EMTA_SEX_ECO_NB","SEX_T","ECO_SECTOR_TOTAL","2024",1199.782,,,"T30:385","R1:3513_T2:85"
"BGR","BB:3058","EAR_EMTA_SEX_ECO_NB","SEX_T","ECO_SECTOR_TOTAL","2023",1010.359,,,"T30:385","R1:3513_T2:85"
"BGR","BB:3058","EAR_EMTA_SEX_ECO_NB","SEX_T","ECO_SECTOR_TOTAL","2022",917.982,,,"T30:385","R1:3513_T2:85"
"BGR","BB:3058","EAR_EMTA_SEX_ECO_NB","SEX_T","ECO_SECTOR_TOTAL","2021",811.217,,,"T30:385","R1:3513_T2:85"
"BGR","BB:3058","EAR_EMTA_SEX_ECO_NB","SEX_T","ECO_SECTOR_TOTAL","2020",748.931,,,"T30:385","R1:3513_T2:85"
"BGR","BB:3058","EAR_EMTA_SEX_ECO_NB","SEX_T","ECO_SECTOR_TOTAL","2019",699.482,,,"T30:385","R1:3513_T2:85"
"BGR","BB:3058","EAR_EMTA_SEX_ECO_NB","SEX_T","ECO_SECTOR_TOTAL","2018",561.327,,,"T30:385","R1:3513_T2:85"
"BGR","BB:3058","EAR_EMTA_SEX_ECO_NB","SEX_T","ECO_SECTOR_TOTAL","2017",565.55,,,"T30:385","R1:3513_T2:85"
"BGR","BB:3058","EAR_EMTA_SEX_ECO_NB","SEX_T","ECO_SECTOR_TOTAL","2016",548.124,,,"T30:385","R1:3513_T2:85"
"BGR","BB:3058","EAR_EMTA_SEX_ECO_NB","SEX_T","ECO_SECTOR_TOTAL","2015",489.009,,,"T30:385","R1:3513_T2:85"
"BGR","BB:3058","EAR_EMTA_SEX_ECO_NB","SEX_T","ECO_SECTOR_TOTAL","2014",433.866,,,"T30:385","R1:3513_T2:85"
"BGR","BB:3058","EAR_EMTA_SEX_ECO_NB","SEX_T","ECO_SECTOR_TOTAL","2013",405.303,,,"T30:385","R1:3513_T2:85"
"BGR","BB:3058","EAR_EMTA_SEX_ECO_NB","SEX_T","ECO_SECTOR_TOTAL","2012",447.262,,,"T30:385","R1:3513_T2:85"
"BGR","BB:3058","EAR_EMTA_SEX_ECO_NB","SEX_T","ECO_SECTOR_TOTAL","2011",350.6,,,"T30:385","R1:3513_T2:85"
"BGR","BB:3058","EAR_EMTA_SEX_ECO_NB","SEX_T","ECO_SECTOR_TOTAL","2010",375.38,,,"T30:385","R1:3513_T2:85"
"BGR","BB:3058","EAR_EMTA_SEX_ECO_NB","SEX_T","ECO_SECTOR_TOTAL","2009",378.081,,,"T30:385","R1:3513_T2:85"
"BGR","BB:3058","EAR_EMTA_SEX_ECO_NB","SEX_T","ECO_SECTOR_TOTAL","2008",294.095,,,"T30:385","R1:3513_T2:85"
"BGR","BB:3058","EAR_EMTA_SEX_ECO_NB","SEX_T","ECO_SECTOR_TOTAL","2007",247.347,,,"T30:385","R1:3513_T2:85"
"BGR","CA:914","EAR_EMTA_SEX_ECO_NB","SEX_T","ECO_SECTOR_TOTAL","2006",360.01,,,"T33:396_T30:165",
"BGR","CA:914","EAR_EMTA_SEX_ECO_NB","SEX_T","ECO_SECTOR_TOTAL","2005",324,,,"T33:396_T30:165",
"BGR","CA:914","EAR_EMTA_SEX_ECO_NB","SEX_T","ECO_SECTOR_TOTAL","2004",292,,,"T33:396_T30:165",
"BGR","CA:914","EAR_EMTA_SEX_ECO_NB","SEX_T","ECO_SECTOR_TOTAL","2003",273,,,"T33:396_T30:165",
"BGR","CA:914","EAR_EMTA_SEX_ECO_NB","SEX_T","ECO_SECTOR_TOTAL","2002",258,,,"T33:396_T30:165",
"BGR","CA:914","EAR_EMTA_SEX_ECO_NB","SEX_T","ECO_SECTOR_TOTAL","2001",240,,,"T33:396_T30:165",
"BGR","CA:914","EAR_EMTA_SEX_ECO_NB","SEX_T","ECO_SECTOR_TOTAL","2000",225.01,,,"T33:396_T30:165",
"BHR","FA:598","EAR_EMTA_SEX_ECO_NB","SEX_T","ECO_SECTOR_TOTAL","2020",353,,,"T9:131_T30:113",
"BHR","FA:598","EAR_EMTA_SEX_ECO_NB","SEX_T","ECO_SECTOR_TOTAL","2019",329.593,,,"T9:131_T30:113_I11:266",
"BHR","FA:598","EAR_EMTA_SEX_ECO_NB","SEX_T","ECO_SECTOR_TOTAL","2018",853,,,"T30:113","S3:11_S5:2761"
"BHR","FA:598","EAR_EMTA_SEX_ECO_NB","SEX_T","ECO_SECTOR_TOTAL","2017",837,,,"T30:113","S3:11_S5:2761"
"BHR","FA:598","EAR_EMTA_SEX_ECO_NB","SEX_T","ECO_SECTOR_TOTAL","2016",824,,,"T30:113","S3:11_S5:2761"
"BHR","FA:598","EAR_EMTA_SEX_ECO_NB","SEX_T","ECO_SECTOR_TOTAL","2015",785,,,"T30:113_I11:269","S3:11_S5:2761"
"BHR","FA:598","EAR_EMTA_SEX_ECO_NB","SEX_T","ECO_SECTOR_TOTAL","2008",247,,,"T33:396_T30:113","S7:57_S6:48"
"BHS","BA:17","EAR_EMTA_SEX_ECO_NB","SEX_T","ECO_SECTOR_TOTAL","2024",2965.594,,,"T30:63","R1:3513"
"BHS","BA:17","EAR_EMTA_SEX_ECO_NB","SEX_T","ECO_SECTOR_TOTAL","2023",2038.117,,,"T30:63","R1:3513"
"BHS","BA:17","EAR_EMTA_SEX_ECO_NB","SEX_T","ECO_SECTOR_TOTAL","2019",4585.317,,,"T30:63","R1:3513"
"BIH","BA:493","EAR_EMTA_SEX_ECO_NB","SEX_T","ECO_SECTOR_TOTAL","2025",1733.722,,,"T30:164","R1:3513"
"BIH","BA:493","EAR_EMTA_SEX_ECO_NB","SEX_T","ECO_SECTOR_TOTAL","2024",1671.398,,,"T30:164","R1:3513"
"BIH","BA:493","EAR_EMTA_SEX_ECO_NB","SEX_T","ECO_SECTOR_TOTAL","2023",1497.914,"B",,"T30:164_I11:264","R1:3513"
"BIH","BA:493","EAR_EMTA_SEX_ECO_NB","SEX_T","ECO_SECTOR_TOTAL","2022",1357.312,"B",,"T30:164_I11:264","R1:3513"
"BIH","BA:493","EAR_EMTA_SEX_ECO_NB","SEX_T","ECO_SECTOR_TOTAL","2021",1282.689,"B",,"T30:164_I11:264","R1:3513"
"BIH","BA:493","EAR_EMTA_SEX_ECO_NB","SEX_T","ECO_SECTOR_TOTAL","2020",1235.389,"B",,"I20:4077_T30:164_I11:264","R1:3513"
"BIH","BA:493","EAR_EMTA_SEX_ECO_NB","SEX_T","ECO_SECTOR_TOTAL","2016",742.69,,,"T30:164","R1:3513"
"BIH","BA:493","EAR_EMTA_SEX_ECO_NB","SEX_T","ECO_SECTOR_TOTAL","2015",737.467,,,"T30:164","R1:3513"
"BIH","BA:493","EAR_EMTA_SEX_ECO_NB","SEX_T","ECO_SECTOR_TOTAL","2014",747.474,,,"T30:164","R1:3513"
"BIH","BA:493","EAR_EMTA_SEX_ECO_NB","SEX_T","ECO_SECTOR_TOTAL","2013",726.055,,,"T30:164","R1:3513"
"BIH","BA:493","EAR_EMTA_SEX_ECO_NB","SEX_T","ECO_SECTOR_TOTAL","2012",698.302,,,"T30:164","R1:3513"
"BIH","BA:493","EAR_EMTA_SEX_ECO_NB","SEX_T","ECO_SECTOR_TOTAL","2011",704.899,,,"T30:164","R1:3513"
"BIH","BA:493","EAR_EMTA_SEX_ECO_NB","SEX_T","ECO_SECTOR_TOTAL","2010",695.575,,,"T30:164","R1:3513"
"BIH","BA:493","EAR_EMTA_SEX_ECO_NB","SEX_T","ECO_SECTOR_TOTAL","2009",670.678,,,"T30:164","R1:3513"
"BIH","BA:493","EAR_EMTA_SEX_ECO_NB","SEX_T","ECO_SECTOR_TOTAL","2008",611.119,,,"T30:164","R1:3513"
"BIH","BA:493","EAR_EMTA_SEX_ECO_NB","SEX_T","ECO_SECTOR_TOTAL","2007",527.87,,,"T30:164","R1:3513"
"BIH","BA:493","EAR_EMTA_SEX_ECO_NB","SEX_T","ECO_SECTOR_TOTAL","2006",484.594,"B",,"T30:164_I11:264","R1:3513"
"BIH","BB:15892","EAR_EMTA_SEX_ECO_NB","SEX_T","ECO_SECTOR_TOTAL","2001",454.336,,,"T30:164","R1:3513"
"BLR","DA:931","EAR_EMTA_SEX_ECO_NB","SEX_T","ECO_SECTOR_TOTAL","2022",18621,,,"T30:380","S3:24_S6:1602"
"BLR","DA:931","EAR_EMTA_SEX_ECO_NB","SEX_T","ECO_SECTOR_TOTAL","2021",1650.9,,,"T30:380","S3:24_S6:1602"
"BLR","DA:931","EAR_EMTA_SEX_ECO_NB","SEX_T","ECO_SECTOR_TOTAL","2020",1445.1,,,"T30:380","S3:24_S6:1602"
"BLR","DA:931","EAR_EMTA_SEX_ECO_NB","SEX_T","ECO_SECTOR_TOTAL","2019",1210.9,,,"T30:380","S3:24_S6:1602"
"BLR","DA:931","EAR_EMTA_SEX_ECO_NB","SEX_T","ECO_SECTOR_TOTAL","2018",1095,,,"T30:380","S3:24_S6:1602"
"BLR","DA:931","EAR_EMTA_SEX_ECO_NB","SEX_T","ECO_SECTOR_TOTAL","2017",963.3,,,"I20:4077_T30:380","S3:24_S6:1602_S10:73"
"BLR","DA:931","EAR_EMTA_SEX_ECO_NB","SEX_T","ECO_SECTOR_TOTAL","2016",766.4,,,"T30:380","S3:24_S6:1602"
"BLR","DA:931","EAR_EMTA_SEX_ECO_NB","SEX_T","ECO_SECTOR_TOTAL","2015",7290040,,,"T30:162","S3:24_S6:1602"
"BLR","DA:931","EAR_EMTA_SEX_ECO_NB","SEX_T","ECO_SECTOR_TOTAL","2014",6677544,,,"T30:162","S3:24_S6:1602"
"BLR","DA:931","EAR_EMTA_SEX_ECO_NB","SEX_T","ECO_SECTOR_TOTAL","2013",5745488,,,"T30:162","S3:24_S6:1602"
"BLR","DA:931","EAR_EMTA_SEX_ECO_NB","SEX_T","ECO_SECTOR_TOTAL","2012",4656663,,,"T30:162","S3:24_S6:1602"
"BLR","DA:931","EAR_EMTA_SEX_ECO_NB","SEX_T","ECO_SECTOR_TOTAL","2011",2829421,,,"T30:162","S3:24_S6:1602"
"BLR","DA:931","EAR_EMTA_SEX_ECO_NB","SEX_T","ECO_SECTOR_TOTAL","2010",1570361,,,"T30:162","S3:24_S6:1602"
"BLR","DA:931","EAR_EMTA_SEX_ECO_NB","SEX_T","ECO_SECTOR_TOTAL","2009",981584,,,"T30:162_I11:268","S3:24_S6:1602"
"BLR","DA:931","EAR_EMTA_SEX_ECO_NB","SEX_T","ECO_SECTOR_TOTAL","2008",987000000,,,"T30:162","S3:24_S6:1602"
"BLR","DA:931","EAR_EMTA_SEX_ECO_NB","SEX_T","ECO_SECTOR_TOTAL","2007",785000000,,,"T30:162","S3:24_S6:1602"
"BLR","DA:931","EAR_EMTA_SEX_ECO_NB","SEX_T","ECO_SECTOR_TOTAL","2006",659000000,,,"T30:162","S3:24_S6:1602"
"BLR","DA:931","EAR_EMTA_SEX_ECO_NB","SEX_T","ECO_SECTOR_TOTAL","2005",556000000,,,"T30:162","S3:24_S6:1602"
"BLZ","BA:934","EAR_EMTA_SEX_ECO_NB","SEX_T","ECO_SECTOR_TOTAL","2020",1020,,,"I20:4077_T8:128_T11:142_T30:65","S3:20_S5:40"
"BLZ","BA:934","EAR_EMTA_SEX_ECO_NB","SEX_T","ECO_SECTOR_TOTAL","2019",1269.442,,,"T30:65","R1:3513"
"BLZ","BA:934","EAR_EMTA_SEX_ECO_NB","SEX_T","ECO_SECTOR_TOTAL","2018",1260.64,,,"T30:65","R1:3513"
"BLZ","BA:934","EAR_EMTA_SEX_ECO_NB","SEX_T","ECO_SECTOR_TOTAL","2017",1196.215,,,"T30:65","R1:3513"
"BLZ","BA:934","EAR_EMTA_SEX_ECO_NB","SEX_T","ECO_SECTOR_TOTAL","2016",1158.471,,,"T30:65","R1:3513"
"BLZ","BA:934","EAR_EMTA_SEX_ECO_NB","SEX_T","ECO_SECTOR_TOTAL","2015",1198.595,,,"T30:65","R1:3513"
"BLZ","BA:934","EAR_EMTA_SEX_ECO_NB","SEX_T","ECO_SECTOR_TOTAL","2014",1391.585,,,"T30:65","R1:3513"
"BMU","BA:27","EAR_EMTA_SEX_ECO_NB","SEX_T","ECO_SECTOR_TOTAL","2013",6221.1,,,"T8:128_T11:142_T30:66","S3:16_S5:40"
"BMU","BA:27","EAR_EMTA_SEX_ECO_NB","SEX_T","ECO_SECTOR_TOTAL","2012",5869.8,,,"T8:128_T11:142_T30:66","S3:16_S5:40"
"BMU","BA:27","EAR_EMTA_SEX_ECO_NB","SEX_T","ECO_SECTOR_TOTAL","2010",5835.5,,,"T8:128_T11:142_T30:66","S3:16_S5:40"
"BMU","AA:26","EAR_EMTA_SEX_ECO_NB","SEX_T","ECO_SECTOR_TOTAL","2009",5788.7,,,"T11:142_T33:396_T30:66","S5:40"
"BOL","BA:74","EAR_EMTA_SEX_ECO_NB","SEX_T","ECO_SECTOR_TOTAL","2025",3189.626,,,"T30:67","R1:3513"
"BOL","BA:74","EAR_EMTA_SEX_ECO_NB","SEX_T","ECO_SECTOR_TOTAL","2024",3229.208,,,"T30:67","R1:3513"
"BOL","BA:74","EAR_EMTA_SEX_ECO_NB","SEX_T","ECO_SECTOR_TOTAL","2023",3147.608,,,"T30:67","R1:3513"
"BOL","BA:74","EAR_EMTA_SEX_ECO_NB","SEX_T","ECO_SECTOR_TOTAL","2022",3086.498,,,"T30:67","R1:3513"
"BOL","BA:74","EAR_EMTA_SEX_ECO_NB","SEX_T","ECO_SECTOR_TOTAL","2021",3060.153,"B",,"T30:67_I11:264","R1:3513"
"BOL","BB:73","EAR_EMTA_SEX_ECO_NB","SEX_T","ECO_SECTOR_TOTAL","2020",3339.017,,,"T30:67","R1:3513"
"BOL","BA:74","EAR_EMTA_SEX_ECO_NB","SEX_T","ECO_SECTOR_TOTAL","2019",3118.589,,,"T30:67","R1:3513"
"BOL","BA:74","EAR_EMTA_SEX_ECO_NB","SEX_T","ECO_SECTOR_TOTAL","2018",3099.106,,,"T30:67","R1:3513"
"BOL","BA:74","EAR_EMTA_SEX_ECO_NB","SEX_T","ECO_SECTOR_TOTAL","2017",3056.575,,,"T30:67","R1:3513"
"BOL","BA:74","EAR_EMTA_SEX_ECO_NB","SEX_T","ECO_SECTOR_TOTAL","2016",2987.666,"B",,"T30:67_I11:264","R1:3513"
"BOL","BB:73","EAR_EMTA_SEX_ECO_NB","SEX_T","ECO_SECTOR_TOTAL","2015",2838.459,,,"T30:67","R1:3513"
"BOL","BB:73","EAR_EMTA_SEX_ECO_NB","SEX_T","ECO_SECTOR_TOTAL","2014",2709.944,,,"T30:67","R1:3513"
"BOL","BB:73","EAR_EMTA_SEX_ECO_NB","SEX_T","ECO_SECTOR_TOTAL","2013",2606.16,,,"T30:67","R1:3513"
"BOL","BB:73","EAR_EMTA_SEX_ECO_NB","SEX_T","ECO_SECTOR_TOTAL","2012",2317.311,,,"T30:67","R1:3513"
"BOL","BB:73","EAR_EMTA_SEX_ECO_NB","SEX_T","ECO_SECTOR_TOTAL","2011",2042.112,,,"T30:67","R1:3513"
"BOL","BB:73","EAR_EMTA_SEX_ECO_NB","SEX_T","ECO_SECTOR_TOTAL","2009",1698.401,,,"T30:67","R1:3513"
"BOL","BB:73","EAR_EMTA_SEX_ECO_NB","SEX_T","ECO_SECTOR_TOTAL","2008",1604.776,,,"T30:67","R1:3513"
"BOL","BB:73","EAR_EMTA_SEX_ECO_NB","SEX_T","ECO_SECTOR_TOTAL","2007",1419.041,,,"T30:67","R1:3513"
"BOL","BB:73","EAR_EMTA_SEX_ECO_NB","SEX_T","ECO_SECTOR_TOTAL","2006",1317.702,,,"T30:67","R1:3513"
"BOL","BB:73","EAR_EMTA_SEX_ECO_NB","SEX_T","ECO_SECTOR_TOTAL","2005",1195.09,"B",,"T30:67_I11:264","R1:3513"
"BOL","BX:15722","EAR_EMTA_SEX_ECO_NB","SEX_T","ECO_SECTOR_TOTAL","2002",1233.071,,,"T30:67","R1:3513"
"BOL","BX:15722","EAR_EMTA_SEX_ECO_NB","SEX_T","ECO_SECTOR_TOTAL","2001",1179.624,,,"T30:67","R1:3513"
"BOL","BX:15722","EAR_EMTA_SEX_ECO_NB","SEX_T","ECO_SECTOR_TOTAL","2000",1318.561,,,"T30:67","R1:3513"
"BRA","BX:6355","EAR_EMTA_SEX_ECO_NB","SEX_T","ECO_SECTOR_TOTAL","2025",3393.154,,,"T30:68","R1:3513"
"BRA","BX:6355","EAR_EMTA_SEX_ECO_NB","SEX_T","ECO_SECTOR_TOTAL","2024",3154.839,,,"T30:68","R1:3513"
"BRA","BX:6355","EAR_EMTA_SEX_ECO_NB","SEX_T","ECO_SECTOR_TOTAL","2023",2861.414,,,"T30:68","R1:3513"
"BRA","BX:6355","EAR_EMTA_SEX_ECO_NB","SEX_T","ECO_SECTOR_TOTAL","2022",2614.37,,,"T30:68","R1:3513"
"BRA","BX:6355","EAR_EMTA_SEX_ECO_NB","SEX_T","ECO_SECTOR_TOTAL","2021",2414.265,,,"T30:68","R1:3513"
"BRA","BX:6355","EAR_EMTA_SEX_ECO_NB","SEX_T","ECO_SECTOR_TOTAL","2020",2459.159,,,"T30:68","R1:3513"
"BRA","BX:6355","EAR_EMTA_SEX_ECO_NB","SEX_T","ECO_SECTOR_TOTAL","2019",2271.106,,,"T30:68","R1:3513"
"BRA","BX:6355","EAR_EMTA_SEX_ECO_NB","SEX_T","ECO_SECTOR_TOTAL","2018",2135.624,,,"T30:68","R1:3513"
"BRA","BX:6355","EAR_EMTA_SEX_ECO_NB","SEX_T","ECO_SECTOR_TOTAL","2017",2028.61,,,"T30:68","R1:3513"
"BRA","BX:6355","EAR_EMTA_SEX_ECO_NB","SEX_T","ECO_SECTOR_TOTAL","2016",1924.736,,,"T30:68","R1:3513"
"BRA","BX:6355","EAR_EMTA_SEX_ECO_NB","SEX_T","ECO_SECTOR_TOTAL","2015",1710.604,,,"T30:68","R1:3513"
"BRA","BX:6355","EAR_EMTA_SEX_ECO_NB","SEX_T","ECO_SECTOR_TOTAL","2014",1576.757,,,"T30:68","R1:3513"
"BRA","BX:6355","EAR_EMTA_SEX_ECO_NB","SEX_T","ECO_SECTOR_TOTAL","2013",1413.38,,,"T30:68","R1:3513"
"BRA","BX:6355","EAR_EMTA_SEX_ECO_NB","SEX_T","ECO_SECTOR_TOTAL","2012",1323.661,"B",,"T30:68_I11:264","R1:3513"
"BRA","BX:356","EAR_EMTA_SEX_ECO_NB","SEX_T","ECO_SECTOR_TOTAL","2011",1202.475,,,"T30:68","R1:3513"
"BRA","BX:356","EAR_EMTA_SEX_ECO_NB","SEX_T","ECO_SECTOR_TOTAL","2009",930.523,,,"T30:68","R1:3513"
"BRA","BX:356","EAR_EMTA_SEX_ECO_NB","SEX_T","ECO_SECTOR_TOTAL","2008",898.461,,,"T30:68","R1:3513"
"BRA","BX:356","EAR_EMTA_SEX_ECO_NB","SEX_T","ECO_SECTOR_TOTAL","2007",812.246,,,"T30:68","R1:3513"
"BRA","BX:356","EAR_EMTA_SEX_ECO_NB","SEX_T","ECO_SECTOR_TOTAL","2006",749.473,,,"T30:68","R1:3513"
"BRA","BX:356","EAR_EMTA_SEX_ECO_NB","SEX_T","ECO_SECTOR_TOTAL","2005",689.325,,,"T30:68","R1:3513"
"BRA","BX:356","EAR_EMTA_SEX_ECO_NB","SEX_T","ECO_SECTOR_TOTAL","2004",636.391,,,"T30:68","R1:3513"
"BRA","BX:356","EAR_EMTA_SEX_ECO_NB","SEX_T","ECO_SECTOR_TOTAL","2003",593.44,,,"T30:68","R1:3513"
"BRA","BX:356","EAR_EMTA_SEX_ECO_NB","SEX_T","ECO_SECTOR_TOTAL","2002",549.051,,,"T30:68","R1:3513"
"BRA","BX:356","EAR_EMTA_SEX_ECO_NB","SEX_T","ECO_SECTOR_TOTAL","2001",520.074,,,"T30:68","R1:3513"
"BRA","FX:952","EAR_EMTA_SEX_ECO_NB","SEX_T","ECO_SECTOR_TOTAL","2000",766.53,,,"T33:396_T30:68","S3:23"
"BRB","BB:15690","EAR_EMTA_SEX_ECO_NB","SEX_T","ECO_SECTOR_TOTAL","2016",2680.239,,,"T30:64","R1:3513"
"BRN","BA:8230","EAR_EMTA_SEX_ECO_NB","SEX_T","ECO_SECTOR_TOTAL","2014",1799.403,"B",,"T30:116_I11:264","R1:3513"
"BTN","BA:625","EAR_EMTA_SEX_ECO_NB","SEX_T","ECO_SECTOR_TOTAL","2025",28072.673,,,"T30:115","R1:3513"
"BTN","BA:625","EAR_EMTA_SEX_ECO_NB","SEX_T","ECO_SECTOR_TOTAL","2024",28223.457,,,"T30:115","R1:3513"
"BTN","BA:625","EAR_EMTA_SEX_ECO_NB","SEX_T","ECO_SECTOR_TOTAL","2023",26034.958,,,"T30:115","R1:3513"
"BTN","BA:625","EAR_EMTA_SEX_ECO_NB","SEX_T","ECO_SECTOR_TOTAL","2022",22169.88,,,"T30:115","R1:3513"
"BTN","BA:625","EAR_EMTA_SEX_ECO_NB","SEX_T","ECO_SECTOR_TOTAL","2021",20815.641,,,"T30:115","R1:3513"
"BTN","BA:625","EAR_EMTA_SEX_ECO_NB","SEX_T","ECO_SECTOR_TOTAL","2020",19894.841,,,"T30:115","R1:3513"
"BTN","BA:625","EAR_EMTA_SEX_ECO_NB","SEX_T","ECO_SECTOR_TOTAL","2019",19387.236,,,"T30:115","R1:3513"
"BTN","BA:625","EAR_EMTA_SEX_ECO_NB","SEX_T","ECO_SECTOR_TOTAL","2018",15743.924,,,"T30:115","R1:3513"
"BWA","BX:15710","EAR_EMTA_SEX_ECO_NB","SEX_T","ECO_SECTOR_TOTAL","2024",6545.615,,,"T30:4","R1:3513"
"BWA","BX:15710","EAR_EMTA_SEX_ECO_NB","SEX_T","ECO_SECTOR_TOTAL","2023",6490.037,,,"T30:4","R1:3513"
"BWA","BX:15710","EAR_EMTA_SEX_ECO_NB","SEX_T","ECO_SECTOR_TOTAL","2022",6088.48,,,"T30:4","R1:3513"
"BWA","BX:15710","EAR_EMTA_SEX_ECO_NB","SEX_T","ECO_SECTOR_TOTAL","2021",5511.695,,,"T30:4","R1:3513"
"BWA","BX:15710","EAR_EMTA_SEX_ECO_NB","SEX_T","ECO_SECTOR_TOTAL","2020",5218.258,,,"T30:4","R1:3513"
"BWA","BX:15710","EAR_EMTA_SEX_ECO_NB","SEX_T","ECO_SECTOR_TOTAL","2019",5122.271,"B",,"T30:4_I11:264","R1:3513"
"BWA","DA:965","EAR_EMTA_SEX_ECO_NB","SEX_T","ECO_SECTOR_TOTAL","2011",4731,,,"T33:396_T30:4",
"BWA","DA:965","EAR_EMTA_SEX_ECO_NB","SEX_T","ECO_SECTOR_TOTAL","2010",4641,,,"T33:396_T30:4",
"BWA","DA:965","EAR_EMTA_SEX_ECO_NB","SEX_T","ECO_SECTOR_TOTAL","2009",4443,,,"T33:396_T30:4",
"BWA","DA:965","EAR_EMTA_SEX_ECO_NB","SEX_T","ECO_SECTOR_TOTAL","2008",3586,,,"T30:4","S7:57"
"BWA","DA:965","EAR_EMTA_SEX_ECO_NB","SEX_T","ECO_SECTOR_TOTAL","2007",3335,,,"T30:4","S7:57"
"BWA","DA:965","EAR_EMTA_SEX_ECO_NB","SEX_T","ECO_SECTOR_TOTAL","2006",3055,,,"T30:4","S7:57"
"BWA","DA:965","EAR_EMTA_SEX_ECO_NB","SEX_T","ECO_SECTOR_TOTAL","2005",2141,,"C5:3047","T33:396_T30:4","S3:14_S5:356"
"BWA","DA:965","EAR_EMTA_SEX_ECO_NB","SEX_T","ECO_SECTOR_TOTAL","2004",1984,,"C5:3047","T33:396_T30:4","S3:20_S5:356"
"BWA","DA:965","EAR_EMTA_SEX_ECO_NB","SEX_T","ECO_SECTOR_TOTAL","2003",1719,,"C5:3047","T33:396_T30:4","S3:14_S5:356"
"BWA","DA:965","EAR_EMTA_SEX_ECO_NB","SEX_T","ECO_SECTOR_TOTAL","2002",1704,,"C5:3047","T33:396_T30:4","S3:20_S5:356"
"BWA","DA:965","EAR_EMTA_SEX_ECO_NB","SEX_T","ECO_SECTOR_TOTAL","2001",1775.5,,,"T33:396_T30:4","S3:20_S5:356"
"BWA","DA:965","EAR_EMTA_SEX_ECO_NB","SEX_T","ECO_SECTOR_TOTAL","2000",1593,,"C5:3047","T33:396_T30:4","S3:20_S5:356"
"CAN","BA:147","EAR_EMTA_SEX_ECO_NB","SEX_T","ECO_SECTOR_TOTAL","2025",5761.948,,,"T30:69","R1:3513"
"CAN","BA:147","EAR_EMTA_SEX_ECO_NB","SEX_T","ECO_SECTOR_TOTAL","2024",5590.778,,,"T30:69","R1:3513"
"CAN","BA:147","EAR_EMTA_SEX_ECO_NB","SEX_T","ECO_SECTOR_TOTAL","2023",5344.244,,,"T30:69","R1:3513"
"CAN","BA:147","EAR_EMTA_SEX_ECO_NB","SEX_T","ECO_SECTOR_TOTAL","2022",5094.704,,,"T30:69","R1:3513"
"CAN","BA:147","EAR_EMTA_SEX_ECO_NB","SEX_T","ECO_SECTOR_TOTAL","2021",4869.925,,,"T30:69","R1:3513"
"CAN","BA:147","EAR_EMTA_SEX_ECO_NB","SEX_T","ECO_SECTOR_TOTAL","2020",4770.904,,,"T30:69","R1:3513"
"CAN","BA:147","EAR_EMTA_SEX_ECO_NB","SEX_T","ECO_SECTOR_TOTAL","2019",4478.187,,,"T30:69","R1:3513"
"CAN","BA:147","EAR_EMTA_SEX_ECO_NB","SEX_T","ECO_SECTOR_TOTAL","2018",4364.59,,,"T30:69","R1:3513"
"CAN","BA:147","EAR_EMTA_SEX_ECO_NB","SEX_T","ECO_SECTOR_TOTAL","2017",4245.744,,,"T30:69","R1:3513"
"CAN","BA:147","EAR_EMTA_SEX_ECO_NB","SEX_T","ECO_SECTOR_TOTAL","2016",4181.536,,,"T30:69","R1:3513"
"CAN","BA:147","EAR_EMTA_SEX_ECO_NB","SEX_T","ECO_SECTOR_TOTAL","2015",4107.127,,,"T30:69","R1:3513"
"CAN","BA:147","EAR_EMTA_SEX_ECO_NB","SEX_T","ECO_SECTOR_TOTAL","2014",4002.604,,,"T30:69","R1:3513"
"CAN","BA:147","EAR_EMTA_SEX_ECO_NB","SEX_T","ECO_SECTOR_TOTAL","2013",3932.782,,,"T30:69","R1:3513"
"CAN","BA:147","EAR_EMTA_SEX_ECO_NB","SEX_T","ECO_SECTOR_TOTAL","2012",3849.393,,,"T30:69","R1:3513"
"CAN","BA:147","EAR_EMTA_SEX_ECO_NB","SEX_T","ECO_SECTOR_TOTAL","2011",3737.797,,,"T30:69","R1:3513"
"CAN","BA:147","EAR_EMTA_SEX_ECO_NB","SEX_T","ECO_SECTOR_TOTAL","2010",3646.086,,,"T30:69","R1:3513"
"CAN","BA:147","EAR_EMTA_SEX_ECO_NB","SEX_T","ECO_SECTOR_TOTAL","2009",3576.538,,,"T30:69","R1:3513"
"CAN","BA:147","EAR_EMTA_SEX_ECO_NB","SEX_T","ECO_SECTOR_TOTAL","2008",3478.552,,,"T30:69","R1:3513"
"CAN","BA:147","EAR_EMTA_SEX_ECO_NB","SEX_T","ECO_SECTOR_TOTAL","2007",3349.55,,,"T30:69","R1:3513"
"CAN","BA:147","EAR_EMTA_SEX_ECO_NB","SEX_T","ECO_SECTOR_TOTAL","2006",3222.631,,,"T30:69","R1:3513"
"CAN","BA:147","EAR_EMTA_SEX_ECO_NB","SEX_T","ECO_SECTOR_TOTAL","2005",3046.037,,,"T30:69","R1:3513"
"CAN","BA:147","EAR_EMTA_SEX_ECO_NB","SEX_T","ECO_SECTOR_TOTAL","2004",2945.281,,,"T30:69","R1:3513"
"CAN","BA:147","EAR_EMTA_SEX_ECO_NB","SEX_T","ECO_SECTOR_TOTAL","2003",2870.608,,,"T30:69","R1:3513"
"CAN","BA:147","EAR_EMTA_SEX_ECO_NB","SEX_T","ECO_SECTOR_TOTAL","2002",2816.565,,,"T30:69","R1:3513"
"CAN","BA:147","EAR_EMTA_SEX_ECO_NB","SEX_T","ECO_SECTOR_TOTAL","2001",2753.955,,,"T30:69","R1:3513"
"CAN","BA:147","EAR_EMTA_SEX_ECO_NB","SEX_T","ECO_SECTOR_TOTAL","2000",2668.78,,,"T30:69","R1:3513"
"CHE","BA:253","EAR_EMTA_SEX_ECO_NB","SEX_T","ECO_SECTOR_TOTAL","2025",6467.845,,,"T30:206","R1:3513"
"CHE","BA:253","EAR_EMTA_SEX_ECO_NB","SEX_T","ECO_SECTOR_TOTAL","2024",6374.793,,,"T30:206","R1:3513"
"CHE","BA:253","EAR_EMTA_SEX_ECO_NB","SEX_T","ECO_SECTOR_TOTAL","2023",6287.843,,,"T30:206","R1:3513"
"CHE","BA:253","EAR_EMTA_SEX_ECO_NB","SEX_T","ECO_SECTOR_TOTAL","2022",6137.599,,,"T30:206","R1:3513"
"CHE","BA:253","EAR_EMTA_SEX_ECO_NB","SEX_T","ECO_SECTOR_TOTAL","2021",6093.755,,,"T30:206","R1:3513"
"CHE","BA:253","EAR_EMTA_SEX_ECO_NB","SEX_T","ECO_SECTOR_TOTAL","2020",6009.231,,,"T30:206","R1:3513"
"CHE","BA:253","EAR_EMTA_SEX_ECO_NB","SEX_T","ECO_SECTOR_TOTAL","2019",5934.202,,,"T30:206","R1:3513"
"CHE","BA:253","EAR_EMTA_SEX_ECO_NB","SEX_T","ECO_SECTOR_TOTAL","2018",5876.908,,,"T30:206","R1:3513"
"CHE","BA:253","EAR_EMTA_SEX_ECO_NB","SEX_T","ECO_SECTOR_TOTAL","2017",5810.761,,,"T30:206","R1:3513"
"CHE","BA:253","EAR_EMTA_SEX_ECO_NB","SEX_T","ECO_SECTOR_TOTAL","2016",5782.768,,,"T30:206","R1:3513"
"CHE","BA:253","EAR_EMTA_SEX_ECO_NB","SEX_T","ECO_SECTOR_TOTAL","2015",5793.803,,,"T30:206","R1:3513"
"CHE","BA:253","EAR_EMTA_SEX_ECO_NB","SEX_T","ECO_SECTOR_TOTAL","2014",5735.635,,,"T30:206","R1:3513"
"CHE","BA:253","EAR_EMTA_SEX_ECO_NB","SEX_T","ECO_SECTOR_TOTAL","2013",5725.609,,,"T30:206","R1:3513"
"CHE","BA:253","EAR_EMTA_SEX_ECO_NB","SEX_T","ECO_SECTOR_TOTAL","2012",5667.628,,,"T30:206","R1:3513"
"CHE","BA:253","EAR_EMTA_SEX_ECO_NB","SEX_T","ECO_SECTOR_TOTAL","2011",5633.606,,,"T30:206","R1:3513"
"CHE","BA:253","EAR_EMTA_SEX_ECO_NB","SEX_T","ECO_SECTOR_TOTAL","2010",5574.661,,,"T30:206","R1:3513"
"CHE","BA:253","EAR_EMTA_SEX_ECO_NB","SEX_T","ECO_SECTOR_TOTAL","2009",5621.811,,,"T30:206","R1:3513"
"CHE","BA:253","EAR_EMTA_SEX_ECO_NB","SEX_T","ECO_SECTOR_TOTAL","2008",5601.425,,,"T30:206","R1:3513"
"CHE","BA:253","EAR_EMTA_SEX_ECO_NB","SEX_T","ECO_SECTOR_TOTAL","2007",5527.565,,,"T30:206","R1:3513"
"CHE","BA:253","EAR_EMTA_SEX_ECO_NB","SEX_T","ECO_SECTOR_TOTAL","2006",5362.411,,,"T30:206","R1:3513"
"CHE","BA:253","EAR_EMTA_SEX_ECO_NB","SEX_T","ECO_SECTOR_TOTAL","2005",5316.475,,,"T30:206","R1:3513"
"CHE","BA:253","EAR_EMTA_SEX_ECO_NB","SEX_T","ECO_SECTOR_TOTAL","2004",5271.404,,,"T30:206","R1:3513"
"CHE","BA:253","EAR_EMTA_SEX_ECO_NB","SEX_T","ECO_SECTOR_TOTAL","2003",5218.502,,,"T30:206","R1:3513"
"CHE","BA:253","EAR_EMTA_SEX_ECO_NB","SEX_T","ECO_SECTOR_TOTAL","2002",5128.202,,,"T30:206","R1:3513"
"CHE","BA:253","EAR_EMTA_SEX_ECO_NB","SEX_T","ECO_SECTOR_TOTAL","2001",5056.855,,,"T30:206","R1:3513"
"CHE","BA:253","EAR_EMTA_SEX_ECO_NB","SEX_T","ECO_SECTOR_TOTAL","2000",4909.632,,,"T30:206","R1:3513"
"CHL","BB:16207","EAR_EMTA_SEX_ECO_NB","SEX_T","ECO_SECTOR_TOTAL","2024",966377.602,,,"T30:74","R1:3513"
"CHL","BB:16207","EAR_EMTA_SEX_ECO_NB","SEX_T","ECO_SECTOR_TOTAL","2023",906199.753,,,"T30:74","R1:3513"
"CHL","BX:138","EAR_EMTA_SEX_ECO_NB","SEX_T","ECO_SECTOR_TOTAL","2022",760766.442,,,"T30:74","R1:3513"
"CHL","BB:16207","EAR_EMTA_SEX_ECO_NB","SEX_T","ECO_SECTOR_TOTAL","2021",740931.578,,,"T30:74","R1:3513"
"CHL","BX:138","EAR_EMTA_SEX_ECO_NB","SEX_T","ECO_SECTOR_TOTAL","2020",735678.593,,,"T30:74","R1:3513"
"CHL","DA:134","EAR_EMTA_SEX_ECO_NB","SEX_T","ECO_SECTOR_TOTAL","2019",4898.06,,,"T7:124_T8:252_T11:142_T30:74","S8:3907_S6:47"
"CHL","BB:16207","EAR_EMTA_SEX_ECO_NB","SEX_T","ECO_SECTOR_TOTAL","2018",609735.19,,,"T30:74","R1:3513"
"CHL","BX:138","EAR_EMTA_SEX_ECO_NB","SEX_T","ECO_SECTOR_TOTAL","2017",579662.172,,,"T30:74","R1:3513"
"CHL","BB:16207","EAR_EMTA_SEX_ECO_NB","SEX_T","ECO_SECTOR_TOTAL","2016",552112.084,,,"T30:74","R1:3513"
"CHL","BX:138","EAR_EMTA_SEX_ECO_NB","SEX_T","ECO_SECTOR_TOTAL","2015",511343.034,,,"T30:74","R1:3513"
"CHL","BB:16207","EAR_EMTA_SEX_ECO_NB","SEX_T","ECO_SECTOR_TOTAL","2014",504523.405,,,"T30:74","R1:3513"
"CHL","BX:138","EAR_EMTA_SEX_ECO_NB","SEX_T","ECO_SECTOR_TOTAL","2013",456173.86,,,"T30:74","R1:3513"
"CHL","BB:16207","EAR_EMTA_SEX_ECO_NB","SEX_T","ECO_SECTOR_TOTAL","2012",450473.335,,,"T30:74","R1:3513"
"CHL","BX:138","EAR_EMTA_SEX_ECO_NB","SEX_T","ECO_SECTOR_TOTAL","2011",414587.084,,,"T30:74","R1:3513"
"CHL","BB:16207","EAR_EMTA_SEX_ECO_NB","SEX_T","ECO_SECTOR_TOTAL","2010",373991.276,,,"T30:74","R1:3513"
"CHL","BX:138","EAR_EMTA_SEX_ECO_NB","SEX_T","ECO_SECTOR_TOTAL","2009",363776.901,,,"T30:74","R1:3513"
"CHL","BX:138","EAR_EMTA_SEX_ECO_NB","SEX_T","ECO_SECTOR_TOTAL","2006",283601.784,,,"T30:74","R1:3513"
"CHL","BX:138","EAR_EMTA_SEX_ECO_NB","SEX_T","ECO_SECTOR_TOTAL","2003",225378.581,,,"T30:74","R1:3513"
"CHL","BX:138","EAR_EMTA_SEX_ECO_NB","SEX_T","ECO_SECTOR_TOTAL","2000",211685.024,,,"T30:74","R1:3513"
"CHN","FX:216","EAR_EMTA_SEX_ECO_NB","SEX_T","ECO_SECTOR_TOTAL","2022",5436,,,"T12:146_T33:396_T30:118","S4:31_S7:57"
"CHN","FX:216","EAR_EMTA_SEX_ECO_NB","SEX_T","ECO_SECTOR_TOTAL","2021",5240.333,,,"T12:146_T33:396_T30:118","S4:31_S7:57"
"CHN","FX:216","EAR_EMTA_SEX_ECO_NB","SEX_T","ECO_SECTOR_TOTAL","2020",4810.583,,,"T12:146_T33:396_T30:118","S4:31_S7:57"
"CHN","FX:216","EAR_EMTA_SEX_ECO_NB","SEX_T","ECO_SECTOR_TOTAL","2019",4467,,,"T12:146_T33:396_T30:118","S4:31_S7:57"
"CHN","FX:216","EAR_EMTA_SEX_ECO_NB","SEX_T","ECO_SECTOR_TOTAL","2018",4131.25,,,"T12:146_T33:396_T30:118","S4:31_S7:57"
"CHN","FX:216","EAR_EMTA_SEX_ECO_NB","SEX_T","ECO_SECTOR_TOTAL","2017",3813.417,,,"T12:146_T33:396_T30:118","S4:31_S7:57"
"CHN","FX:216","EAR_EMTA_SEX_ECO_NB","SEX_T","ECO_SECTOR_TOTAL","2016",3569.417,,,"T12:146_T33:396_T30:118","S4:31_S7:57"
"CHN","FX:216","EAR_EMTA_SEX_ECO_NB","SEX_T","ECO_SECTOR_TOTAL","2015",3299.083,,,"T12:146_T33:396_T30:118","S4:31_S7:57"
"CHN","FX:216","EAR_EMTA_SEX_ECO_NB","SEX_T","ECO_SECTOR_TOTAL","2014",3032.5,,,"T12:146_T33:396_T30:118","S4:31_S7:57"
"CHN","FX:216","EAR_EMTA_SEX_ECO_NB","SEX_T","ECO_SECTOR_TOTAL","2013",2725.5,,,"T12:146_T33:396_T30:118","S4:31_S7:57"
"CHN","FX:216","EAR_EMTA_SEX_ECO_NB","SEX_T","ECO_SECTOR_TOTAL","2012",2396,,,"T12:146_T33:396_T30:118","S4:31_S7:57"
"CHN","FX:216","EAR_EMTA_SEX_ECO_NB","SEX_T","ECO_SECTOR_TOTAL","2011",2046.333,,,"T12:146_T33:396_T30:118","S4:31_S7:57"
"CHN","FX:216","EAR_EMTA_SEX_ECO_NB","SEX_T","ECO_SECTOR_TOTAL","2010",1729.917,,,"T12:146_T33:396_T30:118","S4:31_S7:57"
"CHN","FX:216","EAR_EMTA_SEX_ECO_NB","SEX_T","ECO_SECTOR_TOTAL","2009",1516.583,,,"T12:146_T33:396_T30:118_I11:269","S4:31_S7:57"
"CHN","DA:994","EAR_EMTA_SEX_ECO_NB","SEX_T","ECO_SECTOR_TOTAL","2008",2435.75,,,"T33:396_T30:118","S7:58"
"CHN","DA:994","EAR_EMTA_SEX_ECO_NB","SEX_T","ECO_SECTOR_TOTAL","2007",2077.67,,,"T33:396_T30:118","S7:58"
"CHN","DA:994","EAR_EMTA_SEX_ECO_NB","SEX_T","ECO_SECTOR_TOTAL","2006",1750.08,,,"T33:396_T30:118","S7:58"
"CHN","DA:994","EAR_EMTA_SEX_ECO_NB","SEX_T","ECO_SECTOR_TOTAL","2005",1530.33,,,"T33:396_T30:118","S7:58"
"CHN","DA:994","EAR_EMTA_SEX_ECO_NB","SEX_T","ECO_SECTOR_TOTAL","2004",1335,,,"T33:396_T30:118","S7:58"
"CHN","DA:994","EAR_EMTA_SEX_ECO_NB","SEX_T","ECO_SECTOR_TOTAL","2003",1170,,,"T33:396_T30:118","S7:58"
"CHN","DA:994","EAR_EMTA_SEX_ECO_NB","SEX_T","ECO_SECTOR_TOTAL","2002",1035.17,,,"T33:396_T30:118","S7:58"
"CHN","DA:994","EAR_EMTA_SEX_ECO_NB","SEX_T","ECO_SECTOR_TOTAL","2001",905.83,,,"T33:396_T30:118","S7:58"
"CHN","DA:994","EAR_EMTA_SEX_ECO_NB","SEX_T","ECO_SECTOR_TOTAL","2000",780.92,,,"T33:396_T30:118","S7:58"
"CIV","BB:16197","EAR_EMTA_SEX_ECO_NB","SEX_T","ECO_SECTOR_TOTAL","2022",128952.459,,,"T30:13","R1:3513"
"CIV","BA:7345","EAR_EMTA_SEX_ECO_NB","SEX_T","ECO_SECTOR_TOTAL","2019",135130.477,,,"T30:13","R1:3513"
"CIV","BA:14098","EAR_EMTA_SEX_ECO_NB","SEX_T","ECO_SECTOR_TOTAL","2017",110363.576,,,"T30:13","R1:3513"
"CIV","BA:7345","EAR_EMTA_SEX_ECO_NB","SEX_T","ECO_SECTOR_TOTAL","2013",114308.731,,,"T30:13","R1:3513"
"CIV","BA:7345","EAR_EMTA_SEX_ECO_NB","SEX_T","ECO_SECTOR_TOTAL","2012",76936.656,"B",,"T30:13_I11:264","R1:3513"
"CMR","BX:7419","EAR_EMTA_SEX_ECO_NB","SEX_T","ECO_SECTOR_TOTAL","2014",133259.848,,,"T30:7","R1:3513"
"COD","BX:16939","EAR_EMTA_SEX_ECO_NB","SEX_T","ECO_SECTOR_TOTAL","2016",146109.887,,,"T30:12","R1:3513_S4:33"
"COD","BA:3051","EAR_EMTA_SEX_ECO_NB","SEX_T","ECO_SECTOR_TOTAL","2012",87813.179,"B",,"T30:12_I11:264","R1:3513"
"COD","BA:3051","EAR_EMTA_SEX_ECO_NB","SEX_T","ECO_SECTOR_TOTAL","2005",13688.537,"B",,"T30:12_I11:264","R1:3513"
"COG","BA:2624","EAR_EMTA_SEX_ECO_NB","SEX_T","ECO_SECTOR_TOTAL","2009",101095.162,"B",,"T30:11_I11:264","R1:3513_S4:31"
"COK","BA:15665","EAR_EMTA_SEX_ECO_NB","SEX_T","ECO_SECTOR_TOTAL","2023",10125.126,,,"T30:213","R1:3513"
"COK","BA:15665","EAR_EMTA_SEX_ECO_NB","SEX_T","ECO_SECTOR_TOTAL","2019",1530.868,"B",,"T30:213_I11:264","R1:3513"
"COL","BA:358","EAR_EMTA_SEX_ECO_NB","SEX_T","ECO_SECTOR_TOTAL","2025",2022657.14,,,"T30:71","R1:3513"
"COL","BA:358","EAR_EMTA_SEX_ECO_NB","SEX_T","ECO_SECTOR_TOTAL","2024",1926546.622,,,"T30:71","R1:3513"
"COL","BA:358","EAR_EMTA_SEX_ECO_NB","SEX_T","ECO_SECTOR_TOTAL","2023",1724252.401,,,"T30:71","R1:3513"
"COL","BA:358","EAR_EMTA_SEX_ECO_NB","SEX_T","ECO_SECTOR_TOTAL","2022",1574407.971,"B",,"T30:71_I11:264","R1:3513"
"COL","BA:358","EAR_EMTA_SEX_ECO_NB","SEX_T","ECO_SECTOR_TOTAL","2021",1263928.922,,,"T30:71","R1:3513"
"COL","BA:358","EAR_EMTA_SEX_ECO_NB","SEX_T","ECO_SECTOR_TOTAL","2019",1236686.667,,,"T30:71","R1:3513"
"COL","BA:358","EAR_EMTA_SEX_ECO_NB","SEX_T","ECO_SECTOR_TOTAL","2018",1147142.232,,,"T30:71","R1:3513"
"COL","BA:358","EAR_EMTA_SEX_ECO_NB","SEX_T","ECO_SECTOR_TOTAL","2017",1089188.331,,,"T30:71","R1:3513"
"COL","BA:358","EAR_EMTA_SEX_ECO_NB","SEX_T","ECO_SECTOR_TOTAL","2016",1036404.645,,,"T30:71","R1:3513"
"COL","BA:358","EAR_EMTA_SEX_ECO_NB","SEX_T","ECO_SECTOR_TOTAL","2015",977329.688,,,"T30:71","R1:3513"
"COL","BA:358","EAR_EMTA_SEX_ECO_NB","SEX_T","ECO_SECTOR_TOTAL","2014",959581.069,,,"T30:71","R1:3513"
"COL","BA:358","EAR_EMTA_SEX_ECO_NB","SEX_T","ECO_SECTOR_TOTAL","2013",925139.02,,,"T30:71","R1:3513"
"COL","BA:358","EAR_EMTA_SEX_ECO_NB","SEX_T","ECO_SECTOR_TOTAL","2012",879375.151,,,"T30:71","R1:3513"
"COL","BA:358","EAR_EMTA_SEX_ECO_NB","SEX_T","ECO_SECTOR_TOTAL","2011",836036.115,,,"T30:71","R1:3513"
"COL","BA:358","EAR_EMTA_SEX_ECO_NB","SEX_T","ECO_SECTOR_TOTAL","2010",802608.039,"B",,"T30:71_I11:264","R1:3513"
"COL","BA:358","EAR_EMTA_SEX_ECO_NB","SEX_T","ECO_SECTOR_TOTAL","2009",754673.565,,,"T30:71","R1:3513"
"COL","BA:358","EAR_EMTA_SEX_ECO_NB","SEX_T","ECO_SECTOR_TOTAL","2008",770795.696,,,"T30:71","R1:3513"
"COL","BA:358","EAR_EMTA_SEX_ECO_NB","SEX_T","ECO_SECTOR_TOTAL","2007",763464.77,"B",,"T30:71_I11:264","R1:3513"
"COL","BX:2226","EAR_EMTA_SEX_ECO_NB","SEX_T","ECO_SECTOR_TOTAL","2005",562591.642,,,"T30:71","R1:3513"
"COL","BX:2226","EAR_EMTA_SEX_ECO_NB","SEX_T","ECO_SECTOR_TOTAL","2004",513021.453,,,"T30:71","R1:3513"
"COL","BX:2226","EAR_EMTA_SEX_ECO_NB","SEX_T","ECO_SECTOR_TOTAL","2003",468043.979,,,"T30:71","R1:3513"
"COL","BX:2226","EAR_EMTA_SEX_ECO_NB","SEX_T","ECO_SECTOR_TOTAL","2002",444185.891,,,"T30:71","R1:3513"
"COM","BA:14125","EAR_EMTA_SEX_ECO_NB","SEX_T","ECO_SECTOR_TOTAL","2021",105355.189,,,"T30:10","R1:3513"
"COM","BA:14125","EAR_EMTA_SEX_ECO_NB","SEX_T","ECO_SECTOR_TOTAL","2014",84376.213,,,"T30:10","R1:3513"
"COM","BX:13363","EAR_EMTA_SEX_ECO_NB","SEX_T","ECO_SECTOR_TOTAL","2004",112039.802,,,"T30:10","R1:3513"
"CPV","BA:7395","EAR_EMTA_SEX_ECO_NB","SEX_T","ECO_SECTOR_TOTAL","2015",32193.003,"B",,"T30:8_I11:264","R1:3513_T2:85"
"CRI","BA:12883","EAR_EMTA_SEX_ECO_NB","SEX_T","ECO_SECTOR_TOTAL","2025",606508.073,,,"T30:72","R1:3513"
"CRI","BA:12883","EAR_EMTA_SEX_ECO_NB","SEX_T","ECO_SECTOR_TOTAL","2024",604715.844,,,"T30:72","R1:3513"
"CRI","BA:12883","EAR_EMTA_SEX_ECO_NB","SEX_T","ECO_SECTOR_TOTAL","2023",579003.737,,,"T30:72","R1:3513"
"CRI","BA:12883","EAR_EMTA_SEX_ECO_NB","SEX_T","ECO_SECTOR_TOTAL","2022",615297.275,,,"T30:72","R1:3513"
"CRI","BA:12883","EAR_EMTA_SEX_ECO_NB","SEX_T","ECO_SECTOR_TOTAL","2021",629003.315,,,"T30:72","R1:3513"
"CRI","BA:12883","EAR_EMTA_SEX_ECO_NB","SEX_T","ECO_SECTOR_TOTAL","2020",697392.191,,,"T30:72","R1:3513"
"CRI","BA:12883","EAR_EMTA_SEX_ECO_NB","SEX_T","ECO_SECTOR_TOTAL","2019",664902.403,,,"T30:72","R1:3513"
"CRI","BA:12883","EAR_EMTA_SEX_ECO_NB","SEX_T","ECO_SECTOR_TOTAL","2018",590811.688,,,"T30:72","R1:3513"
"CRI","BA:12883","EAR_EMTA_SEX_ECO_NB","SEX_T","ECO_SECTOR_TOTAL","2017",604647.994,,,"T30:72","R1:3513"
"CRI","BX:142","EAR_EMTA_SEX_ECO_NB","SEX_T","ECO_SECTOR_TOTAL","2016",503547.601,,,"T30:72","R1:3513"
"CRI","BX:142","EAR_EMTA_SEX_ECO_NB","SEX_T","ECO_SECTOR_TOTAL","2015",498637.395,,,"T30:72","R1:3513"
"CRI","BX:142","EAR_EMTA_SEX_ECO_NB","SEX_T","ECO_SECTOR_TOTAL","2014",486979.629,,,"T30:72","R1:3513"
"CRI","BX:142","EAR_EMTA_SEX_ECO_NB","SEX_T","ECO_SECTOR_TOTAL","2013",473389.803,,,"T30:72","R1:3513"
"CRI","BX:142","EAR_EMTA_SEX_ECO_NB","SEX_T","ECO_SECTOR_TOTAL","2012",435125.827,,,"T30:72","R1:3513"
"CRI","BX:142","EAR_EMTA_SEX_ECO_NB","SEX_T","ECO_SECTOR_TOTAL","2011",391602.263,,,"T33:396_T30:72","S3:18"
"CRI","BX:142","EAR_EMTA_SEX_ECO_NB","SEX_T","ECO_SECTOR_TOTAL","2010",374645.139,,,"T30:72","R1:3513"
"CRI","BX:142","EAR_EMTA_SEX_ECO_NB","SEX_T","ECO_SECTOR_TOTAL","2008",576699,,,"T11:142_T33:396_T30:72","S3:18"
"CRI","BX:7407","EAR_EMTA_SEX_ECO_NB","SEX_T","ECO_SECTOR_TOTAL","2007",235611.362,,,"T30:72","R1:3513"
"CRI","BX:7407","EAR_EMTA_SEX_ECO_NB","SEX_T","ECO_SECTOR_TOTAL","2006",207932.65,,,"T30:72","R1:3513"
"CRI","BX:142","EAR_EMTA_SEX_ECO_NB","SEX_T","ECO_SECTOR_TOTAL","2005",385737,,,"T11:142_T33:396_T30:72","S3:18"
"CRI","BX:142","EAR_EMTA_SEX_ECO_NB","SEX_T","ECO_SECTOR_TOTAL","2004",166804,,,"T11:142_T33:396_T30:72","S3:18"
"CRI","BX:7407","EAR_EMTA_SEX_ECO_NB","SEX_T","ECO_SECTOR_TOTAL","2003",152514.108,,,"T30:72","R1:3513"
"CRI","BX:7407","EAR_EMTA_SEX_ECO_NB","SEX_T","ECO_SECTOR_TOTAL","2002",140127.922,,,"T30:72","R1:3513"
"CRI","BX:142","EAR_EMTA_SEX_ECO_NB","SEX_T","ECO_SECTOR_TOTAL","2001",132037,,,"T11:142_T33:396_T30:72","S3:18"
"CRI","BX:142","EAR_EMTA_SEX_ECO_NB","SEX_T","ECO_SECTOR_TOTAL","2000",106272,,,"T11:142_T33:396_T30:72","S3:18"
"CUB","BA:361","EAR_EMTA_SEX_ECO_NB","SEX_T","ECO_SECTOR_TOTAL","2010",448,,,"T11:142_T33:396_T30:73",
"CUB","BA:361","EAR_EMTA_SEX_ECO_NB","SEX_T","ECO_SECTOR_TOTAL","2009",429,,,"T11:142_T33:396_T30:73",
"CUW","BA:12900","EAR_EMTA_SEX_ECO_NB","SEX_T","ECO_SECTOR_TOTAL","2018",2675.09,,,"I20:3359_T8:252_T9:131_T10:139_T30:376","S3:11"
"CYP","BB:459","EAR_EMTA_SEX_ECO_NB","SEX_T","ECO_SECTOR_TOTAL","2025",2908.82,,,"T30:168","R1:3513_T2:85"
"CYP","BB:459","EAR_EMTA_SEX_ECO_NB","SEX_T","ECO_SECTOR_TOTAL","2024",2697.7,,,"T30:168","R1:3513_T2:85"
"CYP","BB:459","EAR_EMTA_SEX_ECO_NB","SEX_T","ECO_SECTOR_TOTAL","2023",2525.936,,,"T30:168","R1:3513_T2:85"
"CYP","BB:459","EAR_EMTA_SEX_ECO_NB","SEX_T","ECO_SECTOR_TOTAL","2022",2449.37,,,"T30:168","R1:3513_T2:85"
"CYP","BB:459","EAR_EMTA_SEX_ECO_NB","SEX_T","ECO_SECTOR_TOTAL","2021",2289.298,,,"T30:168","R1:3513_T2:85"
"CYP","BB:459","EAR_EMTA_SEX_ECO_NB","SEX_T","ECO_SECTOR_TOTAL","2020",2242.566,,,"T30:168","R1:3513_T2:85"
"CYP","BB:459","EAR_EMTA_SEX_ECO_NB","SEX_T","ECO_SECTOR_TOTAL","2019",2098.31,,,"T30:168","R1:3513_T2:85"
"CYP","BB:459","EAR_EMTA_SEX_ECO_NB","SEX_T","ECO_SECTOR_TOTAL","2018",2017.198,,,"T30:168","R1:3513_T2:85"
"CYP","BB:459","EAR_EMTA_SEX_ECO_NB","SEX_T","ECO_SECTOR_TOTAL","2017",2037.965,,,"T30:168","R1:3513_T2:85"
"CYP","BB:459","EAR_EMTA_SEX_ECO_NB","SEX_T","ECO_SECTOR_TOTAL","2016",2071.341,,,"T30:168","R1:3513_T2:85"
"CYP","BB:459","EAR_EMTA_SEX_ECO_NB","SEX_T","ECO_SECTOR_TOTAL","2015",2085.565,,,"T30:168","R1:3513_T2:85"
"CYP","BB:459","EAR_EMTA_SEX_ECO_NB","SEX_T","ECO_SECTOR_TOTAL","2014",2125.001,,,"T30:168","R1:3513_T2:85"
"CYP","BB:459","EAR_EMTA_SEX_ECO_NB","SEX_T","ECO_SECTOR_TOTAL","2013",2281.072,,,"T30:168","R1:3513_T2:85"
"CYP","BB:459","EAR_EMTA_SEX_ECO_NB","SEX_T","ECO_SECTOR_TOTAL","2012",2326.989,,,"T30:168","R1:3513_T2:85"
"CYP","BB:459","EAR_EMTA_SEX_ECO_NB","SEX_T","ECO_SECTOR_TOTAL","2011",2227.478,,,"T30:168","R1:3513_T2:85"
"CYP","BB:459","EAR_EMTA_SEX_ECO_NB","SEX_T","ECO_SECTOR_TOTAL","2010",2129.498,,,"T30:168","R1:3513_T2:85"
"CYP","BB:459","EAR_EMTA_SEX_ECO_NB","SEX_T","ECO_SECTOR_TOTAL","2009",2067.263,,,"T30:168","R1:3513_T2:85"
"CYP","BB:459","EAR_EMTA_SEX_ECO_NB","SEX_T","ECO_SECTOR_TOTAL","2008",1998.422,,,"T30:168","R1:3513_T2:85"
"CYP","BB:459","EAR_EMTA_SEX_ECO_NB","SEX_T","ECO_SECTOR_TOTAL","2007",2041.872,,,"T30:168","R1:3513_T2:85"
"CYP","BB:459","EAR_EMTA_SEX_ECO_NB","SEX_T","ECO_SECTOR_TOTAL","2006",1654.774,,,"T30:168","R1:3513_T2:85"
"CYP","BB:459","EAR_EMTA_SEX_ECO_NB","SEX_T","ECO_SECTOR_TOTAL","2005",1539.471,,,"T30:168","R1:3513_T2:85"
"CYP","DA:1042","EAR_EMTA_SEX_ECO_NB","SEX_T","ECO_SECTOR_TOTAL","2004",1134.69,,,"T33:396_T30:279","S3:21_S9:68_S9:391"
"CYP","DA:1042","EAR_EMTA_SEX_ECO_NB","SEX_T","ECO_SECTOR_TOTAL","2003",1108.29,,,"T33:396_T30:279","S3:21_S9:68_S9:391"
"CYP","DA:1042","EAR_EMTA_SEX_ECO_NB","SEX_T","ECO_SECTOR_TOTAL","2002",1032.54,,,"T33:396_T30:279","S3:21_S9:68_S9:391"
"CYP","DA:1042","EAR_EMTA_SEX_ECO_NB","SEX_T","ECO_SECTOR_TOTAL","2001",998.64,,,"T33:396_T30:279","S3:21_S9:68_S9:391"
"CYP","DA:1042","EAR_EMTA_SEX_ECO_NB","SEX_T","ECO_SECTOR_TOTAL","2000",973.97,,,"T33:396_T30:279","S3:21_S9:68_S9:391"
"CZE","BB:301","EAR_EMTA_SEX_ECO_NB","SEX_T","ECO_SECTOR_TOTAL","2025",2403.911,,,"T30:387","R1:3513_T2:85"
"CZE","BB:301","EAR_EMTA_SEX_ECO_NB","SEX_T","ECO_SECTOR_TOTAL","2024",2378.254,,,"T30:387","R1:3513_T2:85"
"CZE","BB:301","EAR_EMTA_SEX_ECO_NB","SEX_T","ECO_SECTOR_TOTAL","2023",2193.188,,,"T30:387","R1:3513_T2:85"
"CZE","BB:301","EAR_EMTA_SEX_ECO_NB","SEX_T","ECO_SECTOR_TOTAL","2022",1970.678,,,"T30:387","R1:3513_T2:85"
"CZE","BB:301","EAR_EMTA_SEX_ECO_NB","SEX_T","ECO_SECTOR_TOTAL","2021",1838.401,,,"T30:387","R1:3513_T2:85"
"CZE","BB:301","EAR_EMTA_SEX_ECO_NB","SEX_T","ECO_SECTOR_TOTAL","2020",1815.723,,,"T30:387","R1:3513_T2:85"
"CZE","BB:301","EAR_EMTA_SEX_ECO_NB","SEX_T","ECO_SECTOR_TOTAL","2019",1664.638,,,"T30:387","R1:3513_T2:85"
"CZE","BB:301","EAR_EMTA_SEX_ECO_NB","SEX_T","ECO_SECTOR_TOTAL","2018",1477.487,,,"T30:387","R1:3513_T2:85"
"CZE","BB:301","EAR_EMTA_SEX_ECO_NB","SEX_T","ECO_SECTOR_TOTAL","2017",1339.2,,,"T30:387","R1:3513_T2:85"
"CZE","BB:301","EAR_EMTA_SEX_ECO_NB","SEX_T","ECO_SECTOR_TOTAL","2016",1270.884,,,"T30:387","R1:3513_T2:85"
"CZE","BB:301","EAR_EMTA_SEX_ECO_NB","SEX_T","ECO_SECTOR_TOTAL","2015",1210.369,,,"T30:387","R1:3513_T2:85"
"CZE","BB:301","EAR_EMTA_SEX_ECO_NB","SEX_T","ECO_SECTOR_TOTAL","2014",1230.416,,,"T30:387","R1:3513_T2:85"
"CZE","BB:301","EAR_EMTA_SEX_ECO_NB","SEX_T","ECO_SECTOR_TOTAL","2013",1247.865,,,"T30:387","R1:3513_T2:85"
"CZE","BB:301","EAR_EMTA_SEX_ECO_NB","SEX_T","ECO_SECTOR_TOTAL","2012",1277.034,,,"T30:387","R1:3513_T2:85"
"CZE","BB:301","EAR_EMTA_SEX_ECO_NB","SEX_T","ECO_SECTOR_TOTAL","2011",1206.371,,,"T30:387","R1:3513_T2:85"
"CZE","BB:301","EAR_EMTA_SEX_ECO_NB","SEX_T","ECO_SECTOR_TOTAL","2010",1113.785,,,"T30:387","R1:3513_T2:85"
"CZE","BB:301","EAR_EMTA_SEX_ECO_NB","SEX_T","ECO_SECTOR_TOTAL","2009",1185.811,,,"T30:387","R1:3513_T2:85"
"CZE","BB:301","EAR_EMTA_SEX_ECO_NB","SEX_T","ECO_SECTOR_TOTAL","2008",999.148,,,"T30:387","R1:3513_T2:85"
"CZE","BB:301","EAR_EMTA_SEX_ECO_NB","SEX_T","ECO_SECTOR_TOTAL","2007",906.835,,,"T30:387","R1:3513_T2:85"
"CZE","BB:301","EAR_EMTA_SEX_ECO_NB","SEX_T","ECO_SECTOR_TOTAL","2006",592.435,,,"T30:387","R1:3513_T2:85"
"CZE","BB:301","EAR_EMTA_SEX_ECO_NB","SEX_T","ECO_SECTOR_TOTAL","2005",517.309,,,"T30:387","R1:3513_T2:85"
"CZE","DA:1050","EAR_EMTA_SEX_ECO_NB","SEX_T","ECO_SECTOR_TOTAL","2004",16930,,,"T33:396_T30:169",
"CZE","DA:1050","EAR_EMTA_SEX_ECO_NB","SEX_T","ECO_SECTOR_TOTAL","2003",15906,,,"T33:396_T30:169",
"CZE","DA:1050","EAR_EMTA_SEX_ECO_NB","SEX_T","ECO_SECTOR_TOTAL","2002",15000,,,"T33:396_T30:169",
"CZE","DA:1050","EAR_EMTA_SEX_ECO_NB","SEX_T","ECO_SECTOR_TOTAL","2001",13914,,,"T33:396_T30:169",
"CZE","DA:1050","EAR_EMTA_SEX_ECO_NB","SEX_T","ECO_SECTOR_TOTAL","2000",12831,,,"T33:396_T30:169",
"DEU","BB:5863","EAR_EMTA_SEX_ECO_NB","SEX_T","ECO_SECTOR_TOTAL","2022",4412.67,,,"T30:176","R1:3513_T2:85"
"DEU","BB:5863","EAR_EMTA_SEX_ECO_NB","SEX_T","ECO_SECTOR_TOTAL","2021",4328.863,,,"T30:176","R1:3513_T2:85"
"DEU","BB:5863","EAR_EMTA_SEX_ECO_NB","SEX_T","ECO_SECTOR_TOTAL","2020",4526.288,,,"T30:176","R1:3513_T2:85"
"DEU","BB:5863","EAR_EMTA_SEX_ECO_NB","SEX_T","ECO_SECTOR_TOTAL","2019",3074.658,,,"T30:176","R1:3513_T2:85"
"DEU","BB:5863","EAR_EMTA_SEX_ECO_NB","SEX_T","ECO_SECTOR_TOTAL","2018",2941.702,,,"T30:176","R1:3513_T2:85"
"DEU","BB:5863","EAR_EMTA_SEX_ECO_NB","SEX_T","ECO_SECTOR_TOTAL","2017",2850.34,,,"T30:176","R1:3513_T2:85"
"DEU","BB:5863","EAR_EMTA_SEX_ECO_NB","SEX_T","ECO_SECTOR_TOTAL","2016",2809.846,,,"T30:176","R1:3513_T2:85"
"DEU","BB:5863","EAR_EMTA_SEX_ECO_NB","SEX_T","ECO_SECTOR_TOTAL","2015",2778.176,,,"T30:176","R1:3513_T2:85"
"DEU","BB:5863","EAR_EMTA_SEX_ECO_NB","SEX_T","ECO_SECTOR_TOTAL","2014",2675.679,,,"T30:176","R1:3513_T2:85"
"DEU","BB:5863","EAR_EMTA_SEX_ECO_NB","SEX_T","ECO_SECTOR_TOTAL","2013",2633.832,,,"T30:176","R1:3513_T2:85"
"DEU","BB:5863","EAR_EMTA_SEX_ECO_NB","SEX_T","ECO_SECTOR_TOTAL","2012",2557.461,,,"T30:176","R1:3513_T2:85"
"DEU","BB:5863","EAR_EMTA_SEX_ECO_NB","SEX_T","ECO_SECTOR_TOTAL","2011",2486.438,,,"T30:176","R1:3513_T2:85"
"DEU","BB:5863","EAR_EMTA_SEX_ECO_NB","SEX_T","ECO_SECTOR_TOTAL","2010",2450.176,,,"T30:176","R1:3513_T2:85"
"DEU","BB:5863","EAR_EMTA_SEX_ECO_NB","SEX_T","ECO_SECTOR_TOTAL","2009",2466.733,,,"T30:176","R1:3513_T2:85"
"DEU","BB:5863","EAR_EMTA_SEX_ECO_NB","SEX_T","ECO_SECTOR_TOTAL","2008",2405.914,,,"T30:176","R1:3513_T2:85"
"DEU","BB:5863","EAR_EMTA_SEX_ECO_NB","SEX_T","ECO_SECTOR_TOTAL","2007",2363.375,,,"T30:176","R1:3513_T2:85"
"DEU","BB:5863","EAR_EMTA_SEX_ECO_NB","SEX_T","ECO_SECTOR_TOTAL","2006",2084.674,,,"T30:176","R1:3513_T2:85"
"DEU","BB:5863","EAR_EMTA_SEX_ECO_NB","SEX_T","ECO_SECTOR_TOTAL","2005",2563.163,,,"T30:176","R1:3513_T2:85"
"DJI","BX:15732","EAR_EMTA_SEX_ECO_NB","SEX_T","ECO_SECTOR_TOTAL","2017",95504.295,"B",,"T30:14_I11:264","R1:3513"
"DNK","BB:3070","EAR_EMTA_SEX_ECO_NB","SEX_T","ECO_SECTOR_TOTAL","2025",6187.68,,,"T30:388","R1:3513_T2:85"
"DNK","BB:3070","EAR_EMTA_SEX_ECO_NB","SEX_T","ECO_SECTOR_TOTAL","2024",5853.421,,,"T30:388","R1:3513_T2:85"
"DNK","BB:3070","EAR_EMTA_SEX_ECO_NB","SEX_T","ECO_SECTOR_TOTAL","2023",5643.147,,,"T30:388","R1:3513_T2:85"
"DNK","BB:3070","EAR_EMTA_SEX_ECO_NB","SEX_T","ECO_SECTOR_TOTAL","2022",5591.617,,,"T30:388","R1:3513_T2:85"
"DNK","BB:3070","EAR_EMTA_SEX_ECO_NB","SEX_T","ECO_SECTOR_TOTAL","2021",5503.67,,,"T30:388","R1:3513_T2:85"
"DNK","BB:3070","EAR_EMTA_SEX_ECO_NB","SEX_T","ECO_SECTOR_TOTAL","2020",5144.75,,,"T30:388","R1:3513_T2:85"
"DNK","BB:3070","EAR_EMTA_SEX_ECO_NB","SEX_T","ECO_SECTOR_TOTAL","2019",4703.634,,,"T30:388","R1:3513_T2:85"
"DNK","BB:3070","EAR_EMTA_SEX_ECO_NB","SEX_T","ECO_SECTOR_TOTAL","2018",4577.822,,,"T30:388","R1:3513_T2:85"
"DNK","BB:3070","EAR_EMTA_SEX_ECO_NB","SEX_T","ECO_SECTOR_TOTAL","2017",4501.776,,,"T30:388","R1:3513_T2:85"
"DNK","BB:3070","EAR_EMTA_SEX_ECO_NB","SEX_T","ECO_SECTOR_TOTAL","2016",4431.506,,,"T30:388","R1:3513_T2:85"
"DNK","BB:3070","EAR_EMTA_SEX_ECO_NB","SEX_T","ECO_SECTOR_TOTAL","2015",4444.607,,,"T30:388","R1:3513_T2:85"
"DNK","BB:3070","EAR_EMTA_SEX_ECO_NB","SEX_T","ECO_SECTOR_TOTAL","2014",4349.565,,,"T30:388","R1:3513_T2:85"
"DNK","BB:3070","EAR_EMTA_SEX_ECO_NB","SEX_T","ECO_SECTOR_TOTAL","2013",4228.354,,,"T30:388","R1:3513_T2:85"
"DNK","BB:3070","EAR_EMTA_SEX_ECO_NB","SEX_T","ECO_SECTOR_TOTAL","2012",4147.471,,,"T30:388","R1:3513_T2:85"
"DNK","BB:3070","EAR_EMTA_SEX_ECO_NB","SEX_T","ECO_SECTOR_TOTAL","2011",4028.668,,,"T30:388","R1:3513_T2:85"
"DNK","BB:3070","EAR_EMTA_SEX_ECO_NB","SEX_T","ECO_SECTOR_TOTAL","2010",3878.93,,,"T30:388","R1:3513_T2:85"
"DNK","BB:3070","EAR_EMTA_SEX_ECO_NB","SEX_T","ECO_SECTOR_TOTAL","2009",4136.57,,,"T30:388","R1:3513_T2:85"
"DNK","BB:3070","EAR_EMTA_SEX_ECO_NB","SEX_T","ECO_SECTOR_TOTAL","2008",3999.197,,,"T30:388","R1:3513_T2:85"
"DNK","BB:3070","EAR_EMTA_SEX_ECO_NB","SEX_T","ECO_SECTOR_TOTAL","2007",3837.598,,,"T30:388","R1:3513_T2:85"
"DNK","BB:3070","EAR_EMTA_SEX_ECO_NB","SEX_T","ECO_SECTOR_TOTAL","2006",3243.664,,,"T30:388","R1:3513_T2:85"
"DNK","BB:3070","EAR_EMTA_SEX_ECO_NB","SEX_T","ECO_SECTOR_TOTAL","2005",3141.032,,,"T30:388","R1:3513_T2:85"
"DNK","BB:3070","EAR_EMTA_SEX_ECO_NB","SEX_T","ECO_SECTOR_TOTAL","2004",3081.485,,,"T30:388","R1:3513_T2:85"
"DOM","BA:13413","EAR_EMTA_SEX_ECO_NB","SEX_T","ECO_SECTOR_TOTAL","2025",30072.139,,,"T30:76","R1:3513"
"DOM","BA:13413","EAR_EMTA_SEX_ECO_NB","SEX_T","ECO_SECTOR_TOTAL","2024",27621.256,,,"T30:76","R1:3513"
"DOM","BA:13413","EAR_EMTA_SEX_ECO_NB","SEX_T","ECO_SECTOR_TOTAL","2023",25548.746,,,"T30:76","R1:3513"
"DOM","BA:13413","EAR_EMTA_SEX_ECO_NB","SEX_T","ECO_SECTOR_TOTAL","2022",22602.613,,,"T30:76","R1:3513"
"DOM","BA:13413","EAR_EMTA_SEX_ECO_NB","SEX_T","ECO_SECTOR_TOTAL","2021",20473.529,,,"T30:76","R1:3513"
"DOM","BA:13413","EAR_EMTA_SEX_ECO_NB","SEX_T","ECO_SECTOR_TOTAL","2020",19206.503,"B",,"T30:76_I11:264","R1:3513"
"DOM","BA:13413","EAR_EMTA_SEX_ECO_NB","SEX_T","ECO_SECTOR_TOTAL","2019",16884.531,,,"T30:76","R1:3513"
"DOM","BA:13413","EAR_EMTA_SEX_ECO_NB","SEX_T","ECO_SECTOR_TOTAL","2018",15971.025,,,"T30:76","R1:3513"
"DOM","BA:13413","EAR_EMTA_SEX_ECO_NB","SEX_T","ECO_SECTOR_TOTAL","2017",14544.43,,,"T30:76","R1:3513"
"DOM","BA:13413","EAR_EMTA_SEX_ECO_NB","SEX_T","ECO_SECTOR_TOTAL","2016",13570.556,,,"T30:76","R1:3513"
"DOM","BA:13413","EAR_EMTA_SEX_ECO_NB","SEX_T","ECO_SECTOR_TOTAL","2015",13062.85,"B",,"T30:76_I11:264","R1:3513"
"DOM","BA:3","EAR_EMTA_SEX_ECO_NB","SEX_T","ECO_SECTOR_TOTAL","2014",13895.798,,,"T30:76","R1:3513"
"DOM","BA:3","EAR_EMTA_SEX_ECO_NB","SEX_T","ECO_SECTOR_TOTAL","2013",13371.922,,,"T30:76","R1:3513"
"DOM","BA:3","EAR_EMTA_SEX_ECO_NB","SEX_T","ECO_SECTOR_TOTAL","2012",13259.004,,,"T30:76","R1:3513"
"DOM","BA:3","EAR_EMTA_SEX_ECO_NB","SEX_T","ECO_SECTOR_TOTAL","2011",12128.816,,,"T30:76","R1:3513"
"DOM","BA:3","EAR_EMTA_SEX_ECO_NB","SEX_T","ECO_SECTOR_TOTAL","2010",11326.755,,,"T30:76","R1:3513"
"DOM","BA:3","EAR_EMTA_SEX_ECO_NB","SEX_T","ECO_SECTOR_TOTAL","2009",11038.588,,,"T30:76","R1:3513"
"DOM","BA:3","EAR_EMTA_SEX_ECO_NB","SEX_T","ECO_SECTOR_TOTAL","2008",10298.722,,,"T30:76","R1:3513"
"DOM","BA:3","EAR_EMTA_SEX_ECO_NB","SEX_T","ECO_SECTOR_TOTAL","2007",9217.967,,,"T30:76","R1:3513"
"DOM","BA:3","EAR_EMTA_SEX_ECO_NB","SEX_T","ECO_SECTOR_TOTAL","2006",8588.013,,,"T30:76","R1:3513"
"DOM","BA:3","EAR_EMTA_SEX_ECO_NB","SEX_T","ECO_SECTOR_TOTAL","2005",7753.122,,,"T30:76","R1:3513"
"DOM","BA:3","EAR_EMTA_SEX_ECO_NB","SEX_T","ECO_SECTOR_TOTAL","2004",6774.098,,,"T30:76","R1:3513"
"DOM","BA:3","EAR_EMTA_SEX_ECO_NB","SEX_T","ECO_SECTOR_TOTAL","2003",5598.878,,,"T30:76","R1:3513"
"DOM","BA:3","EAR_EMTA_SEX_ECO_NB","SEX_T","ECO_SECTOR_TOTAL","2002",5157.613,,,"T30:76","R1:3513"
"DOM","BA:3","EAR_EMTA_SEX_ECO_NB","SEX_T","ECO_SECTOR_TOTAL","2001",5070.581,,,"T30:76","R1:3513"
"DOM","BA:3","EAR_EMTA_SEX_ECO_NB","SEX_T","ECO_SECTOR_TOTAL","2000",4704.57,"B",,"T30:76_I11:264","R1:3513"
"ECU","BA:19","EAR_EMTA_SEX_ECO_NB","SEX_T","ECO_SECTOR_TOTAL","2025",538.453,,,"T30:77","R1:3513"
"ECU","BA:19","EAR_EMTA_SEX_ECO_NB","SEX_T","ECO_SECTOR_TOTAL","2024",525.094,,,"T30:77","R1:3513"
"ECU","BA:19","EAR_EMTA_SEX_ECO_NB","SEX_T","ECO_SECTOR_TOTAL","2023",509.086,,,"T30:77","R1:3513"
"ECU","BA:19","EAR_EMTA_SEX_ECO_NB","SEX_T","ECO_SECTOR_TOTAL","2022",499.383,,,"T30:77","R1:3513"
"ECU","BA:19","EAR_EMTA_SEX_ECO_NB","SEX_T","ECO_SECTOR_TOTAL","2021",482.378,,,"T30:77","R1:3513"
"ECU","BA:19","EAR_EMTA_SEX_ECO_NB","SEX_T","ECO_SECTOR_TOTAL","2020",472.334,"B",,"T30:77_I11:264","R1:3513"
"ECU","BA:19","EAR_EMTA_SEX_ECO_NB","SEX_T","ECO_SECTOR_TOTAL","2019",512.064,,,"T30:77","R1:3513"
"ECU","BA:19","EAR_EMTA_SEX_ECO_NB","SEX_T","ECO_SECTOR_TOTAL","2018",514.6,,,"T30:77","R1:3513"
"ECU","BA:19","EAR_EMTA_SEX_ECO_NB","SEX_T","ECO_SECTOR_TOTAL","2017",500.091,,,"T30:77","R1:3513"
"ECU","BA:19","EAR_EMTA_SEX_ECO_NB","SEX_T","ECO_SECTOR_TOTAL","2016",498.023,,,"T30:77","R1:3513"
"ECU","BA:19","EAR_EMTA_SEX_ECO_NB","SEX_T","ECO_SECTOR_TOTAL","2015",498.46,,,"T30:77","R1:3513"
"ECU","BA:19","EAR_EMTA_SEX_ECO_NB","SEX_T","ECO_SECTOR_TOTAL","2014",484.434,,,"T30:77","R1:3513"
"ECU","BA:19","EAR_EMTA_SEX_ECO_NB","SEX_T","ECO_SECTOR_TOTAL","2013",450.818,,,"T30:77","R1:3513"
"ECU","BA:19","EAR_EMTA_SEX_ECO_NB","SEX_T","ECO_SECTOR_TOTAL","2012",408.62,"B",,"T30:77_I11:264","R1:3513"
"ECU","BA:19","EAR_EMTA_SEX_ECO_NB","SEX_T","ECO_SECTOR_TOTAL","2011",386.555,,,"T30:77","R1:3513"
"ECU","BA:19","EAR_EMTA_SEX_ECO_NB","SEX_T","ECO_SECTOR_TOTAL","2010",354.506,,,"T30:77","R1:3513"
"ECU","BA:19","EAR_EMTA_SEX_ECO_NB","SEX_T","ECO_SECTOR_TOTAL","2009",317,,,"T30:77","R1:3513"
"ECU","BA:19","EAR_EMTA_SEX_ECO_NB","SEX_T","ECO_SECTOR_TOTAL","2008",298.705,,,"T30:77","R1:3513"
"ECU","BA:19","EAR_EMTA_SEX_ECO_NB","SEX_T","ECO_SECTOR_TOTAL","2007",280.923,,,"T30:77","R1:3513"
"ECU","BA:19","EAR_EMTA_SEX_ECO_NB","SEX_T","ECO_SECTOR_TOTAL","2006",258.327,"B",,"T30:77_I11:264","R1:3513"
"ECU","BA:19","EAR_EMTA_SEX_ECO_NB","SEX_T","ECO_SECTOR_TOTAL","2005",242.427,,,"T30:77","R1:3513"
"ECU","BA:19","EAR_EMTA_SEX_ECO_NB","SEX_T","ECO_SECTOR_TOTAL","2004",229.958,,,"T30:77","R1:3513"
"ECU","BA:19","EAR_EMTA_SEX_ECO_NB","SEX_T","ECO_SECTOR_TOTAL","2003",207.696,,,"T30:77","R1:3513"
"ECU","BA:19","EAR_EMTA_SEX_ECO_NB","SEX_T","ECO_SECTOR_TOTAL","2001",160.006,"B",,"T30:77_I11:264","R1:3513"
"EGY","BA:582","EAR_EMTA_SEX_ECO_NB","SEX_T","ECO_SECTOR_TOTAL","2024",4953.561,"B",,"T30:15_I11:264","R1:3513"
"EGY","BA:582","EAR_EMTA_SEX_ECO_NB","SEX_T","ECO_SECTOR_TOTAL","2023",3889.176,,,"T30:15","R1:3513"
"EGY","BA:582","EAR_EMTA_SEX_ECO_NB","SEX_T","ECO_SECTOR_TOTAL","2022",3241.331,,,"T30:15","R1:3513"
"EGY","BA:582","EAR_EMTA_SEX_ECO_NB","SEX_T","ECO_SECTOR_TOTAL","2021",2912.839,,,"T30:15","R1:3513"
"EGY","BA:582","EAR_EMTA_SEX_ECO_NB","SEX_T","ECO_SECTOR_TOTAL","2020",2705.454,,,"T30:15","R1:3513"
"EGY","BA:582","EAR_EMTA_SEX_ECO_NB","SEX_T","ECO_SECTOR_TOTAL","2019",2592.565,,,"T30:15","R1:3513"
"EGY","BA:582","EAR_EMTA_SEX_ECO_NB","SEX_T","ECO_SECTOR_TOTAL","2018",2245.307,,,"T30:15","R1:3513"
"EGY","BA:582","EAR_EMTA_SEX_ECO_NB","SEX_T","ECO_SECTOR_TOTAL","2017",2153.413,,,"T30:15","R1:3513"
"EGY","BA:582","EAR_EMTA_SEX_ECO_NB","SEX_T","ECO_SECTOR_TOTAL","2016",1961.061,"B",,"T30:15_I11:264","R1:3513"
"EGY","BA:582","EAR_EMTA_SEX_ECO_NB","SEX_T","ECO_SECTOR_TOTAL","2015",1816.641,,,"T30:15","R1:3513"
"EGY","BA:582","EAR_EMTA_SEX_ECO_NB","SEX_T","ECO_SECTOR_TOTAL","2013",1398.949,,,"T30:15","R1:3513"
"EGY","BA:582","EAR_EMTA_SEX_ECO_NB","SEX_T","ECO_SECTOR_TOTAL","2012",1296.577,,,"T30:15","R1:3513"
"EGY","BA:582","EAR_EMTA_SEX_ECO_NB","SEX_T","ECO_SECTOR_TOTAL","2011",953.332,,,"T30:15","R1:3513"
"EGY","BA:582","EAR_EMTA_SEX_ECO_NB","SEX_T","ECO_SECTOR_TOTAL","2010",760.359,,,"T30:15","R1:3513"
"EGY","BA:582","EAR_EMTA_SEX_ECO_NB","SEX_T","ECO_SECTOR_TOTAL","2009",240.272,,,"T30:15","R1:3513"
"EGY","BA:582","EAR_EMTA_SEX_ECO_NB","SEX_T","ECO_SECTOR_TOTAL","2008",71.235,"B",,"T30:15_I11:264","R1:3513"
"EGY","CA:1102","EAR_EMTA_SEX_ECO_NB","SEX_T","ECO_SECTOR_TOTAL","2007",252,,,"T7:122_T33:396_T30:15","S3:21_S9:67_S6:48"
"EGY","CA:1102","EAR_EMTA_SEX_ECO_NB","SEX_T","ECO_SECTOR_TOTAL","2006",229,,,"T7:122_T33:396_T30:15","S3:21_S9:67_S6:48"
"EGY","CA:1102","EAR_EMTA_SEX_ECO_NB","SEX_T","ECO_SECTOR_TOTAL","2005",207,,,"T7:122_T33:396_T30:15","S3:21_S9:67_S6:48"
"EGY","CA:1102","EAR_EMTA_SEX_ECO_NB","SEX_T","ECO_SECTOR_TOTAL","2004",190,,,"T7:122_T33:396_T30:15","S3:21_S9:67_S6:48"
"EGY","CA:1102","EAR_EMTA_SEX_ECO_NB","SEX_T","ECO_SECTOR_TOTAL","2003",174,,,"T7:122_T33:396_T30:15","S3:21_S9:67_S6:48"
"EGY","CA:1102","EAR_EMTA_SEX_ECO_NB","SEX_T","ECO_SECTOR_TOTAL","2002",163,,,"T7:122_T33:396_T30:15","S3:21_S9:67_S6:48"
"EGY","CA:1102","EAR_EMTA_SEX_ECO_NB","SEX_T","ECO_SECTOR_TOTAL","2001",154,,,"T7:122_T33:396_T30:15","S3:21_S9:67_S6:48"
"EGY","CA:1102","EAR_EMTA_SEX_ECO_NB","SEX_T","ECO_SECTOR_TOTAL","2000",162,,,"T7:122_T33:396_T30:15","S3:21_S9:67_S6:48"
"ESP","BB:3071","EAR_EMTA_SEX_ECO_NB","SEX_T","ECO_SECTOR_TOTAL","2025",3162.954,,,"T30:171","R1:3513_T2:85"
"ESP","BB:3071","EAR_EMTA_SEX_ECO_NB","SEX_T","ECO_SECTOR_TOTAL","2024",3039.886,,,"T30:171","R1:3513_T2:85"
"ESP","BB:3071","EAR_EMTA_SEX_ECO_NB","SEX_T","ECO_SECTOR_TOTAL","2023",2944.256,,,"T30:171","R1:3513_T2:85"
"ESP","BB:3071","EAR_EMTA_SEX_ECO_NB","SEX_T","ECO_SECTOR_TOTAL","2022",2708.726,,,"T30:171","R1:3513_T2:85"
"ESP","BB:3071","EAR_EMTA_SEX_ECO_NB","SEX_T","ECO_SECTOR_TOTAL","2021",2593.517,,,"T30:171","R1:3513_T2:85"
"ESP","BB:3071","EAR_EMTA_SEX_ECO_NB","SEX_T","ECO_SECTOR_TOTAL","2020",2626.703,,,"T30:171","R1:3513_T2:85"
"ESP","BB:3071","EAR_EMTA_SEX_ECO_NB","SEX_T","ECO_SECTOR_TOTAL","2019",2435.666,,,"T30:171","R1:3513_T2:85"
"ESP","BA:246","EAR_EMTA_SEX_ECO_NB","SEX_T","ECO_SECTOR_TOTAL","2018",1944.42,,,"T11:142_T30:171","S8:2566"
"ESP","BA:246","EAR_EMTA_SEX_ECO_NB","SEX_T","ECO_SECTOR_TOTAL","2017",1888.95,,,"T11:142_T30:171","S8:2566"
"ESP","BA:246","EAR_EMTA_SEX_ECO_NB","SEX_T","ECO_SECTOR_TOTAL","2016",1878.09,,,"T11:142_T30:171","S8:2566"
"ESP","BA:246","EAR_EMTA_SEX_ECO_NB","SEX_T","ECO_SECTOR_TOTAL","2015",1893.7,,,"T11:142_T30:171","S8:2566"
"ESP","BA:246","EAR_EMTA_SEX_ECO_NB","SEX_T","ECO_SECTOR_TOTAL","2014",1881.32,,,"T11:142_T30:171","S8:2566"
"ESP","BA:246","EAR_EMTA_SEX_ECO_NB","SEX_T","ECO_SECTOR_TOTAL","2013",1869.11,,,"T11:142_T30:171","S8:2566"
"ESP","BA:246","EAR_EMTA_SEX_ECO_NB","SEX_T","ECO_SECTOR_TOTAL","2012",1850.26,,,"T11:142_T30:171","S8:2566"
"ESP","BA:246","EAR_EMTA_SEX_ECO_NB","SEX_T","ECO_SECTOR_TOTAL","2011",1841.75,,,"T11:142_T30:171","S8:2566"
"ESP","BA:246","EAR_EMTA_SEX_ECO_NB","SEX_T","ECO_SECTOR_TOTAL","2010",1838.82,,,"T11:142_T30:171","S8:2566"
"ESP","BA:246","EAR_EMTA_SEX_ECO_NB","SEX_T","ECO_SECTOR_TOTAL","2009",1815.18,,,"T11:142_T30:171","S8:2566"
"ESP","BB:3071","EAR_EMTA_SEX_ECO_NB","SEX_T","ECO_SECTOR_TOTAL","2008",2191.667,,,"T30:171","R1:3513_T2:85"
"ESP","BB:3071","EAR_EMTA_SEX_ECO_NB","SEX_T","ECO_SECTOR_TOTAL","2007",1975.852,,,"T30:171","R1:3513_T2:85"
"ESP","BB:3071","EAR_EMTA_SEX_ECO_NB","SEX_T","ECO_SECTOR_TOTAL","2006",1570.339,,,"T30:171","R1:3513_T2:85"
"EST","BB:44","EAR_EMTA_SEX_ECO_NB","SEX_T","ECO_SECTOR_TOTAL","2025",2847.39,,,"T30:172","R1:3513_T2:85"
"EST","BB:44","EAR_EMTA_SEX_ECO_NB","SEX_T","ECO_SECTOR_TOTAL","2024",2626.26,,,"T30:172","R1:3513_T2:85"
"EST","BB:44","EAR_EMTA_SEX_ECO_NB","SEX_T","ECO_SECTOR_TOTAL","2023",2418.598,,,"T30:172","R1:3513_T2:85"
"EST","BB:44","EAR_EMTA_SEX_ECO_NB","SEX_T","ECO_SECTOR_TOTAL","2022",2132.681,,,"T30:172","R1:3513_T2:85"
"EST","BB:44","EAR_EMTA_SEX_ECO_NB","SEX_T","ECO_SECTOR_TOTAL","2021",2044.313,,,"T30:172","R1:3513_T2:85"
"EST","BB:44","EAR_EMTA_SEX_ECO_NB","SEX_T","ECO_SECTOR_TOTAL","2020",1920.384,,,"T30:172","R1:3513_T2:85"
"EST","BB:44","EAR_EMTA_SEX_ECO_NB","SEX_T","ECO_SECTOR_TOTAL","2019",1693.642,,,"T30:172","R1:3513_T2:85"
"EST","BB:44","EAR_EMTA_SEX_ECO_NB","SEX_T","ECO_SECTOR_TOTAL","2018",1637.51,,,"T30:172","R1:3513_T2:85"
"EST","BB:44","EAR_EMTA_SEX_ECO_NB","SEX_T","ECO_SECTOR_TOTAL","2017",1482.831,,,"T30:172","R1:3513_T2:85"
"EST","BB:44","EAR_EMTA_SEX_ECO_NB","SEX_T","ECO_SECTOR_TOTAL","2016",1471.64,,,"T30:172","R1:3513_T2:85"
"EST","BB:44","EAR_EMTA_SEX_ECO_NB","SEX_T","ECO_SECTOR_TOTAL","2015",1429.967,,,"T30:172","R1:3513_T2:85"
"EST","BB:44","EAR_EMTA_SEX_ECO_NB","SEX_T","ECO_SECTOR_TOTAL","2014",1400.517,,,"T30:172","R1:3513_T2:85"
"EST","BB:44","EAR_EMTA_SEX_ECO_NB","SEX_T","ECO_SECTOR_TOTAL","2013",1218.527,,,"T30:172","R1:3513_T2:85"
"EST","BB:44","EAR_EMTA_SEX_ECO_NB","SEX_T","ECO_SECTOR_TOTAL","2012",1129.093,,,"T30:172","R1:3513_T2:85"
"EST","BB:44","EAR_EMTA_SEX_ECO_NB","SEX_T","ECO_SECTOR_TOTAL","2011",1042.875,,,"T30:172","R1:3513_T2:85"
"EST","BB:44","EAR_EMTA_SEX_ECO_NB","SEX_T","ECO_SECTOR_TOTAL","2010",1040.712,,,"T30:172","R1:3513_T2:85"
"EST","BB:44","EAR_EMTA_SEX_ECO_NB","SEX_T","ECO_SECTOR_TOTAL","2009",1017.959,,,"T30:172","R1:3513_T2:85"
"EST","BB:44","EAR_EMTA_SEX_ECO_NB","SEX_T","ECO_SECTOR_TOTAL","2008",948.293,,,"T30:172","R1:3513_T2:85"
"EST","BB:44","EAR_EMTA_SEX_ECO_NB","SEX_T","ECO_SECTOR_TOTAL","2007",804.916,,,"T30:172","R1:3513_T2:85"
"EST","BB:44","EAR_EMTA_SEX_ECO_NB","SEX_T","ECO_SECTOR_TOTAL","2006",512.271,,,"T30:172","R1:3513_T2:85"
"EST","BB:44","EAR_EMTA_SEX_ECO_NB","SEX_T","ECO_SECTOR_TOTAL","2005",445.478,,,"T30:172","R1:3513_T2:85"
"EST","BB:44","EAR_EMTA_SEX_ECO_NB","SEX_T","ECO_SECTOR_TOTAL","2004",414.163,,,"T30:172","R1:3513_T2:85"
"EST","DA:1114","EAR_EMTA_SEX_ECO_NB","SEX_T","ECO_SECTOR_TOTAL","2003",6723,,,"T33:396_T30:285",
"EST","DA:1114","EAR_EMTA_SEX_ECO_NB","SEX_T","ECO_SECTOR_TOTAL","2002",6144,,,"T33:396_T30:285",
"EST","DA:1114","EAR_EMTA_SEX_ECO_NB","SEX_T","ECO_SECTOR_TOTAL","2001",5510,,,"T33:396_T30:285",
"EST","DA:1114","EAR_EMTA_SEX_ECO_NB","SEX_T","ECO_SECTOR_TOTAL","2000",4907,,,"T33:396_T30:285",
"ETH","BA:1126","EAR_EMTA_SEX_ECO_NB","SEX_T","ECO_SECTOR_TOTAL","2021",4195.965,,,"T30:17","R1:3513"
"ETH","BA:1126","EAR_EMTA_SEX_ECO_NB","SEX_T","ECO_SECTOR_TOTAL","2013",1345.499,,,"T30:17","R1:3513"
"ETH","BA:1126","EAR_EMTA_SEX_ECO_NB","SEX_T","ECO_SECTOR_TOTAL","2005",334.991,,,"T30:17","R1:3513"
"FIN","BB:6210","EAR_EMTA_SEX_ECO_NB","SEX_T","ECO_SECTOR_TOTAL","2025",5097.386,,,"T30:174","R1:3513_T2:85"
"FIN","BB:6210","EAR_EMTA_SEX_ECO_NB","SEX_T","ECO_SECTOR_TOTAL","2024",4928.678,,,"T30:174","R1:3513_T2:85"
"FIN","BB:6210","EAR_EMTA_SEX_ECO_NB","SEX_T","ECO_SECTOR_TOTAL","2023",4759.639,,,"T30:174","R1:3513_T2:85"
"FIN","BB:6210","EAR_EMTA_SEX_ECO_NB","SEX_T","ECO_SECTOR_TOTAL","2022",4620.305,,,"T30:174","R1:3513_T2:85"
"FIN","BB:6210","EAR_EMTA_SEX_ECO_NB","SEX_T","ECO_SECTOR_TOTAL","2021",4308.58,,,"T30:174","R1:3513_T2:85"
"FIN","BB:6210","EAR_EMTA_SEX_ECO_NB","SEX_T","ECO_SECTOR_TOTAL","2020",4230.347,,,"T30:174","R1:3513_T2:85"
"FIN","BB:6210","EAR_EMTA_SEX_ECO_NB","SEX_T","ECO_SECTOR_TOTAL","2019",4130.428,,,"T30:174","R1:3513_T2:85"
"FIN","BB:6210","EAR_EMTA_SEX_ECO_NB","SEX_T","ECO_SECTOR_TOTAL","2018",4097.623,,,"T30:174","R1:3513_T2:85"
"FIN","BB:6210","EAR_EMTA_SEX_ECO_NB","SEX_T","ECO_SECTOR_TOTAL","2017",4088.035,,,"T30:174","R1:3513_T2:85"
"FIN","BB:6210","EAR_EMTA_SEX_ECO_NB","SEX_T","ECO_SECTOR_TOTAL","2016",4081.181,,,"T30:174","R1:3513_T2:85"
"FIN","BB:6210","EAR_EMTA_SEX_ECO_NB","SEX_T","ECO_SECTOR_TOTAL","2015",4010.117,,,"T30:174","R1:3513_T2:85"
"FIN","BB:6210","EAR_EMTA_SEX_ECO_NB","SEX_T","ECO_SECTOR_TOTAL","2014",3918.729,,,"T30:174","R1:3513_T2:85"
"FIN","BB:6210","EAR_EMTA_SEX_ECO_NB","SEX_T","ECO_SECTOR_TOTAL","2013",3809.484,,,"T30:174","R1:3513_T2:85"
"FIN","BB:6210","EAR_EMTA_SEX_ECO_NB","SEX_T","ECO_SECTOR_TOTAL","2012",3691.604,,,"T30:174","R1:3513_T2:85"
"FIN","BB:6210","EAR_EMTA_SEX_ECO_NB","SEX_T","ECO_SECTOR_TOTAL","2011",3541.288,,,"T30:174","R1:3513_T2:85"
"FIN","BB:6210","EAR_EMTA_SEX_ECO_NB","SEX_T","ECO_SECTOR_TOTAL","2010",3452.691,,,"T30:174","R1:3513_T2:85"
"FIN","BB:6210","EAR_EMTA_SEX_ECO_NB","SEX_T","ECO_SECTOR_TOTAL","2009",3396.454,,,"T30:174","R1:3513_T2:85"
"FIN","BB:6210","EAR_EMTA_SEX_ECO_NB","SEX_T","ECO_SECTOR_TOTAL","2008",3156.464,,,"T30:174","R1:3513_T2:85"
"FIN","BB:6210","EAR_EMTA_SEX_ECO_NB","SEX_T","ECO_SECTOR_TOTAL","2007",3052.066,,,"T30:174","R1:3513_T2:85"
"FIN","BB:6210","EAR_EMTA_SEX_ECO_NB","SEX_T","ECO_SECTOR_TOTAL","2006",2336.174,,,"T30:174","R1:3513_T2:85"
"FIN","BB:6210","EAR_EMTA_SEX_ECO_NB","SEX_T","ECO_SECTOR_TOTAL","2005",2265.635,,,"T30:174","R1:3513_T2:85"
"FIN","BB:6210","EAR_EMTA_SEX_ECO_NB","SEX_T","ECO_SECTOR_TOTAL","2004",2227.584,,,"T30:174","R1:3513_T2:85"
"FJI","BA:1135","EAR_EMTA_SEX_ECO_NB","SEX_T","ECO_SECTOR_TOTAL","2024",1392.11,,,"T30:214","R1:3513"
"FJI","BA:1135","EAR_EMTA_SEX_ECO_NB","SEX_T","ECO_SECTOR_TOTAL","2016",1060.948,,,"T30:214","R1:3513"
"FJI","BA:1135","EAR_EMTA_SEX_ECO_NB","SEX_T","ECO_SECTOR_TOTAL","2011",922.178,,,"T30:214","R1:3513"
"FJI","BA:1135","EAR_EMTA_SEX_ECO_NB","SEX_T","ECO_SECTOR_TOTAL","2005",590.101,"B",,"T30:214_I11:264","R1:3513"
"FLK","AA:1140","EAR_EMTA_SEX_ECO_NB","SEX_T","ECO_SECTOR_TOTAL","2016",25850,,,"T7:120_T8:252_T30:79","S5:41"
"FLK","AA:1140","EAR_EMTA_SEX_ECO_NB","SEX_T","ECO_SECTOR_TOTAL","2012",1675,,,"T7:120_T8:252_T30:79","S5:41"
"FRA","BB:3067","EAR_EMTA_SEX_ECO_NB","SEX_T","ECO_SECTOR_TOTAL","2025",4445.62,,,"T30:175","R1:3513_T2:85"
"FRA","BA:148","EAR_EMTA_SEX_ECO_NB","SEX_T","ECO_SECTOR_TOTAL","2024",2196.954,,,"T30:175","R1:3513"
"FRA","BA:148","EAR_EMTA_SEX_ECO_NB","SEX_T","ECO_SECTOR_TOTAL","2023",2114.854,,,"T30:175","R1:3513"
"FRA","BA:148","EAR_EMTA_SEX_ECO_NB","SEX_T","ECO_SECTOR_TOTAL","2022",2027.804,,,"T30:175","R1:3513"
"FRA","BA:148","EAR_EMTA_SEX_ECO_NB","SEX_T","ECO_SECTOR_TOTAL","2021",1985.781,,,"T30:175","R1:3513"
"FRA","BA:148","EAR_EMTA_SEX_ECO_NB","SEX_T","ECO_SECTOR_TOTAL","2020",2015.55,,,"T30:175","R1:3513"
"FRA","BA:148","EAR_EMTA_SEX_ECO_NB","SEX_T","ECO_SECTOR_TOTAL","2019",1986.284,,,"T30:175","R1:3513"
"FRA","BA:148","EAR_EMTA_SEX_ECO_NB","SEX_T","ECO_SECTOR_TOTAL","2018",1931.652,,,"T30:175","R1:3513"
"FRA","BA:148","EAR_EMTA_SEX_ECO_NB","SEX_T","ECO_SECTOR_TOTAL","2017",1889.213,,,"T30:175","R1:3513"
"FRA","BA:148","EAR_EMTA_SEX_ECO_NB","SEX_T","ECO_SECTOR_TOTAL","2016",1866.954,,,"T30:175","R1:3513"
"FRA","BA:148","EAR_EMTA_SEX_ECO_NB","SEX_T","ECO_SECTOR_TOTAL","2015",1851.132,,,"T30:175","R1:3513"
"FRA","BA:148","EAR_EMTA_SEX_ECO_NB","SEX_T","ECO_SECTOR_TOTAL","2014",1843.536,,,"T30:175","R1:3513"
"FRA","BA:148","EAR_EMTA_SEX_ECO_NB","SEX_T","ECO_SECTOR_TOTAL","2013",1826.341,,,"T30:175","R1:3513"
"FRA","BA:148","EAR_EMTA_SEX_ECO_NB","SEX_T","ECO_SECTOR_TOTAL","2012",1819.133,,,"T30:175","R1:3513"
"FRA","BA:148","EAR_EMTA_SEX_ECO_NB","SEX_T","ECO_SECTOR_TOTAL","2011",1784.44,,,"T30:175","R1:3513"
"FRA","BA:148","EAR_EMTA_SEX_ECO_NB","SEX_T","ECO_SECTOR_TOTAL","2010",1738.951,,,"T30:175","R1:3513"
"FRA","BA:148","EAR_EMTA_SEX_ECO_NB","SEX_T","ECO_SECTOR_TOTAL","2009",1717.239,,,"T30:175","R1:3513"
"FRA","BA:148","EAR_EMTA_SEX_ECO_NB","SEX_T","ECO_SECTOR_TOTAL","2008",1676.993,,,"T30:175","R1:3513"
"FRA","BA:148","EAR_EMTA_SEX_ECO_NB","SEX_T","ECO_SECTOR_TOTAL","2007",1633.953,,,"T30:175","R1:3513"
"FRA","BA:148","EAR_EMTA_SEX_ECO_NB","SEX_T","ECO_SECTOR_TOTAL","2006",1592.678,,,"T30:175","R1:3513"
"FRA","BA:148","EAR_EMTA_SEX_ECO_NB","SEX_T","ECO_SECTOR_TOTAL","2005",1557.414,"B",,"T30:175_I11:264","R1:3513"
"FRA","BB:3067","EAR_EMTA_SEX_ECO_NB","SEX_T","ECO_SECTOR_TOTAL","2004",1992.726,,,"T30:175","R1:3513_T2:85"
"GBR","BA:666","EAR_EMTA_SEX_ECO_NB","SEX_T","ECO_SECTOR_TOTAL","2025",3156.794,,,"T30:210","R1:3513"
"GBR","BA:666","EAR_EMTA_SEX_ECO_NB","SEX_T","ECO_SECTOR_TOTAL","2024",3036.588,,,"T30:210","R1:3513"
"GBR","BA:666","EAR_EMTA_SEX_ECO_NB","SEX_T","ECO_SECTOR_TOTAL","2023",2913.212,,,"T30:210","R1:3513"
"GBR","BA:666","EAR_EMTA_SEX_ECO_NB","SEX_T","ECO_SECTOR_TOTAL","2022",2744.647,,,"T30:210","R1:3513"
"GBR","BA:666","EAR_EMTA_SEX_ECO_NB","SEX_T","ECO_SECTOR_TOTAL","2021",2553.992,,,"T30:210","R1:3513"
"GBR","BA:666","EAR_EMTA_SEX_ECO_NB","SEX_T","ECO_SECTOR_TOTAL","2020",2543.343,,,"T30:210","R1:3513"
"GBR","DA:670","EAR_EMTA_SEX_ECO_NB","SEX_T","ECO_SECTOR_TOTAL","2019",2482,,,"T30:210","S3:15"
"GBR","BA:666","EAR_EMTA_SEX_ECO_NB","SEX_T","ECO_SECTOR_TOTAL","2018",2315.906,,,"T30:210","R1:3513"
"GBR","BA:666","EAR_EMTA_SEX_ECO_NB","SEX_T","ECO_SECTOR_TOTAL","2017",2243.247,,,"T30:210","R1:3513"
"GBR","BA:666","EAR_EMTA_SEX_ECO_NB","SEX_T","ECO_SECTOR_TOTAL","2016",2173.03,,,"T30:210","R1:3513"
"GBR","BA:666","EAR_EMTA_SEX_ECO_NB","SEX_T","ECO_SECTOR_TOTAL","2015",2131.64,,,"T30:210","R1:3513"
"GBR","BA:666","EAR_EMTA_SEX_ECO_NB","SEX_T","ECO_SECTOR_TOTAL","2014",2086.503,,,"T30:210","R1:3513"
"GBR","BA:666","EAR_EMTA_SEX_ECO_NB","SEX_T","ECO_SECTOR_TOTAL","2013",2057.561,,,"T30:210","R1:3513"
"GBR","BA:666","EAR_EMTA_SEX_ECO_NB","SEX_T","ECO_SECTOR_TOTAL","2012",2014.78,,,"T30:210","R1:3513"
"GBR","BA:666","EAR_EMTA_SEX_ECO_NB","SEX_T","ECO_SECTOR_TOTAL","2011",1973.769,,,"T30:210","R1:3513"
"GBR","BA:666","EAR_EMTA_SEX_ECO_NB","SEX_T","ECO_SECTOR_TOTAL","2010",1944.876,,,"T30:210","R1:3513"
"GBR","BA:666","EAR_EMTA_SEX_ECO_NB","SEX_T","ECO_SECTOR_TOTAL","2009",1912.966,,,"T30:210","R1:3513"
"GBR","BA:666","EAR_EMTA_SEX_ECO_NB","SEX_T","ECO_SECTOR_TOTAL","2008",1890.482,,,"T30:210","R1:3513"
"GBR","BA:666","EAR_EMTA_SEX_ECO_NB","SEX_T","ECO_SECTOR_TOTAL","2007",1819.758,,,"T30:210","R1:3513"
"GBR","BA:666","EAR_EMTA_SEX_ECO_NB","SEX_T","ECO_SECTOR_TOTAL","2006",1750.45,,,"T30:210","R1:3513"
"GBR","BA:666","EAR_EMTA_SEX_ECO_NB","SEX_T","ECO_SECTOR_TOTAL","2005",1680.222,"B",,"T30:210_I11:264","R1:3513"
"GBR","DA:1154","EAR_EMTA_SEX_ECO_NB","SEX_T","ECO_SECTOR_TOTAL","2004",2193.1,,,"T8:252_T12:146_T33:396_T30:210_I33:3771","S3:15"
"GBR","BA:666","EAR_EMTA_SEX_ECO_NB","SEX_T","ECO_SECTOR_TOTAL","2003",1561.772,,,"T30:210","R1:3513"
"GBR","BA:666","EAR_EMTA_SEX_ECO_NB","SEX_T","ECO_SECTOR_TOTAL","2002",1515.797,,,"T30:210","R1:3513"
"GBR","BA:666","EAR_EMTA_SEX_ECO_NB","SEX_T","ECO_SECTOR_TOTAL","2001",1476.458,,,"T30:210","R1:3513"
"GBR","BA:666","EAR_EMTA_SEX_ECO_NB","SEX_T","ECO_SECTOR_TOTAL","2000",1386.074,,,"T30:210","R1:3513"
"GEO","BB:16121","EAR_EMTA_SEX_ECO_NB","SEX_T","ECO_SECTOR_TOTAL","2023",866.97,,,"T30:119","R1:3513"
"GEO","BB:16121","EAR_EMTA_SEX_ECO_NB","SEX_T","ECO_SECTOR_TOTAL","2022",745.602,,,"T30:119","R1:3513"
"GEO","BB:16121","EAR_EMTA_SEX_ECO_NB","SEX_T","ECO_SECTOR_TOTAL","2021",663.756,,,"T30:119","R1:3513"
"GEO","BB:16121","EAR_EMTA_SEX_ECO_NB","SEX_T","ECO_SECTOR_TOTAL","2020",613.599,,,"T30:119","R1:3513"
"GEO","BB:16121","EAR_EMTA_SEX_ECO_NB","SEX_T","ECO_SECTOR_TOTAL","2019",599.346,,,"T30:119","R1:3513"
"GEO","BB:16121","EAR_EMTA_SEX_ECO_NB","SEX_T","ECO_SECTOR_TOTAL","2018",556.574,,,"T30:119","R1:3513"
"GEO","BB:16121","EAR_EMTA_SEX_ECO_NB","SEX_T","ECO_SECTOR_TOTAL","2017",546.466,,,"T30:119","R1:3513"
"GEO","DA:181","EAR_EMTA_SEX_ECO_NB","SEX_T","ECO_SECTOR_TOTAL","2016",940.01,,,"T11:142_T33:396_T30:119","S4:34"
"GEO","DA:181","EAR_EMTA_SEX_ECO_NB","SEX_T","ECO_SECTOR_TOTAL","2015",900.416,,,"T11:142_T33:396_T30:119","S4:34"
"GEO","DA:181","EAR_EMTA_SEX_ECO_NB","SEX_T","ECO_SECTOR_TOTAL","2014",818.021,,,"T11:142_T33:396_T30:119","S4:34"
"GEO","DA:181","EAR_EMTA_SEX_ECO_NB","SEX_T","ECO_SECTOR_TOTAL","2013",773.1,,,"T11:142_T33:396_T30:119","S4:34"
"GEO","DA:181","EAR_EMTA_SEX_ECO_NB","SEX_T","ECO_SECTOR_TOTAL","2012",712.5,,,"T11:142_T33:396_T30:119","S4:34"
"GEO","DA:181","EAR_EMTA_SEX_ECO_NB","SEX_T","ECO_SECTOR_TOTAL","2011",635.967,,,"T11:142_T33:396_T30:119","S4:34"
"GEO","DA:181","EAR_EMTA_SEX_ECO_NB","SEX_T","ECO_SECTOR_TOTAL","2010",597.6,,,"T11:142_T33:396_T30:119","S4:34"
"GEO","DA:181","EAR_EMTA_SEX_ECO_NB","SEX_T","ECO_SECTOR_TOTAL","2009",556.8,,,"T11:142_T33:396_T30:119","S4:34"
"GEO","DA:181","EAR_EMTA_SEX_ECO_NB","SEX_T","ECO_SECTOR_TOTAL","2008",534.9,,,"T11:142_T33:396_T30:119","S4:34"
"GEO","DA:181","EAR_EMTA_SEX_ECO_NB","SEX_T","ECO_SECTOR_TOTAL","2007",368.1,,,"T11:142_T33:396_T30:119","S4:34"
"GEO","DA:181","EAR_EMTA_SEX_ECO_NB","SEX_T","ECO_SECTOR_TOTAL","2006",277.9,,,"T11:142_T33:396_T30:119","S4:34"
"GEO","DA:181","EAR_EMTA_SEX_ECO_NB","SEX_T","ECO_SECTOR_TOTAL","2005",204.2,,,"T11:142_T33:396_T30:119","S4:34"
"GEO","DA:181","EAR_EMTA_SEX_ECO_NB","SEX_T","ECO_SECTOR_TOTAL","2004",156.6,,,"T11:142_T33:396_T30:119","S4:34"
"GEO","DA:181","EAR_EMTA_SEX_ECO_NB","SEX_T","ECO_SECTOR_TOTAL","2003",125.9,,,"T11:142_T33:396_T30:119","S4:34"
"GEO","DA:181","EAR_EMTA_SEX_ECO_NB","SEX_T","ECO_SECTOR_TOTAL","2002",113.5,,,"T11:142_T33:396_T30:119","S4:34"
"GEO","DA:181","EAR_EMTA_SEX_ECO_NB","SEX_T","ECO_SECTOR_TOTAL","2001",94.6,,,"T11:142_T33:396_T30:119","S4:34"
"GEO","DA:181","EAR_EMTA_SEX_ECO_NB","SEX_T","ECO_SECTOR_TOTAL","2000",72.3,,,"T11:142_T33:396_T30:119","S4:34"
"GGY","FX:2566","EAR_EMTA_SEX_ECO_NB","SEX_T","ECO_SECTOR_TOTAL","2016",31440,,,"T7:120_T8:128_T11:142_T30:179","S3:24_S4:30"
"GGY","FX:2566","EAR_EMTA_SEX_ECO_NB","SEX_T","ECO_SECTOR_TOTAL","2015",30550,,,"T7:120_T8:128_T33:396_T30:179",
"GGY","FX:2566","EAR_EMTA_SEX_ECO_NB","SEX_T","ECO_SECTOR_TOTAL","2014",30290,,,"T7:120_T8:128_T33:396_T30:179",
"GGY","FX:2566","EAR_EMTA_SEX_ECO_NB","SEX_T","ECO_SECTOR_TOTAL","2013",29640,,,"T7:120_T8:128_T33:396_T30:179",
"GGY","FX:2566","EAR_EMTA_SEX_ECO_NB","SEX_T","ECO_SECTOR_TOTAL","2012",29250,,,"T7:120_T8:128_T33:396_T30:179",
"GGY","FX:2566","EAR_EMTA_SEX_ECO_NB","SEX_T","ECO_SECTOR_TOTAL","2011",28340,,,"T7:120_T8:128_T33:396_T30:179",
"GGY","FX:2566","EAR_EMTA_SEX_ECO_NB","SEX_T","ECO_SECTOR_TOTAL","2010",27430,,,"T7:120_T8:128_T33:396_T30:179",
"GGY","FX:2566","EAR_EMTA_SEX_ECO_NB","SEX_T","ECO_SECTOR_TOTAL","2009",27040,,,"T7:120_T8:128_T33:396_T30:179",
"GGY","FX:2566","EAR_EMTA_SEX_ECO_NB","SEX_T","ECO_SECTOR_TOTAL","2008",26130,,,"T7:120_T8:128_T33:396_T30:179",
"GGY","FX:2566","EAR_EMTA_SEX_ECO_NB","SEX_T","ECO_SECTOR_TOTAL","2007",24960,,,"T7:120_T8:128_T33:396_T30:179",
"GGY","FX:2566","EAR_EMTA_SEX_ECO_NB","SEX_T","ECO_SECTOR_TOTAL","2006",23660,,,"T7:120_T8:128_T33:396_T30:179",
"GGY","FX:2566","EAR_EMTA_SEX_ECO_NB","SEX_T","ECO_SECTOR_TOTAL","2005",22880,,,"T7:120_T8:128_T33:396_T30:179",
"GHA","BA:1163","EAR_EMTA_SEX_ECO_NB","SEX_T","ECO_SECTOR_TOTAL","2025",2728.49,,,"T30:20","R1:3513"
"GHA","BB:16203","EAR_EMTA_SEX_ECO_NB","SEX_T","ECO_SECTOR_TOTAL","2024",2578.889,,,"T30:20","R1:3513"
"GHA","BB:16203","EAR_EMTA_SEX_ECO_NB","SEX_T","ECO_SECTOR_TOTAL","2023",3095.953,,,"T30:20","R1:3513"
"GHA","BB:16203","EAR_EMTA_SEX_ECO_NB","SEX_T","ECO_SECTOR_TOTAL","2022",1797.204,,,"T30:20","R1:3513"
"GHA","BB:3078","EAR_EMTA_SEX_ECO_NB","SEX_T","ECO_SECTOR_TOTAL","2017",849.39,"B",,"T30:20_I11:264","R1:3513"
"GHA","BA:1163","EAR_EMTA_SEX_ECO_NB","SEX_T","ECO_SECTOR_TOTAL","2015",895.608,"B",,"T30:20_I11:264","R1:3513"
"GHA","BB:3078","EAR_EMTA_SEX_ECO_NB","SEX_T","ECO_SECTOR_TOTAL","2013",625.753,"B",,"T30:20_I11:264","R1:3513"
"GHA","BB:3078","EAR_EMTA_SEX_ECO_NB","SEX_T","ECO_SECTOR_TOTAL","2006",1159860.505,"B",,"T30:291_I11:264","R1:3513"
"GIB","DA:33","EAR_EMTA_SEX_ECO_NB","SEX_T","ECO_SECTOR_TOTAL","2017",299.81,,,"T7:122_T11:142_T12:146_T33:396_T30:177","S3:21_S9:67"
"GIB","DA:33","EAR_EMTA_SEX_ECO_NB","SEX_T","ECO_SECTOR_TOTAL","2016",291.14,,,"T7:122_T11:142_T12:146_T33:396_T30:177","S3:21_S9:67"
"GIB","DA:33","EAR_EMTA_SEX_ECO_NB","SEX_T","ECO_SECTOR_TOTAL","2015",294.95,,,"T7:122_T11:142_T12:146_T33:396_T30:177","S3:21_S9:67"
"GIB","DA:33","EAR_EMTA_SEX_ECO_NB","SEX_T","ECO_SECTOR_TOTAL","2014",285.44,,,"T7:122_T11:142_T12:146_T33:396_T30:177","S3:21_S9:67"
"GIB","DA:33","EAR_EMTA_SEX_ECO_NB","SEX_T","ECO_SECTOR_TOTAL","2013",286.49,,,"T7:122_T11:142_T12:146_T33:396_T30:177","S3:21_S9:67"
"GIB","DA:33","EAR_EMTA_SEX_ECO_NB","SEX_T","ECO_SECTOR_TOTAL","2012",277.39,,,"T7:122_T11:142_T12:146_T33:396_T30:177","S3:21_S9:67"
"GIN","BA:15631","EAR_EMTA_SEX_ECO_NB","SEX_T","ECO_SECTOR_TOTAL","2019",1550563.376,,,"I20:4077_T11:142_T30:22","S5:3210"
"GMB","BA:7014","EAR_EMTA_SEX_ECO_NB","SEX_T","ECO_SECTOR_TOTAL","2018",3988.236,"B",,"T30:19_I11:264","R1:3513"
"GMB","BA:7014","EAR_EMTA_SEX_ECO_NB","SEX_T","ECO_SECTOR_TOTAL","2012",3603.209,"B",,"T30:19_I11:264","R1:3513"
"GNB","BB:15952","EAR_EMTA_SEX_ECO_NB","SEX_T","ECO_SECTOR_TOTAL","2022",87940.423,,,"T30:23","R1:3513"
"GNB","BB:15952","EAR_EMTA_SEX_ECO_NB","SEX_T","ECO_SECTOR_TOTAL","2019",90587.472,,,"T30:23","R1:3513"
"GNQ","BB:16937","EAR_EMTA_SEX_ECO_NB","SEX_T","ECO_SECTOR_TOTAL","2023",235536.519,,,"T30:21","R1:3513"
"GRC","BB:319","EAR_EMTA_SEX_ECO_NB","SEX_T","ECO_SECTOR_TOTAL","2025",1933.671,,,"T30:178","R1:3513_T2:85"
"GRC","BB:319","EAR_EMTA_SEX_ECO_NB","SEX_T","ECO_SECTOR_TOTAL","2024",1977.876,,,"T30:178","R1:3513_T2:85"
"GRC","BB:319","EAR_EMTA_SEX_ECO_NB","SEX_T","ECO_SECTOR_TOTAL","2023",1893.231,,,"T30:178","R1:3513_T2:85"
"GRC","BB:319","EAR_EMTA_SEX_ECO_NB","SEX_T","ECO_SECTOR_TOTAL","2022",1863.911,,,"T30:178","R1:3513_T2:85"
"GRC","BB:319","EAR_EMTA_SEX_ECO_NB","SEX_T","ECO_SECTOR_TOTAL","2021",1933.513,,,"T30:178","R1:3513_T2:85"
"GRC","BA:317","EAR_EMTA_SEX_ECO_NB","SEX_T","ECO_SECTOR_TOTAL","2020",905.562,,,"T30:178","R1:3513"
"GRC","BA:317","EAR_EMTA_SEX_ECO_NB","SEX_T","ECO_SECTOR_TOTAL","2019",885.524,,,"T30:178","R1:3513"
"GRC","BA:317","EAR_EMTA_SEX_ECO_NB","SEX_T","ECO_SECTOR_TOTAL","2018",886.053,,,"T30:178","R1:3513"
"GRC","BA:317","EAR_EMTA_SEX_ECO_NB","SEX_T","ECO_SECTOR_TOTAL","2017",877.024,,,"T30:178","R1:3513"
"GRC","BA:317","EAR_EMTA_SEX_ECO_NB","SEX_T","ECO_SECTOR_TOTAL","2016",873.344,,,"T30:178","R1:3513"
"GRC","BA:317","EAR_EMTA_SEX_ECO_NB","SEX_T","ECO_SECTOR_TOTAL","2015",864.998,,,"T30:178","R1:3513"
"GRC","BA:317","EAR_EMTA_SEX_ECO_NB","SEX_T","ECO_SECTOR_TOTAL","2014",880.729,,,"T9:131_T10:139_T11:142_T30:178","S5:40"
"GRC","BA:317","EAR_EMTA_SEX_ECO_NB","SEX_T","ECO_SECTOR_TOTAL","2013",903.227,,,"T9:131_T10:139_T11:142_T30:178","S5:40"
"GRC","BA:317","EAR_EMTA_SEX_ECO_NB","SEX_T","ECO_SECTOR_TOTAL","2012",954.143,,,"T9:131_T10:139_T11:142_T30:178","S5:40"
"GRC","BA:317","EAR_EMTA_SEX_ECO_NB","SEX_T","ECO_SECTOR_TOTAL","2011",1051.049,,,"T9:131_T10:139_T11:142_T30:178","S5:40"
"GRC","BA:317","EAR_EMTA_SEX_ECO_NB","SEX_T","ECO_SECTOR_TOTAL","2010",1065.925,,,"T9:131_T10:139_T11:142_T30:178","S5:40"
"GRC","BA:317","EAR_EMTA_SEX_ECO_NB","SEX_T","ECO_SECTOR_TOTAL","2009",1054.278,,,"T9:131_T10:139_T11:142_T30:178","S5:40"
"GRC","BA:317","EAR_EMTA_SEX_ECO_NB","SEX_T","ECO_SECTOR_TOTAL","2008",1010.075,,,"T9:131_T10:139_T11:142_T30:178","S5:40"
"GRC","BA:317","EAR_EMTA_SEX_ECO_NB","SEX_T","ECO_SECTOR_TOTAL","2007",973.424,,,"T9:131_T10:139_T11:142_T30:178","S5:40"
"GTM","BA:660","EAR_EMTA_SEX_ECO_NB","SEX_T","ECO_SECTOR_TOTAL","2025",3845.671,,,"T30:83","R1:3513"
"GTM","BA:660","EAR_EMTA_SEX_ECO_NB","SEX_T","ECO_SECTOR_TOTAL","2024",3604.843,"B",,"T30:83_I11:264","R1:3513"
"GTM","BB:16732","EAR_EMTA_SEX_ECO_NB","SEX_T","ECO_SECTOR_TOTAL","2023",2792.624,,,"T30:83","R1:3513"
"GTM","BA:660","EAR_EMTA_SEX_ECO_NB","SEX_T","ECO_SECTOR_TOTAL","2022",2982.123,"B",,"T5:1429_T30:83_I11:264","R1:3513"
"GTM","BA:660","EAR_EMTA_SEX_ECO_NB","SEX_T","ECO_SECTOR_TOTAL","2021",2780.84,,,"T30:83","R1:3513"
"GTM","BA:660","EAR_EMTA_SEX_ECO_NB","SEX_T","ECO_SECTOR_TOTAL","2019",2750.711,,,"T30:83","R1:3513"
"GTM","BA:660","EAR_EMTA_SEX_ECO_NB","SEX_T","ECO_SECTOR_TOTAL","2018",2662.159,,,"T30:83","R1:3513"
"GTM","BA:660","EAR_EMTA_SEX_ECO_NB","SEX_T","ECO_SECTOR_TOTAL","2017",2602.034,,,"T30:83","R1:3513"
"GTM","BA:660","EAR_EMTA_SEX_ECO_NB","SEX_T","ECO_SECTOR_TOTAL","2016",2584.206,,,"T30:83","R1:3513"
"GTM","BA:660","EAR_EMTA_SEX_ECO_NB","SEX_T","ECO_SECTOR_TOTAL","2015",2536.131,,,"T30:83","R1:3513"
"GTM","BA:660","EAR_EMTA_SEX_ECO_NB","SEX_T","ECO_SECTOR_TOTAL","2014",2577.006,"B",,"T30:83_I11:264","R1:3513"
"GTM","BA:660","EAR_EMTA_SEX_ECO_NB","SEX_T","ECO_SECTOR_TOTAL","2013",2457.578,"B",,"T30:83_I11:264","R1:3513"
"GTM","BA:660","EAR_EMTA_SEX_ECO_NB","SEX_T","ECO_SECTOR_TOTAL","2012",2264.647,,,"T30:83","R1:3513"
"GTM","BA:660","EAR_EMTA_SEX_ECO_NB","SEX_T","ECO_SECTOR_TOTAL","2011",2173.883,,,"T30:83","R1:3513"
"GTM","BA:660","EAR_EMTA_SEX_ECO_NB","SEX_T","ECO_SECTOR_TOTAL","2010",2166.921,"B",,"T30:83_I11:264","R1:3513"
"GTM","BX:5867","EAR_EMTA_SEX_ECO_NB","SEX_T","ECO_SECTOR_TOTAL","2006",2131.916,"B",,"T30:83_I11:264","R1:3513"
"GTM","BA:660","EAR_EMTA_SEX_ECO_NB","SEX_T","ECO_SECTOR_TOTAL","2004",1684.397,"B",,"T30:83_I11:264","R1:3513"
"GTM","BA:660","EAR_EMTA_SEX_ECO_NB","SEX_T","ECO_SECTOR_TOTAL","2003",1746.948,"B",,"T30:83_I11:264","R1:3513"
"GTM","BA:660","EAR_EMTA_SEX_ECO_NB","SEX_T","ECO_SECTOR_TOTAL","2002",1678.841,"B",,"T30:83_I11:264","R1:3513"
"GUM","DA:1211","EAR_EMTA_SEX_ECO_NB","SEX_T","ECO_SECTOR_TOTAL","2016",13.14,,,"T7:124_T34:2127_T30:215","S3:23_S7:57"
"GUM","DA:1211","EAR_EMTA_SEX_ECO_NB","SEX_T","ECO_SECTOR_TOTAL","2015",13.25,,,"T7:124_T34:2127_T30:215","S3:23_S7:57"
"GUM","DA:1211","EAR_EMTA_SEX_ECO_NB","SEX_T","ECO_SECTOR_TOTAL","2014",13.2,,,"T7:124_T34:2127_T30:215","S3:23_S7:57"
"GUM","DA:1211","EAR_EMTA_SEX_ECO_NB","SEX_T","ECO_SECTOR_TOTAL","2013",12.77,,,"T7:124_T34:2127_T30:215","S3:23_S7:57"
"GUM","DA:1211","EAR_EMTA_SEX_ECO_NB","SEX_T","ECO_SECTOR_TOTAL","2012",12.95,,,"T7:124_T34:2127_T30:215","S3:23_S7:57"
"GUM","DA:1211","EAR_EMTA_SEX_ECO_NB","SEX_T","ECO_SECTOR_TOTAL","2011",12.36,"U",,"T7:124_T34:2127_T30:215","S3:23_S7:57"
"GUM","DA:1211","EAR_EMTA_SEX_ECO_NB","SEX_T","ECO_SECTOR_TOTAL","2010",12.37,,,"T7:124_T34:2127_T30:215","S3:23_S7:57"
"GUM","DA:1211","EAR_EMTA_SEX_ECO_NB","SEX_T","ECO_SECTOR_TOTAL","2009",12.16,,,"T7:124_T34:2127_T30:215","S3:23_S7:57"
"GUY","BA:1214","EAR_EMTA_SEX_ECO_NB","SEX_T","ECO_SECTOR_TOTAL","2024",136562.43,,,"T30:84","R1:3513"
"GUY","BA:1214","EAR_EMTA_SEX_ECO_NB","SEX_T","ECO_SECTOR_TOTAL","2021",88397.604,,,"T30:84","R1:3513"
"GUY","BA:1214","EAR_EMTA_SEX_ECO_NB","SEX_T","ECO_SECTOR_TOTAL","2020",83561.373,,,"T30:84","R1:3513"
"GUY","BA:1214","EAR_EMTA_SEX_ECO_NB","SEX_T","ECO_SECTOR_TOTAL","2019",81920.778,,,"T30:84","R1:3513"
"GUY","BA:1214","EAR_EMTA_SEX_ECO_NB","SEX_T","ECO_SECTOR_TOTAL","2018",76799.898,"B",,"T30:84_I11:264","R1:3513"
"GUY","DA:1215","EAR_EMTA_SEX_ECO_NB","SEX_T","ECO_SECTOR_TOTAL","2007",77750,,,"T33:396_T30:84","S3:18"
"GUY","DA:1215","EAR_EMTA_SEX_ECO_NB","SEX_T","ECO_SECTOR_TOTAL","2006",62624,,,"T33:396_T30:84","S3:18"
"GUY","DA:1215","EAR_EMTA_SEX_ECO_NB","SEX_T","ECO_SECTOR_TOTAL","2004",73922,,,"T33:396_T30:84","S3:18"
"GUY","DA:1215","EAR_EMTA_SEX_ECO_NB","SEX_T","ECO_SECTOR_TOTAL","2003",53910,,,"T33:396_T30:84","S3:18"
"HKG","BA:231","EAR_EMTA_SEX_ECO_NB","SEX_T","ECO_SECTOR_TOTAL","2009",10500,,,"T8:128_T30:120","S4:1437_S5:40"
"HND","BX:504","EAR_EMTA_SEX_ECO_NB","SEX_T","ECO_SECTOR_TOTAL","2025",11248.067,,,"T30:87","R1:3513_S3:9"
"HND","BX:504","EAR_EMTA_SEX_ECO_NB","SEX_T","ECO_SECTOR_TOTAL","2024",10674.584,,,"T30:87","R1:3513_S3:9"
"HND","BX:504","EAR_EMTA_SEX_ECO_NB","SEX_T","ECO_SECTOR_TOTAL","2023",9542.655,,,"T30:87","R1:3513_S3:9"
"HND","BX:504","EAR_EMTA_SEX_ECO_NB","SEX_T","ECO_SECTOR_TOTAL","2022",9217.472,,,"T30:87","R1:3513_S3:9"
"HND","BX:504","EAR_EMTA_SEX_ECO_NB","SEX_T","ECO_SECTOR_TOTAL","2021",8413.258,,,"T30:87","R1:3513_S3:9"
"HND","BX:504","EAR_EMTA_SEX_ECO_NB","SEX_T","ECO_SECTOR_TOTAL","2020",8296.334,"B",,"T30:87_I11:264","R1:3513_S3:9"
"HND","BX:504","EAR_EMTA_SEX_ECO_NB","SEX_T","ECO_SECTOR_TOTAL","2019",7338.608,,,"T30:87","R1:3513_S3:9"
"HND","BX:504","EAR_EMTA_SEX_ECO_NB","SEX_T","ECO_SECTOR_TOTAL","2018",6650.171,"B",,"T30:87_I11:264","R1:3513_S3:9"
"HND","BX:504","EAR_EMTA_SEX_ECO_NB","SEX_T","ECO_SECTOR_TOTAL","2017",6875.838,,,"T30:87","R1:3513_S3:9"
"HND","BX:504","EAR_EMTA_SEX_ECO_NB","SEX_T","ECO_SECTOR_TOTAL","2016",7024.417,,,"T30:87","R1:3513"
"HND","BX:504","EAR_EMTA_SEX_ECO_NB","SEX_T","ECO_SECTOR_TOTAL","2015",6660.392,,,"T30:87","R1:3513"
"HND","BX:504","EAR_EMTA_SEX_ECO_NB","SEX_T","ECO_SECTOR_TOTAL","2014",6678.121,,,"T30:87","R1:3513"
"HND","BX:504","EAR_EMTA_SEX_ECO_NB","SEX_T","ECO_SECTOR_TOTAL","2013",6045.341,,,"T30:87","R1:3513"
"HND","BX:504","EAR_EMTA_SEX_ECO_NB","SEX_T","ECO_SECTOR_TOTAL","2012",6945.277,,,"T30:87","R1:3513"
"HND","BX:504","EAR_EMTA_SEX_ECO_NB","SEX_T","ECO_SECTOR_TOTAL","2011",7385.085,,,"T30:87","R1:3513"
"HND","BX:504","EAR_EMTA_SEX_ECO_NB","SEX_T","ECO_SECTOR_TOTAL","2010",6255.095,,,"T30:87","R1:3513"
"HND","BX:504","EAR_EMTA_SEX_ECO_NB","SEX_T","ECO_SECTOR_TOTAL","2009",5860.792,,,"T30:87","R1:3513"
"HND","BX:504","EAR_EMTA_SEX_ECO_NB","SEX_T","ECO_SECTOR_TOTAL","2008",5696.523,"B",,"T30:87_I11:264","R1:3513"
"HND","BX:504","EAR_EMTA_SEX_ECO_NB","SEX_T","ECO_SECTOR_TOTAL","2007",5035.409,,,"T30:87","R1:3513"
"HND","BX:504","EAR_EMTA_SEX_ECO_NB","SEX_T","ECO_SECTOR_TOTAL","2006",4561.445,,,"T30:87","R1:3513"
"HND","BX:504","EAR_EMTA_SEX_ECO_NB","SEX_T","ECO_SECTOR_TOTAL","2005",4243.588,"B",,"T30:87_I11:264","R1:3513"
"HRV","BB:5862","EAR_EMTA_SEX_ECO_NB","SEX_T","ECO_SECTOR_TOTAL","2025",2206.746,,,"T30:386","R1:3513_T2:85"
"HRV","BB:5862","EAR_EMTA_SEX_ECO_NB","SEX_T","ECO_SECTOR_TOTAL","2024",2283.342,,,"T30:386","R1:3513_T2:85"
"HRV","BB:5862","EAR_EMTA_SEX_ECO_NB","SEX_T","ECO_SECTOR_TOTAL","2023",1430.873,,,"T30:386","R1:3513_T2:85"
"HRV","BB:5862","EAR_EMTA_SEX_ECO_NB","SEX_T","ECO_SECTOR_TOTAL","2022",1682.082,,,"T30:386","R1:3513_T2:85"
"HRV","BB:5862","EAR_EMTA_SEX_ECO_NB","SEX_T","ECO_SECTOR_TOTAL","2021",1619.726,,,"T30:386","R1:3513_T2:85"
"HRV","BB:5862","EAR_EMTA_SEX_ECO_NB","SEX_T","ECO_SECTOR_TOTAL","2020",1517.3,,,"T30:386","R1:3513_T2:85"
"HRV","BB:5862","EAR_EMTA_SEX_ECO_NB","SEX_T","ECO_SECTOR_TOTAL","2019",1433.857,,,"T30:386","R1:3513_T2:85"
"HRV","BB:5862","EAR_EMTA_SEX_ECO_NB","SEX_T","ECO_SECTOR_TOTAL","2018",1346.86,,,"T30:386","R1:3513_T2:85"
"HRV","BB:5862","EAR_EMTA_SEX_ECO_NB","SEX_T","ECO_SECTOR_TOTAL","2017",1339.385,,,"T30:386","R1:3513_T2:85"
"HRV","BB:5862","EAR_EMTA_SEX_ECO_NB","SEX_T","ECO_SECTOR_TOTAL","2016",1269.084,,,"T30:386","R1:3513_T2:85"
"HRV","BB:5862","EAR_EMTA_SEX_ECO_NB","SEX_T","ECO_SECTOR_TOTAL","2015",1291.229,,,"T30:386","R1:3513_T2:85"
"HRV","BB:5862","EAR_EMTA_SEX_ECO_NB","SEX_T","ECO_SECTOR_TOTAL","2014",1173.669,,,"T30:386","R1:3513_T2:85"
"HRV","BB:5862","EAR_EMTA_SEX_ECO_NB","SEX_T","ECO_SECTOR_TOTAL","2013",1190.134,,,"T30:386","R1:3513_T2:85"
"HRV","BB:5862","EAR_EMTA_SEX_ECO_NB","SEX_T","ECO_SECTOR_TOTAL","2012",1239.342,,,"T30:386","R1:3513_T2:85"
"HRV","BB:5862","EAR_EMTA_SEX_ECO_NB","SEX_T","ECO_SECTOR_TOTAL","2011",1248.726,,,"T30:386","R1:3513_T2:85"
"HRV","BB:5862","EAR_EMTA_SEX_ECO_NB","SEX_T","ECO_SECTOR_TOTAL","2010",1262.145,,,"T30:386","R1:3513_T2:85"
"HRV","DA:562","EAR_EMTA_SEX_ECO_NB","SEX_T","ECO_SECTOR_TOTAL","2009",7655,,,"T11:142_T33:396_T30:167","S3:20"
"HRV","DA:562","EAR_EMTA_SEX_ECO_NB","SEX_T","ECO_SECTOR_TOTAL","2008",7507,,,"T11:142_T33:396_T30:167","S3:20"
"HRV","DA:562","EAR_EMTA_SEX_ECO_NB","SEX_T","ECO_SECTOR_TOTAL","2007",6995,,,"T33:396_T30:167",
"HRV","DA:562","EAR_EMTA_SEX_ECO_NB","SEX_T","ECO_SECTOR_TOTAL","2006",6575,,,"T33:396_T30:167",
"HRV","DA:562","EAR_EMTA_SEX_ECO_NB","SEX_T","ECO_SECTOR_TOTAL","2005",6191.67,,,"T33:396_T30:167",
"HRV","DA:562","EAR_EMTA_SEX_ECO_NB","SEX_T","ECO_SECTOR_TOTAL","2004",5916,,,"T33:396_T30:167",
"HRV","DA:562","EAR_EMTA_SEX_ECO_NB","SEX_T","ECO_SECTOR_TOTAL","2003",5599,,,"T33:396_T30:167_I11:266",
"HRV","DA:562","EAR_EMTA_SEX_ECO_NB","SEX_T","ECO_SECTOR_TOTAL","2002",5366,,,"T33:396_T30:167",
"HRV","DA:562","EAR_EMTA_SEX_ECO_NB","SEX_T","ECO_SECTOR_TOTAL","2001",5061,,,"T33:396_T30:167",
"HRV","DA:562","EAR_EMTA_SEX_ECO_NB","SEX_T","ECO_SECTOR_TOTAL","2000",4869,,,"T33:396_T30:167",
"HUN","BB:3062","EAR_EMTA_SEX_ECO_NB","SEX_T","ECO_SECTOR_TOTAL","2025",1141.872,,,"T30:389","R1:3513_T2:85"
"HUN","BB:3062","EAR_EMTA_SEX_ECO_NB","SEX_T","ECO_SECTOR_TOTAL","2024",1105.324,,,"T30:389","R1:3513_T2:85"
"HUN","BB:3062","EAR_EMTA_SEX_ECO_NB","SEX_T","ECO_SECTOR_TOTAL","2023",947.315,,,"T30:389","R1:3513_T2:85"
"HUN","BB:3062","EAR_EMTA_SEX_ECO_NB","SEX_T","ECO_SECTOR_TOTAL","2022",960.032,,,"T30:389","R1:3513_T2:85"
"HUN","BB:3062","EAR_EMTA_SEX_ECO_NB","SEX_T","ECO_SECTOR_TOTAL","2021",884.572,,,"T30:389","R1:3513_T2:85"
"HUN","BB:3062","EAR_EMTA_SEX_ECO_NB","SEX_T","ECO_SECTOR_TOTAL","2020",978.668,,,"T30:389","R1:3513_T2:85"
"HUN","BB:3062","EAR_EMTA_SEX_ECO_NB","SEX_T","ECO_SECTOR_TOTAL","2019",1127.874,,,"T30:389","R1:3513_T2:85"
"HUN","BB:3062","EAR_EMTA_SEX_ECO_NB","SEX_T","ECO_SECTOR_TOTAL","2018",847.867,,,"T30:389","R1:3513_T2:85"
"HUN","BB:3062","EAR_EMTA_SEX_ECO_NB","SEX_T","ECO_SECTOR_TOTAL","2017",837.408,,,"T30:389","R1:3513_T2:85"
"HUN","BB:3062","EAR_EMTA_SEX_ECO_NB","SEX_T","ECO_SECTOR_TOTAL","2016",779.873,,,"T30:389","R1:3513_T2:85"
"HUN","BB:3062","EAR_EMTA_SEX_ECO_NB","SEX_T","ECO_SECTOR_TOTAL","2015",753.44,,,"T30:389","R1:3513_T2:85"
"HUN","BB:3062","EAR_EMTA_SEX_ECO_NB","SEX_T","ECO_SECTOR_TOTAL","2014",782.144,,,"T30:389","R1:3513_T2:85"
"HUN","BB:3062","EAR_EMTA_SEX_ECO_NB","SEX_T","ECO_SECTOR_TOTAL","2013",760.44,,,"T30:389","R1:3513_T2:85"
"HUN","BB:3062","EAR_EMTA_SEX_ECO_NB","SEX_T","ECO_SECTOR_TOTAL","2012",774.353,,,"T30:389","R1:3513_T2:85"
"HUN","BB:3062","EAR_EMTA_SEX_ECO_NB","SEX_T","ECO_SECTOR_TOTAL","2011",760.199,,,"T30:389","R1:3513_T2:85"
"HUN","BB:3062","EAR_EMTA_SEX_ECO_NB","SEX_T","ECO_SECTOR_TOTAL","2010",720.388,,,"T30:389","R1:3513_T2:85"
"HUN","BB:3062","EAR_EMTA_SEX_ECO_NB","SEX_T","ECO_SECTOR_TOTAL","2009",798.765,,,"T30:389","R1:3513_T2:85"
"HUN","BB:3062","EAR_EMTA_SEX_ECO_NB","SEX_T","ECO_SECTOR_TOTAL","2008",743.632,,,"T30:389","R1:3513_T2:85"
"HUN","BB:3062","EAR_EMTA_SEX_ECO_NB","SEX_T","ECO_SECTOR_TOTAL","2007",633.315,,,"T30:389","R1:3513_T2:85"
"HUN","BB:3062","EAR_EMTA_SEX_ECO_NB","SEX_T","ECO_SECTOR_TOTAL","2006",506.616,,,"T30:389","R1:3513_T2:85"
"HUN","BB:3062","EAR_EMTA_SEX_ECO_NB","SEX_T","ECO_SECTOR_TOTAL","2005",459.119,,,"T30:389","R1:3513_T2:85"
"HUN","CA:1237","EAR_EMTA_SEX_ECO_NB","SEX_T","ECO_SECTOR_TOTAL","2004",145187,,,"T12:146_T33:396_T30:180","S6:47"
"HUN","CA:1237","EAR_EMTA_SEX_ECO_NB","SEX_T","ECO_SECTOR_TOTAL","2003",138003,,,"T12:146_T33:396_T30:180","S6:47"
"HUN","CA:1237","EAR_EMTA_SEX_ECO_NB","SEX_T","ECO_SECTOR_TOTAL","2002",122266,,,"T12:146_T33:396_T30:180","S6:47"
"HUN","CA:1237","EAR_EMTA_SEX_ECO_NB","SEX_T","ECO_SECTOR_TOTAL","2001",103280,,,"T12:146_T33:396_T30:180","S6:47"
"HUN","CA:1237","EAR_EMTA_SEX_ECO_NB","SEX_T","ECO_SECTOR_TOTAL","2000",87566,,,"T12:146_T33:396_T30:180","S6:47"
"IDN","BA:510","EAR_EMTA_SEX_ECO_NB","SEX_T","ECO_SECTOR_TOTAL","2023",2778128.806,,,"T30:122","R1:3513"
"IDN","BA:510","EAR_EMTA_SEX_ECO_NB","SEX_T","ECO_SECTOR_TOTAL","2022",2690034.686,,,"T30:122","R1:3513"
"IDN","BA:510","EAR_EMTA_SEX_ECO_NB","SEX_T","ECO_SECTOR_TOTAL","2021",2511508.115,"B",,"T30:122_I11:264","R1:3513"
"IDN","BA:510","EAR_EMTA_SEX_ECO_NB","SEX_T","ECO_SECTOR_TOTAL","2020",2561509.932,,,"T30:122","R1:3513"
"IDN","BA:510","EAR_EMTA_SEX_ECO_NB","SEX_T","ECO_SECTOR_TOTAL","2019",2589312.729,,,"T30:122","R1:3513"
"IDN","BA:510","EAR_EMTA_SEX_ECO_NB","SEX_T","ECO_SECTOR_TOTAL","2018",2465848.915,,,"T30:122","R1:3513"
"IDN","BA:510","EAR_EMTA_SEX_ECO_NB","SEX_T","ECO_SECTOR_TOTAL","2017",2433700.752,,,"T30:122","R1:3513"
"IDN","BA:510","EAR_EMTA_SEX_ECO_NB","SEX_T","ECO_SECTOR_TOTAL","2016",2125593.661,,,"T30:122","R1:3513"
"IDN","BA:510","EAR_EMTA_SEX_ECO_NB","SEX_T","ECO_SECTOR_TOTAL","2015",1818033.31,,,"T30:122","R1:3513"
"IDN","BA:510","EAR_EMTA_SEX_ECO_NB","SEX_T","ECO_SECTOR_TOTAL","2014",1703837.072,,,"T30:122","R1:3513"
"IDN","BA:510","EAR_EMTA_SEX_ECO_NB","SEX_T","ECO_SECTOR_TOTAL","2013",1575305.674,"B",,"T30:122_I11:264","R1:3513"
"IDN","BA:510","EAR_EMTA_SEX_ECO_NB","SEX_T","ECO_SECTOR_TOTAL","2012",1416851.816,,,"T30:122","R1:3513"
"IDN","BA:510","EAR_EMTA_SEX_ECO_NB","SEX_T","ECO_SECTOR_TOTAL","2011",1331778.138,,,"T30:122","R1:3513"
"IDN","BA:510","EAR_EMTA_SEX_ECO_NB","SEX_T","ECO_SECTOR_TOTAL","2010",1373249.226,,,"T30:122","R1:3513"
"IDN","BA:510","EAR_EMTA_SEX_ECO_NB","SEX_T","ECO_SECTOR_TOTAL","2009",1305004.134,,,"T30:122","R1:3513"
"IDN","BA:510","EAR_EMTA_SEX_ECO_NB","SEX_T","ECO_SECTOR_TOTAL","2008",1139076.349,"B",,"T30:122_I11:264","R1:3513"
"IDN","BA:510","EAR_EMTA_SEX_ECO_NB","SEX_T","ECO_SECTOR_TOTAL","2007",1075350.928,,,"T30:122","R1:3513"
"IDN","BA:510","EAR_EMTA_SEX_ECO_NB","SEX_T","ECO_SECTOR_TOTAL","2006",995447.946,,,"T30:122","R1:3513"
"IDN","BA:510","EAR_EMTA_SEX_ECO_NB","SEX_T","ECO_SECTOR_TOTAL","2005",850790.049,,,"T30:122","R1:3513"
"IDN","BA:510","EAR_EMTA_SEX_ECO_NB","SEX_T","ECO_SECTOR_TOTAL","2004",840021.08,,,"T30:122","R1:3513"
"IDN","BA:510","EAR_EMTA_SEX_ECO_NB","SEX_T","ECO_SECTOR_TOTAL","2003",786859.657,,,"T30:122","R1:3513"
"IDN","BA:510","EAR_EMTA_SEX_ECO_NB","SEX_T","ECO_SECTOR_TOTAL","2002",691766.912,,,"T30:122","R1:3513"
"IDN","BA:510","EAR_EMTA_SEX_ECO_NB","SEX_T","ECO_SECTOR_TOTAL","2001",590866.355,,,"T30:122","R1:3513"
"IDN","BA:510","EAR_EMTA_SEX_ECO_NB","SEX_T","ECO_SECTOR_TOTAL","2000",430196.73,,,"T30:122","R1:3513"
"IMN","JA:7422","EAR_EMTA_SEX_ECO_NB","SEX_T","ECO_SECTOR_TOTAL","2016",685.096,,,"T7:122_T11:142_T12:146_T30:183",
"IMN","JA:7422","EAR_EMTA_SEX_ECO_NB","SEX_T","ECO_SECTOR_TOTAL","2014",668.66,,,"T7:122_T11:142_T12:146_T30:183",
"IMN","DA:1249","EAR_EMTA_SEX_ECO_NB","SEX_T","ECO_SECTOR_TOTAL","2013",621.063,,,"T7:122_T11:142_T12:146_T30:183",
"IMN","DA:1249","EAR_EMTA_SEX_ECO_NB","SEX_T","ECO_SECTOR_TOTAL","2008",497.55,,,"T7:122_T33:396_T30:183","S3:17"
"IMN","DA:1249","EAR_EMTA_SEX_ECO_NB","SEX_T","ECO_SECTOR_TOTAL","2007",480.4,,,"T7:122_T33:396_T30:183","S3:17"
"IMN","DA:1249","EAR_EMTA_SEX_ECO_NB","SEX_T","ECO_SECTOR_TOTAL","2006",464.5,,,"T7:122_T33:396_T30:183","S3:17"
"IMN","DA:1249","EAR_EMTA_SEX_ECO_NB","SEX_T","ECO_SECTOR_TOTAL","2005",429,,,"T7:122_T33:396_T30:183","S3:17"
"IMN","DA:1249","EAR_EMTA_SEX_ECO_NB","SEX_T","ECO_SECTOR_TOTAL","2004",420.76,,,"T7:122_T33:396_T30:183","S3:17"
"IMN","DA:1249","EAR_EMTA_SEX_ECO_NB","SEX_T","ECO_SECTOR_TOTAL","2003",415.44,,,"T7:122_T33:396_T30:183","S3:17"
"IMN","DA:1249","EAR_EMTA_SEX_ECO_NB","SEX_T","ECO_SECTOR_TOTAL","2002",382.53,,,"T7:122_T33:396_T30:183","S3:17"
"IMN","DA:1249","EAR_EMTA_SEX_ECO_NB","SEX_T","ECO_SECTOR_TOTAL","2001",368.72,,,"T7:122_T33:396_T30:183","S3:17"
"IMN","DA:1249","EAR_EMTA_SEX_ECO_NB","SEX_T","ECO_SECTOR_TOTAL","2000",349.57,,,"T7:122_T33:396_T30:183","S3:17"
"IND","BA:14121","EAR_EMTA_SEX_ECO_NB","SEX_T","ECO_SECTOR_TOTAL","2025",22219.99,,,"T30:121","R1:3513"
"IND","BA:14121","EAR_EMTA_SEX_ECO_NB","SEX_T","ECO_SECTOR_TOTAL","2024",20811.6,,,"T30:121","R1:3513"
"IND","BA:14121","EAR_EMTA_SEX_ECO_NB","SEX_T","ECO_SECTOR_TOTAL","2023",19783.492,,,"T30:121","R1:3513"
"IND","BA:14121","EAR_EMTA_SEX_ECO_NB","SEX_T","ECO_SECTOR_TOTAL","2022",18799.404,,,"T30:121","R1:3513"
"IND","BA:14121","EAR_EMTA_SEX_ECO_NB","SEX_T","ECO_SECTOR_TOTAL","2021",17583.076,,,"T30:121","R1:3513"
"IND","BA:14121","EAR_EMTA_SEX_ECO_NB","SEX_T","ECO_SECTOR_TOTAL","2020",17037.051,,,"T30:121","R1:3513"
"IND","BA:14121","EAR_EMTA_SEX_ECO_NB","SEX_T","ECO_SECTOR_TOTAL","2019",15799.338,,,"T30:121","R1:3513"
"IND","BA:14121","EAR_EMTA_SEX_ECO_NB","SEX_T","ECO_SECTOR_TOTAL","2018",15678.987,,,"T30:121","R1:3513"
"IND","BX:2228","EAR_EMTA_SEX_ECO_NB","SEX_T","ECO_SECTOR_TOTAL","2012",11910.637,,,"T30:121","R1:3513"
"IND","BX:2228","EAR_EMTA_SEX_ECO_NB","SEX_T","ECO_SECTOR_TOTAL","2010",9585.423,,,"T30:121","R1:3513"
"IND","BX:2228","EAR_EMTA_SEX_ECO_NB","SEX_T","ECO_SECTOR_TOTAL","2005",5121.703,,,"T30:121","R1:3513_S3:26"
"IRL","BB:3073","EAR_EMTA_SEX_ECO_NB","SEX_T","ECO_SECTOR_TOTAL","2025",5041.263,,,"T30:182","R1:3513_T2:85"
"IRL","BB:3073","EAR_EMTA_SEX_ECO_NB","SEX_T","ECO_SECTOR_TOTAL","2024",4799.091,,,"T30:182","R1:3513_T2:85"
"IRL","BB:3073","EAR_EMTA_SEX_ECO_NB","SEX_T","ECO_SECTOR_TOTAL","2023",4494.462,,,"T30:182","R1:3513_T2:85"
"IRL","BB:3073","EAR_EMTA_SEX_ECO_NB","SEX_T","ECO_SECTOR_TOTAL","2022",4393.891,,,"T30:182","R1:3513_T2:85"
"IRL","BB:3073","EAR_EMTA_SEX_ECO_NB","SEX_T","ECO_SECTOR_TOTAL","2021",4242.997,,,"T30:182","R1:3513_T2:85"
"IRL","BB:3073","EAR_EMTA_SEX_ECO_NB","SEX_T","ECO_SECTOR_TOTAL","2020",3974.495,,,"T30:182","R1:3513_T2:85"
"IRL","BB:3073","EAR_EMTA_SEX_ECO_NB","SEX_T","ECO_SECTOR_TOTAL","2019",3546.263,,,"T30:182","R1:3513_T2:85"
"IRL","BB:3073","EAR_EMTA_SEX_ECO_NB","SEX_T","ECO_SECTOR_TOTAL","2018",3887.973,,,"T30:182","R1:3513_T2:85"
"IRL","BB:3073","EAR_EMTA_SEX_ECO_NB","SEX_T","ECO_SECTOR_TOTAL","2017",3721.719,,,"T30:182","R1:3513_T2:85"
"IRL","BB:3073","EAR_EMTA_SEX_ECO_NB","SEX_T","ECO_SECTOR_TOTAL","2016",3678.744,,,"T30:182","R1:3513_T2:85"
"IRL","BB:3073","EAR_EMTA_SEX_ECO_NB","SEX_T","ECO_SECTOR_TOTAL","2015",3560.568,,,"T30:182","R1:3513_T2:85"
"IRL","BB:3073","EAR_EMTA_SEX_ECO_NB","SEX_T","ECO_SECTOR_TOTAL","2014",3595.739,,,"T30:182","R1:3513_T2:85"
"IRL","BB:3073","EAR_EMTA_SEX_ECO_NB","SEX_T","ECO_SECTOR_TOTAL","2013",3626.69,,,"T30:182","R1:3513_T2:85"
"IRL","BB:3073","EAR_EMTA_SEX_ECO_NB","SEX_T","ECO_SECTOR_TOTAL","2012",3417.691,,,"T30:182","R1:3513_T2:85"
"IRL","BB:3073","EAR_EMTA_SEX_ECO_NB","SEX_T","ECO_SECTOR_TOTAL","2011",3423.298,,,"T30:182","R1:3513_T2:85"
"IRL","BB:3073","EAR_EMTA_SEX_ECO_NB","SEX_T","ECO_SECTOR_TOTAL","2010",3350.99,,,"T30:182","R1:3513_T2:85"
"IRL","BB:3073","EAR_EMTA_SEX_ECO_NB","SEX_T","ECO_SECTOR_TOTAL","2009",3227.006,,,"T30:182","R1:3513_T2:85"
"IRL","BB:3073","EAR_EMTA_SEX_ECO_NB","SEX_T","ECO_SECTOR_TOTAL","2008",3361.255,,,"T30:182","R1:3513_T2:85"
"IRL","BB:3073","EAR_EMTA_SEX_ECO_NB","SEX_T","ECO_SECTOR_TOTAL","2007",3224.751,,,"T30:182","R1:3513_T2:85"
"IRL","BB:3073","EAR_EMTA_SEX_ECO_NB","SEX_T","ECO_SECTOR_TOTAL","2006",2521.797,,,"T30:182","R1:3513_T2:85"
"IRL","BB:3073","EAR_EMTA_SEX_ECO_NB","SEX_T","ECO_SECTOR_TOTAL","2005",2372.294,,,"T30:182","R1:3513_T2:85"
"IRL","BB:3073","EAR_EMTA_SEX_ECO_NB","SEX_T","ECO_SECTOR_TOTAL","2004",2336.965,,,"T30:182","R1:3513_T2:85"
"ISL","BB:3061","EAR_EMTA_SEX_ECO_NB","SEX_T","ECO_SECTOR_TOTAL","2020",5558.226,,,"T30:390","R1:3513_T2:85"
"ISL","BB:3061","EAR_EMTA_SEX_ECO_NB","SEX_T","ECO_SECTOR_TOTAL","2019",5716.377,,,"T30:390","R1:3513_T2:85"
"ISL","BB:3061","EAR_EMTA_SEX_ECO_NB","SEX_T","ECO_SECTOR_TOTAL","2018",6034.88,,,"T30:390","R1:3513_T2:85"
"ISL","BB:3061","EAR_EMTA_SEX_ECO_NB","SEX_T","ECO_SECTOR_TOTAL","2017",5180.819,,,"T30:390","R1:3513_T2:85"
"ISL","BB:3061","EAR_EMTA_SEX_ECO_NB","SEX_T","ECO_SECTOR_TOTAL","2016",4129.583,,,"T30:390","R1:3513_T2:85"
"ISL","BB:3061","EAR_EMTA_SEX_ECO_NB","SEX_T","ECO_SECTOR_TOTAL","2015",3345.323,,,"T30:390","R1:3513_T2:85"
"ISL","BB:3061","EAR_EMTA_SEX_ECO_NB","SEX_T","ECO_SECTOR_TOTAL","2014",3360.81,,,"T30:390","R1:3513_T2:85"
"ISL","BB:3061","EAR_EMTA_SEX_ECO_NB","SEX_T","ECO_SECTOR_TOTAL","2013",2746.691,,,"T30:390","R1:3513_T2:85"
"ISL","BB:3061","EAR_EMTA_SEX_ECO_NB","SEX_T","ECO_SECTOR_TOTAL","2012",2921.164,,,"T30:390","R1:3513_T2:85"
"ISL","BB:3061","EAR_EMTA_SEX_ECO_NB","SEX_T","ECO_SECTOR_TOTAL","2011",2730.881,,,"T30:390","R1:3513_T2:85"
"ISL","BB:3061","EAR_EMTA_SEX_ECO_NB","SEX_T","ECO_SECTOR_TOTAL","2010",2541.736,,,"T30:390","R1:3513_T2:85"
"ISL","BB:3061","EAR_EMTA_SEX_ECO_NB","SEX_T","ECO_SECTOR_TOTAL","2009",3104.274,,,"T30:390","R1:3513_T2:85"
"ISL","BB:3061","EAR_EMTA_SEX_ECO_NB","SEX_T","ECO_SECTOR_TOTAL","2008",4611.25,,,"T30:390","R1:3513_T2:85"
"ISL","BB:3061","EAR_EMTA_SEX_ECO_NB","SEX_T","ECO_SECTOR_TOTAL","2007",4219.754,,,"T30:390","R1:3513_T2:85"
"ISL","BB:3061","EAR_EMTA_SEX_ECO_NB","SEX_T","ECO_SECTOR_TOTAL","2006",3738.59,,,"T30:390","R1:3513_T2:85"
"ISL","BB:3061","EAR_EMTA_SEX_ECO_NB","SEX_T","ECO_SECTOR_TOTAL","2005",2849.297,,,"T30:390","R1:3513_T2:85"
"ISL","BB:3061","EAR_EMTA_SEX_ECO_NB","SEX_T","ECO_SECTOR_TOTAL","2004",2673.212,,,"T30:390","R1:3513_T2:85"
"ISR","BB:711","EAR_EMTA_SEX_ECO_NB","SEX_T","ECO_SECTOR_TOTAL","2021",10928,,,"I20:3359_T8:252_T30:125",
"ISR","BB:711","EAR_EMTA_SEX_ECO_NB","SEX_T","ECO_SECTOR_TOTAL","2018",10584,,,"I20:3359_T8:252_T30:125",
"ISR","BB:711","EAR_EMTA_SEX_ECO_NB","SEX_T","ECO_SECTOR_TOTAL","2016",9724,,,"I20:3359_T8:252_T30:125",
"ISR","BB:711","EAR_EMTA_SEX_ECO_NB","SEX_T","ECO_SECTOR_TOTAL","2015",9503,,,"T8:252_T30:125",
"ISR","BB:711","EAR_EMTA_SEX_ECO_NB","SEX_T","ECO_SECTOR_TOTAL","2014",9317,,,"T30:125",
"ISR","BB:711","EAR_EMTA_SEX_ECO_NB","SEX_T","ECO_SECTOR_TOTAL","2013",9030,,,"T30:125",
"ISR","BB:711","EAR_EMTA_SEX_ECO_NB","SEX_T","ECO_SECTOR_TOTAL","2012",9149,,,"T30:125",
"ISR","BB:711","EAR_EMTA_SEX_ECO_NB","SEX_T","ECO_SECTOR_TOTAL","2011",8325,,,"T8:252_T33:396_T30:125",
"ISR","BB:711","EAR_EMTA_SEX_ECO_NB","SEX_T","ECO_SECTOR_TOTAL","2010",8100,,,"T8:252_T33:396_T30:125",
"ISR","BB:711","EAR_EMTA_SEX_ECO_NB","SEX_T","ECO_SECTOR_TOTAL","2009",7947,,,"T8:252_T33:396_T30:125",
"ITA","BB:3069","EAR_EMTA_SEX_ECO_NB","SEX_T","ECO_SECTOR_TOTAL","2025",3534.346,,,"T30:184","R1:3513_T2:85"
"ITA","BB:3069","EAR_EMTA_SEX_ECO_NB","SEX_T","ECO_SECTOR_TOTAL","2024",3329.878,,,"T30:184","R1:3513_T2:85"
"ITA","BB:3069","EAR_EMTA_SEX_ECO_NB","SEX_T","ECO_SECTOR_TOTAL","2023",3203.698,,,"T30:184","R1:3513_T2:85"
"ITA","BB:3069","EAR_EMTA_SEX_ECO_NB","SEX_T","ECO_SECTOR_TOTAL","2022",3116.198,,,"T30:184","R1:3513_T2:85"
"ITA","BB:3069","EAR_EMTA_SEX_ECO_NB","SEX_T","ECO_SECTOR_TOTAL","2021",3077.83,,,"T30:184","R1:3513_T2:85"
"ITA","BA:325","EAR_EMTA_SEX_ECO_NB","SEX_T","ECO_SECTOR_TOTAL","2020",1365.486,,,"T30:184","R1:3513"
"ITA","BA:325","EAR_EMTA_SEX_ECO_NB","SEX_T","ECO_SECTOR_TOTAL","2019",1354.972,,,"T30:184","R1:3513"
"ITA","BA:325","EAR_EMTA_SEX_ECO_NB","SEX_T","ECO_SECTOR_TOTAL","2018",1338.435,,,"T30:184","R1:3513"
"ITA","BA:325","EAR_EMTA_SEX_ECO_NB","SEX_T","ECO_SECTOR_TOTAL","2017",1325.863,,,"T30:184","R1:3513"
"ITA","BA:325","EAR_EMTA_SEX_ECO_NB","SEX_T","ECO_SECTOR_TOTAL","2016",1319.238,,,"T30:184","R1:3513"
"ITA","BA:325","EAR_EMTA_SEX_ECO_NB","SEX_T","ECO_SECTOR_TOTAL","2015",1307.589,,,"T30:184","R1:3513"
"ITA","BA:325","EAR_EMTA_SEX_ECO_NB","SEX_T","ECO_SECTOR_TOTAL","2014",1286.271,,,"T30:184","R1:3513"
"ITA","BA:325","EAR_EMTA_SEX_ECO_NB","SEX_T","ECO_SECTOR_TOTAL","2013",1264.564,,,"T30:184","R1:3513"
"ITA","BA:325","EAR_EMTA_SEX_ECO_NB","SEX_T","ECO_SECTOR_TOTAL","2012",1258.506,,,"T30:184","R1:3513"
"ITA","BA:325","EAR_EMTA_SEX_ECO_NB","SEX_T","ECO_SECTOR_TOTAL","2011",1258.837,,,"T30:184","R1:3513"
"ITA","BA:325","EAR_EMTA_SEX_ECO_NB","SEX_T","ECO_SECTOR_TOTAL","2010",1247.144,,,"T30:184","R1:3513"
"ITA","BA:325","EAR_EMTA_SEX_ECO_NB","SEX_T","ECO_SECTOR_TOTAL","2009",1226.329,,,"T30:184","R1:3513"
"ITA","BA:325","EAR_EMTA_SEX_ECO_NB","SEX_T","ECO_SECTOR_TOTAL","2008",1210.181,"B",,"T30:184_I11:264","R1:3513"
"ITA","BB:3069","EAR_EMTA_SEX_ECO_NB","SEX_T","ECO_SECTOR_TOTAL","2007",2725.037,,,"T30:184","R1:3513_T2:85"
"JAM","BA:65","EAR_EMTA_SEX_ECO_NB","SEX_T","ECO_SECTOR_TOTAL","2014",37139.627,,,"T30:88","R1:3513"
"JAM","BA:65","EAR_EMTA_SEX_ECO_NB","SEX_T","ECO_SECTOR_TOTAL","2013",35859.531,,,"T30:88","R1:3513"
"JAM","BA:65","EAR_EMTA_SEX_ECO_NB","SEX_T","ECO_SECTOR_TOTAL","2012",30639.538,,,"T30:88","R1:3513"
"JAM","BA:65","EAR_EMTA_SEX_ECO_NB","SEX_T","ECO_SECTOR_TOTAL","2011",31509.509,,,"T30:88","R1:3513"
"JAM","BA:65","EAR_EMTA_SEX_ECO_NB","SEX_T","ECO_SECTOR_TOTAL","2010",29228.216,,,"T30:88","R1:3513"
"JAM","BA:65","EAR_EMTA_SEX_ECO_NB","SEX_T","ECO_SECTOR_TOTAL","2009",28534.069,,,"T30:88","R1:3513"
"JAM","BA:65","EAR_EMTA_SEX_ECO_NB","SEX_T","ECO_SECTOR_TOTAL","2008",30578.195,,,"T30:88","R1:3513"
"JAM","DA:70","EAR_EMTA_SEX_ECO_NB","SEX_T","ECO_SECTOR_TOTAL","2007",12951,,,"T7:122_T30:88","S6:48"
"JAM","DA:70","EAR_EMTA_SEX_ECO_NB","SEX_T","ECO_SECTOR_TOTAL","2006",11684,,,"T7:122_T33:396_T30:88",
"JAM","DA:70","EAR_EMTA_SEX_ECO_NB","SEX_T","ECO_SECTOR_TOTAL","2005",10398,,,"T7:122_T33:396_T30:88",
"JAM","DA:70","EAR_EMTA_SEX_ECO_NB","SEX_T","ECO_SECTOR_TOTAL","2004",9631,,,"T7:122_T33:396_T30:88",
"JAM","DA:70","EAR_EMTA_SEX_ECO_NB","SEX_T","ECO_SECTOR_TOTAL","2003",9023,,,"T7:122_T33:396_T30:88",
"JAM","DA:70","EAR_EMTA_SEX_ECO_NB","SEX_T","ECO_SECTOR_TOTAL","2002",8895,,,"T30:88",
"JAM","DA:70","EAR_EMTA_SEX_ECO_NB","SEX_T","ECO_SECTOR_TOTAL","2001",8237,,,"T30:88",
"JEY","DA:2509","EAR_EMTA_SEX_ECO_NB","SEX_T","ECO_SECTOR_TOTAL","2016",700,,,"T7:122_T8:252_T9:131_T12:1516_T30:185","S3:17"
"JEY","DA:2509","EAR_EMTA_SEX_ECO_NB","SEX_T","ECO_SECTOR_TOTAL","2015",680,,,"T7:122_T8:252_T9:131_T12:1516_T30:185","S3:17"
"JEY","DA:2509","EAR_EMTA_SEX_ECO_NB","SEX_T","ECO_SECTOR_TOTAL","2013",660,,,"T7:122_T12:1516_T30:185","S3:17"
"JEY","DA:2509","EAR_EMTA_SEX_ECO_NB","SEX_T","ECO_SECTOR_TOTAL","2012",660,,,"T7:122_T12:1516_T33:396_T30:185","S3:17"
"JEY","DA:1295","EAR_EMTA_SEX_ECO_NB","SEX_T","ECO_SECTOR_TOTAL","2008",600,,,"T7:122_T33:396_T30:185","S3:17"
"JEY","DA:1295","EAR_EMTA_SEX_ECO_NB","SEX_T","ECO_SECTOR_TOTAL","2007",580,,,"T7:122_T33:396_T30:185","S3:17"
"JEY","DA:1295","EAR_EMTA_SEX_ECO_NB","SEX_T","ECO_SECTOR_TOTAL","2006",550,,,"T7:122_T33:396_T30:185","S3:17"
"JEY","DA:1295","EAR_EMTA_SEX_ECO_NB","SEX_T","ECO_SECTOR_TOTAL","2005",530,,,"T7:122_T33:396_T30:185","S3:17"
"JEY","DA:1295","EAR_EMTA_SEX_ECO_NB","SEX_T","ECO_SECTOR_TOTAL","2004",510,,,"T7:122_T33:396_T30:185","S3:17"
"JEY","DA:1295","EAR_EMTA_SEX_ECO_NB","SEX_T","ECO_SECTOR_TOTAL","2003",490,,,"T7:122_T33:396_T30:185","S3:17"
"JEY","DA:1295","EAR_EMTA_SEX_ECO_NB","SEX_T","ECO_SECTOR_TOTAL","2002",470,,,"T7:122_T33:396_T30:185","S3:17"
"JEY","DA:1295","EAR_EMTA_SEX_ECO_NB","SEX_T","ECO_SECTOR_TOTAL","2001",450,,,"T7:122_T33:396_T30:185","S3:17"
"JEY","DA:1295","EAR_EMTA_SEX_ECO_NB","SEX_T","ECO_SECTOR_TOTAL","2000",420,,,"T7:122_T33:396_T30:185","S3:17"
"JOR","BA:682","EAR_EMTA_SEX_ECO_NB","SEX_T","ECO_SECTOR_TOTAL","2024",351.324,,,"T30:127","R1:3513"
"JOR","BA:682","EAR_EMTA_SEX_ECO_NB","SEX_T","ECO_SECTOR_TOTAL","2023",341.397,,,"T30:127","R1:3513"
"JOR","BA:682","EAR_EMTA_SEX_ECO_NB","SEX_T","ECO_SECTOR_TOTAL","2022",340.545,,,"T30:127","R1:3513"
"JOR","BA:682","EAR_EMTA_SEX_ECO_NB","SEX_T","ECO_SECTOR_TOTAL","2021",337.059,,,"T30:127","R1:3513"
"JOR","BA:682","EAR_EMTA_SEX_ECO_NB","SEX_T","ECO_SECTOR_TOTAL","2020",321.731,,,"T30:127","R1:3513"
"JOR","BA:682","EAR_EMTA_SEX_ECO_NB","SEX_T","ECO_SECTOR_TOTAL","2019",320.031,,,"T30:127","R1:3513"
"JOR","BA:682","EAR_EMTA_SEX_ECO_NB","SEX_T","ECO_SECTOR_TOTAL","2018",331.572,,,"T30:127","R1:3513"
"JOR","BA:682","EAR_EMTA_SEX_ECO_NB","SEX_T","ECO_SECTOR_TOTAL","2017",353.086,"B",,"T30:127_I11:264","R1:3513"
"JOR","DA:1299","EAR_EMTA_SEX_ECO_NB","SEX_T","ECO_SECTOR_TOTAL","2016",493,,,"T33:396_T30:127","S3:21"
"JPN","DA:260","EAR_EMTA_SEX_ECO_NB","SEX_T","ECO_SECTOR_TOTAL","2021",307400,,,"T8:252_T12:146_T30:126","S3:17_S4:34_S6:47"
"JPN","DA:260","EAR_EMTA_SEX_ECO_NB","SEX_T","ECO_SECTOR_TOTAL","2020",307700,,,"T8:252_T12:146_T30:126","S3:17_S4:34_S6:47"
"JPN","DA:260","EAR_EMTA_SEX_ECO_NB","SEX_T","ECO_SECTOR_TOTAL","2019",306000,,,"T8:252_T12:146_T30:126","S3:17_S4:34_S6:47"
"JPN","DA:260","EAR_EMTA_SEX_ECO_NB","SEX_T","ECO_SECTOR_TOTAL","2018",305300,,,"T8:252_T12:146_T30:126","S3:17_S4:34_S6:47"
"JPN","DA:260","EAR_EMTA_SEX_ECO_NB","SEX_T","ECO_SECTOR_TOTAL","2017",303800,,,"T8:252_T12:146_T30:126","S3:17_S4:34_S6:47"
"JPN","DA:260","EAR_EMTA_SEX_ECO_NB","SEX_T","ECO_SECTOR_TOTAL","2016",303600,,,"T8:252_T12:146_T30:126","S3:17_S4:34_S6:47"
"JPN","DA:260","EAR_EMTA_SEX_ECO_NB","SEX_T","ECO_SECTOR_TOTAL","2015",303500,,,"T8:252_T12:146_T30:126","S3:17_S4:34_S6:47"
"JPN","DA:260","EAR_EMTA_SEX_ECO_NB","SEX_T","ECO_SECTOR_TOTAL","2014",299600,,,"T8:252_T12:146_T30:126","S3:17_S4:34_S6:47"
"JPN","DA:260","EAR_EMTA_SEX_ECO_NB","SEX_T","ECO_SECTOR_TOTAL","2013",295700,,,"T8:252_T12:146_T33:396_T30:126","S3:17_S4:34_S6:47"
"JPN","DA:260","EAR_EMTA_SEX_ECO_NB","SEX_T","ECO_SECTOR_TOTAL","2012",297700,,,"T8:252_T12:146_T33:396_T30:126","S3:17_S4:34_S6:47"
"JPN","DA:260","EAR_EMTA_SEX_ECO_NB","SEX_T","ECO_SECTOR_TOTAL","2011",296800,,,"T8:252_T12:146_T33:396_T30:126","S3:17_S4:34_S6:47"
"JPN","DA:260","EAR_EMTA_SEX_ECO_NB","SEX_T","ECO_SECTOR_TOTAL","2010",296200,,,"T8:252_T12:146_T33:396_T30:126","S3:17_S4:34_S6:47"
"JPN","DA:260","EAR_EMTA_SEX_ECO_NB","SEX_T","ECO_SECTOR_TOTAL","2009",294500,,,"T8:252_T12:146_T33:396_T30:126","S3:17_S4:34_S6:47"
"KAZ","FK:613","EAR_EMTA_SEX_ECO_NB","SEX_T","ECO_SECTOR_TOTAL","2022",309867,,,"T30:128","S7:56_S9:67"
"KAZ","FK:613","EAR_EMTA_SEX_ECO_NB","SEX_T","ECO_SECTOR_TOTAL","2020",213003,,,"T30:128","S7:56_S9:67"
"KAZ","FK:613","EAR_EMTA_SEX_ECO_NB","SEX_T","ECO_SECTOR_TOTAL","2019",186815,,,"T30:128","S7:56_S9:67"
"KAZ","FK:613","EAR_EMTA_SEX_ECO_NB","SEX_T","ECO_SECTOR_TOTAL","2018",162673,,,"T30:128","S7:56_S9:67"
"KAZ","FK:613","EAR_EMTA_SEX_ECO_NB","SEX_T","ECO_SECTOR_TOTAL","2017",150827,,,"T30:128","S7:56_S9:67"
"KAZ","FK:613","EAR_EMTA_SEX_ECO_NB","SEX_T","ECO_SECTOR_TOTAL","2016",142898,,,"T30:128","S7:56_S9:67"
"KAZ","FK:613","EAR_EMTA_SEX_ECO_NB","SEX_T","ECO_SECTOR_TOTAL","2015",126021,,,"T30:128","S7:56_S9:67"
"KAZ","FK:613","EAR_EMTA_SEX_ECO_NB","SEX_T","ECO_SECTOR_TOTAL","2014",121020.6,,,"T30:128","S7:56_S9:67"
"KAZ","FK:613","EAR_EMTA_SEX_ECO_NB","SEX_T","ECO_SECTOR_TOTAL","2013",109140.8,,,"T30:128","S7:56_S9:67"
"KAZ","FK:613","EAR_EMTA_SEX_ECO_NB","SEX_T","ECO_SECTOR_TOTAL","2012",101263,,,"T33:396_T30:128","S7:56_S9:67"
"KAZ","FK:613","EAR_EMTA_SEX_ECO_NB","SEX_T","ECO_SECTOR_TOTAL","2011",90028,,,"T33:396_T30:128","S7:56_S9:67"
"KAZ","FK:613","EAR_EMTA_SEX_ECO_NB","SEX_T","ECO_SECTOR_TOTAL","2010",77611,,,"T33:396_T30:128","S7:56_S9:67"
"KAZ","FK:613","EAR_EMTA_SEX_ECO_NB","SEX_T","ECO_SECTOR_TOTAL","2009",67333,,,"T33:396_T30:128","S7:56_S9:67"
"KAZ","DA:1306","EAR_EMTA_SEX_ECO_NB","SEX_T","ECO_SECTOR_TOTAL","2008",60805,,,"T33:396_T30:128",
"KAZ","DA:1306","EAR_EMTA_SEX_ECO_NB","SEX_T","ECO_SECTOR_TOTAL","2007",52500,,,"T33:396_T30:128",
"KAZ","DA:1306","EAR_EMTA_SEX_ECO_NB","SEX_T","ECO_SECTOR_TOTAL","2006",40800,,,"T33:396_T30:128",
"KAZ","DA:1306","EAR_EMTA_SEX_ECO_NB","SEX_T","ECO_SECTOR_TOTAL","2005",33807,,,"T33:396_T30:128",
"KAZ","DA:1306","EAR_EMTA_SEX_ECO_NB","SEX_T","ECO_SECTOR_TOTAL","2004",28329,,,"T33:396_T30:128",
"KAZ","DA:1306","EAR_EMTA_SEX_ECO_NB","SEX_T","ECO_SECTOR_TOTAL","2003",23128,,,"T33:396_T30:128",
"KAZ","DA:1306","EAR_EMTA_SEX_ECO_NB","SEX_T","ECO_SECTOR_TOTAL","2002",20323,,,"T33:396_T30:128",
"KAZ","DA:1306","EAR_EMTA_SEX_ECO_NB","SEX_T","ECO_SECTOR_TOTAL","2001",17303,,,"T33:396_T30:128",
"KAZ","DA:1306","EAR_EMTA_SEX_ECO_NB","SEX_T","ECO_SECTOR_TOTAL","2000",14374,,,"T33:396_T30:128",
"KEN","BX:3465","EAR_EMTA_SEX_ECO_NB","SEX_T","ECO_SECTOR_TOTAL","2019",13932.869,,,"T30:24","R1:3513"
"KGZ","DA:1316","EAR_EMTA_SEX_ECO_NB","SEX_T","ECO_SECTOR_TOTAL","2022",27684,,,"T30:132","S3:22"
"KGZ","BA:496","EAR_EMTA_SEX_ECO_NB","SEX_T","ECO_SECTOR_TOTAL","2020",17198,,,"I20:3359_T30:132",
"KGZ","DA:1316","EAR_EMTA_SEX_ECO_NB","SEX_T","ECO_SECTOR_TOTAL","2019",16287,,,"T30:132","S3:22"
"KGZ","DA:1316","EAR_EMTA_SEX_ECO_NB","SEX_T","ECO_SECTOR_TOTAL","2018",14760,,,"T30:132","S3:22"
"KGZ","DA:1316","EAR_EMTA_SEX_ECO_NB","SEX_T","ECO_SECTOR_TOTAL","2017",14217,,,"T30:132","S3:22"
"KGZ","DA:1316","EAR_EMTA_SEX_ECO_NB","SEX_T","ECO_SECTOR_TOTAL","2016",13428,,,"T30:132","S3:22"
"KGZ","DA:1316","EAR_EMTA_SEX_ECO_NB","SEX_T","ECO_SECTOR_TOTAL","2015",12715.6,,,"T30:132","S3:22"
"KGZ","DA:1316","EAR_EMTA_SEX_ECO_NB","SEX_T","ECO_SECTOR_TOTAL","2014",11516,,,"T30:132","S3:22"
"KGZ","DA:1316","EAR_EMTA_SEX_ECO_NB","SEX_T","ECO_SECTOR_TOTAL","2013",10601,,,"T30:132","S3:22"
"KGZ","DA:1316","EAR_EMTA_SEX_ECO_NB","SEX_T","ECO_SECTOR_TOTAL","2009",6161.3,,,"T30:132",
"KGZ","DA:1316","EAR_EMTA_SEX_ECO_NB","SEX_T","ECO_SECTOR_TOTAL","2008",5378,,,"T30:132",
"KGZ","DA:1316","EAR_EMTA_SEX_ECO_NB","SEX_T","ECO_SECTOR_TOTAL","2007",3970,,,"T34:400_T33:396_T30:132",
"KGZ","DA:1316","EAR_EMTA_SEX_ECO_NB","SEX_T","ECO_SECTOR_TOTAL","2006",3270,,,"T34:400_T33:396_T30:132",
"KGZ","DA:1316","EAR_EMTA_SEX_ECO_NB","SEX_T","ECO_SECTOR_TOTAL","2005",2612,,,"T34:400_T33:396_T30:132",
"KGZ","DA:1316","EAR_EMTA_SEX_ECO_NB","SEX_T","ECO_SECTOR_TOTAL","2004",2240,,,"T34:400_T33:396_T30:132",
"KGZ","DA:1316","EAR_EMTA_SEX_ECO_NB","SEX_T","ECO_SECTOR_TOTAL","2003",1916,,,"T34:400_T33:396_T30:132",
"KGZ","DA:1316","EAR_EMTA_SEX_ECO_NB","SEX_T","ECO_SECTOR_TOTAL","2002",1684.4,,,"T34:400_T33:396_T30:132",
"KGZ","DA:1316","EAR_EMTA_SEX_ECO_NB","SEX_T","ECO_SECTOR_TOTAL","2001",1455.1,,,"T34:400_T33:396_T30:132",
"KGZ","DA:1316","EAR_EMTA_SEX_ECO_NB","SEX_T","ECO_SECTOR_TOTAL","2000",1227,,,"T34:400_T33:396_T30:132",
"KHM","BA:1321","EAR_EMTA_SEX_ECO_NB","SEX_T","ECO_SECTOR_TOTAL","2025",1160637.168,,,"T30:117","R1:3513"
"KHM","BB:3064","EAR_EMTA_SEX_ECO_NB","SEX_T","ECO_SECTOR_TOTAL","2023",1146160.576,,,"T30:117","R1:3513"
"KHM","BB:3064","EAR_EMTA_SEX_ECO_NB","SEX_T","ECO_SECTOR_TOTAL","2021",1081316.447,,,"T30:117","R1:3513"
"KHM","BB:3064","EAR_EMTA_SEX_ECO_NB","SEX_T","ECO_SECTOR_TOTAL","2020",1076082.625,,,"T30:117","R1:3513"
"KHM","BA:1321","EAR_EMTA_SEX_ECO_NB","SEX_T","ECO_SECTOR_TOTAL","2019",1069006.114,"B",,"T30:117_I11:264","R1:3513"
"KHM","BB:3064","EAR_EMTA_SEX_ECO_NB","SEX_T","ECO_SECTOR_TOTAL","2016",736010.77,,,"T30:117","R1:3513"
"KHM","BB:3064","EAR_EMTA_SEX_ECO_NB","SEX_T","ECO_SECTOR_TOTAL","2015",655840.741,,,"T30:117","R1:3513"
"KHM","BB:3064","EAR_EMTA_SEX_ECO_NB","SEX_T","ECO_SECTOR_TOTAL","2014",610121.425,,,"T30:117","R1:3513"
"KHM","BB:3064","EAR_EMTA_SEX_ECO_NB","SEX_T","ECO_SECTOR_TOTAL","2013",497094.711,,,"T30:117","R1:3513"
"KHM","BA:1321","EAR_EMTA_SEX_ECO_NB","SEX_T","ECO_SECTOR_TOTAL","2012",474675.536,"B",,"T30:117_I11:264","R1:3513"
"KHM","BB:3064","EAR_EMTA_SEX_ECO_NB","SEX_T","ECO_SECTOR_TOTAL","2011",404130.953,,,"T30:117","R1:3513"
"KHM","BB:3064","EAR_EMTA_SEX_ECO_NB","SEX_T","ECO_SECTOR_TOTAL","2010",373571.416,,,"T30:117","R1:3513"
"KHM","BB:3064","EAR_EMTA_SEX_ECO_NB","SEX_T","ECO_SECTOR_TOTAL","2009",331703.379,,,"T30:117","R1:3513"
"KHM","BB:3064","EAR_EMTA_SEX_ECO_NB","SEX_T","ECO_SECTOR_TOTAL","2008",331752.151,,,"T30:117","R1:3513"
"KHM","BB:3064","EAR_EMTA_SEX_ECO_NB","SEX_T","ECO_SECTOR_TOTAL","2007",295074.854,"B",,"T30:117_I11:264","R1:3513"
"KHM","BB:3064","EAR_EMTA_SEX_ECO_NB","SEX_T","ECO_SECTOR_TOTAL","2003",189725.83,,,"T30:117","R1:3513"
"KHM","BA:1321","EAR_EMTA_SEX_ECO_NB","SEX_T","ECO_SECTOR_TOTAL","2001",156499.312,,,"T30:117","R1:3513"
"KHM","BA:1321","EAR_EMTA_SEX_ECO_NB","SEX_T","ECO_SECTOR_TOTAL","2000",155565.221,"B",,"T30:117_I11:264","R1:3513"
"KIR","BB:15723","EAR_EMTA_SEX_ECO_NB","SEX_T","ECO_SECTOR_TOTAL","2023",538.458,,,"T30:217","R1:3513"
"KIR","BB:15723","EAR_EMTA_SEX_ECO_NB","SEX_T","ECO_SECTOR_TOTAL","2019",499.046,,,"T30:217","R1:3513"
"KOR","DA:224","EAR_EMTA_SEX_ECO_NB","SEX_T","ECO_SECTOR_TOTAL","2022",4091000,,,"T30:130","S3:17_S7:57_S8:1640_S6:47"
"KOR","DA:224","EAR_EMTA_SEX_ECO_NB","SEX_T","ECO_SECTOR_TOTAL","2021",3858000,,,"T30:130","S3:17_S7:57_S8:1640_S6:47"
"KOR","DA:224","EAR_EMTA_SEX_ECO_NB","SEX_T","ECO_SECTOR_TOTAL","2020",3757000,,,"T30:130","S3:17_S7:57_S8:1640_S6:47"
"KOR","DA:224","EAR_EMTA_SEX_ECO_NB","SEX_T","ECO_SECTOR_TOTAL","2019",3720000,,,"T30:130","S3:17_S7:57_S8:1640_S6:47"
"KOR","DA:224","EAR_EMTA_SEX_ECO_NB","SEX_T","ECO_SECTOR_TOTAL","2018",3593000,,,"T30:130","S3:17_S7:57_S8:1640_S6:47"
"KOR","DA:224","EAR_EMTA_SEX_ECO_NB","SEX_T","ECO_SECTOR_TOTAL","2017",3446000,,,"T30:130","S3:17_S7:57_S8:1640_S6:47"
"KOR","DA:224","EAR_EMTA_SEX_ECO_NB","SEX_T","ECO_SECTOR_TOTAL","2016",3351000,,,"T30:130","S3:17_S7:57_S8:1640_S6:47"
"KOR","DA:224","EAR_EMTA_SEX_ECO_NB","SEX_T","ECO_SECTOR_TOTAL","2015",3269000,,,"T30:130","S3:17_S7:57_S8:1640_S6:47"
"KOR","DA:224","EAR_EMTA_SEX_ECO_NB","SEX_T","ECO_SECTOR_TOTAL","2014",3235210,,,"T30:130","S3:17_S7:57_S8:1640_S6:47"
"KOR","DA:224","EAR_EMTA_SEX_ECO_NB","SEX_T","ECO_SECTOR_TOTAL","2013",3116400,,,"T30:130","S3:17_S7:57_S8:1640_S6:47"
"KOR","DA:224","EAR_EMTA_SEX_ECO_NB","SEX_T","ECO_SECTOR_TOTAL","2012",2997420,,,"T30:130","S3:17_S7:57_S8:1640_S6:47"
"KOR","DA:224","EAR_EMTA_SEX_ECO_NB","SEX_T","ECO_SECTOR_TOTAL","2011",2915720,,,"T11:142_T30:130","S3:17_S7:57_S8:1640_S6:47"
"KOR","DA:224","EAR_EMTA_SEX_ECO_NB","SEX_T","ECO_SECTOR_TOTAL","2010",2785030,,,"T11:142_T30:130","S3:17_S7:57_S8:1640_S6:47"
"KOR","DA:224","EAR_EMTA_SEX_ECO_NB","SEX_T","ECO_SECTOR_TOTAL","2009",2710360,,,"T11:142_T30:130","S3:17_S7:57_S8:1640_S6:47"
"KOS","FX:701","EAR_EMTA_SEX_ECO_NB","SEX_T","ECO_SECTOR_TOTAL","2019",476.748,,,"T10:139_T33:396_T30:186",
"KOS","FX:701","EAR_EMTA_SEX_ECO_NB","SEX_T","ECO_SECTOR_TOTAL","2018",453.241,,,"T10:139_T33:396_T30:186",
"KOS","FX:701","EAR_EMTA_SEX_ECO_NB","SEX_T","ECO_SECTOR_TOTAL","2017",431.191,,,"T10:139_T33:396_T30:186",
"KOS","FX:701","EAR_EMTA_SEX_ECO_NB","SEX_T","ECO_SECTOR_TOTAL","2016",421.83,,,"T10:139_T33:396_T30:186",
"KOS","FX:701","EAR_EMTA_SEX_ECO_NB","SEX_T","ECO_SECTOR_TOTAL","2015",414.647,,,"T10:139_T33:396_T30:186",
"KOS","FX:701","EAR_EMTA_SEX_ECO_NB","SEX_T","ECO_SECTOR_TOTAL","2014",403.058,,,"T10:139_T33:396_T30:186",
"KOS","FX:701","EAR_EMTA_SEX_ECO_NB","SEX_T","ECO_SECTOR_TOTAL","2013",386.005,,,"T10:139_T33:396_T30:186",
"KOS","FX:701","EAR_EMTA_SEX_ECO_NB","SEX_T","ECO_SECTOR_TOTAL","2012",383,,,"T10:139_T33:396_T30:186",
"KOS","FX:701","EAR_EMTA_SEX_ECO_NB","SEX_T","ECO_SECTOR_TOTAL","2010",310,,,"T10:139_T33:396_T30:186","S7:56"
"KOS","FX:701","EAR_EMTA_SEX_ECO_NB","SEX_T","ECO_SECTOR_TOTAL","2009",270,,,"T10:139_T33:396_T30:186","S7:56"
"KOS","BB:16127","EAR_EMTA_SEX_ECO_NB","SEX_T","ECO_SECTOR_TOTAL","2000",455.077,,,"T30:186","R1:3513"
"LAO","BA:6651","EAR_EMTA_SEX_ECO_NB","SEX_T","ECO_SECTOR_TOTAL","2022",2503995.654,"B",,"T30:133_I11:264","R1:3513"
"LAO","BA:6651","EAR_EMTA_SEX_ECO_NB","SEX_T","ECO_SECTOR_TOTAL","2017",1977052.518,"B",,"T30:133_I11:264","R1:3513"
"LAO","BA:6651","EAR_EMTA_SEX_ECO_NB","SEX_T","ECO_SECTOR_TOTAL","2010",1111897.615,"B",,"T30:133_I11:264","R1:3513"
"LBN","BA:14074","EAR_EMTA_SEX_ECO_NB","SEX_T","ECO_SECTOR_TOTAL","2019",1175959.958,"B",,"T30:134_I11:264","R1:3513"
"LBN","FX:12919","EAR_EMTA_SEX_ECO_NB","SEX_T","ECO_SECTOR_TOTAL","2013",40.981,,,,
"LBN","FX:12919","EAR_EMTA_SEX_ECO_NB","SEX_T","ECO_SECTOR_TOTAL","2012",53.423,,,,
"LBN","FX:12919","EAR_EMTA_SEX_ECO_NB","SEX_T","ECO_SECTOR_TOTAL","2011",60.982,,,,
"LBN","BB:3080","EAR_EMTA_SEX_ECO_NB","SEX_T","ECO_SECTOR_TOTAL","2010",45.008,,,,
"LBN","BB:3080","EAR_EMTA_SEX_ECO_NB","SEX_T","ECO_SECTOR_TOTAL","2009",45.619,,,,
"LBN","BB:3080","EAR_EMTA_SEX_ECO_NB","SEX_T","ECO_SECTOR_TOTAL","2008",36.715,,,,
"LBN","BB:3080","EAR_EMTA_SEX_ECO_NB","SEX_T","ECO_SECTOR_TOTAL","2007",42.218,,,,
"LBR","BA:16","EAR_EMTA_SEX_ECO_NB","SEX_T","ECO_SECTOR_TOTAL","2017",1308.613,"B",,"T30:384_I11:264","R1:3513"
"LBR","BA:16","EAR_EMTA_SEX_ECO_NB","SEX_T","ECO_SECTOR_TOTAL","2010",275.684,"B",,"T30:384_I11:264","R1:3513"
"LCA","BB:16927","EAR_EMTA_SEX_ECO_NB","SEX_T","ECO_SECTOR_TOTAL","2016",2121.452,,,"T30:99","R1:3513"
"LIE","FX:1356","EAR_EMTA_SEX_ECO_NB","SEX_T","ECO_SECTOR_TOTAL","2018",6675,,,"T8:128_T12:1516_T30:188",
"LIE","FX:1356","EAR_EMTA_SEX_ECO_NB","SEX_T","ECO_SECTOR_TOTAL","2016",6603,,,"T8:128_T12:1516_T30:188",
"LIE","FX:1356","EAR_EMTA_SEX_ECO_NB","SEX_T","ECO_SECTOR_TOTAL","2014",6522,,,"T8:128_T12:1516_T30:188",
"LIE","FX:1356","EAR_EMTA_SEX_ECO_NB","SEX_T","ECO_SECTOR_TOTAL","2012",6380,,,"T8:128_T12:1516_T30:188",
"LIE","FX:1356","EAR_EMTA_SEX_ECO_NB","SEX_T","ECO_SECTOR_TOTAL","2006",5885,,,"T8:128_T33:396_T30:188",
"LIE","FX:1356","EAR_EMTA_SEX_ECO_NB","SEX_T","ECO_SECTOR_TOTAL","2005",5819,,,"T8:128_T33:396_T30:188",
"LKA","BA:1359","EAR_EMTA_SEX_ECO_NB","SEX_T","ECO_SECTOR_TOTAL","2024",48842.945,,,"T30:147","R1:3513"
"LKA","BA:1359","EAR_EMTA_SEX_ECO_NB","SEX_T","ECO_SECTOR_TOTAL","2023",47083.578,,,"T30:147","R1:3513"
"LKA","BA:1359","EAR_EMTA_SEX_ECO_NB","SEX_T","ECO_SECTOR_TOTAL","2022",44294.45,,,"T30:147","R1:3513"
"LKA","BA:1359","EAR_EMTA_SEX_ECO_NB","SEX_T","ECO_SECTOR_TOTAL","2021",39797.378,,,"T30:147","R1:3513"
"LKA","BA:1359","EAR_EMTA_SEX_ECO_NB","SEX_T","ECO_SECTOR_TOTAL","2020",37032.148,,,"T30:147","R1:3513"
"LKA","BA:1359","EAR_EMTA_SEX_ECO_NB","SEX_T","ECO_SECTOR_TOTAL","2019",36468.978,,,"T30:147","R1:3513"
"LKA","BA:1359","EAR_EMTA_SEX_ECO_NB","SEX_T","ECO_SECTOR_TOTAL","2018",31083.061,,,"T30:147","R1:3513"
"LKA","BA:1359","EAR_EMTA_SEX_ECO_NB","SEX_T","ECO_SECTOR_TOTAL","2017",29562.582,,,"T30:147","R1:3513"
"LKA","BA:1359","EAR_EMTA_SEX_ECO_NB","SEX_T","ECO_SECTOR_TOTAL","2016",27007.9,,,"T30:147","R1:3513"
"LKA","BA:1359","EAR_EMTA_SEX_ECO_NB","SEX_T","ECO_SECTOR_TOTAL","2015",23924.724,,,"T30:147","R1:3513"
"LKA","BA:1359","EAR_EMTA_SEX_ECO_NB","SEX_T","ECO_SECTOR_TOTAL","2014",20709.87,,,"T30:147","R1:3513"
"LKA","BA:1359","EAR_EMTA_SEX_ECO_NB","SEX_T","ECO_SECTOR_TOTAL","2013",19209.289,,,"T30:147","R1:3513"
"LKA","BA:1359","EAR_EMTA_SEX_ECO_NB","SEX_T","ECO_SECTOR_TOTAL","2011",15227.925,"B",,"T30:147_I11:264","R1:3513"
"LKA","BA:1359","EAR_EMTA_SEX_ECO_NB","SEX_T","ECO_SECTOR_TOTAL","2010",13749.943,"B",,"T30:147_I11:264","R1:3513"
"LKA","BA:1359","EAR_EMTA_SEX_ECO_NB","SEX_T","ECO_SECTOR_TOTAL","2009",12687,,,"T11:142_T33:396_T30:147","S4:31_S5:38"
"LSO","BA:13","EAR_EMTA_SEX_ECO_NB","SEX_T","ECO_SECTOR_TOTAL","2024",2494.242,,,"T30:25","R1:3513"
"LSO","BA:13","EAR_EMTA_SEX_ECO_NB","SEX_T","ECO_SECTOR_TOTAL","2019",3350.693,,,"T30:25","R1:3513"
"LTU","BB:3065","EAR_EMTA_SEX_ECO_NB","SEX_T","ECO_SECTOR_TOTAL","2025",2331.024,,,"T30:377","R1:3513_T2:85"
"LTU","BB:3065","EAR_EMTA_SEX_ECO_NB","SEX_T","ECO_SECTOR_TOTAL","2024",2106.441,,,"T30:377","R1:3513_T2:85"
"LTU","BB:3065","EAR_EMTA_SEX_ECO_NB","SEX_T","ECO_SECTOR_TOTAL","2023",1801.227,,,"T30:377","R1:3513_T2:85"
"LTU","BB:3065","EAR_EMTA_SEX_ECO_NB","SEX_T","ECO_SECTOR_TOTAL","2022",1577.109,,,"T30:377","R1:3513_T2:85"
"LTU","BB:3065","EAR_EMTA_SEX_ECO_NB","SEX_T","ECO_SECTOR_TOTAL","2021",1477.096,,,"T30:377","R1:3513_T2:85"
"LTU","BB:3065","EAR_EMTA_SEX_ECO_NB","SEX_T","ECO_SECTOR_TOTAL","2020",1308.616,,,"T30:377","R1:3513_T2:85"
"LTU","BB:3065","EAR_EMTA_SEX_ECO_NB","SEX_T","ECO_SECTOR_TOTAL","2019",1184.715,,,"T30:377","R1:3513_T2:85"
"LTU","BB:3065","EAR_EMTA_SEX_ECO_NB","SEX_T","ECO_SECTOR_TOTAL","2018",1096.164,,,"T30:377","R1:3513_T2:85"
"LTU","BB:3065","EAR_EMTA_SEX_ECO_NB","SEX_T","ECO_SECTOR_TOTAL","2017",1016.515,,,"T30:377","R1:3513_T2:85"
"LTU","BB:3065","EAR_EMTA_SEX_ECO_NB","SEX_T","ECO_SECTOR_TOTAL","2016",953.298,,,"T30:377","R1:3513_T2:85"
"LTU","BB:3065","EAR_EMTA_SEX_ECO_NB","SEX_T","ECO_SECTOR_TOTAL","2015",856.993,,,"T30:377","R1:3513_T2:85"
"LTU","BB:3065","EAR_EMTA_SEX_ECO_NB","SEX_T","ECO_SECTOR_TOTAL","2014",819.99,,,"T30:377","R1:3513_T2:85"
"LTU","BB:3065","EAR_EMTA_SEX_ECO_NB","SEX_T","ECO_SECTOR_TOTAL","2013",735.697,,,"T30:377","R1:3513_T2:85"
"LTU","BB:3065","EAR_EMTA_SEX_ECO_NB","SEX_T","ECO_SECTOR_TOTAL","2012",717.823,,,"T30:377","R1:3513_T2:85"
"LTU","BB:3065","EAR_EMTA_SEX_ECO_NB","SEX_T","ECO_SECTOR_TOTAL","2011",659.276,,,"T30:377","R1:3513_T2:85"
"LTU","BB:3065","EAR_EMTA_SEX_ECO_NB","SEX_T","ECO_SECTOR_TOTAL","2010",720.787,,,"T30:377","R1:3513_T2:85"
"LTU","BB:3065","EAR_EMTA_SEX_ECO_NB","SEX_T","ECO_SECTOR_TOTAL","2009",650.861,,,"T30:377","R1:3513_T2:85"
"LTU","BB:3065","EAR_EMTA_SEX_ECO_NB","SEX_T","ECO_SECTOR_TOTAL","2008",567.789,,,"T30:377","R1:3513_T2:85"
"LTU","BB:3065","EAR_EMTA_SEX_ECO_NB","SEX_T","ECO_SECTOR_TOTAL","2007",491.214,,,"T30:377","R1:3513_T2:85"
"LTU","BB:3065","EAR_EMTA_SEX_ECO_NB","SEX_T","ECO_SECTOR_TOTAL","2006",390.874,,,"T30:377","R1:3513_T2:85"
"LTU","BB:3065","EAR_EMTA_SEX_ECO_NB","SEX_T","ECO_SECTOR_TOTAL","2005",341.947,,,"T30:377","R1:3513_T2:85"
"LTU","DA:1366","EAR_EMTA_SEX_ECO_NB","SEX_T","ECO_SECTOR_TOTAL","2004",1149,,,"T33:396_T30:189",
"LTU","DA:1366","EAR_EMTA_SEX_ECO_NB","SEX_T","ECO_SECTOR_TOTAL","2003",1073,,,"T33:396_T30:189",
"LTU","DA:1366","EAR_EMTA_SEX_ECO_NB","SEX_T","ECO_SECTOR_TOTAL","2002",1014,,,"T33:396_T30:189",
"LTU","DA:1366","EAR_EMTA_SEX_ECO_NB","SEX_T","ECO_SECTOR_TOTAL","2001",982,,,"T33:396_T30:189",
"LTU","DA:1366","EAR_EMTA_SEX_ECO_NB","SEX_T","ECO_SECTOR_TOTAL","2000",971,,,"T33:396_T30:189",
"LUX","BB:6341","EAR_EMTA_SEX_ECO_NB","SEX_T","ECO_SECTOR_TOTAL","2025",8097.042,,,"T30:190","R1:3513_T2:85"
"LUX","BB:6341","EAR_EMTA_SEX_ECO_NB","SEX_T","ECO_SECTOR_TOTAL","2024",7864.731,,,"T30:190","R1:3513_T2:85"
"LUX","BB:6341","EAR_EMTA_SEX_ECO_NB","SEX_T","ECO_SECTOR_TOTAL","2023",7522.332,,,"T30:190","R1:3513_T2:85"
"LUX","BB:6341","EAR_EMTA_SEX_ECO_NB","SEX_T","ECO_SECTOR_TOTAL","2022",7043.999,,,"T30:190","R1:3513_T2:85"
"LUX","BB:6341","EAR_EMTA_SEX_ECO_NB","SEX_T","ECO_SECTOR_TOTAL","2021",6645.866,,,"T30:190","R1:3513_T2:85"
"LUX","BB:6341","EAR_EMTA_SEX_ECO_NB","SEX_T","ECO_SECTOR_TOTAL","2020",6305.456,,,"T30:190","R1:3513_T2:85"
"LUX","BB:6341","EAR_EMTA_SEX_ECO_NB","SEX_T","ECO_SECTOR_TOTAL","2019",6190.664,,,"T30:190","R1:3513_T2:85"
"LUX","BB:6341","EAR_EMTA_SEX_ECO_NB","SEX_T","ECO_SECTOR_TOTAL","2017",5526.18,,,"T30:190","R1:3513_T2:85"
"LUX","BB:6341","EAR_EMTA_SEX_ECO_NB","SEX_T","ECO_SECTOR_TOTAL","2016",5195.178,,,"T30:190","R1:3513_T2:85"
"LUX","BB:6341","EAR_EMTA_SEX_ECO_NB","SEX_T","ECO_SECTOR_TOTAL","2015",4736.131,,,"T30:190","R1:3513_T2:85"
"LUX","BB:6341","EAR_EMTA_SEX_ECO_NB","SEX_T","ECO_SECTOR_TOTAL","2013",4771.52,,,"T30:190","R1:3513_T2:85"
"LUX","BB:6341","EAR_EMTA_SEX_ECO_NB","SEX_T","ECO_SECTOR_TOTAL","2012",4573.975,,,"T30:190","R1:3513_T2:85"
"LUX","BB:6341","EAR_EMTA_SEX_ECO_NB","SEX_T","ECO_SECTOR_TOTAL","2011",4547.447,,,"T30:190","R1:3513_T2:85"
"LUX","BB:6341","EAR_EMTA_SEX_ECO_NB","SEX_T","ECO_SECTOR_TOTAL","2010",4508.324,,,"T30:190","R1:3513_T2:85"
"LUX","BB:6341","EAR_EMTA_SEX_ECO_NB","SEX_T","ECO_SECTOR_TOTAL","2009",4656.283,,,"T30:190","R1:3513_T2:85"
"LUX","BB:6341","EAR_EMTA_SEX_ECO_NB","SEX_T","ECO_SECTOR_TOTAL","2008",4525.925,,,"T30:190","R1:3513_T2:85"
"LUX","BB:6341","EAR_EMTA_SEX_ECO_NB","SEX_T","ECO_SECTOR_TOTAL","2007",4434.411,,,"T30:190","R1:3513_T2:85"
"LUX","BB:6341","EAR_EMTA_SEX_ECO_NB","SEX_T","ECO_SECTOR_TOTAL","2006",3708.261,,,"T30:190","R1:3513_T2:85"
"LUX","BB:6341","EAR_EMTA_SEX_ECO_NB","SEX_T","ECO_SECTOR_TOTAL","2005",3589.323,,,"T30:190","R1:3513_T2:85"
"LUX","BB:6341","EAR_EMTA_SEX_ECO_NB","SEX_T","ECO_SECTOR_TOTAL","2004",3534.375,,,"T30:190","R1:3513_T2:85"
"LVA","BB:3074","EAR_EMTA_SEX_ECO_NB","SEX_T","ECO_SECTOR_TOTAL","2025",2322.449,,,"T30:374","R1:3513_T2:85"
"LVA","BB:3074","EAR_EMTA_SEX_ECO_NB","SEX_T","ECO_SECTOR_TOTAL","2024",2138.123,,,"T30:374","R1:3513_T2:85"
"LVA","BB:3074","EAR_EMTA_SEX_ECO_NB","SEX_T","ECO_SECTOR_TOTAL","2023",1815.548,,,"T30:374","R1:3513_T2:85"
"LVA","BB:3074","EAR_EMTA_SEX_ECO_NB","SEX_T","ECO_SECTOR_TOTAL","2022",1619.13,,,"T30:374","R1:3513_T2:85"
"LVA","BB:3074","EAR_EMTA_SEX_ECO_NB","SEX_T","ECO_SECTOR_TOTAL","2021",1573.225,,,"T30:374","R1:3513_T2:85"
"LVA","BB:3074","EAR_EMTA_SEX_ECO_NB","SEX_T","ECO_SECTOR_TOTAL","2020",1463.113,,,"T30:374","R1:3513_T2:85"
"LVA","BB:3074","EAR_EMTA_SEX_ECO_NB","SEX_T","ECO_SECTOR_TOTAL","2019",1378.653,,,"T30:374","R1:3513_T2:85"
"LVA","BB:3074","EAR_EMTA_SEX_ECO_NB","SEX_T","ECO_SECTOR_TOTAL","2018",1247.526,,,"T30:374","R1:3513_T2:85"
"LVA","BB:3074","EAR_EMTA_SEX_ECO_NB","SEX_T","ECO_SECTOR_TOTAL","2017",1111.082,,,"T30:374","R1:3513_T2:85"
"LVA","BB:3074","EAR_EMTA_SEX_ECO_NB","SEX_T","ECO_SECTOR_TOTAL","2016",1060.314,,,"T30:374","R1:3513_T2:85"
"LVA","BB:3074","EAR_EMTA_SEX_ECO_NB","SEX_T","ECO_SECTOR_TOTAL","2015",1012.796,,,"T30:374","R1:3513_T2:85"
"LVA","BB:3074","EAR_EMTA_SEX_ECO_NB","SEX_T","ECO_SECTOR_TOTAL","2014",922.808,,,"T30:374","R1:3513_T2:85"
"LVA","BB:3074","EAR_EMTA_SEX_ECO_NB","SEX_T","ECO_SECTOR_TOTAL","2013",852.819,,,"T30:374","R1:3513_T2:85"
"LVA","BB:3074","EAR_EMTA_SEX_ECO_NB","SEX_T","ECO_SECTOR_TOTAL","2012",829.881,,,"T30:374","R1:3513_T2:85"
"LVA","BB:3074","EAR_EMTA_SEX_ECO_NB","SEX_T","ECO_SECTOR_TOTAL","2011",774.536,,,"T30:374","R1:3513_T2:85"
"LVA","BB:3074","EAR_EMTA_SEX_ECO_NB","SEX_T","ECO_SECTOR_TOTAL","2010",833.628,,,"T30:374","R1:3513_T2:85"
"LVA","BB:3074","EAR_EMTA_SEX_ECO_NB","SEX_T","ECO_SECTOR_TOTAL","2009",947.843,,,"T30:374","R1:3513_T2:85"
"LVA","BB:3074","EAR_EMTA_SEX_ECO_NB","SEX_T","ECO_SECTOR_TOTAL","2008",799.756,,,"T30:374","R1:3513_T2:85"
"LVA","BB:3074","EAR_EMTA_SEX_ECO_NB","SEX_T","ECO_SECTOR_TOTAL","2007",556.238,,,"T30:374","R1:3513_T2:85"
"LVA","DA:395","EAR_EMTA_SEX_ECO_NB","SEX_T","ECO_SECTOR_TOTAL","2006",269.02,,,"T33:396_T30:187","S3:8"
"LVA","DA:395","EAR_EMTA_SEX_ECO_NB","SEX_T","ECO_SECTOR_TOTAL","2005",225.64,,,"T33:396_T30:187","S3:8"
"LVA","DA:395","EAR_EMTA_SEX_ECO_NB","SEX_T","ECO_SECTOR_TOTAL","2004",194.89,,,"T33:396_T30:187","S3:8"
"LVA","DA:395","EAR_EMTA_SEX_ECO_NB","SEX_T","ECO_SECTOR_TOTAL","2003",177.21,,,"T33:396_T30:187","S3:8"
"LVA","DA:395","EAR_EMTA_SEX_ECO_NB","SEX_T","ECO_SECTOR_TOTAL","2002",161.24,,,"T33:396_T30:187","S3:8"
"LVA","DA:395","EAR_EMTA_SEX_ECO_NB","SEX_T","ECO_SECTOR_TOTAL","2001",149.14,,,"T33:396_T30:187","S3:8"
"LVA","DA:395","EAR_EMTA_SEX_ECO_NB","SEX_T","ECO_SECTOR_TOTAL","2000",141.75,,,"T33:396_T30:187","S3:8"
"MAC","BA:241","EAR_EMTA_SEX_ECO_NB","SEX_T","ECO_SECTOR_TOTAL","2018",15800,,,"T8:128_T30:135","S4:34_S5:38"
"MAC","BA:241","EAR_EMTA_SEX_ECO_NB","SEX_T","ECO_SECTOR_TOTAL","2017",15000,,,"T8:128_T30:135","S4:34_S5:38"
"MAC","BA:241","EAR_EMTA_SEX_ECO_NB","SEX_T","ECO_SECTOR_TOTAL","2016",15000,,,"T8:128_T30:135","S4:34_S5:38"
"MAC","BA:241","EAR_EMTA_SEX_ECO_NB","SEX_T","ECO_SECTOR_TOTAL","2015",15000,,,"T8:128_T30:135","S4:34_S5:38"
"MAC","BA:241","EAR_EMTA_SEX_ECO_NB","SEX_T","ECO_SECTOR_TOTAL","2014",13000,,,"T8:128_T30:135","S4:34_S5:38"
"MAC","BA:241","EAR_EMTA_SEX_ECO_NB","SEX_T","ECO_SECTOR_TOTAL","2013",12000,,,"T8:128_T30:135","S4:34_S5:38"
"MAC","BA:241","EAR_EMTA_SEX_ECO_NB","SEX_T","ECO_SECTOR_TOTAL","2012",11000,,,"T8:128_T30:135","S4:34_S5:38"
"MAC","BA:241","EAR_EMTA_SEX_ECO_NB","SEX_T","ECO_SECTOR_TOTAL","2011",10000,,,"T8:128_T30:135","S4:34_S5:38"
"MAC","BA:241","EAR_EMTA_SEX_ECO_NB","SEX_T","ECO_SECTOR_TOTAL","2010",8900,,,"T8:128_T30:135","S4:34_S5:38"
"MAC","BA:241","EAR_EMTA_SEX_ECO_NB","SEX_T","ECO_SECTOR_TOTAL","2009",8500,,,"T8:128_T30:135","S4:34_S5:38"
"MDA","BA:571","EAR_EMTA_SEX_ECO_NB","SEX_T","ECO_SECTOR_TOTAL","2025",8708.951,,,"T30:193","R1:3513"
"MDA","BA:571","EAR_EMTA_SEX_ECO_NB","SEX_T","ECO_SECTOR_TOTAL","2024",7221.346,,,"T30:193","R1:3513"
"MDA","BA:571","EAR_EMTA_SEX_ECO_NB","SEX_T","ECO_SECTOR_TOTAL","2023",6284.122,,,"T30:193","R1:3513"
"MDA","BA:571","EAR_EMTA_SEX_ECO_NB","SEX_T","ECO_SECTOR_TOTAL","2022",5460.064,,,"T30:193","R1:3513"
"MDA","BA:571","EAR_EMTA_SEX_ECO_NB","SEX_T","ECO_SECTOR_TOTAL","2021",4936.973,,,"T30:193","R1:3513"
"MDA","BA:571","EAR_EMTA_SEX_ECO_NB","SEX_T","ECO_SECTOR_TOTAL","2020",4435.534,,,"T30:193","R1:3513"
"MDA","BA:571","EAR_EMTA_SEX_ECO_NB","SEX_T","ECO_SECTOR_TOTAL","2019",4134.908,,,"T30:193","R1:3513"
"MDA","BA:571","EAR_EMTA_SEX_ECO_NB","SEX_T","ECO_SECTOR_TOTAL","2018",3396.982,,,"T30:193","R1:3513"
"MDA","BA:571","EAR_EMTA_SEX_ECO_NB","SEX_T","ECO_SECTOR_TOTAL","2017",2969.106,,,"T30:193","R1:3513"
"MDA","BA:571","EAR_EMTA_SEX_ECO_NB","SEX_T","ECO_SECTOR_TOTAL","2016",2815.201,,,"T30:193","R1:3513"
"MDA","BA:571","EAR_EMTA_SEX_ECO_NB","SEX_T","ECO_SECTOR_TOTAL","2015",2636.726,,,"T30:193","R1:3513"
"MDA","BA:571","EAR_EMTA_SEX_ECO_NB","SEX_T","ECO_SECTOR_TOTAL","2014",2389.648,,,"T30:193","R1:3513"
"MDA","BA:571","EAR_EMTA_SEX_ECO_NB","SEX_T","ECO_SECTOR_TOTAL","2013",2335.221,,,"T30:193","R1:3513"
"MDA","BA:571","EAR_EMTA_SEX_ECO_NB","SEX_T","ECO_SECTOR_TOTAL","2012",2201.769,,,"T30:193","R1:3513"
"MDA","BA:571","EAR_EMTA_SEX_ECO_NB","SEX_T","ECO_SECTOR_TOTAL","2011",2007.839,,,"T30:193","R1:3513"
"MDA","BA:571","EAR_EMTA_SEX_ECO_NB","SEX_T","ECO_SECTOR_TOTAL","2010",1876.597,,,"T30:193","R1:3513"
"MDA","BA:571","EAR_EMTA_SEX_ECO_NB","SEX_T","ECO_SECTOR_TOTAL","2009",1769.551,,,"T30:193","R1:3513"
"MDA","BA:571","EAR_EMTA_SEX_ECO_NB","SEX_T","ECO_SECTOR_TOTAL","2008",1660.551,,,"T30:193","R1:3513"
"MDA","BA:571","EAR_EMTA_SEX_ECO_NB","SEX_T","ECO_SECTOR_TOTAL","2007",1359.036,,,"T30:193","R1:3513"
"MDA","DA:1390","EAR_EMTA_SEX_ECO_NB","SEX_T","ECO_SECTOR_TOTAL","2006",1697.1,,,"T33:396_T30:193","S6:49"
"MDA","DA:1390","EAR_EMTA_SEX_ECO_NB","SEX_T","ECO_SECTOR_TOTAL","2005",1318.7,,,"T33:396_T30:193","S6:49"
"MDA","DA:1390","EAR_EMTA_SEX_ECO_NB","SEX_T","ECO_SECTOR_TOTAL","2004",1103.1,,,"T33:396_T30:193","S6:49"
"MDA","DA:1390","EAR_EMTA_SEX_ECO_NB","SEX_T","ECO_SECTOR_TOTAL","2003",890.8,,,"T33:396_T30:193","S6:49"
"MDA","DA:1390","EAR_EMTA_SEX_ECO_NB","SEX_T","ECO_SECTOR_TOTAL","2002",691.5,,,"T33:396_T30:193","S6:49"
"MDA","DA:1390","EAR_EMTA_SEX_ECO_NB","SEX_T","ECO_SECTOR_TOTAL","2001",543.7,,,"T33:396_T30:193","S6:49"
"MDA","DA:1390","EAR_EMTA_SEX_ECO_NB","SEX_T","ECO_SECTOR_TOTAL","2000",407.9,,,"T33:396_T30:193","S6:49"
"MDG","BA:7423","EAR_EMTA_SEX_ECO_NB","SEX_T","ECO_SECTOR_TOTAL","2015",209429.056,,,"T30:28","R1:3513"
"MDG","BA:7423","EAR_EMTA_SEX_ECO_NB","SEX_T","ECO_SECTOR_TOTAL","2012",148474.229,"B",,"T30:28_I11:264","R1:3513"
"MDG","BX:220","EAR_EMTA_SEX_ECO_NB","SEX_T","ECO_SECTOR_TOTAL","2005",2173,,,"T7:124_T33:396_T30:28",
"MDV","BB:704","EAR_EMTA_SEX_ECO_NB","SEX_T","ECO_SECTOR_TOTAL","2019",11551.156,,,"T30:137","R1:3513"
"MDV","BB:704","EAR_EMTA_SEX_ECO_NB","SEX_T","ECO_SECTOR_TOTAL","2016",10765.814,"B",,"T30:137_I11:264","R1:3513"
"MEX","BA:463","EAR_EMTA_SEX_ECO_NB","SEX_T","ECO_SECTOR_TOTAL","2025",10608.909,,,"T30:90","R1:3513"
"MEX","BA:463","EAR_EMTA_SEX_ECO_NB","SEX_T","ECO_SECTOR_TOTAL","2024",9878.469,,,"T30:90","R1:3513"
"MEX","BA:463","EAR_EMTA_SEX_ECO_NB","SEX_T","ECO_SECTOR_TOTAL","2023",8921.288,,,"T30:90","R1:3513"
"MEX","BA:463","EAR_EMTA_SEX_ECO_NB","SEX_T","ECO_SECTOR_TOTAL","2022",8060.331,,,"T30:90","R1:3513"
"MEX","BA:463","EAR_EMTA_SEX_ECO_NB","SEX_T","ECO_SECTOR_TOTAL","2021",7499.104,,,"T30:90","R1:3513"
"MEX","BA:463","EAR_EMTA_SEX_ECO_NB","SEX_T","ECO_SECTOR_TOTAL","2020",7048.628,"B",,"T30:90_I11:264","R1:3513"
"MEX","BA:463","EAR_EMTA_SEX_ECO_NB","SEX_T","ECO_SECTOR_TOTAL","2019",6621.173,,,"T30:90","R1:3513"
"MEX","BA:463","EAR_EMTA_SEX_ECO_NB","SEX_T","ECO_SECTOR_TOTAL","2018",6320.605,,,"T30:90","R1:3513"
"MEX","BA:463","EAR_EMTA_SEX_ECO_NB","SEX_T","ECO_SECTOR_TOTAL","2017",6016.1,,,"T30:90","R1:3513"
"MEX","BA:463","EAR_EMTA_SEX_ECO_NB","SEX_T","ECO_SECTOR_TOTAL","2016",5796.809,,,"T30:90","R1:3513"
"MEX","BA:463","EAR_EMTA_SEX_ECO_NB","SEX_T","ECO_SECTOR_TOTAL","2015",5548.15,,,"T30:90","R1:3513"
"MEX","BA:463","EAR_EMTA_SEX_ECO_NB","SEX_T","ECO_SECTOR_TOTAL","2014",5353.102,,,"T30:90","R1:3513"
"MEX","BA:463","EAR_EMTA_SEX_ECO_NB","SEX_T","ECO_SECTOR_TOTAL","2013",5315.2,,,"T30:90","R1:3513"
"MEX","BA:463","EAR_EMTA_SEX_ECO_NB","SEX_T","ECO_SECTOR_TOTAL","2012",5154.991,,,"T30:90","R1:3513"
"MEX","BA:463","EAR_EMTA_SEX_ECO_NB","SEX_T","ECO_SECTOR_TOTAL","2011",5003.336,,,"T30:90","R1:3513"
"MEX","BA:463","EAR_EMTA_SEX_ECO_NB","SEX_T","ECO_SECTOR_TOTAL","2010",4918.187,,,"T30:90","R1:3513"
"MEX","BA:463","EAR_EMTA_SEX_ECO_NB","SEX_T","ECO_SECTOR_TOTAL","2009",4859.461,,,"T30:90","R1:3513"
"MEX","BA:463","EAR_EMTA_SEX_ECO_NB","SEX_T","ECO_SECTOR_TOTAL","2008",4849.117,,,"T30:90","R1:3513"
"MEX","BA:463","EAR_EMTA_SEX_ECO_NB","SEX_T","ECO_SECTOR_TOTAL","2007",4726.691,"B",,"T30:90_I11:264","R1:3513"
"MEX","BA:463","EAR_EMTA_SEX_ECO_NB","SEX_T","ECO_SECTOR_TOTAL","2006",4512.283,,,"T30:90","R1:3513"
"MEX","BA:463","EAR_EMTA_SEX_ECO_NB","SEX_T","ECO_SECTOR_TOTAL","2005",4233.036,"B",,"T30:90_I11:264","R1:3513"
"MEX","BA:463","EAR_EMTA_SEX_ECO_NB","SEX_T","ECO_SECTOR_TOTAL","2004",4013.575,,,"T30:90","R1:3513"
"MEX","BA:463","EAR_EMTA_SEX_ECO_NB","SEX_T","ECO_SECTOR_TOTAL","2003",3859.539,,,"T30:90","R1:3513"
"MEX","BA:463","EAR_EMTA_SEX_ECO_NB","SEX_T","ECO_SECTOR_TOTAL","2002",3632.084,"B",,"T30:90_I11:264","R1:3513"
"MEX","BA:463","EAR_EMTA_SEX_ECO_NB","SEX_T","ECO_SECTOR_TOTAL","2001",3320.05,,,"T33:396_T30:90","S3:9_T2:83"
"MEX","BA:463","EAR_EMTA_SEX_ECO_NB","SEX_T","ECO_SECTOR_TOTAL","2000",2938.493,,,"T33:396_T30:90","S3:9_T2:83"
"MHL","BB:14101","EAR_EMTA_SEX_ECO_NB","SEX_T","ECO_SECTOR_TOTAL","2019",798.347,,,"T30:218","R1:3513"
"MKD","DA:2601","EAR_EMTA_SEX_ECO_NB","SEX_T","ECO_SECTOR_TOTAL","2014",30416,,,"T30:191","R1:2383_S3:21_S8:2566_S6:48"
"MKD","DA:3100","EAR_EMTA_SEX_ECO_NB","SEX_T","ECO_SECTOR_TOTAL","2010",30225,,,"T30:191",
"MKD","DA:3100","EAR_EMTA_SEX_ECO_NB","SEX_T","ECO_SECTOR_TOTAL","2009",29922,,,"T30:191",
"MKD","DA:3100","EAR_EMTA_SEX_ECO_NB","SEX_T","ECO_SECTOR_TOTAL","2008",16096,,,"T33:396_T30:191",
"MKD","DA:3100","EAR_EMTA_SEX_ECO_NB","SEX_T","ECO_SECTOR_TOTAL","2007",14584,,,"T33:396_T30:191",
"MKD","DA:3100","EAR_EMTA_SEX_ECO_NB","SEX_T","ECO_SECTOR_TOTAL","2006",13517,,,"T33:396_T30:191",
"MKD","DA:3100","EAR_EMTA_SEX_ECO_NB","SEX_T","ECO_SECTOR_TOTAL","2005",12597,,,"T33:396_T30:191",
"MKD","DA:3100","EAR_EMTA_SEX_ECO_NB","SEX_T","ECO_SECTOR_TOTAL","2004",12293,,,"T33:396_T30:191",
"MKD","DA:3100","EAR_EMTA_SEX_ECO_NB","SEX_T","ECO_SECTOR_TOTAL","2003",11824,,,"T33:396_T30:191",
"MKD","DA:3100","EAR_EMTA_SEX_ECO_NB","SEX_T","ECO_SECTOR_TOTAL","2002",11279,,,"T33:396_T30:191",
"MKD","DA:3100","EAR_EMTA_SEX_ECO_NB","SEX_T","ECO_SECTOR_TOTAL","2001",10552,,,"T33:396_T30:191",
"MLI","BA:219","EAR_EMTA_SEX_ECO_NB","SEX_T","ECO_SECTOR_TOTAL","2024",106709.88,,,"T30:30","R1:3513"
"MLI","BA:219","EAR_EMTA_SEX_ECO_NB","SEX_T","ECO_SECTOR_TOTAL","2023",99060.07,,,"T30:30","R1:3513"
"MLI","BA:219","EAR_EMTA_SEX_ECO_NB","SEX_T","ECO_SECTOR_TOTAL","2022",91875.792,,,"T30:30","R1:3513"
"MLI","BA:219","EAR_EMTA_SEX_ECO_NB","SEX_T","ECO_SECTOR_TOTAL","2020",81011.207,,,"T30:30","R1:3513"
"MLI","BB:16232","EAR_EMTA_SEX_ECO_NB","SEX_T","ECO_SECTOR_TOTAL","2019",96901.055,,,"T30:30","R1:3513"
"MLI","BA:219","EAR_EMTA_SEX_ECO_NB","SEX_T","ECO_SECTOR_TOTAL","2018",73226.196,,,"T30:30","R1:3513"
"MLI","BA:219","EAR_EMTA_SEX_ECO_NB","SEX_T","ECO_SECTOR_TOTAL","2017",69595.744,,,"T30:30","R1:3513"
"MLI","BA:219","EAR_EMTA_SEX_ECO_NB","SEX_T","ECO_SECTOR_TOTAL","2016",70076.466,,,"T30:30","R1:3513"
"MLI","BA:219","EAR_EMTA_SEX_ECO_NB","SEX_T","ECO_SECTOR_TOTAL","2015",64630.832,,,"T30:30","R1:3513"
"MLI","BA:219","EAR_EMTA_SEX_ECO_NB","SEX_T","ECO_SECTOR_TOTAL","2014",72802.307,"B",,"T30:30_I11:264","R1:3513"
"MLI","BA:219","EAR_EMTA_SEX_ECO_NB","SEX_T","ECO_SECTOR_TOTAL","2013",77081.377,"B",,"T30:30_I11:264","R1:3513"
"MLT","BB:342","EAR_EMTA_SEX_ECO_NB","SEX_T","ECO_SECTOR_TOTAL","2021",3337.27,"U",,"T30:192","R1:3513_T2:85"
"MLT","BB:342","EAR_EMTA_SEX_ECO_NB","SEX_T","ECO_SECTOR_TOTAL","2020",2252.467,,,"T30:192","R1:3513_T2:85"
"MLT","BB:342","EAR_EMTA_SEX_ECO_NB","SEX_T","ECO_SECTOR_TOTAL","2019",2082.988,,,"T30:192","R1:3513_T2:85"
"MLT","BB:342","EAR_EMTA_SEX_ECO_NB","SEX_T","ECO_SECTOR_TOTAL","2018",2017.595,,,"T30:192","R1:3513_T2:85"
"MLT","BB:342","EAR_EMTA_SEX_ECO_NB","SEX_T","ECO_SECTOR_TOTAL","2017",2042.337,,,"T30:192","R1:3513_T2:85"
"MLT","BB:342","EAR_EMTA_SEX_ECO_NB","SEX_T","ECO_SECTOR_TOTAL","2016",1955.805,,,"T30:192","R1:3513_T2:85"
"MLT","BB:342","EAR_EMTA_SEX_ECO_NB","SEX_T","ECO_SECTOR_TOTAL","2015",1951.813,,,"T30:192","R1:3513_T2:85"
"MLT","BB:342","EAR_EMTA_SEX_ECO_NB","SEX_T","ECO_SECTOR_TOTAL","2014",1867.239,,,"T30:192","R1:3513_T2:85"
"MLT","BB:342","EAR_EMTA_SEX_ECO_NB","SEX_T","ECO_SECTOR_TOTAL","2013",1745.733,,,"T30:192","R1:3513_T2:85"
"MLT","BB:342","EAR_EMTA_SEX_ECO_NB","SEX_T","ECO_SECTOR_TOTAL","2012",1664.365,,,"T30:192","R1:3513_T2:85"
"MLT","BB:342","EAR_EMTA_SEX_ECO_NB","SEX_T","ECO_SECTOR_TOTAL","2011",1661.787,,,"T30:192","R1:3513_T2:85"
"MLT","BB:342","EAR_EMTA_SEX_ECO_NB","SEX_T","ECO_SECTOR_TOTAL","2010",1595.928,,,"T30:192","R1:3513_T2:85"
"MLT","BB:342","EAR_EMTA_SEX_ECO_NB","SEX_T","ECO_SECTOR_TOTAL","2009",1569.428,,,"T30:192","R1:3513_T2:85"
"MLT","BA:341","EAR_EMTA_SEX_ECO_NB","SEX_T","ECO_SECTOR_TOTAL","2008",6.945,,,"I19:3444_T30:192",
"MLT","BA:341","EAR_EMTA_SEX_ECO_NB","SEX_T","ECO_SECTOR_TOTAL","2007",2.801,,,"I19:3444_T30:192",
"MLT","BA:341","EAR_EMTA_SEX_ECO_NB","SEX_T","ECO_SECTOR_TOTAL","2006",2.701,,,"I19:3444_T30:192",
"MLT","BA:341","EAR_EMTA_SEX_ECO_NB","SEX_T","ECO_SECTOR_TOTAL","2005",2.601,,,"I19:3444_T30:192",
"MLT","BA:341","EAR_EMTA_SEX_ECO_NB","SEX_T","ECO_SECTOR_TOTAL","2004",2.601,,,"I19:3444_T30:192",
"MLT","BA:341","EAR_EMTA_SEX_ECO_NB","SEX_T","ECO_SECTOR_TOTAL","2003",2.501,,,,
"MLT","BA:341","EAR_EMTA_SEX_ECO_NB","SEX_T","ECO_SECTOR_TOTAL","2002",2.44,,,,
"MLT","BA:341","EAR_EMTA_SEX_ECO_NB","SEX_T","ECO_SECTOR_TOTAL","2001",2.37,,,,
"MLT","BA:341","EAR_EMTA_SEX_ECO_NB","SEX_T","ECO_SECTOR_TOTAL","2000",2.2,,,"I19:3444_T30:192",
"MMR","BA:7009","EAR_EMTA_SEX_ECO_NB","SEX_T","ECO_SECTOR_TOTAL","2020",187872.518,,,"T30:139","R1:3513_S3:6"
"MMR","BA:7009","EAR_EMTA_SEX_ECO_NB","SEX_T","ECO_SECTOR_TOTAL","2019",208855.024,,,"T30:139","R1:3513"
"MMR","BA:7009","EAR_EMTA_SEX_ECO_NB","SEX_T","ECO_SECTOR_TOTAL","2018",192257.84,,,"T30:139","R1:3513"
"MMR","BA:7009","EAR_EMTA_SEX_ECO_NB","SEX_T","ECO_SECTOR_TOTAL","2017",173499.773,"B",,"T30:139_I11:264","R1:3513"
"MMR","BA:7009","EAR_EMTA_SEX_ECO_NB","SEX_T","ECO_SECTOR_TOTAL","2015",116877.588,"B",,"T30:139_I11:264","R1:3513"
"MNE","DA:470","EAR_EMTA_SEX_ECO_NB","SEX_T","ECO_SECTOR_TOTAL","2022",883,,,"T30:195",
"MNE","DA:470","EAR_EMTA_SEX_ECO_NB","SEX_T","ECO_SECTOR_TOTAL","2019",773,,,"T30:195",
"MNE","DA:470","EAR_EMTA_SEX_ECO_NB","SEX_T","ECO_SECTOR_TOTAL","2018",766,,,"T30:195",
"MNE","DA:470","EAR_EMTA_SEX_ECO_NB","SEX_T","ECO_SECTOR_TOTAL","2017",765,,,"T30:195",
"MNE","DA:470","EAR_EMTA_SEX_ECO_NB","SEX_T","ECO_SECTOR_TOTAL","2015",725,,,"T11:142_T30:195",
"MNE","DA:13001","EAR_EMTA_SEX_ECO_NB","SEX_T","ECO_SECTOR_TOTAL","2014",724,,,"T30:195","R1:2383_S3:21_S8:2566_S6:48"
"MNE","DA:470","EAR_EMTA_SEX_ECO_NB","SEX_T","ECO_SECTOR_TOTAL","2012",727,,,"T11:142_T33:396_T30:195",
"MNE","DA:470","EAR_EMTA_SEX_ECO_NB","SEX_T","ECO_SECTOR_TOTAL","2011",722,,,"T11:142_T33:396_T30:195",
"MNE","DA:470","EAR_EMTA_SEX_ECO_NB","SEX_T","ECO_SECTOR_TOTAL","2010",715,,,"T11:142_T33:396_T30:195",
"MNE","DA:470","EAR_EMTA_SEX_ECO_NB","SEX_T","ECO_SECTOR_TOTAL","2009",643,,,"T11:142_T33:396_T30:195",
"MNE","DA:470","EAR_EMTA_SEX_ECO_NB","SEX_T","ECO_SECTOR_TOTAL","2008",609,,,"T33:396_T30:195",
"MNE","DA:470","EAR_EMTA_SEX_ECO_NB","SEX_T","ECO_SECTOR_TOTAL","2007",497,,,"T33:396_T30:195",
"MNG","BA:702","EAR_EMTA_SEX_ECO_NB","SEX_T","ECO_SECTOR_TOTAL","2025",1987681.054,,,"T30:138","R1:3513"
"MNG","BA:702","EAR_EMTA_SEX_ECO_NB","SEX_T","ECO_SECTOR_TOTAL","2024",1649972.66,,,"T30:138","R1:3513"
"MNG","BA:702","EAR_EMTA_SEX_ECO_NB","SEX_T","ECO_SECTOR_TOTAL","2023",1268985.632,,,"T30:138","R1:3513"
"MNG","BA:702","EAR_EMTA_SEX_ECO_NB","SEX_T","ECO_SECTOR_TOTAL","2022",1072056.218,,,"T30:138","R1:3513"
"MNG","BA:702","EAR_EMTA_SEX_ECO_NB","SEX_T","ECO_SECTOR_TOTAL","2021",905163.755,,,"T30:138","R1:3513"
"MNG","BA:702","EAR_EMTA_SEX_ECO_NB","SEX_T","ECO_SECTOR_TOTAL","2020",854845.941,,,"T30:138","R1:3513"
"MNG","BA:702","EAR_EMTA_SEX_ECO_NB","SEX_T","ECO_SECTOR_TOTAL","2019",790456.202,"B",,"T30:138_I11:264","R1:3513"
"MNG","BB:7019","EAR_EMTA_SEX_ECO_NB","SEX_T","ECO_SECTOR_TOTAL","2018",585427.262,,,"T30:138","R1:3513"
"MNG","BB:7019","EAR_EMTA_SEX_ECO_NB","SEX_T","ECO_SECTOR_TOTAL","2017",545034.005,,,"T30:138","R1:3513"
"MNG","BB:7019","EAR_EMTA_SEX_ECO_NB","SEX_T","ECO_SECTOR_TOTAL","2016",540260.936,,,"T30:138","R1:3513"
"MNG","BB:7019","EAR_EMTA_SEX_ECO_NB","SEX_T","ECO_SECTOR_TOTAL","2015",536763.45,,,"T30:138","R1:3513"
"MNG","BB:7019","EAR_EMTA_SEX_ECO_NB","SEX_T","ECO_SECTOR_TOTAL","2014",541133.448,,,"T30:138","R1:3513"
"MNG","BB:7019","EAR_EMTA_SEX_ECO_NB","SEX_T","ECO_SECTOR_TOTAL","2013",462373.872,,,"T30:138","R1:3513"
"MNG","BB:7019","EAR_EMTA_SEX_ECO_NB","SEX_T","ECO_SECTOR_TOTAL","2012",400689.865,,,"T30:138","R1:3513"
"MNG","BB:7019","EAR_EMTA_SEX_ECO_NB","SEX_T","ECO_SECTOR_TOTAL","2011",326790.425,,,"T30:138","R1:3513"
"MNG","BB:7019","EAR_EMTA_SEX_ECO_NB","SEX_T","ECO_SECTOR_TOTAL","2010",261584.125,,,"T30:138","R1:3513"
"MNG","BB:7019","EAR_EMTA_SEX_ECO_NB","SEX_T","ECO_SECTOR_TOTAL","2009",238700.194,,,"T30:138","R1:3513"
"MNG","DA:703","EAR_EMTA_SEX_ECO_NB","SEX_T","ECO_SECTOR_TOTAL","2008",274200,,,"T33:396_T30:138",
"MNG","DA:703","EAR_EMTA_SEX_ECO_NB","SEX_T","ECO_SECTOR_TOTAL","2007",173010,,,"T33:396_T30:138",
"MNG","DA:703","EAR_EMTA_SEX_ECO_NB","SEX_T","ECO_SECTOR_TOTAL","2006",127700,,,"T33:396_T30:138",
"MNG","DA:703","EAR_EMTA_SEX_ECO_NB","SEX_T","ECO_SECTOR_TOTAL","2005",101200,,,"T33:396_T30:138",
"MNG","DA:703","EAR_EMTA_SEX_ECO_NB","SEX_T","ECO_SECTOR_TOTAL","2004",93100,,,"T33:396_T30:138",
"MNG","DA:703","EAR_EMTA_SEX_ECO_NB","SEX_T","ECO_SECTOR_TOTAL","2003",81500,,,"T33:396_T30:138",
"MNG","DA:703","EAR_EMTA_SEX_ECO_NB","SEX_T","ECO_SECTOR_TOTAL","2002",71300,,,"T33:396_T30:138",
"MNG","DA:703","EAR_EMTA_SEX_ECO_NB","SEX_T","ECO_SECTOR_TOTAL","2001",65200,,,"T33:396_T30:138",
"MNG","DA:703","EAR_EMTA_SEX_ECO_NB","SEX_T","ECO_SECTOR_TOTAL","2000",62300,,,"T33:396_T30:138","S3:11"
"MOZ","BB:8363","EAR_EMTA_SEX_ECO_NB","SEX_T","ECO_SECTOR_TOTAL","2022",13571.38,,,"T30:34","R1:3513"
"MRT","BB:16077","EAR_EMTA_SEX_ECO_NB","SEX_T","ECO_SECTOR_TOTAL","2019",60522.504,,,"T30:398","R1:3513"
"MUS","BA:82","EAR_EMTA_SEX_ECO_NB","SEX_T","ECO_SECTOR_TOTAL","2024",32444.135,,,"T30:33","R1:3513_T2:85"
"MUS","BA:82","EAR_EMTA_SEX_ECO_NB","SEX_T","ECO_SECTOR_TOTAL","2023",18463.853,,,"T30:33","R1:3513_T2:85"
"MUS","BA:82","EAR_EMTA_SEX_ECO_NB","SEX_T","ECO_SECTOR_TOTAL","2022",23230.734,,,"T30:33","R1:3513_T2:85"
"MUS","BA:82","EAR_EMTA_SEX_ECO_NB","SEX_T","ECO_SECTOR_TOTAL","2021",22664.117,,,"T30:33","R1:3513_T2:85"
"MUS","BA:82","EAR_EMTA_SEX_ECO_NB","SEX_T","ECO_SECTOR_TOTAL","2020",19745.578,"B",,"T30:33_I11:264","R1:3513_T2:85_T3:94"
"MUS","BA:82","EAR_EMTA_SEX_ECO_NB","SEX_T","ECO_SECTOR_TOTAL","2019",20525.542,,,"T30:33","R1:3513_T2:85"
"MUS","BA:82","EAR_EMTA_SEX_ECO_NB","SEX_T","ECO_SECTOR_TOTAL","2018",21977.675,,,"T30:33","R1:3513_T2:85"
"MUS","BA:82","EAR_EMTA_SEX_ECO_NB","SEX_T","ECO_SECTOR_TOTAL","2017",21207.072,,,"T30:33","R1:3513_T2:85"
"MUS","BA:82","EAR_EMTA_SEX_ECO_NB","SEX_T","ECO_SECTOR_TOTAL","2016",20197.576,,,"T30:33","R1:3513_T2:85"
"MUS","BA:82","EAR_EMTA_SEX_ECO_NB","SEX_T","ECO_SECTOR_TOTAL","2015",20151.44,,,"T30:33","R1:3513_T2:85"
"MUS","BA:82","EAR_EMTA_SEX_ECO_NB","SEX_T","ECO_SECTOR_TOTAL","2014",18927.411,,,"T30:33","R1:3513_T2:85"
"MUS","BA:82","EAR_EMTA_SEX_ECO_NB","SEX_T","ECO_SECTOR_TOTAL","2013",16746.821,,,"T30:33","R1:3513_T2:85"
"MUS","BA:82","EAR_EMTA_SEX_ECO_NB","SEX_T","ECO_SECTOR_TOTAL","2012",15508.836,,,"T30:33","R1:3513_T2:85"
"MUS","BA:82","EAR_EMTA_SEX_ECO_NB","SEX_T","ECO_SECTOR_TOTAL","2011",14763.001,,,"T30:33","R1:3513_T2:85"
"MUS","BA:82","EAR_EMTA_SEX_ECO_NB","SEX_T","ECO_SECTOR_TOTAL","2010",14188.838,,,"T30:33","R1:3513_T2:85"
"MUS","BA:82","EAR_EMTA_SEX_ECO_NB","SEX_T","ECO_SECTOR_TOTAL","2009",13253.402,,,"T30:33","R1:3513_T2:85"
"MUS","BA:82","EAR_EMTA_SEX_ECO_NB","SEX_T","ECO_SECTOR_TOTAL","2008",11625.665,,,"T30:33","R1:3513_T2:85"
"MUS","BA:82","EAR_EMTA_SEX_ECO_NB","SEX_T","ECO_SECTOR_TOTAL","2007",10237.751,,,"T30:33","R1:3513_T2:85"
"MUS","BA:82","EAR_EMTA_SEX_ECO_NB","SEX_T","ECO_SECTOR_TOTAL","2006",9708.755,,,"T30:33","R1:3513_T2:85"
"MUS","BA:82","EAR_EMTA_SEX_ECO_NB","SEX_T","ECO_SECTOR_TOTAL","2005",9474.654,,,"T30:33","R1:3513_T2:85"
"MUS","BA:82","EAR_EMTA_SEX_ECO_NB","SEX_T","ECO_SECTOR_TOTAL","2004",8313.252,,,"T30:33","R1:3513_T2:85"
"MUS","BA:82","EAR_EMTA_SEX_ECO_NB","SEX_T","ECO_SECTOR_TOTAL","2003",7926.851,"B",,"T30:33_I11:264","R1:3513_T2:85"
"MUS","BA:82","EAR_EMTA_SEX_ECO_NB","SEX_T","ECO_SECTOR_TOTAL","2002",7375.737,,,"T30:33","R1:3513_T2:85"
"MUS","BA:82","EAR_EMTA_SEX_ECO_NB","SEX_T","ECO_SECTOR_TOTAL","2001",7000.31,"B",,"T30:33_I11:264","R1:3513_T2:85"
"MUS","DA:1442","EAR_EMTA_SEX_ECO_NB","SEX_T","ECO_SECTOR_TOTAL","2000",8178,,,"T33:396_T30:33","S3:14_S6:48"
"MWI","BA:1448","EAR_EMTA_SEX_ECO_NB","SEX_T","ECO_SECTOR_TOTAL","2013",21062.003,"B",,"T30:29_I11:264","R1:3513"
"MYS","DA:7341","EAR_EMTA_SEX_ECO_NB","SEX_T","ECO_SECTOR_TOTAL","2020",2933,,,"I20:4077_T11:142_T12:1516_T30:136",
"MYS","DA:7341","EAR_EMTA_SEX_ECO_NB","SEX_T","ECO_SECTOR_TOTAL","2019",3224,,,"I20:4077_T11:142_T12:1516_T30:136",
"MYS","DA:7341","EAR_EMTA_SEX_ECO_NB","SEX_T","ECO_SECTOR_TOTAL","2018",3087,,,"I20:4077_T11:142_T12:1516_T30:136",
"MYS","DA:7341","EAR_EMTA_SEX_ECO_NB","SEX_T","ECO_SECTOR_TOTAL","2017",2879,,,"I20:4077_T11:142_T12:1516_T30:136",
"MYS","DA:7341","EAR_EMTA_SEX_ECO_NB","SEX_T","ECO_SECTOR_TOTAL","2016",2657,,,"I20:4077_T11:142_T12:1516_T30:136",
"MYS","DA:7341","EAR_EMTA_SEX_ECO_NB","SEX_T","ECO_SECTOR_TOTAL","2015",2312,,,"T11:142_T12:146_T30:136",
"MYS","DA:7341","EAR_EMTA_SEX_ECO_NB","SEX_T","ECO_SECTOR_TOTAL","2014",2193,,,"T11:142_T12:146_T30:136",
"MYS","DA:7341","EAR_EMTA_SEX_ECO_NB","SEX_T","ECO_SECTOR_TOTAL","2012",1906,,,"T11:142_T12:146_T30:136",
"MYS","DA:7341","EAR_EMTA_SEX_ECO_NB","SEX_T","ECO_SECTOR_TOTAL","2011",1809,,,"T11:142_T12:146_T30:136",
"NAM","BA:1468","EAR_EMTA_SEX_ECO_NB","SEX_T","ECO_SECTOR_TOTAL","2018",7233.303,,,"T30:35","R1:3513"
"NAM","BA:1468","EAR_EMTA_SEX_ECO_NB","SEX_T","ECO_SECTOR_TOTAL","2016",6927.219,,,"T30:35","R1:3513"
"NAM","BA:1468","EAR_EMTA_SEX_ECO_NB","SEX_T","ECO_SECTOR_TOTAL","2014",6638.015,,,"T30:35","R1:3513"
"NAM","BA:1468","EAR_EMTA_SEX_ECO_NB","SEX_T","ECO_SECTOR_TOTAL","2013",6843.447,,,"T30:35","R1:3513"
"NAM","BA:1468","EAR_EMTA_SEX_ECO_NB","SEX_T","ECO_SECTOR_TOTAL","2012",5624.347,"B",,"T30:35_I11:264","R1:3513"
"NCL","BA:15961","EAR_EMTA_SEX_ECO_NB","SEX_T","ECO_SECTOR_TOTAL","2017",220065.411,,,"T30:224","R1:3513"
"NER","BB:13367","EAR_EMTA_SEX_ECO_NB","SEX_T","ECO_SECTOR_TOTAL","2022",75078.919,,,"T30:36","R1:3513"
"NER","BB:13367","EAR_EMTA_SEX_ECO_NB","SEX_T","ECO_SECTOR_TOTAL","2019",84228.541,,,"T30:36","R1:3513"
"NER","BA:14071","EAR_EMTA_SEX_ECO_NB","SEX_T","ECO_SECTOR_TOTAL","2012",75505.819,"B",,"T30:36_I11:264","R1:3513"
"NER","BB:13367","EAR_EMTA_SEX_ECO_NB","SEX_T","ECO_SECTOR_TOTAL","2011",56188.383,"B",,"T30:36_I11:264","R1:3513"
"NER","JA:729","EAR_EMTA_SEX_ECO_NB","SEX_T","ECO_SECTOR_TOTAL","2010",303662,,,"T7:120_T33:396_T30:36","S5:38"
"NER","JA:729","EAR_EMTA_SEX_ECO_NB","SEX_T","ECO_SECTOR_TOTAL","2009",344848,,,"T7:120_T33:396_T30:36","S5:38"
"NGA","BX:7338","EAR_EMTA_SEX_ECO_NB","SEX_T","ECO_SECTOR_TOTAL","2024",76488.787,,,"T30:37","R1:3513"
"NGA","BB:15954","EAR_EMTA_SEX_ECO_NB","SEX_T","ECO_SECTOR_TOTAL","2019",45512.69,"B",,"T30:37_I11:264","R1:3513"
"NGA","BX:7338","EAR_EMTA_SEX_ECO_NB","SEX_T","ECO_SECTOR_TOTAL","2013",58714.022,,,"T30:37","R1:3513"
"NGA","BX:7338","EAR_EMTA_SEX_ECO_NB","SEX_T","ECO_SECTOR_TOTAL","2011",47816.395,"B",,"T30:37_I11:264","R1:3513"
"NIC","BB:5868","EAR_EMTA_SEX_ECO_NB","SEX_T","ECO_SECTOR_TOTAL","2014",9897.546,"B",,"T30:93_I11:264","R1:3513"
"NIC","DA:164","EAR_EMTA_SEX_ECO_NB","SEX_T","ECO_SECTOR_TOTAL","2013",7463,,,"T8:252_T12:146_T30:93","S6:48"
"NIC","BA:692","EAR_EMTA_SEX_ECO_NB","SEX_T","ECO_SECTOR_TOTAL","2012",4449.921,"B",,"T30:93_I11:264","R1:3513"
"NIC","BA:692","EAR_EMTA_SEX_ECO_NB","SEX_T","ECO_SECTOR_TOTAL","2010",3831.3,,,"T10:139_T33:396_T30:93",
"NIC","BA:692","EAR_EMTA_SEX_ECO_NB","SEX_T","ECO_SECTOR_TOTAL","2009",3662.2,,,"T10:139_T33:396_T30:93",
"NLD","BB:3060","EAR_EMTA_SEX_ECO_NB","SEX_T","ECO_SECTOR_TOTAL","2025",5665.609,,,"T30:196","R1:3513_T2:85"
"NLD","BB:3060","EAR_EMTA_SEX_ECO_NB","SEX_T","ECO_SECTOR_TOTAL","2024",5366.945,,,"T30:196","R1:3513_T2:85"
"NLD","BB:3060","EAR_EMTA_SEX_ECO_NB","SEX_T","ECO_SECTOR_TOTAL","2023",4967.716,,,"T30:196","R1:3513_T2:85"
"NLD","BB:3060","EAR_EMTA_SEX_ECO_NB","SEX_T","ECO_SECTOR_TOTAL","2022",4851.531,,,"T30:196","R1:3513_T2:85"
"NLD","BB:3060","EAR_EMTA_SEX_ECO_NB","SEX_T","ECO_SECTOR_TOTAL","2021",4691.05,,,"T30:196","R1:3513_T2:85"
"NLD","BB:3060","EAR_EMTA_SEX_ECO_NB","SEX_T","ECO_SECTOR_TOTAL","2020",4457.43,,,"T30:196","R1:3513_T2:85"
"NLD","BB:3060","EAR_EMTA_SEX_ECO_NB","SEX_T","ECO_SECTOR_TOTAL","2019",4265.49,,,"T30:196","R1:3513_T2:85"
"NLD","BB:3060","EAR_EMTA_SEX_ECO_NB","SEX_T","ECO_SECTOR_TOTAL","2018",4170.308,,,"T30:196","R1:3513_T2:85"
"NLD","BB:3060","EAR_EMTA_SEX_ECO_NB","SEX_T","ECO_SECTOR_TOTAL","2017",4094.269,,,"T30:196","R1:3513_T2:85"
"NLD","BB:3060","EAR_EMTA_SEX_ECO_NB","SEX_T","ECO_SECTOR_TOTAL","2016",3991.569,,,"T30:196","R1:3513_T2:85"
"NLD","BB:3060","EAR_EMTA_SEX_ECO_NB","SEX_T","ECO_SECTOR_TOTAL","2015",3991.937,,,"T30:196","R1:3513_T2:85"
"NLD","BB:3060","EAR_EMTA_SEX_ECO_NB","SEX_T","ECO_SECTOR_TOTAL","2014",3987.837,,,"T30:196","R1:3513_T2:85"
"NLD","BB:3060","EAR_EMTA_SEX_ECO_NB","SEX_T","ECO_SECTOR_TOTAL","2013",3843.691,,,"T30:196","R1:3513_T2:85"
"NLD","BB:3060","EAR_EMTA_SEX_ECO_NB","SEX_T","ECO_SECTOR_TOTAL","2012",3763.634,,,"T30:196","R1:3513_T2:85"
"NLD","BB:3060","EAR_EMTA_SEX_ECO_NB","SEX_T","ECO_SECTOR_TOTAL","2011",3674.575,,,"T30:196","R1:3513_T2:85"
"NLD","BB:3060","EAR_EMTA_SEX_ECO_NB","SEX_T","ECO_SECTOR_TOTAL","2010",3680.89,,,"T30:196","R1:3513_T2:85"
"NLD","BB:3060","EAR_EMTA_SEX_ECO_NB","SEX_T","ECO_SECTOR_TOTAL","2009",3547.031,,,"T30:196","R1:3513_T2:85"
"NLD","BB:3060","EAR_EMTA_SEX_ECO_NB","SEX_T","ECO_SECTOR_TOTAL","2008",3438.734,,,"T30:196","R1:3513_T2:85"
"NLD","BB:3060","EAR_EMTA_SEX_ECO_NB","SEX_T","ECO_SECTOR_TOTAL","2007",3381.637,,,"T30:196","R1:3513_T2:85"
"NLD","BB:3060","EAR_EMTA_SEX_ECO_NB","SEX_T","ECO_SECTOR_TOTAL","2006",2661.138,,,"T30:196","R1:3513_T2:85"
"NLD","BB:3060","EAR_EMTA_SEX_ECO_NB","SEX_T","ECO_SECTOR_TOTAL","2005",2667.946,,,"T30:196","R1:3513_T2:85"
"NLD","DA:1500","EAR_EMTA_SEX_ECO_NB","SEX_T","ECO_SECTOR_TOTAL","2004",2792,,,"T12:146_T33:396_T30:196","S3:23"
"NLD","DA:1500","EAR_EMTA_SEX_ECO_NB","SEX_T","ECO_SECTOR_TOTAL","2003",2712,,,"T12:146_T33:396_T30:196","S3:23"
"NLD","DA:1500","EAR_EMTA_SEX_ECO_NB","SEX_T","ECO_SECTOR_TOTAL","2002",2623,,,"T12:146_T33:396_T30:196","S3:23"
"NLD","DA:1500","EAR_EMTA_SEX_ECO_NB","SEX_T","ECO_SECTOR_TOTAL","2001",2517,,,"T12:146_T33:396_T30:196_I11:268","S3:23"
"NLD","DA:1500","EAR_EMTA_SEX_ECO_NB","SEX_T","ECO_SECTOR_TOTAL","2000",5220,,,"T12:146_T33:396_T30:326","S3:23"
"NOR","BB:3054","EAR_EMTA_SEX_ECO_NB","SEX_T","ECO_SECTOR_TOTAL","2025",5698.918,,,"T30:391","R1:3513_T2:85"
"NOR","BB:3054","EAR_EMTA_SEX_ECO_NB","SEX_T","ECO_SECTOR_TOTAL","2024",5535.189,,,"T30:391","R1:3513_T2:85"
"NOR","BB:3054","EAR_EMTA_SEX_ECO_NB","SEX_T","ECO_SECTOR_TOTAL","2023",5861.516,,,"T30:391","R1:3513_T2:85"
"NOR","BB:3054","EAR_EMTA_SEX_ECO_NB","SEX_T","ECO_SECTOR_TOTAL","2022",5535.038,,,"T30:391","R1:3513_T2:85"
"NOR","BB:3054","EAR_EMTA_SEX_ECO_NB","SEX_T","ECO_SECTOR_TOTAL","2021",5053.704,,,"T30:391","R1:3513_T2:85"
"NOR","BB:3054","EAR_EMTA_SEX_ECO_NB","SEX_T","ECO_SECTOR_TOTAL","2020",5627.53,,,"T30:391","R1:3513_T2:85"
"NOR","BB:3054","EAR_EMTA_SEX_ECO_NB","SEX_T","ECO_SECTOR_TOTAL","2019",5454.234,,,"T30:391","R1:3513_T2:85"
"NOR","BB:3054","EAR_EMTA_SEX_ECO_NB","SEX_T","ECO_SECTOR_TOTAL","2018",5431.898,,,"T30:391","R1:3513_T2:85"
"NOR","BB:3054","EAR_EMTA_SEX_ECO_NB","SEX_T","ECO_SECTOR_TOTAL","2017",5323.646,,,"T30:391","R1:3513_T2:85"
"NOR","BB:3054","EAR_EMTA_SEX_ECO_NB","SEX_T","ECO_SECTOR_TOTAL","2016",5463.002,,,"T30:391","R1:3513_T2:85"
"NOR","BB:3054","EAR_EMTA_SEX_ECO_NB","SEX_T","ECO_SECTOR_TOTAL","2015",5676.831,,,"T30:391","R1:3513_T2:85"
"NOR","BB:3054","EAR_EMTA_SEX_ECO_NB","SEX_T","ECO_SECTOR_TOTAL","2014",6043.267,,,"T30:391","R1:3513_T2:85"
"NOR","BB:3054","EAR_EMTA_SEX_ECO_NB","SEX_T","ECO_SECTOR_TOTAL","2013",5654.392,,,"T30:391","R1:3513_T2:85"
"NOR","BB:3054","EAR_EMTA_SEX_ECO_NB","SEX_T","ECO_SECTOR_TOTAL","2012",5337.993,,,"T30:391","R1:3513_T2:85"
"NOR","BB:3054","EAR_EMTA_SEX_ECO_NB","SEX_T","ECO_SECTOR_TOTAL","2011",4934.277,,,"T30:391","R1:3513_T2:85"
"NOR","BB:3054","EAR_EMTA_SEX_ECO_NB","SEX_T","ECO_SECTOR_TOTAL","2010",4401.39,,,"T30:391","R1:3513_T2:85"
"NOR","BB:3054","EAR_EMTA_SEX_ECO_NB","SEX_T","ECO_SECTOR_TOTAL","2009",4464.753,,,"T30:391","R1:3513_T2:85"
"NOR","BB:3054","EAR_EMTA_SEX_ECO_NB","SEX_T","ECO_SECTOR_TOTAL","2008",4249.632,,,"T30:391","R1:3513_T2:85"
"NOR","BB:3054","EAR_EMTA_SEX_ECO_NB","SEX_T","ECO_SECTOR_TOTAL","2007",3975.118,,,"T30:391","R1:3513_T2:85"
"NOR","BB:3054","EAR_EMTA_SEX_ECO_NB","SEX_T","ECO_SECTOR_TOTAL","2006",3307.001,,,"T30:391","R1:3513_T2:85"
"NOR","BB:3054","EAR_EMTA_SEX_ECO_NB","SEX_T","ECO_SECTOR_TOTAL","2005",3056.226,,,"T30:391","R1:3513_T2:85"
"NOR","BB:3054","EAR_EMTA_SEX_ECO_NB","SEX_T","ECO_SECTOR_TOTAL","2004",3181.547,,,"T30:391","R1:3513_T2:85"
"NPL","BA:1510","EAR_EMTA_SEX_ECO_NB","SEX_T","ECO_SECTOR_TOTAL","2017",17801.374,"B",,"T30:140_I11:264","R1:3513"
"NPL","BA:1510","EAR_EMTA_SEX_ECO_NB","SEX_T","ECO_SECTOR_TOTAL","2008",6286.505,"B",,"T30:140_I11:264","R1:3513"
"NZL","FX:118","EAR_EMTA_SEX_ECO_NB","SEX_T","ECO_SECTOR_TOTAL","2022",5990,,,"T11:142_T30:220","S3:24_S4:30"
"NZL","FX:118","EAR_EMTA_SEX_ECO_NB","SEX_T","ECO_SECTOR_TOTAL","2021",5610,,,"T11:142_T30:220","S3:24_S4:30"
"NZL","FX:118","EAR_EMTA_SEX_ECO_NB","SEX_T","ECO_SECTOR_TOTAL","2020",5270,,,"T11:142_T30:220","S3:24_S4:30"
"NZL","FX:118","EAR_EMTA_SEX_ECO_NB","SEX_T","ECO_SECTOR_TOTAL","2019",5120,,,"T11:142_T30:220","S3:24_S4:30"
"NZL","FX:118","EAR_EMTA_SEX_ECO_NB","SEX_T","ECO_SECTOR_TOTAL","2017",4760,,,"T11:142_T30:220",
"NZL","FX:118","EAR_EMTA_SEX_ECO_NB","SEX_T","ECO_SECTOR_TOTAL","2016",4640,,,"T11:142_T30:220",
"NZL","FX:118","EAR_EMTA_SEX_ECO_NB","SEX_T","ECO_SECTOR_TOTAL","2015",4522,,,"T11:142_T30:220",
"NZL","FX:118","EAR_EMTA_SEX_ECO_NB","SEX_T","ECO_SECTOR_TOTAL","2014",4420,,,"T11:142_T33:396_T30:220","S3:24_S4:30_S5:40"
"NZL","FX:118","EAR_EMTA_SEX_ECO_NB","SEX_T","ECO_SECTOR_TOTAL","2010",3940,,,"T11:142_T33:396_T30:220","S3:24_S4:30_S5:40"
"NZL","FX:118","EAR_EMTA_SEX_ECO_NB","SEX_T","ECO_SECTOR_TOTAL","2009",3830,,,"T11:142_T33:396_T30:220","S3:24_S4:30_S5:40"
"PAK","BA:538","EAR_EMTA_SEX_ECO_NB","SEX_T","ECO_SECTOR_TOTAL","2025",26628.502,,,"T30:142","R1:3513_S3:26"
"PAK","BA:538","EAR_EMTA_SEX_ECO_NB","SEX_T","ECO_SECTOR_TOTAL","2021",24068.182,,,"T30:142","R1:3513_S3:26"
"PAK","BB:16125","EAR_EMTA_SEX_ECO_NB","SEX_T","ECO_SECTOR_TOTAL","2020",22488.759,"B",,"T30:142_I11:264","R1:3513"
"PAK","BA:538","EAR_EMTA_SEX_ECO_NB","SEX_T","ECO_SECTOR_TOTAL","2019",21544.745,,,"T30:142","R1:3513_S3:26"
"PAK","BA:538","EAR_EMTA_SEX_ECO_NB","SEX_T","ECO_SECTOR_TOTAL","2018",19192.732,,,"T30:142","R1:3513_S3:26"
"PAK","BA:538","EAR_EMTA_SEX_ECO_NB","SEX_T","ECO_SECTOR_TOTAL","2017",18827,,,"T11:142_T30:142","S3:26_S5:38"
"PAK","BB:16125","EAR_EMTA_SEX_ECO_NB","SEX_T","ECO_SECTOR_TOTAL","2016",13507.035,,,"T30:142","R1:3513"
"PAK","BA:538","EAR_EMTA_SEX_ECO_NB","SEX_T","ECO_SECTOR_TOTAL","2015",15494.822,,,"T30:142","R1:3513"
"PAK","BA:538","EAR_EMTA_SEX_ECO_NB","SEX_T","ECO_SECTOR_TOTAL","2014",13635.743,,,"T30:142","R1:3513"
"PAK","BA:538","EAR_EMTA_SEX_ECO_NB","SEX_T","ECO_SECTOR_TOTAL","2013",12568.74,"B",,"T30:142_I11:264","R1:3513"
"PAK","BB:16125","EAR_EMTA_SEX_ECO_NB","SEX_T","ECO_SECTOR_TOTAL","2012",9401.493,,,"T30:142","R1:3513"
"PAK","BA:538","EAR_EMTA_SEX_ECO_NB","SEX_T","ECO_SECTOR_TOTAL","2011",10093.031,,,"T30:142","R1:3513"
"PAK","BA:538","EAR_EMTA_SEX_ECO_NB","SEX_T","ECO_SECTOR_TOTAL","2010",8939.575,,,"T30:142","R1:3513"
"PAK","BA:538","EAR_EMTA_SEX_ECO_NB","SEX_T","ECO_SECTOR_TOTAL","2009",7922.301,,,"T30:142","R1:3513"
"PAK","BB:16125","EAR_EMTA_SEX_ECO_NB","SEX_T","ECO_SECTOR_TOTAL","2008",5553.296,,,"T30:142","R1:3513"
"PAK","BB:16125","EAR_EMTA_SEX_ECO_NB","SEX_T","ECO_SECTOR_TOTAL","2007",5722.783,,,"T30:142","R1:3513"
"PAK","BB:16125","EAR_EMTA_SEX_ECO_NB","SEX_T","ECO_SECTOR_TOTAL","2006",4310.283,,,"T30:142","R1:3513"
"PAK","BB:16125","EAR_EMTA_SEX_ECO_NB","SEX_T","ECO_SECTOR_TOTAL","2005",4223.248,,,"T30:142","R1:3513"
"PAN","BA:511","EAR_EMTA_SEX_ECO_NB","SEX_T","ECO_SECTOR_TOTAL","2025",928.568,,,"T30:94","R1:3513_S3:21"
"PAN","BA:511","EAR_EMTA_SEX_ECO_NB","SEX_T","ECO_SECTOR_TOTAL","2024",882.816,,,"T30:94","R1:3513_S3:21"
"PAN","BA:511","EAR_EMTA_SEX_ECO_NB","SEX_T","ECO_SECTOR_TOTAL","2023",903.684,,,"T30:94","R1:3513_S3:21"
"PAN","BX:16113","EAR_EMTA_SEX_ECO_NB","SEX_T","ECO_SECTOR_TOTAL","2022",827.381,,,"T30:94","R1:3513_S3:21"
"PAN","BA:511","EAR_EMTA_SEX_ECO_NB","SEX_T","ECO_SECTOR_TOTAL","2021",929.478,"B",,"T30:94_I11:264","R1:3513_S3:21"
"PAN","BA:511","EAR_EMTA_SEX_ECO_NB","SEX_T","ECO_SECTOR_TOTAL","2020",924.526,"B",,"T30:94_I11:264","R1:3513_S3:19"
"PAN","BA:511","EAR_EMTA_SEX_ECO_NB","SEX_T","ECO_SECTOR_TOTAL","2019",890.356,,,"T30:94","R1:3513_S3:19"
"PAN","BA:511","EAR_EMTA_SEX_ECO_NB","SEX_T","ECO_SECTOR_TOTAL","2018",859.609,,,"T30:94","R1:3513_S3:19"
"PAN","BA:511","EAR_EMTA_SEX_ECO_NB","SEX_T","ECO_SECTOR_TOTAL","2017",849.081,,,"T30:94","R1:3513_S3:19"
"PAN","BA:511","EAR_EMTA_SEX_ECO_NB","SEX_T","ECO_SECTOR_TOTAL","2016",799.327,,,"T30:94","R1:3513_S3:19"
"PAN","BA:511","EAR_EMTA_SEX_ECO_NB","SEX_T","ECO_SECTOR_TOTAL","2015",748.53,,,"T30:94","R1:3513_S3:19"
"PAN","BA:511","EAR_EMTA_SEX_ECO_NB","SEX_T","ECO_SECTOR_TOTAL","2014",699.21,,,"T30:94","R1:3513_S3:19"
"PAN","BA:511","EAR_EMTA_SEX_ECO_NB","SEX_T","ECO_SECTOR_TOTAL","2013",688.745,,,"T30:94","R1:3513_S3:19"
"PAN","BA:511","EAR_EMTA_SEX_ECO_NB","SEX_T","ECO_SECTOR_TOTAL","2012",638.648,,,"T30:94","R1:3513_S3:19"
"PAN","BA:511","EAR_EMTA_SEX_ECO_NB","SEX_T","ECO_SECTOR_TOTAL","2011",586.166,,,"T30:94","R1:3513_S3:19"
"PAN","BA:511","EAR_EMTA_SEX_ECO_NB","SEX_T","ECO_SECTOR_TOTAL","2010",583.557,,,"T11:142_T33:396_T30:94","S3:19_S5:40"
"PAN","BA:511","EAR_EMTA_SEX_ECO_NB","SEX_T","ECO_SECTOR_TOTAL","2009",546.177,,,"T11:142_T33:396_T30:94","S3:19_S5:40"
"PAN","BB:16128","EAR_EMTA_SEX_ECO_NB","SEX_T","ECO_SECTOR_TOTAL","2008",486.108,,,"T30:94","R1:3513"
"PAN","BX:3055","EAR_EMTA_SEX_ECO_NB","SEX_T","ECO_SECTOR_TOTAL","2007",423.037,,,"T30:94","R1:3513_S3:19"
"PAN","BX:3055","EAR_EMTA_SEX_ECO_NB","SEX_T","ECO_SECTOR_TOTAL","2006",416.234,"B",,"T30:94_I11:264","R1:3513_S3:19"
"PAN","BB:16128","EAR_EMTA_SEX_ECO_NB","SEX_T","ECO_SECTOR_TOTAL","2003",387.5,,,"T30:94","R1:3513"
"PER","BA:16208","EAR_EMTA_SEX_ECO_NB","SEX_T","ECO_SECTOR_TOTAL","2025",2008.014,,,"T30:96","R1:3513"
"PER","BA:16208","EAR_EMTA_SEX_ECO_NB","SEX_T","ECO_SECTOR_TOTAL","2024",1879.013,,,"T30:96","R1:3513"
"PER","BA:16208","EAR_EMTA_SEX_ECO_NB","SEX_T","ECO_SECTOR_TOTAL","2023",1770.391,,,"T30:96","R1:3513"
"PER","BA:16208","EAR_EMTA_SEX_ECO_NB","SEX_T","ECO_SECTOR_TOTAL","2022",1624.76,"B",,"T30:96_I11:264","R1:3513"
"PER","BX:375","EAR_EMTA_SEX_ECO_NB","SEX_T","ECO_SECTOR_TOTAL","2021",1638.272,,,"T30:96","R1:3513"
"PER","BX:375","EAR_EMTA_SEX_ECO_NB","SEX_T","ECO_SECTOR_TOTAL","2020",1495.503,"B",,"T30:96_I11:264","R1:3513"
"PER","BX:375","EAR_EMTA_SEX_ECO_NB","SEX_T","ECO_SECTOR_TOTAL","2019",1585.081,,,"T30:96","R1:3513"
"PER","BX:375","EAR_EMTA_SEX_ECO_NB","SEX_T","ECO_SECTOR_TOTAL","2018",1528.417,,,"T30:96","R1:3513"
"PER","BX:375","EAR_EMTA_SEX_ECO_NB","SEX_T","ECO_SECTOR_TOTAL","2017",1477.662,,,"T30:96","R1:3513"
"PER","BX:375","EAR_EMTA_SEX_ECO_NB","SEX_T","ECO_SECTOR_TOTAL","2016",1465.353,,,"T30:96","R1:3513"
"PER","BX:375","EAR_EMTA_SEX_ECO_NB","SEX_T","ECO_SECTOR_TOTAL","2015",1370.425,,,"T30:96","R1:3513"
"PER","BX:375","EAR_EMTA_SEX_ECO_NB","SEX_T","ECO_SECTOR_TOTAL","2014",1325.708,,,"T30:96","R1:3513"
"PER","BX:375","EAR_EMTA_SEX_ECO_NB","SEX_T","ECO_SECTOR_TOTAL","2013",1263.449,,,"T30:96","R1:3513"
"PER","BX:375","EAR_EMTA_SEX_ECO_NB","SEX_T","ECO_SECTOR_TOTAL","2012",1188.566,,,"T30:96","R1:3513"
"PER","BX:375","EAR_EMTA_SEX_ECO_NB","SEX_T","ECO_SECTOR_TOTAL","2011",1099.145,,,"T30:96","R1:3513"
"PER","BX:375","EAR_EMTA_SEX_ECO_NB","SEX_T","ECO_SECTOR_TOTAL","2010",1038.095,,,"T30:96","R1:3513"
"PER","BX:375","EAR_EMTA_SEX_ECO_NB","SEX_T","ECO_SECTOR_TOTAL","2009",1023.49,,,"T30:96","R1:3513"
"PER","BX:375","EAR_EMTA_SEX_ECO_NB","SEX_T","ECO_SECTOR_TOTAL","2008",937.622,,,"T30:96","R1:3513"
"PER","BX:375","EAR_EMTA_SEX_ECO_NB","SEX_T","ECO_SECTOR_TOTAL","2007",874.889,,,"T30:96","R1:3513"
"PER","BX:375","EAR_EMTA_SEX_ECO_NB","SEX_T","ECO_SECTOR_TOTAL","2006",811.478,,,"T30:96","R1:3513"
"PER","BX:375","EAR_EMTA_SEX_ECO_NB","SEX_T","ECO_SECTOR_TOTAL","2005",767.266,,,"T30:96","R1:3513"
"PER","BX:375","EAR_EMTA_SEX_ECO_NB","SEX_T","ECO_SECTOR_TOTAL","2004",750.341,,,"T30:96","R1:3513"
"PER","BX:375","EAR_EMTA_SEX_ECO_NB","SEX_T","ECO_SECTOR_TOTAL","2003",842.628,,,"T30:96","R1:3513"
"PER","BX:375","EAR_EMTA_SEX_ECO_NB","SEX_T","ECO_SECTOR_TOTAL","2002",822.496,"B",,"T30:96_I11:264","R1:3513"
"PER","BX:375","EAR_EMTA_SEX_ECO_NB","SEX_T","ECO_SECTOR_TOTAL","2001",710.278,,,"T30:96","R1:3513"
"PER","BX:375","EAR_EMTA_SEX_ECO_NB","SEX_T","ECO_SECTOR_TOTAL","2000",706.449,,,"T30:96","R1:3513"
"PHL","BA:629","EAR_EMTA_SEX_ECO_NB","SEX_T","ECO_SECTOR_TOTAL","2024",18525.226,,,"T30:143","R1:3513"
"PHL","BA:629","EAR_EMTA_SEX_ECO_NB","SEX_T","ECO_SECTOR_TOTAL","2023",17604.959,,,"T30:143","R1:3513"
"PHL","BA:629","EAR_EMTA_SEX_ECO_NB","SEX_T","ECO_SECTOR_TOTAL","2022",16487.742,,,"T30:143","R1:3513"
"PHL","BA:629","EAR_EMTA_SEX_ECO_NB","SEX_T","ECO_SECTOR_TOTAL","2021",15528.057,"B",,"T30:143_I11:264","R1:3513"
"PHL","BA:629","EAR_EMTA_SEX_ECO_NB","SEX_T","ECO_SECTOR_TOTAL","2020",15229.753,,,"T30:143","R1:3513"
"PHL","BA:629","EAR_EMTA_SEX_ECO_NB","SEX_T","ECO_SECTOR_TOTAL","2019",14623.306,,,"T30:143","R1:3513"
"PHL","BA:629","EAR_EMTA_SEX_ECO_NB","SEX_T","ECO_SECTOR_TOTAL","2018",13452.754,,,"T30:143","R1:3513"
"PHL","BA:629","EAR_EMTA_SEX_ECO_NB","SEX_T","ECO_SECTOR_TOTAL","2017",12630.924,,,"T30:143","R1:3513"
"PHL","BA:629","EAR_EMTA_SEX_ECO_NB","SEX_T","ECO_SECTOR_TOTAL","2016",12194.434,"B",,"T30:143_I11:264","R1:3513"
"PHL","BA:629","EAR_EMTA_SEX_ECO_NB","SEX_T","ECO_SECTOR_TOTAL","2015",11497.51,,,"T30:143","R1:3513"
"PHL","BA:629","EAR_EMTA_SEX_ECO_NB","SEX_T","ECO_SECTOR_TOTAL","2014",11160.633,,,"T30:143","R1:3513"
"PHL","BA:629","EAR_EMTA_SEX_ECO_NB","SEX_T","ECO_SECTOR_TOTAL","2013",10631.893,,,"T30:143","R1:3513"
"PHL","BA:629","EAR_EMTA_SEX_ECO_NB","SEX_T","ECO_SECTOR_TOTAL","2012",10141.655,,,"T30:143","R1:3513"
"PHL","DA:1539","EAR_EMTA_SEX_ECO_NB","SEX_T","ECO_SECTOR_TOTAL","2008",17490,,,"T33:396_T30:143","S6:49"
"PHL","DA:1539","EAR_EMTA_SEX_ECO_NB","SEX_T","ECO_SECTOR_TOTAL","2006",15374,,,"T33:396_T30:143","S6:49"
"PHL","DA:1539","EAR_EMTA_SEX_ECO_NB","SEX_T","ECO_SECTOR_TOTAL","2005",13919,,,"T33:396_T30:143","S6:49"
"PHL","BB:16114","EAR_EMTA_SEX_ECO_NB","SEX_T","ECO_SECTOR_TOTAL","2003",6968.626,,,"T30:143","R1:3513"
"PHL","DA:1539","EAR_EMTA_SEX_ECO_NB","SEX_T","ECO_SECTOR_TOTAL","2001",10719,,,"T33:396_T30:143","S6:49"
"PLW","BB:14046","EAR_EMTA_SEX_ECO_NB","SEX_T","ECO_SECTOR_TOTAL","2023",1042.366,,,"T30:225","R1:3513"
"POL","BB:13355","EAR_EMTA_SEX_ECO_NB","SEX_T","ECO_SECTOR_TOTAL","2025",2037.092,,,"T30:392","R1:3513_T2:85"
"POL","BB:13355","EAR_EMTA_SEX_ECO_NB","SEX_T","ECO_SECTOR_TOTAL","2024",1682.769,,,"T30:392","R1:3513_T2:85"
"POL","BB:13355","EAR_EMTA_SEX_ECO_NB","SEX_T","ECO_SECTOR_TOTAL","2023",1401.822,,,"T30:392","R1:3513_T2:85"
"POL","BB:13355","EAR_EMTA_SEX_ECO_NB","SEX_T","ECO_SECTOR_TOTAL","2022",1279.429,,,"T30:392","R1:3513_T2:85"
"POL","BB:13355","EAR_EMTA_SEX_ECO_NB","SEX_T","ECO_SECTOR_TOTAL","2021",1164.874,,,"T30:392","R1:3513_T2:85"
"POL","BB:13355","EAR_EMTA_SEX_ECO_NB","SEX_T","ECO_SECTOR_TOTAL","2020",1159.714,,,"T30:392","R1:3513_T2:85"
"POL","BB:13355","EAR_EMTA_SEX_ECO_NB","SEX_T","ECO_SECTOR_TOTAL","2019",1066.971,,,"T30:392","R1:3513_T2:85"
"POL","BB:13355","EAR_EMTA_SEX_ECO_NB","SEX_T","ECO_SECTOR_TOTAL","2018",974.297,,,"T30:392","R1:3513_T2:85"
"POL","BB:13355","EAR_EMTA_SEX_ECO_NB","SEX_T","ECO_SECTOR_TOTAL","2017",910.845,,,"T30:392","R1:3513_T2:85"
"POL","BB:13355","EAR_EMTA_SEX_ECO_NB","SEX_T","ECO_SECTOR_TOTAL","2016",913.182,,,"T30:392","R1:3513_T2:85"
"POL","BB:13355","EAR_EMTA_SEX_ECO_NB","SEX_T","ECO_SECTOR_TOTAL","2015",876.793,,,"T30:392","R1:3513_T2:85"
"POL","BB:13355","EAR_EMTA_SEX_ECO_NB","SEX_T","ECO_SECTOR_TOTAL","2014",875.513,,,"T30:392","R1:3513_T2:85"
"POL","BB:13355","EAR_EMTA_SEX_ECO_NB","SEX_T","ECO_SECTOR_TOTAL","2013",841.062,,,"T30:392","R1:3513_T2:85"
"POL","BB:13355","EAR_EMTA_SEX_ECO_NB","SEX_T","ECO_SECTOR_TOTAL","2012",826.694,,,"T30:392","R1:3513_T2:85"
"POL","BB:13355","EAR_EMTA_SEX_ECO_NB","SEX_T","ECO_SECTOR_TOTAL","2011",809.452,,,"T30:392","R1:3513_T2:85"
"POL","BB:13355","EAR_EMTA_SEX_ECO_NB","SEX_T","ECO_SECTOR_TOTAL","2010",727.052,,,"T30:392","R1:3513_T2:85"
"POL","BB:13355","EAR_EMTA_SEX_ECO_NB","SEX_T","ECO_SECTOR_TOTAL","2009",861.583,,,"T30:392","R1:3513_T2:85"
"POL","BB:13355","EAR_EMTA_SEX_ECO_NB","SEX_T","ECO_SECTOR_TOTAL","2008",740.103,,,"T30:392","R1:3513_T2:85"
"POL","BB:13355","EAR_EMTA_SEX_ECO_NB","SEX_T","ECO_SECTOR_TOTAL","2007",641.847,,,"T30:392","R1:3513_T2:85"
"POL","BB:13355","EAR_EMTA_SEX_ECO_NB","SEX_T","ECO_SECTOR_TOTAL","2006",537.205,,,"T30:392","R1:3513_T2:85"
"POL","BB:13355","EAR_EMTA_SEX_ECO_NB","SEX_T","ECO_SECTOR_TOTAL","2005",448.508,,,"T30:392","R1:3513_T2:85"
"POL","DA:428","EAR_EMTA_SEX_ECO_NB","SEX_T","ECO_SECTOR_TOTAL","2004",2273.44,,,"T33:396_T30:198",
"POL","DA:428","EAR_EMTA_SEX_ECO_NB","SEX_T","ECO_SECTOR_TOTAL","2003",2185.02,,,"T33:396_T30:198",
"POL","DA:428","EAR_EMTA_SEX_ECO_NB","SEX_T","ECO_SECTOR_TOTAL","2002",2097.83,,,"T33:396_T30:198",
"POL","DA:428","EAR_EMTA_SEX_ECO_NB","SEX_T","ECO_SECTOR_TOTAL","2001",2045.1,,,"T33:396_T30:198",
"POL","DA:428","EAR_EMTA_SEX_ECO_NB","SEX_T","ECO_SECTOR_TOTAL","2000",1893.7,,,"T33:396_T30:198",
"PRT","BA:199","EAR_EMTA_SEX_ECO_NB","SEX_T","ECO_SECTOR_TOTAL","2025",1262.156,,,"T30:199","R1:3513"
"PRT","BA:199","EAR_EMTA_SEX_ECO_NB","SEX_T","ECO_SECTOR_TOTAL","2024",1171.414,,,"T30:199","R1:3513"
"PRT","BA:199","EAR_EMTA_SEX_ECO_NB","SEX_T","ECO_SECTOR_TOTAL","2023",1058.826,,,"T30:199","R1:3513"
"PRT","BA:199","EAR_EMTA_SEX_ECO_NB","SEX_T","ECO_SECTOR_TOTAL","2022",1037.934,,,"T30:199","R1:3513"
"PRT","BA:199","EAR_EMTA_SEX_ECO_NB","SEX_T","ECO_SECTOR_TOTAL","2021",1005.916,,,"T30:199","R1:3513"
"PRT","BA:199","EAR_EMTA_SEX_ECO_NB","SEX_T","ECO_SECTOR_TOTAL","2020",943.504,,,"T30:199","R1:3513"
"PRT","BA:199","EAR_EMTA_SEX_ECO_NB","SEX_T","ECO_SECTOR_TOTAL","2019",895.558,,,"T30:199","R1:3513"
"PRT","BA:199","EAR_EMTA_SEX_ECO_NB","SEX_T","ECO_SECTOR_TOTAL","2018",875.271,,,"T30:199","R1:3513"
"PRT","BA:199","EAR_EMTA_SEX_ECO_NB","SEX_T","ECO_SECTOR_TOTAL","2017",852.152,,,"T30:199","R1:3513"
"PRT","BA:199","EAR_EMTA_SEX_ECO_NB","SEX_T","ECO_SECTOR_TOTAL","2016",830.914,,,"T30:199","R1:3513"
"PRT","BA:199","EAR_EMTA_SEX_ECO_NB","SEX_T","ECO_SECTOR_TOTAL","2015",825.463,,,"T30:199","R1:3513"
"PRT","BA:199","EAR_EMTA_SEX_ECO_NB","SEX_T","ECO_SECTOR_TOTAL","2014",811.931,,,"T30:199","R1:3513"
"PRT","BA:199","EAR_EMTA_SEX_ECO_NB","SEX_T","ECO_SECTOR_TOTAL","2013",801.549,,,"T30:199","R1:3513"
"PRT","BA:199","EAR_EMTA_SEX_ECO_NB","SEX_T","ECO_SECTOR_TOTAL","2012",807.076,,,"T30:199","R1:3513"
"PRT","BA:199","EAR_EMTA_SEX_ECO_NB","SEX_T","ECO_SECTOR_TOTAL","2011",798.203,,,"T30:199","R1:3513"
"PRT","BA:199","EAR_EMTA_SEX_ECO_NB","SEX_T","ECO_SECTOR_TOTAL","2010",773.823,,,"T30:199","R1:3513"
"PRT","BA:199","EAR_EMTA_SEX_ECO_NB","SEX_T","ECO_SECTOR_TOTAL","2009",763.768,,,"T30:199","R1:3513"
"PRT","BA:199","EAR_EMTA_SEX_ECO_NB","SEX_T","ECO_SECTOR_TOTAL","2008",752.502,,,"T30:199","R1:3513"
"PRT","BA:199","EAR_EMTA_SEX_ECO_NB","SEX_T","ECO_SECTOR_TOTAL","2007",720.728,,,"T30:199","R1:3513"
"PRT","BA:199","EAR_EMTA_SEX_ECO_NB","SEX_T","ECO_SECTOR_TOTAL","2006",710.558,,,"T30:199","R1:3513"
"PRT","BA:199","EAR_EMTA_SEX_ECO_NB","SEX_T","ECO_SECTOR_TOTAL","2005",685.535,,,"T30:199","R1:3513"
"PRT","BA:199","EAR_EMTA_SEX_ECO_NB","SEX_T","ECO_SECTOR_TOTAL","2004",668.381,,,"T30:199","R1:3513"
"PRT","BA:199","EAR_EMTA_SEX_ECO_NB","SEX_T","ECO_SECTOR_TOTAL","2003",638.885,,,"T30:199","R1:3513"
"PRT","BA:199","EAR_EMTA_SEX_ECO_NB","SEX_T","ECO_SECTOR_TOTAL","2002",610.432,,,"T30:199","R1:3513"
"PRT","BA:199","EAR_EMTA_SEX_ECO_NB","SEX_T","ECO_SECTOR_TOTAL","2001",116026.331,,,"T30:330","R1:3513"
"PRT","BA:199","EAR_EMTA_SEX_ECO_NB","SEX_T","ECO_SECTOR_TOTAL","2000",109793.424,,,"T30:330","R1:3513"
"PRY","BX:14043","EAR_EMTA_SEX_ECO_NB","SEX_T","ECO_SECTOR_TOTAL","2025",3235818.31,,,"T30:95","R1:3513"
"PRY","BX:14043","EAR_EMTA_SEX_ECO_NB","SEX_T","ECO_SECTOR_TOTAL","2024",3089898.591,,,"T30:95","R1:3513"
"PRY","BX:14043","EAR_EMTA_SEX_ECO_NB","SEX_T","ECO_SECTOR_TOTAL","2023",2904994.057,,,"T30:95","R1:3513"
"PRY","BX:14043","EAR_EMTA_SEX_ECO_NB","SEX_T","ECO_SECTOR_TOTAL","2022",2720117.622,,,"T30:95","R1:3513"
"PRY","BX:14043","EAR_EMTA_SEX_ECO_NB","SEX_T","ECO_SECTOR_TOTAL","2021",2584028.56,,,"T30:95","R1:3513"
"PRY","BX:14043","EAR_EMTA_SEX_ECO_NB","SEX_T","ECO_SECTOR_TOTAL","2020",2505151,,,"I20:4077_T8:252_T10:139_T11:142_T30:95","S3:11_S4:34"
"PRY","BX:14043","EAR_EMTA_SEX_ECO_NB","SEX_T","ECO_SECTOR_TOTAL","2019",2489187.59,,,"T30:95","R1:3513"
"PRY","BX:14043","EAR_EMTA_SEX_ECO_NB","SEX_T","ECO_SECTOR_TOTAL","2018",2406764.787,,,"T30:95","R1:3513"
"PRY","BX:14043","EAR_EMTA_SEX_ECO_NB","SEX_T","ECO_SECTOR_TOTAL","2017",2319496.117,,,"T30:95","R1:3513"
"PRY","BX:534","EAR_EMTA_SEX_ECO_NB","SEX_T","ECO_SECTOR_TOTAL","2016",2075944.677,,,"T30:95","R1:3513"
"PRY","BX:534","EAR_EMTA_SEX_ECO_NB","SEX_T","ECO_SECTOR_TOTAL","2015",2093259.272,,,"T30:95","R1:3513"
"PRY","BX:534","EAR_EMTA_SEX_ECO_NB","SEX_T","ECO_SECTOR_TOTAL","2014",2035461.723,,,"T30:95","R1:3513"
"PRY","BX:534","EAR_EMTA_SEX_ECO_NB","SEX_T","ECO_SECTOR_TOTAL","2013",1903658.703,,,"T30:95","R1:3513"
"PRY","BX:534","EAR_EMTA_SEX_ECO_NB","SEX_T","ECO_SECTOR_TOTAL","2012",1680374.219,,,"T30:95","R1:3513"
"PRY","BX:534","EAR_EMTA_SEX_ECO_NB","SEX_T","ECO_SECTOR_TOTAL","2011",1633673.763,,,"T30:95","R1:3513"
"PRY","BX:534","EAR_EMTA_SEX_ECO_NB","SEX_T","ECO_SECTOR_TOTAL","2010",1393409.774,,,"T30:95","R1:3513"
"PRY","BX:534","EAR_EMTA_SEX_ECO_NB","SEX_T","ECO_SECTOR_TOTAL","2009",1262973.16,,,"T30:95","R1:3513"
"PRY","BX:534","EAR_EMTA_SEX_ECO_NB","SEX_T","ECO_SECTOR_TOTAL","2008",1216062.833,,,"T30:95","R1:3513"
"PRY","BX:534","EAR_EMTA_SEX_ECO_NB","SEX_T","ECO_SECTOR_TOTAL","2007",1061324.364,,,"T30:95","R1:3513"
"PRY","BX:534","EAR_EMTA_SEX_ECO_NB","SEX_T","ECO_SECTOR_TOTAL","2006",1047254.39,,,"T30:95","R1:3513"
"PRY","BX:534","EAR_EMTA_SEX_ECO_NB","SEX_T","ECO_SECTOR_TOTAL","2005",918977.298,,,"T30:95","R1:3513"
"PRY","BX:534","EAR_EMTA_SEX_ECO_NB","SEX_T","ECO_SECTOR_TOTAL","2004",804576.105,,,"T30:95","R1:3513"
"PRY","BX:534","EAR_EMTA_SEX_ECO_NB","SEX_T","ECO_SECTOR_TOTAL","2003",833219.657,,,"T30:95","R1:3513"
"PRY","BX:534","EAR_EMTA_SEX_ECO_NB","SEX_T","ECO_SECTOR_TOTAL","2002",737552.677,"B",,"T30:95_I11:264","R1:3513"
"PRY","BX:534","EAR_EMTA_SEX_ECO_NB","SEX_T","ECO_SECTOR_TOTAL","2001",835030.998,"B",,"T30:95_I11:264","R1:3513"
"PSE","BA:592","EAR_EMTA_SEX_ECO_NB","SEX_T","ECO_SECTOR_TOTAL","2025",3195.099,,,"T30:157","R1:3513_S4:6333"
"PSE","BA:592","EAR_EMTA_SEX_ECO_NB","SEX_T","ECO_SECTOR_TOTAL","2024",3088.247,"B",,"T30:157_I11:264","R1:3513_S4:6333"
"PSE","BA:592","EAR_EMTA_SEX_ECO_NB","SEX_T","ECO_SECTOR_TOTAL","2022",3067.468,,,"T30:157","R1:3513"
"PSE","BA:592","EAR_EMTA_SEX_ECO_NB","SEX_T","ECO_SECTOR_TOTAL","2021",2928.24,,,"T30:157","R1:3513"
"PSE","BA:592","EAR_EMTA_SEX_ECO_NB","SEX_T","ECO_SECTOR_TOTAL","2020",2893.606,,,"T30:157","R1:3513"
"PSE","BA:592","EAR_EMTA_SEX_ECO_NB","SEX_T","ECO_SECTOR_TOTAL","2019",2775.75,,,"T30:157","R1:3513"
"PSE","BA:592","EAR_EMTA_SEX_ECO_NB","SEX_T","ECO_SECTOR_TOTAL","2018",2621.965,,,"T30:157","R1:3513"
"PSE","BA:592","EAR_EMTA_SEX_ECO_NB","SEX_T","ECO_SECTOR_TOTAL","2017",2435.791,,,"T30:157","R1:3513"
"PSE","BA:592","EAR_EMTA_SEX_ECO_NB","SEX_T","ECO_SECTOR_TOTAL","2016",2341.693,,,"T30:157","R1:3513"
"PSE","BA:592","EAR_EMTA_SEX_ECO_NB","SEX_T","ECO_SECTOR_TOTAL","2015",2255.985,,,"T30:157","R1:3513"
"QAT","BA:696","EAR_EMTA_SEX_ECO_NB","SEX_T","ECO_SECTOR_TOTAL","2022",11963,,,"I20:4077_T9:131_T30:144",
"QAT","BA:696","EAR_EMTA_SEX_ECO_NB","SEX_T","ECO_SECTOR_TOTAL","2020",11554,,,"I20:4077_T9:131_T30:144",
"QAT","BA:696","EAR_EMTA_SEX_ECO_NB","SEX_T","ECO_SECTOR_TOTAL","2019",11308,,,"I20:4077_T9:131_T30:144",
"QAT","BA:696","EAR_EMTA_SEX_ECO_NB","SEX_T","ECO_SECTOR_TOTAL","2018",11121,,,"I20:4147_T9:131_T30:144","S3:20"
"QAT","BA:696","EAR_EMTA_SEX_ECO_NB","SEX_T","ECO_SECTOR_TOTAL","2017",11099,,,"I20:4147_T9:131_T30:144","S3:20"
"QAT","BA:696","EAR_EMTA_SEX_ECO_NB","SEX_T","ECO_SECTOR_TOTAL","2016",10793,,,"T8:252_T9:131_T30:144","S3:20"
"QAT","BA:696","EAR_EMTA_SEX_ECO_NB","SEX_T","ECO_SECTOR_TOTAL","2015",10568,,,"T8:252_T9:131_T30:144","S3:20"
"QAT","BA:696","EAR_EMTA_SEX_ECO_NB","SEX_T","ECO_SECTOR_TOTAL","2014",10483,,,"T8:252_T9:131_T30:144","S3:20"
"QAT","BA:696","EAR_EMTA_SEX_ECO_NB","SEX_T","ECO_SECTOR_TOTAL","2013",9667,,,"T8:252_T9:131_T30:144","S3:20"
"QAT","BA:696","EAR_EMTA_SEX_ECO_NB","SEX_T","ECO_SECTOR_TOTAL","2012",8654,,,"T8:252_T9:131_T33:396_T30:144","S3:20"
"QAT","BA:696","EAR_EMTA_SEX_ECO_NB","SEX_T","ECO_SECTOR_TOTAL","2011",7401,,,"T8:252_T9:131_T33:396_T30:144","S3:20"
"QAT","BA:696","EAR_EMTA_SEX_ECO_NB","SEX_T","ECO_SECTOR_TOTAL","2009",7792,,,"T8:252_T9:131_T33:396_T30:144","S3:20"
"QAT","BA:696","EAR_EMTA_SEX_ECO_NB","SEX_T","ECO_SECTOR_TOTAL","2001",2902,,,"T33:396_T30:144","S3:15"
"REU","FB:95","EAR_EMTA_SEX_ECO_NB","SEX_T","ECO_SECTOR_TOTAL","2012",2714.258,,,"T30:38",
"ROU","BB:439","EAR_EMTA_SEX_ECO_NB","SEX_T","ECO_SECTOR_TOTAL","2025",1524.253,,,"T30:393","R1:3513_T2:85"
"ROU","BB:439","EAR_EMTA_SEX_ECO_NB","SEX_T","ECO_SECTOR_TOTAL","2024",1413.135,,,"T30:393","R1:3513_T2:85"
"ROU","BB:439","EAR_EMTA_SEX_ECO_NB","SEX_T","ECO_SECTOR_TOTAL","2023",1231.55,,,"T30:393","R1:3513_T2:85"
"ROU","BB:439","EAR_EMTA_SEX_ECO_NB","SEX_T","ECO_SECTOR_TOTAL","2022",1015.684,,,"T30:393","R1:3513_T2:85"
"ROU","BB:439","EAR_EMTA_SEX_ECO_NB","SEX_T","ECO_SECTOR_TOTAL","2021",954.663,,,"T30:393","R1:3513_T2:85"
"ROU","BB:439","EAR_EMTA_SEX_ECO_NB","SEX_T","ECO_SECTOR_TOTAL","2020",833.648,,,"T30:393","R1:3513_T2:85"
"ROU","BB:439","EAR_EMTA_SEX_ECO_NB","SEX_T","ECO_SECTOR_TOTAL","2019",798.518,,,"T30:393","R1:3513_T2:85"
"ROU","BB:439","EAR_EMTA_SEX_ECO_NB","SEX_T","ECO_SECTOR_TOTAL","2018",561.008,,,"T30:393","R1:3513_T2:85"
"ROU","BB:439","EAR_EMTA_SEX_ECO_NB","SEX_T","ECO_SECTOR_TOTAL","2017",438.849,,,"T30:393","R1:3513_T2:85"
"ROU","BB:439","EAR_EMTA_SEX_ECO_NB","SEX_T","ECO_SECTOR_TOTAL","2016",401.397,,,"T30:393","R1:3513_T2:85"
"ROU","BB:439","EAR_EMTA_SEX_ECO_NB","SEX_T","ECO_SECTOR_TOTAL","2015",366.938,,,"T30:393","R1:3513_T2:85"
"ROU","BB:439","EAR_EMTA_SEX_ECO_NB","SEX_T","ECO_SECTOR_TOTAL","2014",349.127,,,"T30:393","R1:3513_T2:85"
"ROU","BB:439","EAR_EMTA_SEX_ECO_NB","SEX_T","ECO_SECTOR_TOTAL","2013",328.856,,,"T30:393","R1:3513_T2:85"
"ROU","BB:439","EAR_EMTA_SEX_ECO_NB","SEX_T","ECO_SECTOR_TOTAL","2012",331.07,,,"T30:393","R1:3513_T2:85"
"ROU","BB:439","EAR_EMTA_SEX_ECO_NB","SEX_T","ECO_SECTOR_TOTAL","2011",328.304,,,"T30:393","R1:3513_T2:85"
"ROU","BB:439","EAR_EMTA_SEX_ECO_NB","SEX_T","ECO_SECTOR_TOTAL","2010",325.846,,,"T30:393","R1:3513_T2:85"
"ROU","BB:439","EAR_EMTA_SEX_ECO_NB","SEX_T","ECO_SECTOR_TOTAL","2009",355.054,,,"T30:393","R1:3513_T2:85"
"ROU","BB:439","EAR_EMTA_SEX_ECO_NB","SEX_T","ECO_SECTOR_TOTAL","2008",338.295,,,"T30:393","R1:3513_T2:85"
"ROU","BB:439","EAR_EMTA_SEX_ECO_NB","SEX_T","ECO_SECTOR_TOTAL","2007",291.743,,,"T30:393","R1:3513_T2:85"
"ROU","DA:435","EAR_EMTA_SEX_ECO_NB","SEX_T","ECO_SECTOR_TOTAL","2006",1146,,,"T33:396_T30:200",
"ROU","DA:435","EAR_EMTA_SEX_ECO_NB","SEX_T","ECO_SECTOR_TOTAL","2005",968,,,"T33:396_T30:200_I11:268",
"ROU","DA:435","EAR_EMTA_SEX_ECO_NB","SEX_T","ECO_SECTOR_TOTAL","2004",8183317,,,"T33:396_T30:332",
"ROU","DA:435","EAR_EMTA_SEX_ECO_NB","SEX_T","ECO_SECTOR_TOTAL","2003",6637868,,,"T33:396_T30:332",
"ROU","DA:435","EAR_EMTA_SEX_ECO_NB","SEX_T","ECO_SECTOR_TOTAL","2002",5320559,,,"T33:396_T30:332",
"ROU","DA:435","EAR_EMTA_SEX_ECO_NB","SEX_T","ECO_SECTOR_TOTAL","2001",4220357,,,"T33:396_T30:332",
"ROU","DA:435","EAR_EMTA_SEX_ECO_NB","SEX_T","ECO_SECTOR_TOTAL","2000",2840449,,,"T33:396_T30:332",
"RUS","DA:122","EAR_EMTA_SEX_ECO_NB","SEX_T","ECO_SECTOR_TOTAL","2021",57240,,,"T30:201","S3:21_S4:34"
"RUS","DA:122","EAR_EMTA_SEX_ECO_NB","SEX_T","ECO_SECTOR_TOTAL","2019",44729,,,"T30:201","S3:21_S4:34"
"RUS","DA:122","EAR_EMTA_SEX_ECO_NB","SEX_T","ECO_SECTOR_TOTAL","2017",38609,,,"I20:4077_T30:201","S3:21_S4:34"
"RUS","DA:122","EAR_EMTA_SEX_ECO_NB","SEX_T","ECO_SECTOR_TOTAL","2016",36709,,,"T8:252_T11:142_T33:396_T30:201","S3:21_S4:34"
"RUS","DA:122","EAR_EMTA_SEX_ECO_NB","SEX_T","ECO_SECTOR_TOTAL","2015",34030,,,"T8:252_T11:142_T33:396_T30:201","S3:21_S4:34"
"RUS","DA:122","EAR_EMTA_SEX_ECO_NB","SEX_T","ECO_SECTOR_TOTAL","2014",32495,,,"T8:252_T11:142_T33:396_T30:201","S3:21_S4:34"
"RUS","DA:122","EAR_EMTA_SEX_ECO_NB","SEX_T","ECO_SECTOR_TOTAL","2013",29792,,,"T8:252_T11:142_T33:396_T30:201","S3:21_S4:34"
"RUS","DA:122","EAR_EMTA_SEX_ECO_NB","SEX_T","ECO_SECTOR_TOTAL","2012",26629,,,"T8:252_T11:142_T33:396_T30:201","S3:21_S4:34"
"RUS","DA:122","EAR_EMTA_SEX_ECO_NB","SEX_T","ECO_SECTOR_TOTAL","2011",23369,,,"T8:252_T11:142_T33:396_T30:201","S3:21_S4:34"
"RUS","DA:122","EAR_EMTA_SEX_ECO_NB","SEX_T","ECO_SECTOR_TOTAL","2010",20952,,,"T8:252_T11:142_T33:396_T30:201","S3:21_S4:34"
"RUS","DA:122","EAR_EMTA_SEX_ECO_NB","SEX_T","ECO_SECTOR_TOTAL","2009",18638,,,"T8:252_T11:142_T33:396_T30:201","S3:21_S4:34"
"RUS","DA:122","EAR_EMTA_SEX_ECO_NB","SEX_T","ECO_SECTOR_TOTAL","2008",17290,,,"T8:252_T11:142_T33:396_T30:201","S3:21_S4:34"
"RUS","DA:122","EAR_EMTA_SEX_ECO_NB","SEX_T","ECO_SECTOR_TOTAL","2007",13593,,,"T8:252_T11:142_T33:396_T30:201","S3:21_S4:34"
"RUS","DA:122","EAR_EMTA_SEX_ECO_NB","SEX_T","ECO_SECTOR_TOTAL","2006",10634,,,"T8:252_T11:142_T12:146_T33:396_T30:201","S3:21_S4:34"
"RUS","DA:122","EAR_EMTA_SEX_ECO_NB","SEX_T","ECO_SECTOR_TOTAL","2005",8555,,,"T8:252_T11:142_T12:146_T33:396_T30:201","S3:21_S4:34"
"RUS","DA:122","EAR_EMTA_SEX_ECO_NB","SEX_T","ECO_SECTOR_TOTAL","2004",6831.8,,,"T30:201",
"RUS","DA:122","EAR_EMTA_SEX_ECO_NB","SEX_T","ECO_SECTOR_TOTAL","2002",4414,,,"T30:201",
"RUS","DA:122","EAR_EMTA_SEX_ECO_NB","SEX_T","ECO_SECTOR_TOTAL","2001",3240,,,"T30:201",
"RUS","DA:122","EAR_EMTA_SEX_ECO_NB","SEX_T","ECO_SECTOR_TOTAL","2000",2223,,,"T30:201",
"RWA","BA:1590","EAR_EMTA_SEX_ECO_NB","SEX_T","ECO_SECTOR_TOTAL","2024",69850.796,,,"T30:39","R1:3513"
"RWA","BA:1590","EAR_EMTA_SEX_ECO_NB","SEX_T","ECO_SECTOR_TOTAL","2023",54569.446,,,"T30:39","R1:3513"
"RWA","BA:1590","EAR_EMTA_SEX_ECO_NB","SEX_T","ECO_SECTOR_TOTAL","2022",41784.348,,,"T30:39","R1:3513"
"RWA","BA:1590","EAR_EMTA_SEX_ECO_NB","SEX_T","ECO_SECTOR_TOTAL","2021",40708.075,,,"T30:39","R1:3513"
"RWA","BA:1590","EAR_EMTA_SEX_ECO_NB","SEX_T","ECO_SECTOR_TOTAL","2017",45647.63,"B",,"T30:39_I11:264","R1:3513"
"RWA","BB:763","EAR_EMTA_SEX_ECO_NB","SEX_T","ECO_SECTOR_TOTAL","2014",60387.79,"B",,"T30:39_I11:264","R1:3513"
"SAU","BA:627","EAR_EMTA_SEX_ECO_NB","SEX_T","ECO_SECTOR_TOTAL","2022",6748,,,"I20:4077_T11:142_T12:146_T30:145","S3:11_S5:4138"
"SAU","BA:627","EAR_EMTA_SEX_ECO_NB","SEX_T","ECO_SECTOR_TOTAL","2020",6563.8,,,"I20:4077_T11:142_T12:146_T30:145","S3:10"
"SAU","BA:627","EAR_EMTA_SEX_ECO_NB","SEX_T","ECO_SECTOR_TOTAL","2019",6313,,,"T9:131_T10:139_T11:142_T30:145","S3:11"
"SAU","BA:627","EAR_EMTA_SEX_ECO_NB","SEX_T","ECO_SECTOR_TOTAL","2018",6271.7,,,"T9:131_T10:139_T11:142_T30:145","S3:11"
"SAU","BA:627","EAR_EMTA_SEX_ECO_NB","SEX_T","ECO_SECTOR_TOTAL","2017",6093.011,,,"T9:131_T10:139_T11:142_T30:145","S3:11"
"SAU","BA:627","EAR_EMTA_SEX_ECO_NB","SEX_T","ECO_SECTOR_TOTAL","2016",6225.1,,,"T9:131_T10:139_T11:142_T30:145","S3:11"
"SAU","BA:627","EAR_EMTA_SEX_ECO_NB","SEX_T","ECO_SECTOR_TOTAL","2015",6413.246,,,"T9:131_T10:139_T11:142_T30:145","S3:7"
"SAU","BA:627","EAR_EMTA_SEX_ECO_NB","SEX_T","ECO_SECTOR_TOTAL","2014",6098.8,,,"T9:131_T10:139_T11:142_T30:145","S3:7"
"SAU","BA:627","EAR_EMTA_SEX_ECO_NB","SEX_T","ECO_SECTOR_TOTAL","2013",5580,,,"T8:252_T9:131_T10:139_T11:142_T30:145","S3:7"
"SAU","BA:627","EAR_EMTA_SEX_ECO_NB","SEX_T","ECO_SECTOR_TOTAL","2012",5285,,,"T9:131_T11:142_T33:396_T30:145","S3:7"
"SAU","BA:627","EAR_EMTA_SEX_ECO_NB","SEX_T","ECO_SECTOR_TOTAL","2011",5031,,,"T9:131_T11:142_T33:396_T30:145","S3:7"
"SAU","BA:627","EAR_EMTA_SEX_ECO_NB","SEX_T","ECO_SECTOR_TOTAL","2009",4470,,,"T8:252_T9:131_T33:396_T30:145","S3:7"
"SDN","BA:1603","EAR_EMTA_SEX_ECO_NB","SEX_T","ECO_SECTOR_TOTAL","2022",155379.238,"B",,"T30:48_I11:264","R1:3513"
"SDN","BA:1603","EAR_EMTA_SEX_ECO_NB","SEX_T","ECO_SECTOR_TOTAL","2011",452.718,,,"T30:48","R1:3513"
"SEN","BA:13368","EAR_EMTA_SEX_ECO_NB","SEX_T","ECO_SECTOR_TOTAL","2025",161914.774,,,"T30:42","R1:3513"
"SEN","BA:13368","EAR_EMTA_SEX_ECO_NB","SEX_T","ECO_SECTOR_TOTAL","2024",169275.655,,,"T30:42","R1:3513"
"SEN","BA:13368","EAR_EMTA_SEX_ECO_NB","SEX_T","ECO_SECTOR_TOTAL","2023",93595.61,,,"T30:42","R1:3513"
"SEN","BA:13368","EAR_EMTA_SEX_ECO_NB","SEX_T","ECO_SECTOR_TOTAL","2022",97572.594,,,"T30:42","R1:3513"
"SEN","BA:13368","EAR_EMTA_SEX_ECO_NB","SEX_T","ECO_SECTOR_TOTAL","2019",85966.014,,,"T30:42","R1:3513"
"SEN","BX:1608","EAR_EMTA_SEX_ECO_NB","SEX_T","ECO_SECTOR_TOTAL","2011",105131.304,"B",,"T30:42_I11:264","R1:3513"
"SGP","FA:5921","EAR_EMTA_SEX_ECO_NB","SEX_T","ECO_SECTOR_TOTAL","2010",4089,,,"T30:146",
"SGP","FA:5921","EAR_EMTA_SEX_ECO_NB","SEX_T","ECO_SECTOR_TOTAL","2009",3872,,,"T30:146","T2:83"
"SGP","FA:5921","EAR_EMTA_SEX_ECO_NB","SEX_T","ECO_SECTOR_TOTAL","2008",3977,,,"T30:146","T2:83"
"SGP","FA:5921","EAR_EMTA_SEX_ECO_NB","SEX_T","ECO_SECTOR_TOTAL","2007",3773,,,"T30:146","T2:83"
"SGP","FA:5921","EAR_EMTA_SEX_ECO_NB","SEX_T","ECO_SECTOR_TOTAL","2006",3554,,,"T30:146","T2:83"
"SGP","FA:5921","EAR_EMTA_SEX_ECO_NB","SEX_T","ECO_SECTOR_TOTAL","2005",3444,,,"T30:146","T2:83"
"SGP","FA:5921","EAR_EMTA_SEX_ECO_NB","SEX_T","ECO_SECTOR_TOTAL","2004",3329,,,"T30:146","T2:83"
"SGP","FA:5921","EAR_EMTA_SEX_ECO_NB","SEX_T","ECO_SECTOR_TOTAL","2003",3213,,,"T30:146","T2:83"
"SGP","FA:5921","EAR_EMTA_SEX_ECO_NB","SEX_T","ECO_SECTOR_TOTAL","2002",3158,,,"T30:146","T2:83"
"SGP","FA:5921","EAR_EMTA_SEX_ECO_NB","SEX_T","ECO_SECTOR_TOTAL","2001",3134,,,"T30:146","T2:83"
"SGP","FA:5921","EAR_EMTA_SEX_ECO_NB","SEX_T","ECO_SECTOR_TOTAL","2000",3063,,,"T30:146","T2:83"
"SHN","FX:1626","EAR_EMTA_SEX_ECO_NB","SEX_T","ECO_SECTOR_TOTAL","2001",256,,,"T33:396_T30:47","S3:26"
"SHN","FX:1626","EAR_EMTA_SEX_ECO_NB","SEX_T","ECO_SECTOR_TOTAL","2000",228.3,,,"T33:396_T30:47","S3:26"
"SLB","BB:14050","EAR_EMTA_SEX_ECO_NB","SEX_T","ECO_SECTOR_TOTAL","2005",14206.702,,,"T30:229","R1:3513"
"SLE","BX:15953","EAR_EMTA_SEX_ECO_NB","SEX_T","ECO_SECTOR_TOTAL","2018",2057586.761,,,"T30:44","R1:3513"
"SLV","BX:461","EAR_EMTA_SEX_ECO_NB","SEX_T","ECO_SECTOR_TOTAL","2025",507.036,,,"T30:78","R1:3513"
"SLV","BX:461","EAR_EMTA_SEX_ECO_NB","SEX_T","ECO_SECTOR_TOTAL","2024",484.409,,,"T30:78","R1:3513"
"SLV","BX:461","EAR_EMTA_SEX_ECO_NB","SEX_T","ECO_SECTOR_TOTAL","2023",450.144,,,"T30:78","R1:3513"
"SLV","BX:461","EAR_EMTA_SEX_ECO_NB","SEX_T","ECO_SECTOR_TOTAL","2022",414.734,,,"T30:78","R1:3513"
"SLV","BX:461","EAR_EMTA_SEX_ECO_NB","SEX_T","ECO_SECTOR_TOTAL","2021",390.652,,,"T30:78","R1:3513"
"SLV","BX:461","EAR_EMTA_SEX_ECO_NB","SEX_T","ECO_SECTOR_TOTAL","2019",380.286,,,"T30:78","R1:3513_T2:85"
"SLV","BX:461","EAR_EMTA_SEX_ECO_NB","SEX_T","ECO_SECTOR_TOTAL","2018",358.185,,,"T30:78","R1:3513_T2:85"
"SLV","BX:461","EAR_EMTA_SEX_ECO_NB","SEX_T","ECO_SECTOR_TOTAL","2017",344.977,,,"T30:78","R1:3513_T2:85"
"SLV","BX:461","EAR_EMTA_SEX_ECO_NB","SEX_T","ECO_SECTOR_TOTAL","2016",324.722,,,"T30:78","R1:3513_T2:85"
"SLV","BX:461","EAR_EMTA_SEX_ECO_NB","SEX_T","ECO_SECTOR_TOTAL","2015",331.55,,,"T30:78","R1:3513_T2:85"
"SLV","BX:461","EAR_EMTA_SEX_ECO_NB","SEX_T","ECO_SECTOR_TOTAL","2014",330.575,,,"T30:78","R1:3513_T2:85"
"SLV","BX:461","EAR_EMTA_SEX_ECO_NB","SEX_T","ECO_SECTOR_TOTAL","2013",325.789,,,"T30:78","R1:3513_T2:85"
"SLV","BX:461","EAR_EMTA_SEX_ECO_NB","SEX_T","ECO_SECTOR_TOTAL","2012",307.289,,,"T30:78","R1:3513_T2:85"
"SLV","BX:461","EAR_EMTA_SEX_ECO_NB","SEX_T","ECO_SECTOR_TOTAL","2011",296.44,,,"T30:78","R1:3513_T2:85"
"SLV","BX:461","EAR_EMTA_SEX_ECO_NB","SEX_T","ECO_SECTOR_TOTAL","2010",294.188,"B",,"T30:78_I11:264","R1:3513_T2:85"
"SLV","BA:1635","EAR_EMTA_SEX_ECO_NB","SEX_T","ECO_SECTOR_TOTAL","2006",247.4,,,"T33:396_T30:78",
"SLV","BA:1635","EAR_EMTA_SEX_ECO_NB","SEX_T","ECO_SECTOR_TOTAL","2005",246.7,,,"T33:396_T30:78",
"SLV","BA:1635","EAR_EMTA_SEX_ECO_NB","SEX_T","ECO_SECTOR_TOTAL","2004",234.01,,,"T33:396_T30:78",
"SLV","BA:1635","EAR_EMTA_SEX_ECO_NB","SEX_T","ECO_SECTOR_TOTAL","2003",232,,,"T33:396_T30:78",
"SLV","BA:1635","EAR_EMTA_SEX_ECO_NB","SEX_T","ECO_SECTOR_TOTAL","2002",243.71,,,"T33:396_T30:78_I11:268",
"SLV","BA:1635","EAR_EMTA_SEX_ECO_NB","SEX_T","ECO_SECTOR_TOTAL","2001",2108.02,,,"T33:396_T30:383",
"SLV","BA:1635","EAR_EMTA_SEX_ECO_NB","SEX_T","ECO_SECTOR_TOTAL","2000",2073.25,,,"T33:396_T30:383",
"SMR","EA:5918","EAR_EMTA_SEX_ECO_NB","SEX_T","ECO_SECTOR_TOTAL","2022",2200,,,"T30:202","S3:24"
"SMR","EA:5918","EAR_EMTA_SEX_ECO_NB","SEX_T","ECO_SECTOR_TOTAL","2021",2516,,,"T30:202","S3:24"
"SMR","EA:5918","EAR_EMTA_SEX_ECO_NB","SEX_T","ECO_SECTOR_TOTAL","2020",2049,,,"T30:202","S3:24"
"SMR","EA:5918","EAR_EMTA_SEX_ECO_NB","SEX_T","ECO_SECTOR_TOTAL","2019",2161,,,"T11:142_T30:202","S3:24"
"SMR","EA:5918","EAR_EMTA_SEX_ECO_NB","SEX_T","ECO_SECTOR_TOTAL","2018",2154,,,"T11:142_T30:202","S3:24"
"SMR","EA:5918","EAR_EMTA_SEX_ECO_NB","SEX_T","ECO_SECTOR_TOTAL","2017",2132,,,"T11:142_T30:202","S3:24"
"SMR","EA:5918","EAR_EMTA_SEX_ECO_NB","SEX_T","ECO_SECTOR_TOTAL","2016",2115,,,"T11:142_T30:202","S3:24"
"SMR","EA:5918","EAR_EMTA_SEX_ECO_NB","SEX_T","ECO_SECTOR_TOTAL","2006",2070.7,,,"T33:396_T30:202",
"SMR","EA:5918","EAR_EMTA_SEX_ECO_NB","SEX_T","ECO_SECTOR_TOTAL","2005",2034.8,,,"T33:396_T30:202",
"SMR","EA:5918","EAR_EMTA_SEX_ECO_NB","SEX_T","ECO_SECTOR_TOTAL","2004",1967,,,"T33:396_T30:202",
"SMR","EA:5918","EAR_EMTA_SEX_ECO_NB","SEX_T","ECO_SECTOR_TOTAL","2003",1970.6,,,"T33:396_T30:202",
"SMR","EA:5918","EAR_EMTA_SEX_ECO_NB","SEX_T","ECO_SECTOR_TOTAL","2002",1832.07,,,"T33:396_T30:202_I11:268",
"SMR","EA:5918","EAR_EMTA_SEX_ECO_NB","SEX_T","ECO_SECTOR_TOTAL","2001",3287274.34,,,"T33:396_T30:338",
"SOM","BB:16925","EAR_EMTA_SEX_ECO_NB","SEX_T","ECO_SECTOR_TOTAL","2022",247.087,,,"T30:405","R1:3513"
"SRB","BB:6644","EAR_EMTA_SEX_ECO_NB","SEX_T","ECO_SECTOR_TOTAL","2025",1379.624,,,"T30:394","R1:3513_T2:85"
"SRB","BB:6644","EAR_EMTA_SEX_ECO_NB","SEX_T","ECO_SECTOR_TOTAL","2024",1073.296,,,"T30:394","R1:3513_T2:85"
"SRB","BB:6644","EAR_EMTA_SEX_ECO_NB","SEX_T","ECO_SECTOR_TOTAL","2023",890.488,,,"T30:394","R1:3513_T2:85"
"SRB","BB:6644","EAR_EMTA_SEX_ECO_NB","SEX_T","ECO_SECTOR_TOTAL","2022",782.931,,,"T30:394","R1:3513_T2:85"
"SRB","BB:6644","EAR_EMTA_SEX_ECO_NB","SEX_T","ECO_SECTOR_TOTAL","2021",753.913,,,"T30:394","R1:3513_T2:85"
"SRB","BB:6644","EAR_EMTA_SEX_ECO_NB","SEX_T","ECO_SECTOR_TOTAL","2020",690.411,,,"T30:394","R1:3513_T2:85"
"SRB","BB:6644","EAR_EMTA_SEX_ECO_NB","SEX_T","ECO_SECTOR_TOTAL","2019",865.306,,,"T30:394","R1:3513_T2:85"
"SRB","BB:6644","EAR_EMTA_SEX_ECO_NB","SEX_T","ECO_SECTOR_TOTAL","2018",768.782,,,"T30:394","R1:3513_T2:85"
"SRB","BB:6644","EAR_EMTA_SEX_ECO_NB","SEX_T","ECO_SECTOR_TOTAL","2017",763.622,,,"T30:394","R1:3513_T2:85"
"SRB","BB:6644","EAR_EMTA_SEX_ECO_NB","SEX_T","ECO_SECTOR_TOTAL","2016",733.784,,,"T30:394","R1:3513_T2:85"
"SRB","BB:6644","EAR_EMTA_SEX_ECO_NB","SEX_T","ECO_SECTOR_TOTAL","2015",731.397,,,"T30:394","R1:3513_T2:85"
"SRB","BB:6644","EAR_EMTA_SEX_ECO_NB","SEX_T","ECO_SECTOR_TOTAL","2014",749.956,,,"T30:394","R1:3513_T2:85"
"SRB","BB:6644","EAR_EMTA_SEX_ECO_NB","SEX_T","ECO_SECTOR_TOTAL","2013",537.263,,,"T30:394","R1:3513_T2:85"
"SRB","DA:3105","EAR_EMTA_SEX_ECO_NB","SEX_T","ECO_SECTOR_TOTAL","2008",45674,,,"T30:203","S4:34"
"SRB","DA:3105","EAR_EMTA_SEX_ECO_NB","SEX_T","ECO_SECTOR_TOTAL","2007",38744,,,"T30:203","S4:34"
"SRB","DA:3105","EAR_EMTA_SEX_ECO_NB","SEX_T","ECO_SECTOR_TOTAL","2006",31745,,,"T30:203","S4:34"
"SRB","DA:3105","EAR_EMTA_SEX_ECO_NB","SEX_T","ECO_SECTOR_TOTAL","2005",25514,,,"T30:203","S4:34"
"SRB","DA:3105","EAR_EMTA_SEX_ECO_NB","SEX_T","ECO_SECTOR_TOTAL","2004",20555,,,"T30:203","S4:34"
"STP","BB:16233","EAR_EMTA_SEX_ECO_NB","SEX_T","ECO_SECTOR_TOTAL","2017",2890318.655,,,"T30:41","R1:3513_T2:79"
"SUR","BB:15691","EAR_EMTA_SEX_ECO_NB","SEX_T","ECO_SECTOR_TOTAL","2016",2310.033,,,"T30:102","R1:3513"
"SVK","BB:560","EAR_EMTA_SEX_ECO_NB","SEX_T","ECO_SECTOR_TOTAL","2025",2208.978,,,"T30:204","R1:3513_T2:85"
"SVK","BB:560","EAR_EMTA_SEX_ECO_NB","SEX_T","ECO_SECTOR_TOTAL","2024",1336.415,,,"T30:204","R1:3513_T2:85"
"SVK","BB:560","EAR_EMTA_SEX_ECO_NB","SEX_T","ECO_SECTOR_TOTAL","2023",1293.46,,,"T30:204","R1:3513_T2:85"
"SVK","BB:560","EAR_EMTA_SEX_ECO_NB","SEX_T","ECO_SECTOR_TOTAL","2022",1281.814,,,"T30:204","R1:3513_T2:85"
"SVK","BB:560","EAR_EMTA_SEX_ECO_NB","SEX_T","ECO_SECTOR_TOTAL","2021",1332.586,,,"T30:204","R1:3513_T2:85"
"SVK","BB:560","EAR_EMTA_SEX_ECO_NB","SEX_T","ECO_SECTOR_TOTAL","2020",1351.013,,,"T30:204","R1:3513_T2:85"
"SVK","BB:560","EAR_EMTA_SEX_ECO_NB","SEX_T","ECO_SECTOR_TOTAL","2019",1287.938,,,"T30:204","R1:3513_T2:85"
"SVK","BB:560","EAR_EMTA_SEX_ECO_NB","SEX_T","ECO_SECTOR_TOTAL","2018",1139.425,,,"T30:204","R1:3513_T2:85"
"SVK","BB:560","EAR_EMTA_SEX_ECO_NB","SEX_T","ECO_SECTOR_TOTAL","2017",1079.203,,,"T30:204","R1:3513_T2:85"
"SVK","BB:560","EAR_EMTA_SEX_ECO_NB","SEX_T","ECO_SECTOR_TOTAL","2016",1083.932,,,"T30:204","R1:3513_T2:85"
"SVK","BB:560","EAR_EMTA_SEX_ECO_NB","SEX_T","ECO_SECTOR_TOTAL","2015",1086.339,,,"T30:204","R1:3513_T2:85"
"SVK","BB:560","EAR_EMTA_SEX_ECO_NB","SEX_T","ECO_SECTOR_TOTAL","2014",1063.539,,,"T30:204","R1:3513_T2:85"
"SVK","BB:560","EAR_EMTA_SEX_ECO_NB","SEX_T","ECO_SECTOR_TOTAL","2013",935.266,,,"T30:204","R1:3513_T2:85"
"SVK","BB:560","EAR_EMTA_SEX_ECO_NB","SEX_T","ECO_SECTOR_TOTAL","2012",970.216,,,"T30:204","R1:3513_T2:85"
"SVK","BB:560","EAR_EMTA_SEX_ECO_NB","SEX_T","ECO_SECTOR_TOTAL","2011",898.328,,,"T30:204","R1:3513_T2:85"
"SVK","BB:560","EAR_EMTA_SEX_ECO_NB","SEX_T","ECO_SECTOR_TOTAL","2010",923.697,,,"T30:204","R1:3513_T2:85"
"SVK","BB:560","EAR_EMTA_SEX_ECO_NB","SEX_T","ECO_SECTOR_TOTAL","2009",883.251,,,"T30:204","R1:3513_T2:85"
"SVK","BB:560","EAR_EMTA_SEX_ECO_NB","SEX_T","ECO_SECTOR_TOTAL","2008",726.922,,,"T30:204","R1:3513_T2:85"
"SVK","BB:560","EAR_EMTA_SEX_ECO_NB","SEX_T","ECO_SECTOR_TOTAL","2007",610.223,,,"T30:204","R1:3513_T2:85"
"SVK","BB:560","EAR_EMTA_SEX_ECO_NB","SEX_T","ECO_SECTOR_TOTAL","2006",390.847,,,"T30:204","R1:3513_T2:85"
"SVK","BB:560","EAR_EMTA_SEX_ECO_NB","SEX_T","ECO_SECTOR_TOTAL","2005",354.367,,,"T30:204","R1:3513_T2:85"
"SVK","DA:5912","EAR_EMTA_SEX_ECO_NB","SEX_T","ECO_SECTOR_TOTAL","2004",15825,,,"T30:341","S6:49"
"SVK","DA:5912","EAR_EMTA_SEX_ECO_NB","SEX_T","ECO_SECTOR_TOTAL","2003",14365,,,"T30:341","S6:49"
"SVK","DA:5912","EAR_EMTA_SEX_ECO_NB","SEX_T","ECO_SECTOR_TOTAL","2002",13511,,,"T30:341","S6:49"
"SVK","DA:5912","EAR_EMTA_SEX_ECO_NB","SEX_T","ECO_SECTOR_TOTAL","2001",12365,,,"T30:341","S6:49"
"SVK","DA:5912","EAR_EMTA_SEX_ECO_NB","SEX_T","ECO_SECTOR_TOTAL","2000",11430,,,"T30:341","S6:49"
"SVN","BB:445","EAR_EMTA_SEX_ECO_NB","SEX_T","ECO_SECTOR_TOTAL","2025",3269.403,,,"T30:205","R1:3513_T2:85"
"SVN","BB:445","EAR_EMTA_SEX_ECO_NB","SEX_T","ECO_SECTOR_TOTAL","2024",3053.058,,,"T30:205","R1:3513_T2:85"
"SVN","BB:445","EAR_EMTA_SEX_ECO_NB","SEX_T","ECO_SECTOR_TOTAL","2023",2762.815,,,"T30:205","R1:3513_T2:85"
"SVN","BB:445","EAR_EMTA_SEX_ECO_NB","SEX_T","ECO_SECTOR_TOTAL","2022",2633.521,,,"T30:205","R1:3513_T2:85"
"SVN","BB:445","EAR_EMTA_SEX_ECO_NB","SEX_T","ECO_SECTOR_TOTAL","2021",2443.081,,,"T30:205","R1:3513_T2:85"
"SVN","BB:445","EAR_EMTA_SEX_ECO_NB","SEX_T","ECO_SECTOR_TOTAL","2020",2295.388,,,"T30:205","R1:3513_T2:85"
"SVN","BB:445","EAR_EMTA_SEX_ECO_NB","SEX_T","ECO_SECTOR_TOTAL","2019",2187.969,,,"T30:205","R1:3513_T2:85"
"SVN","BB:445","EAR_EMTA_SEX_ECO_NB","SEX_T","ECO_SECTOR_TOTAL","2018",2093.595,,,"T30:205","R1:3513_T2:85"
"SVN","BB:445","EAR_EMTA_SEX_ECO_NB","SEX_T","ECO_SECTOR_TOTAL","2017",2052.266,,,"T30:205","R1:3513_T2:85"
"SVN","BB:445","EAR_EMTA_SEX_ECO_NB","SEX_T","ECO_SECTOR_TOTAL","2016",2023.05,,,"T30:205","R1:3513_T2:85"
"SVN","BB:445","EAR_EMTA_SEX_ECO_NB","SEX_T","ECO_SECTOR_TOTAL","2015",2040.241,,,"T30:205","R1:3513_T2:85"
"SVN","BB:445","EAR_EMTA_SEX_ECO_NB","SEX_T","ECO_SECTOR_TOTAL","2014",1989.283,,,"T30:205","R1:3513_T2:85"
"SVN","BB:445","EAR_EMTA_SEX_ECO_NB","SEX_T","ECO_SECTOR_TOTAL","2013",1976.194,,,"T30:205","R1:3513_T2:85"
"SVN","BB:445","EAR_EMTA_SEX_ECO_NB","SEX_T","ECO_SECTOR_TOTAL","2012",1963.002,,,"T30:205","R1:3513_T2:85"
"SVN","BB:445","EAR_EMTA_SEX_ECO_NB","SEX_T","ECO_SECTOR_TOTAL","2011",1884.161,,,"T30:205","R1:3513_T2:85"
"SVN","BB:445","EAR_EMTA_SEX_ECO_NB","SEX_T","ECO_SECTOR_TOTAL","2010",1863.089,,,"T30:205","R1:3513_T2:85"
"SVN","BB:445","EAR_EMTA_SEX_ECO_NB","SEX_T","ECO_SECTOR_TOTAL","2009",1801.389,,,"T30:205","R1:3513_T2:85"
"SVN","BB:445","EAR_EMTA_SEX_ECO_NB","SEX_T","ECO_SECTOR_TOTAL","2008",1699.122,,,"T30:205","R1:3513_T2:85"
"SVN","BB:445","EAR_EMTA_SEX_ECO_NB","SEX_T","ECO_SECTOR_TOTAL","2007",1590.637,,,"T30:205","R1:3513_T2:85"
"SVN","BB:445","EAR_EMTA_SEX_ECO_NB","SEX_T","ECO_SECTOR_TOTAL","2006",1247.473,,,"T30:205","R1:3513_T2:85"
"SVN","BB:445","EAR_EMTA_SEX_ECO_NB","SEX_T","ECO_SECTOR_TOTAL","2005",1217.367,,,"T30:205","R1:3513_T2:85"
"SVN","CA:1662","EAR_EMTA_SEX_ECO_NB","SEX_T","ECO_SECTOR_TOTAL","2004",267571,,,"T33:396_T30:342",
"SVN","CA:1662","EAR_EMTA_SEX_ECO_NB","SEX_T","ECO_SECTOR_TOTAL","2003",253200,,,"T33:396_T30:342",
"SVN","CA:1662","EAR_EMTA_SEX_ECO_NB","SEX_T","ECO_SECTOR_TOTAL","2002",235436,,,"T33:396_T30:342",
"SVN","CA:1662","EAR_EMTA_SEX_ECO_NB","SEX_T","ECO_SECTOR_TOTAL","2001",214561,,,"T33:396_T30:342",
"SVN","CA:1662","EAR_EMTA_SEX_ECO_NB","SEX_T","ECO_SECTOR_TOTAL","2000",191669,,,"T33:396_T30:342",
"SWE","BB:3063","EAR_EMTA_SEX_ECO_NB","SEX_T","ECO_SECTOR_TOTAL","2025",4232.515,,,"T30:395","R1:3513_T2:85"
"SWE","BB:3063","EAR_EMTA_SEX_ECO_NB","SEX_T","ECO_SECTOR_TOTAL","2024",3987.2,,,"T30:395","R1:3513_T2:85"
"SWE","BB:3063","EAR_EMTA_SEX_ECO_NB","SEX_T","ECO_SECTOR_TOTAL","2023",4156.317,,,"T30:395","R1:3513_T2:85"
"SWE","BB:3063","EAR_EMTA_SEX_ECO_NB","SEX_T","ECO_SECTOR_TOTAL","2022",4210.861,,,"T30:395","R1:3513_T2:85"
"SWE","BB:3063","EAR_EMTA_SEX_ECO_NB","SEX_T","ECO_SECTOR_TOTAL","2021",3947.131,,,"T30:395","R1:3513_T2:85"
"SWE","BB:3063","EAR_EMTA_SEX_ECO_NB","SEX_T","ECO_SECTOR_TOTAL","2020",3705.021,,,"T30:395","R1:3513_T2:85"
"SWE","BB:3063","EAR_EMTA_SEX_ECO_NB","SEX_T","ECO_SECTOR_TOTAL","2019",3732.821,,,"T30:395","R1:3513_T2:85"
"SWE","BB:3063","EAR_EMTA_SEX_ECO_NB","SEX_T","ECO_SECTOR_TOTAL","2018",3882.14,,,"T30:395","R1:3513_T2:85"
"SWE","BB:3063","EAR_EMTA_SEX_ECO_NB","SEX_T","ECO_SECTOR_TOTAL","2017",3794.309,,,"T30:395","R1:3513_T2:85"
"SWE","BB:3063","EAR_EMTA_SEX_ECO_NB","SEX_T","ECO_SECTOR_TOTAL","2016",3758.657,,,"T30:395","R1:3513_T2:85"
"SWE","BB:3063","EAR_EMTA_SEX_ECO_NB","SEX_T","ECO_SECTOR_TOTAL","2015",3663.803,,,"T30:395","R1:3513_T2:85"
"SWE","BB:3063","EAR_EMTA_SEX_ECO_NB","SEX_T","ECO_SECTOR_TOTAL","2014",3729.411,,,"T30:395","R1:3513_T2:85"
"SWE","BB:3063","EAR_EMTA_SEX_ECO_NB","SEX_T","ECO_SECTOR_TOTAL","2013",3719.624,,,"T30:395","R1:3513_T2:85"
"SWE","BB:3063","EAR_EMTA_SEX_ECO_NB","SEX_T","ECO_SECTOR_TOTAL","2012",3496.859,,,"T30:395","R1:3513_T2:85"
"SWE","BB:3063","EAR_EMTA_SEX_ECO_NB","SEX_T","ECO_SECTOR_TOTAL","2011",3129.247,,,"T30:395","R1:3513_T2:85"
"SWE","BB:3063","EAR_EMTA_SEX_ECO_NB","SEX_T","ECO_SECTOR_TOTAL","2010",2804.145,,,"T30:395","R1:3513_T2:85"
"SWE","BB:3063","EAR_EMTA_SEX_ECO_NB","SEX_T","ECO_SECTOR_TOTAL","2009",3056.13,,,"T30:395","R1:3513_T2:85"
"SWE","BB:3063","EAR_EMTA_SEX_ECO_NB","SEX_T","ECO_SECTOR_TOTAL","2008",2976.379,,,"T30:395","R1:3513_T2:85"
"SWE","BB:3063","EAR_EMTA_SEX_ECO_NB","SEX_T","ECO_SECTOR_TOTAL","2007",2854.046,,,"T30:395","R1:3513_T2:85"
"SWE","BB:3063","EAR_EMTA_SEX_ECO_NB","SEX_T","ECO_SECTOR_TOTAL","2006",2234.02,,,"T30:395","R1:3513_T2:85"
"SWE","BB:3063","EAR_EMTA_SEX_ECO_NB","SEX_T","ECO_SECTOR_TOTAL","2005",2285.978,,,"T30:395","R1:3513_T2:85"
"SWE","BB:3063","EAR_EMTA_SEX_ECO_NB","SEX_T","ECO_SECTOR_TOTAL","2004",2210.65,,,"T30:395","R1:3513_T2:85"
"SWE","DA:1665","EAR_EMTA_SEX_ECO_NB","SEX_T","ECO_SECTOR_TOTAL","2003",118.1,,,"T7:124_T33:396_T30:207","S3:20_S7:57_S9:67_S9:391"
"SWE","DA:1665","EAR_EMTA_SEX_ECO_NB","SEX_T","ECO_SECTOR_TOTAL","2002",114,,,"T7:124_T33:396_T30:207","S3:20_S7:57_S9:67_S9:391"
"SWE","DA:1665","EAR_EMTA_SEX_ECO_NB","SEX_T","ECO_SECTOR_TOTAL","2001",110.9,,,"T7:124_T33:396_T30:207","S3:20_S7:57_S9:67_S9:391"
"SWE","DA:1665","EAR_EMTA_SEX_ECO_NB","SEX_T","ECO_SECTOR_TOTAL","2000",106.8,,,"T7:124_T33:396_T30:207","S3:20_S7:57_S9:67_S9:391"
"SWZ","BA:1672","EAR_EMTA_SEX_ECO_NB","SEX_T","ECO_SECTOR_TOTAL","2023",7094.844,,,"T30:49","R1:3513"
"SWZ","BA:1672","EAR_EMTA_SEX_ECO_NB","SEX_T","ECO_SECTOR_TOTAL","2021",5586.983,,,"T30:49","R1:3513"
"SWZ","BA:1672","EAR_EMTA_SEX_ECO_NB","SEX_T","ECO_SECTOR_TOTAL","2016",4573.403,,,"T30:49","R1:3513"
"SYC","FA:5920","EAR_EMTA_SEX_ECO_NB","SEX_T","ECO_SECTOR_TOTAL","2022",14972,,,"T11:142_T30:43","S3:11"
"SYC","FA:5920","EAR_EMTA_SEX_ECO_NB","SEX_T","ECO_SECTOR_TOTAL","2019",14732.615,,,"T9:131_T11:142_T30:43","S3:11"
"SYC","BA:2524","EAR_EMTA_SEX_ECO_NB","SEX_T","ECO_SECTOR_TOTAL","2018",14181,,,"I20:3359_T9:131_T30:43","S3:11"
"SYC","FA:5920","EAR_EMTA_SEX_ECO_NB","SEX_T","ECO_SECTOR_TOTAL","2012",8722,,,"T30:43",
"SYC","FA:5920","EAR_EMTA_SEX_ECO_NB","SEX_T","ECO_SECTOR_TOTAL","2011",7928,,,"T30:43",
"SYC","FA:5920","EAR_EMTA_SEX_ECO_NB","SEX_T","ECO_SECTOR_TOTAL","2010",6987,"B",,"T30:43_I11:264",
"SYC","FA:5920","EAR_EMTA_SEX_ECO_NB","SEX_T","ECO_SECTOR_TOTAL","2009",5958,,,"T30:43",
"SYC","FA:5920","EAR_EMTA_SEX_ECO_NB","SEX_T","ECO_SECTOR_TOTAL","2008",4645,,,"T30:43",
"SYC","FA:5920","EAR_EMTA_SEX_ECO_NB","SEX_T","ECO_SECTOR_TOTAL","2007",4015,,,"T30:43",
"SYC","FA:5920","EAR_EMTA_SEX_ECO_NB","SEX_T","ECO_SECTOR_TOTAL","2006",3938,,,"T30:43",
"SYC","FA:5920","EAR_EMTA_SEX_ECO_NB","SEX_T","ECO_SECTOR_TOTAL","2005",3750,,,"T30:43",
"SYC","FA:5920","EAR_EMTA_SEX_ECO_NB","SEX_T","ECO_SECTOR_TOTAL","2004",3708,,,"T30:43",
"SYC","FA:5920","EAR_EMTA_SEX_ECO_NB","SEX_T","ECO_SECTOR_TOTAL","2003",3603,,,"T30:43",
"SYC","FA:5920","EAR_EMTA_SEX_ECO_NB","SEX_T","ECO_SECTOR_TOTAL","2002",3465,,,"T30:43",
"SYC","FA:5920","EAR_EMTA_SEX_ECO_NB","SEX_T","ECO_SECTOR_TOTAL","2001",3417,,,"T30:43",
"SYC","FA:5920","EAR_EMTA_SEX_ECO_NB","SEX_T","ECO_SECTOR_TOTAL","2000",3343,,,"T30:43",
"TCD","BB:15712","EAR_EMTA_SEX_ECO_NB","SEX_T","ECO_SECTOR_TOTAL","2022",128464.351,,,"T30:53","R1:3513"
"TCD","BB:15712","EAR_EMTA_SEX_ECO_NB","SEX_T","ECO_SECTOR_TOTAL","2018",121734.157,,,"T30:53","R1:3513"
"TGO","BB:16196","EAR_EMTA_SEX_ECO_NB","SEX_T","ECO_SECTOR_TOTAL","2022",85868.237,,,"T30:54","R1:3513"
"TGO","BB:16196","EAR_EMTA_SEX_ECO_NB","SEX_T","ECO_SECTOR_TOTAL","2019",76890.756,,,"T30:54","R1:3513"
"TGO","BA:14123","EAR_EMTA_SEX_ECO_NB","SEX_T","ECO_SECTOR_TOTAL","2017",89279.318,"B",,"T30:54_I11:264","R1:3513_T3:240"
"TGO","BX:686","EAR_EMTA_SEX_ECO_NB","SEX_T","ECO_SECTOR_TOTAL","2015",152478.292,,,"T30:54","R1:3513"
"TGO","BX:686","EAR_EMTA_SEX_ECO_NB","SEX_T","ECO_SECTOR_TOTAL","2011",113912.543,"B",,"T30:54_I11:264","R1:3513"
"THA","BA:741","EAR_EMTA_SEX_ECO_NB","SEX_T","ECO_SECTOR_TOTAL","2025",16698.516,,,"T30:151","R1:3513"
"THA","BA:741","EAR_EMTA_SEX_ECO_NB","SEX_T","ECO_SECTOR_TOTAL","2024",16519.035,,,"T30:151","R1:3513"
"THA","BA:741","EAR_EMTA_SEX_ECO_NB","SEX_T","ECO_SECTOR_TOTAL","2023",16556.41,,,"T30:151","R1:3513"
"THA","BA:741","EAR_EMTA_SEX_ECO_NB","SEX_T","ECO_SECTOR_TOTAL","2022",16384.75,,,"T30:151","R1:3513"
"THA","BA:741","EAR_EMTA_SEX_ECO_NB","SEX_T","ECO_SECTOR_TOTAL","2021",15534.329,,,"T30:151","R1:3513"
"THA","BA:741","EAR_EMTA_SEX_ECO_NB","SEX_T","ECO_SECTOR_TOTAL","2020",15342.49,,,"T30:151","R1:3513"
"THA","BA:741","EAR_EMTA_SEX_ECO_NB","SEX_T","ECO_SECTOR_TOTAL","2019",15128.268,,,"T30:151","R1:3513"
"THA","BA:741","EAR_EMTA_SEX_ECO_NB","SEX_T","ECO_SECTOR_TOTAL","2018",14922.795,,,"T30:151","R1:3513"
"THA","BA:741","EAR_EMTA_SEX_ECO_NB","SEX_T","ECO_SECTOR_TOTAL","2017",14742.789,,,"T30:151","R1:3513"
"THA","BA:741","EAR_EMTA_SEX_ECO_NB","SEX_T","ECO_SECTOR_TOTAL","2016",14733.381,,,"T30:151","R1:3513"
"THA","BA:741","EAR_EMTA_SEX_ECO_NB","SEX_T","ECO_SECTOR_TOTAL","2015",11106.65,,,"T30:151","R1:3513"
"THA","BA:741","EAR_EMTA_SEX_ECO_NB","SEX_T","ECO_SECTOR_TOTAL","2014",14218.865,,,"T30:151","R1:3513"
"THA","BB:15893","EAR_EMTA_SEX_ECO_NB","SEX_T","ECO_SECTOR_TOTAL","2013",13638.31,,,"T30:151","R1:3513"
"THA","BA:741","EAR_EMTA_SEX_ECO_NB","SEX_T","ECO_SECTOR_TOTAL","2012",11184,,,"T33:396_T30:151",
"THA","BA:741","EAR_EMTA_SEX_ECO_NB","SEX_T","ECO_SECTOR_TOTAL","2011",10340,,,"T33:396_T30:151",
"THA","BB:15893","EAR_EMTA_SEX_ECO_NB","SEX_T","ECO_SECTOR_TOTAL","2007",9526.116,,,"T30:151","R1:3513"
"THA","BB:15893","EAR_EMTA_SEX_ECO_NB","SEX_T","ECO_SECTOR_TOTAL","2000",6860.362,,,"T30:151","R1:3513"
"TJK","CA:1705","EAR_EMTA_SEX_ECO_NB","SEX_T","ECO_SECTOR_TOTAL","2019",1335.52,,,"T33:396_T30:150",
"TJK","CA:1705","EAR_EMTA_SEX_ECO_NB","SEX_T","ECO_SECTOR_TOTAL","2018",1237,,,"T33:396_T30:150",
"TJK","CA:1705","EAR_EMTA_SEX_ECO_NB","SEX_T","ECO_SECTOR_TOTAL","2017",1144,,,"T33:396_T30:150",
"TJK","CA:1705","EAR_EMTA_SEX_ECO_NB","SEX_T","ECO_SECTOR_TOTAL","2016",962,,,"T33:396_T30:150",
"TJK","CA:1705","EAR_EMTA_SEX_ECO_NB","SEX_T","ECO_SECTOR_TOTAL","2015",879,,,"T33:396_T30:150",
"TJK","CA:1705","EAR_EMTA_SEX_ECO_NB","SEX_T","ECO_SECTOR_TOTAL","2014",816.3,,,"T33:396_T30:150",
"TJK","CA:1705","EAR_EMTA_SEX_ECO_NB","SEX_T","ECO_SECTOR_TOTAL","2013",695,,,"T33:396_T30:150",
"TJK","CA:1705","EAR_EMTA_SEX_ECO_NB","SEX_T","ECO_SECTOR_TOTAL","2012",555.3,,,"T33:396_T30:150",
"TJK","CA:1705","EAR_EMTA_SEX_ECO_NB","SEX_T","ECO_SECTOR_TOTAL","2011",442.1,,,"T33:396_T30:150",
"TJK","CA:1705","EAR_EMTA_SEX_ECO_NB","SEX_T","ECO_SECTOR_TOTAL","2010",354.4,,,"T33:396_T30:150",
"TJK","BB:2229","EAR_EMTA_SEX_ECO_NB","SEX_T","ECO_SECTOR_TOTAL","2009",370.614,,,"T30:150","R1:3513"
"TJK","CA:1705","EAR_EMTA_SEX_ECO_NB","SEX_T","ECO_SECTOR_TOTAL","2008",231.53,,,"T33:396_T30:150",
"TJK","BB:2229","EAR_EMTA_SEX_ECO_NB","SEX_T","ECO_SECTOR_TOTAL","2007",258.563,,,"T30:150","R1:3513"
"TJK","CA:1705","EAR_EMTA_SEX_ECO_NB","SEX_T","ECO_SECTOR_TOTAL","2006",116.3,,,"T33:396_T30:150",
"TJK","CA:1705","EAR_EMTA_SEX_ECO_NB","SEX_T","ECO_SECTOR_TOTAL","2005",83.6,,,"T33:396_T30:150",
"TJK","CA:1705","EAR_EMTA_SEX_ECO_NB","SEX_T","ECO_SECTOR_TOTAL","2004",61.81,,,"T33:396_T30:150",
"TJK","BB:2229","EAR_EMTA_SEX_ECO_NB","SEX_T","ECO_SECTOR_TOTAL","2003",43.049,,,"T30:150","R1:3513"
"TJK","CA:1705","EAR_EMTA_SEX_ECO_NB","SEX_T","ECO_SECTOR_TOTAL","2002",32.55,,,"T33:396_T30:150_I11:268",
"TJK","CA:1705","EAR_EMTA_SEX_ECO_NB","SEX_T","ECO_SECTOR_TOTAL","2001",23.5,,,"T33:396_T30:150",
"TJK","CA:1705","EAR_EMTA_SEX_ECO_NB","SEX_T","ECO_SECTOR_TOTAL","2000",15.57,,,"T33:396_T30:150",
"TKM","CA:1709","EAR_EMTA_SEX_ECO_NB","SEX_T","ECO_SECTOR_TOTAL","2003",1750000,,,"T33:396_T30:347",
"TKM","CA:1709","EAR_EMTA_SEX_ECO_NB","SEX_T","ECO_SECTOR_TOTAL","2002",950000,,,"T33:396_T30:347",
"TKM","CA:1709","EAR_EMTA_SEX_ECO_NB","SEX_T","ECO_SECTOR_TOTAL","2001",878100,,,"T33:396_T30:347",
"TKM","CA:1709","EAR_EMTA_SEX_ECO_NB","SEX_T","ECO_SECTOR_TOTAL","2000",596800,,,"T33:396_T30:347",
"TLS","BA:3050","EAR_EMTA_SEX_ECO_NB","SEX_T","ECO_SECTOR_TOTAL","2021",257.594,,,"T30:152","R1:3513"
"TLS","BA:3050","EAR_EMTA_SEX_ECO_NB","SEX_T","ECO_SECTOR_TOTAL","2016",340.374,,,"T30:152","R1:3513"
"TLS","BA:3050","EAR_EMTA_SEX_ECO_NB","SEX_T","ECO_SECTOR_TOTAL","2013",412.772,"B",,"T30:152_I11:264","R1:3513"
"TLS","BA:3050","EAR_EMTA_SEX_ECO_NB","SEX_T","ECO_SECTOR_TOTAL","2010",173.774,"B",,"T30:152_I11:264","R1:3513"
"TLS","BB:7029","EAR_EMTA_SEX_ECO_NB","SEX_T","ECO_SECTOR_TOTAL","2007",162.044,,,"T30:152","R1:3513"
"TLS","BB:7029","EAR_EMTA_SEX_ECO_NB","SEX_T","ECO_SECTOR_TOTAL","2001",1498488.384,,,"T30:349","R1:3513"
"TON","BA:1712","EAR_EMTA_SEX_ECO_NB","SEX_T","ECO_SECTOR_TOTAL","2023",1566.627,,,"T30:231","R1:3513"
"TON","BB:16119","EAR_EMTA_SEX_ECO_NB","SEX_T","ECO_SECTOR_TOTAL","2021",1287.277,,,"T30:231","R1:3513"
"TON","BA:1712","EAR_EMTA_SEX_ECO_NB","SEX_T","ECO_SECTOR_TOTAL","2018",1334.408,"B",,"T30:231_I11:264","R1:3513"
"TTO","BA:549","EAR_EMTA_SEX_ECO_NB","SEX_T","ECO_SECTOR_TOTAL","2016",5758.393,,,"T30:103","R1:3513"
"TTO","BA:549","EAR_EMTA_SEX_ECO_NB","SEX_T","ECO_SECTOR_TOTAL","2015",5560.678,,,"T30:103","R1:3513"
"TTO","BA:549","EAR_EMTA_SEX_ECO_NB","SEX_T","ECO_SECTOR_TOTAL","2014",5434.253,,,"T30:103","R1:3513"
"TTO","BA:549","EAR_EMTA_SEX_ECO_NB","SEX_T","ECO_SECTOR_TOTAL","2013",5138.545,,,"T30:103","R1:3513"
"TTO","BA:549","EAR_EMTA_SEX_ECO_NB","SEX_T","ECO_SECTOR_TOTAL","2012",4980.742,,,"T30:103","R1:3513"
"TTO","BA:549","EAR_EMTA_SEX_ECO_NB","SEX_T","ECO_SECTOR_TOTAL","2011",4837.277,,,"T30:103","R1:3513"
"TUN","BA:743","EAR_EMTA_SEX_ECO_NB","SEX_T","ECO_SECTOR_TOTAL","2019",739.678,,,"T30:55","R1:3513_S3:9"
"TUR","BA:622","EAR_EMTA_SEX_ECO_NB","SEX_T","ECO_SECTOR_TOTAL","2025",39486.797,,,"T30:208","R1:3513"
"TUR","BA:622","EAR_EMTA_SEX_ECO_NB","SEX_T","ECO_SECTOR_TOTAL","2024",28173.303,,,"T30:208","R1:3513"
"TUR","BA:622","EAR_EMTA_SEX_ECO_NB","SEX_T","ECO_SECTOR_TOTAL","2023",14445.936,,,"T30:208","R1:3513"
"TUR","BA:622","EAR_EMTA_SEX_ECO_NB","SEX_T","ECO_SECTOR_TOTAL","2022",6804.076,,,"T30:208","R1:3513"
"TUR","BA:622","EAR_EMTA_SEX_ECO_NB","SEX_T","ECO_SECTOR_TOTAL","2021",4025.438,,,"T30:208","R1:3513"
"TUR","BA:622","EAR_EMTA_SEX_ECO_NB","SEX_T","ECO_SECTOR_TOTAL","2020",3426.625,,,"T30:208","R1:3513"
"TUR","BA:622","EAR_EMTA_SEX_ECO_NB","SEX_T","ECO_SECTOR_TOTAL","2019",2951.546,,,"T30:208","R1:3513"
"TUR","BA:622","EAR_EMTA_SEX_ECO_NB","SEX_T","ECO_SECTOR_TOTAL","2018",2438.058,,,"T30:208","R1:3513"
"TUR","BA:622","EAR_EMTA_SEX_ECO_NB","SEX_T","ECO_SECTOR_TOTAL","2017",2141.934,,,"T30:208","R1:3513"
"TUR","BA:622","EAR_EMTA_SEX_ECO_NB","SEX_T","ECO_SECTOR_TOTAL","2016",1973.197,,,"T30:208","R1:3513"
"TUR","BA:622","EAR_EMTA_SEX_ECO_NB","SEX_T","ECO_SECTOR_TOTAL","2015",1683.984,,,"T30:208","R1:3513"
"TUR","BA:622","EAR_EMTA_SEX_ECO_NB","SEX_T","ECO_SECTOR_TOTAL","2014",1541.999,,,"T30:208","R1:3513"
"TUR","BA:622","EAR_EMTA_SEX_ECO_NB","SEX_T","ECO_SECTOR_TOTAL","2013",1410.372,,,"T30:208","R1:3513"
"TUR","BA:622","EAR_EMTA_SEX_ECO_NB","SEX_T","ECO_SECTOR_TOTAL","2012",1286.271,,,"T30:208","R1:3513"
"TUR","BA:622","EAR_EMTA_SEX_ECO_NB","SEX_T","ECO_SECTOR_TOTAL","2011",1144.197,,,"T30:208","R1:3513"
"TUR","BA:622","EAR_EMTA_SEX_ECO_NB","SEX_T","ECO_SECTOR_TOTAL","2010",1034.533,,,"T30:208","R1:3513"
"TUR","BA:622","EAR_EMTA_SEX_ECO_NB","SEX_T","ECO_SECTOR_TOTAL","2009",958.723,,,"T30:208","R1:3513"
"TUR","BA:622","EAR_EMTA_SEX_ECO_NB","SEX_T","ECO_SECTOR_TOTAL","2008",867.804,,,"T30:351","R1:3513"
"TUR","BA:622","EAR_EMTA_SEX_ECO_NB","SEX_T","ECO_SECTOR_TOTAL","2007",761.017,,,"T30:351","R1:3513"
"TUR","BA:622","EAR_EMTA_SEX_ECO_NB","SEX_T","ECO_SECTOR_TOTAL","2006",676.075,,,"T30:351","R1:3513"
"TUR","BA:622","EAR_EMTA_SEX_ECO_NB","SEX_T","ECO_SECTOR_TOTAL","2005",597.153,,,"T30:351","R1:3513"
"TZA","BA:1743","EAR_EMTA_SEX_ECO_NB","SEX_T","ECO_SECTOR_TOTAL","2025",603972.525,,,"T30:50","R1:3513"
"TZA","BA:1743","EAR_EMTA_SEX_ECO_NB","SEX_T","ECO_SECTOR_TOTAL","2024",549783.131,"B",,"T30:50_I11:264","R1:3513"
"TZA","BA:1743","EAR_EMTA_SEX_ECO_NB","SEX_T","ECO_SECTOR_TOTAL","2020",425957.245,"B",,"T30:50_I11:264","R1:3513"
"TZA","BA:1743","EAR_EMTA_SEX_ECO_NB","SEX_T","ECO_SECTOR_TOTAL","2014",304324,,,"T33:396_T30:50","S3:17_S6:2683"
"TZA","BB:2542","EAR_EMTA_SEX_ECO_NB","SEX_T","ECO_SECTOR_TOTAL","2012",402648.777,,,"T30:50","R1:3513"
"TZA","DA:2543","EAR_EMTA_SEX_ECO_NB","SEX_T","ECO_SECTOR_TOTAL","2011",368589,,,"T33:396_T30:50","S3:17_S6:2683"
"TZA","BB:2542","EAR_EMTA_SEX_ECO_NB","SEX_T","ECO_SECTOR_TOTAL","2010",410807.015,,,"T30:50","R1:3513"
"TZA","BA:1743","EAR_EMTA_SEX_ECO_NB","SEX_T","ECO_SECTOR_TOTAL","2006",111132.724,"B",,"T30:50_I11:264","R1:3513"
"TZA","BA:1743","EAR_EMTA_SEX_ECO_NB","SEX_T","ECO_SECTOR_TOTAL","2001",55659.06,"B",,"T30:50_I11:264","R1:3513"
"UGA","BA:13047","EAR_EMTA_SEX_ECO_NB","SEX_T","ECO_SECTOR_TOTAL","2021",577677.938,,,"T30:56","R1:3513"
"UGA","BB:268","EAR_EMTA_SEX_ECO_NB","SEX_T","ECO_SECTOR_TOTAL","2019",407686.528,,,"T30:56","R1:3513"
"UGA","BA:13047","EAR_EMTA_SEX_ECO_NB","SEX_T","ECO_SECTOR_TOTAL","2017",383573.202,"B",,"T30:56_I11:264","R1:3513"
"UGA","BB:268","EAR_EMTA_SEX_ECO_NB","SEX_T","ECO_SECTOR_TOTAL","2014",858312.551,,,"T30:56","R1:3513"
"UGA","BA:13047","EAR_EMTA_SEX_ECO_NB","SEX_T","ECO_SECTOR_TOTAL","2012",265557.974,"B",,"T30:56_I11:264","R1:3513"
"UGA","BB:268","EAR_EMTA_SEX_ECO_NB","SEX_T","ECO_SECTOR_TOTAL","2011",688634.933,,,"T30:56","R1:3513"
"UGA","BB:268","EAR_EMTA_SEX_ECO_NB","SEX_T","ECO_SECTOR_TOTAL","2010",681218.15,,,"T30:56","R1:3513"
"UGA","BB:268","EAR_EMTA_SEX_ECO_NB","SEX_T","ECO_SECTOR_TOTAL","2009",247264.8,,,"T10:139_T33:396_T30:56","S5:38"
"UGA","BB:268","EAR_EMTA_SEX_ECO_NB","SEX_T","ECO_SECTOR_TOTAL","2005",36200,,,"T8:128_T33:396_T30:56","S3:26_S4:34_S5:38_T2:83_T3:94"
"UGA","BB:268","EAR_EMTA_SEX_ECO_NB","SEX_T","ECO_SECTOR_TOTAL","2002",54300,,,"T8:128_T33:396_T30:56","S3:26_S4:34_S5:38_T2:83_T3:94"
"UKR","DA:5913","EAR_EMTA_SEX_ECO_NB","SEX_T","ECO_SECTOR_TOTAL","2022",14847,,,"T11:142_T30:209","S4:34_S8:1619_S6:48"
"UKR","DA:5913","EAR_EMTA_SEX_ECO_NB","SEX_T","ECO_SECTOR_TOTAL","2021",14014,,,"T11:142_T30:209","S4:34_S8:1619_S6:48"
"UKR","DA:5913","EAR_EMTA_SEX_ECO_NB","SEX_T","ECO_SECTOR_TOTAL","2020",11591,,,"T11:142_T30:209","S4:34_S8:1619_S6:48"
"UKR","DA:5913","EAR_EMTA_SEX_ECO_NB","SEX_T","ECO_SECTOR_TOTAL","2019",10497,,,"T11:142_T30:209","S4:34_S8:1619_S6:48"
"UKR","DA:5913","EAR_EMTA_SEX_ECO_NB","SEX_T","ECO_SECTOR_TOTAL","2018",8865,,,"T11:142_T30:209","S4:34_S8:1619_S6:48"
"UKR","DA:5913","EAR_EMTA_SEX_ECO_NB","SEX_T","ECO_SECTOR_TOTAL","2017",7104,,,"T11:142_T30:209","S4:34_S6:48"
"UKR","DA:5913","EAR_EMTA_SEX_ECO_NB","SEX_T","ECO_SECTOR_TOTAL","2016",5183,,,"T11:142_T30:209","S6:48"
"UKR","DA:5913","EAR_EMTA_SEX_ECO_NB","SEX_T","ECO_SECTOR_TOTAL","2015",4195,,,"T11:142_T30:209","S4:34_S6:48"
"UKR","DA:5913","EAR_EMTA_SEX_ECO_NB","SEX_T","ECO_SECTOR_TOTAL","2014",3480,,,"T11:142_T30:209","S4:34_S6:48"
"UKR","DA:5913","EAR_EMTA_SEX_ECO_NB","SEX_T","ECO_SECTOR_TOTAL","2013",3265,,,"T11:142_T30:209","S6:48"
"UKR","DA:5913","EAR_EMTA_SEX_ECO_NB","SEX_T","ECO_SECTOR_TOTAL","2012",3026,,,"T11:142_T33:396_T30:209","S6:48"
"UKR","DA:5913","EAR_EMTA_SEX_ECO_NB","SEX_T","ECO_SECTOR_TOTAL","2011",2633,,,"T11:142_T33:396_T30:209","S6:48"
"UKR","DA:5913","EAR_EMTA_SEX_ECO_NB","SEX_T","ECO_SECTOR_TOTAL","2010",2239,,,"T11:142_T33:396_T30:209","S6:48"
"UKR","DA:5913","EAR_EMTA_SEX_ECO_NB","SEX_T","ECO_SECTOR_TOTAL","2009",1906,,,"T11:142_T33:396_T30:209","S6:48"
"UKR","DA:5913","EAR_EMTA_SEX_ECO_NB","SEX_T","ECO_SECTOR_TOTAL","2008",1806.33,,,"T11:142_T33:396_T30:209","S6:48"
"UKR","DA:5913","EAR_EMTA_SEX_ECO_NB","SEX_T","ECO_SECTOR_TOTAL","2007",1351.1,,,"T11:142_T33:396_T30:209","S6:48"
"UKR","DA:5913","EAR_EMTA_SEX_ECO_NB","SEX_T","ECO_SECTOR_TOTAL","2006",1041.5,,,"T11:142_T33:396_T30:209","S6:48"
"UKR","DA:5913","EAR_EMTA_SEX_ECO_NB","SEX_T","ECO_SECTOR_TOTAL","2005",806.2,,,"T11:142_T33:396_T30:209","S6:48"
"UKR","DA:5913","EAR_EMTA_SEX_ECO_NB","SEX_T","ECO_SECTOR_TOTAL","2004",589.6,,,"T11:142_T33:396_T30:209","S6:48"
"UKR","DA:5913","EAR_EMTA_SEX_ECO_NB","SEX_T","ECO_SECTOR_TOTAL","2003",462.3,,,"T11:142_T33:396_T30:209","S6:48"
"UKR","DA:5913","EAR_EMTA_SEX_ECO_NB","SEX_T","ECO_SECTOR_TOTAL","2002",376.4,,,"T11:142_T33:396_T30:209","S6:48"
"UKR","DA:5913","EAR_EMTA_SEX_ECO_NB","SEX_T","ECO_SECTOR_TOTAL","2000",230.1,,,"T11:142_T33:396_T30:209","S6:48"
"URY","BA:16753","EAR_EMTA_SEX_ECO_NB","SEX_T","ECO_SECTOR_TOTAL","2024",47938.864,,,"T30:106","R1:3513"
"URY","BA:16753","EAR_EMTA_SEX_ECO_NB","SEX_T","ECO_SECTOR_TOTAL","2023",44603.316,,,"T30:106","R1:3513"
"URY","BA:16753","EAR_EMTA_SEX_ECO_NB","SEX_T","ECO_SECTOR_TOTAL","2022",40944.092,,,"T30:106","R1:3513"
"URY","BA:348","EAR_EMTA_SEX_ECO_NB","SEX_T","ECO_SECTOR_TOTAL","2020",36970.875,"B",,"T30:106_I11:264","R1:3513"
"URY","BA:348","EAR_EMTA_SEX_ECO_NB","SEX_T","ECO_SECTOR_TOTAL","2019",34682.006,"B",,"T30:106_I11:264","R1:3513"
"URY","BA:348","EAR_EMTA_SEX_ECO_NB","SEX_T","ECO_SECTOR_TOTAL","2018",32084.575,,,"T30:106","R1:3513"
"URY","BA:348","EAR_EMTA_SEX_ECO_NB","SEX_T","ECO_SECTOR_TOTAL","2017",30239.285,,,"T30:106","R1:3513"
"URY","BA:348","EAR_EMTA_SEX_ECO_NB","SEX_T","ECO_SECTOR_TOTAL","2016",25950.029,,,"T30:106","R1:3513"
"URY","BA:348","EAR_EMTA_SEX_ECO_NB","SEX_T","ECO_SECTOR_TOTAL","2015",25231.879,,,"T30:106","R1:3513"
"URY","BA:348","EAR_EMTA_SEX_ECO_NB","SEX_T","ECO_SECTOR_TOTAL","2014",22932.928,,,"T30:106","R1:3513"
"URY","BA:348","EAR_EMTA_SEX_ECO_NB","SEX_T","ECO_SECTOR_TOTAL","2013",20207.959,,,"T30:106","R1:3513"
"URY","BA:348","EAR_EMTA_SEX_ECO_NB","SEX_T","ECO_SECTOR_TOTAL","2012",17979.648,,,"T30:106","R1:3513"
"URY","BA:348","EAR_EMTA_SEX_ECO_NB","SEX_T","ECO_SECTOR_TOTAL","2011",16207.058,,,"T30:106","R1:3513"
"URY","BA:348","EAR_EMTA_SEX_ECO_NB","SEX_T","ECO_SECTOR_TOTAL","2010",14011.868,,,"T30:106","R1:3513"
"URY","BA:348","EAR_EMTA_SEX_ECO_NB","SEX_T","ECO_SECTOR_TOTAL","2009",13211.219,,,"T30:106","R1:3513"
"URY","BA:348","EAR_EMTA_SEX_ECO_NB","SEX_T","ECO_SECTOR_TOTAL","2008",11447.949,,,"T30:106","R1:3513"
"URY","BA:348","EAR_EMTA_SEX_ECO_NB","SEX_T","ECO_SECTOR_TOTAL","2007",10205.725,,,"T30:106","R1:3513"
"URY","BA:348","EAR_EMTA_SEX_ECO_NB","SEX_T","ECO_SECTOR_TOTAL","2006",9063.285,,,"T30:106","R1:3513"
"URY","BA:348","EAR_EMTA_SEX_ECO_NB","SEX_T","ECO_SECTOR_TOTAL","2005",7884.203,,,"T30:106","R1:3513"
"URY","BA:348","EAR_EMTA_SEX_ECO_NB","SEX_T","ECO_SECTOR_TOTAL","2004",7445.954,,,"T30:106","R1:3513"
"URY","BA:348","EAR_EMTA_SEX_ECO_NB","SEX_T","ECO_SECTOR_TOTAL","2003",6861.93,,,"T30:106","R1:3513"
"URY","BA:348","EAR_EMTA_SEX_ECO_NB","SEX_T","ECO_SECTOR_TOTAL","2002",6672.623,,,"T30:106","R1:3513"
"URY","BA:348","EAR_EMTA_SEX_ECO_NB","SEX_T","ECO_SECTOR_TOTAL","2001",6609.574,,,"T30:106","R1:3513"
"URY","BA:348","EAR_EMTA_SEX_ECO_NB","SEX_T","ECO_SECTOR_TOTAL","2000",6619.009,,,"T30:106","R1:3513"
"USA","BA:453","EAR_EMTA_SEX_ECO_NB","SEX_T","ECO_SECTOR_TOTAL","2025",6272.925,"B",,"T30:105_I11:264","R1:3513_R1:2803_T2:85"
"USA","BA:453","EAR_EMTA_SEX_ECO_NB","SEX_T","ECO_SECTOR_TOTAL","2024",5985.292,,,"T30:105","R1:3513_T2:85"
"USA","BA:453","EAR_EMTA_SEX_ECO_NB","SEX_T","ECO_SECTOR_TOTAL","2023",5334.394,,,"T30:105","R1:3513_T2:85"
"USA","BA:453","EAR_EMTA_SEX_ECO_NB","SEX_T","ECO_SECTOR_TOTAL","2022",4844.618,,,"T30:105","R1:3513_T2:85"
"USA","BA:453","EAR_EMTA_SEX_ECO_NB","SEX_T","ECO_SECTOR_TOTAL","2021",4600.127,,,"T30:105","R1:3513_T2:85"
"USA","BA:453","EAR_EMTA_SEX_ECO_NB","SEX_T","ECO_SECTOR_TOTAL","2020",4502.189,"B",,"T30:105_I11:264","R1:3513_T2:85"
"USA","BA:453","EAR_EMTA_SEX_ECO_NB","SEX_T","ECO_SECTOR_TOTAL","2019",4233.085,,,"T30:105","R1:3513_T2:85"
"USA","BA:453","EAR_EMTA_SEX_ECO_NB","SEX_T","ECO_SECTOR_TOTAL","2018",4088.47,,,"T30:105","R1:3513_T2:85"
"USA","BA:453","EAR_EMTA_SEX_ECO_NB","SEX_T","ECO_SECTOR_TOTAL","2017",3955.181,,,"T30:105","R1:3513_T2:85"
"USA","BA:453","EAR_EMTA_SEX_ECO_NB","SEX_T","ECO_SECTOR_TOTAL","2016",3834.601,,,"T30:105","R1:3513_T2:85"
"USA","BA:453","EAR_EMTA_SEX_ECO_NB","SEX_T","ECO_SECTOR_TOTAL","2015",3728.372,,,"T30:105","R1:3513_T2:85"
"USA","BA:453","EAR_EMTA_SEX_ECO_NB","SEX_T","ECO_SECTOR_TOTAL","2014",3623.504,,,"T30:105","R1:3513_T2:85"
"USA","BA:453","EAR_EMTA_SEX_ECO_NB","SEX_T","ECO_SECTOR_TOTAL","2013",3578.783,,,"T30:105","R1:3513_T2:85"
"USA","BA:453","EAR_EMTA_SEX_ECO_NB","SEX_T","ECO_SECTOR_TOTAL","2012",3512.329,,,"T30:105","R1:3513_T2:85"
"USA","BA:453","EAR_EMTA_SEX_ECO_NB","SEX_T","ECO_SECTOR_TOTAL","2011",3433.603,,,"T30:105","R1:3513_T2:85"
"USA","BA:453","EAR_EMTA_SEX_ECO_NB","SEX_T","ECO_SECTOR_TOTAL","2010",3389.019,,,"T30:105","R1:3513_T2:85"
"USA","BA:453","EAR_EMTA_SEX_ECO_NB","SEX_T","ECO_SECTOR_TOTAL","2009",3354.7,,,"T30:105","R1:3513_T2:85"
"USA","BA:453","EAR_EMTA_SEX_ECO_NB","SEX_T","ECO_SECTOR_TOTAL","2008",3339.885,,,"T30:105","R1:3513_T2:85"
"USA","BA:453","EAR_EMTA_SEX_ECO_NB","SEX_T","ECO_SECTOR_TOTAL","2007",3223.712,,,"T30:105","R1:3513_T2:85"
"USA","BA:453","EAR_EMTA_SEX_ECO_NB","SEX_T","ECO_SECTOR_TOTAL","2006",3130.431,,,"T30:105","R1:3513_T2:85"
"USA","BA:453","EAR_EMTA_SEX_ECO_NB","SEX_T","ECO_SECTOR_TOTAL","2005",3029.409,,,"T30:105","R1:3513_T2:85"
"USA","BA:453","EAR_EMTA_SEX_ECO_NB","SEX_T","ECO_SECTOR_TOTAL","2004",2946.492,,,"T30:105","R1:3513_T2:85"
"USA","BA:453","EAR_EMTA_SEX_ECO_NB","SEX_T","ECO_SECTOR_TOTAL","2003",2869.141,,,"T30:105","R1:3513_T2:85"
"UZB","EA:1769","EAR_EMTA_SEX_ECO_NB","SEX_T","ECO_SECTOR_TOTAL","2022",3882157.089,,,"T12:146_T30:155",
"UZB","EA:1769","EAR_EMTA_SEX_ECO_NB","SEX_T","ECO_SECTOR_TOTAL","2021",3214812.9,,,"T12:146_T30:155",
"UZB","EA:1769","EAR_EMTA_SEX_ECO_NB","SEX_T","ECO_SECTOR_TOTAL","2020",2673284.531,,,"T12:146_T30:155",
"UZB","EA:1769","EAR_EMTA_SEX_ECO_NB","SEX_T","ECO_SECTOR_TOTAL","2019",2324614.663,,,"T12:146_T30:155",
"UZB","EA:1769","EAR_EMTA_SEX_ECO_NB","SEX_T","ECO_SECTOR_TOTAL","2018",1822687.4,,,"T12:146_T30:155",
"UZB","EA:1769","EAR_EMTA_SEX_ECO_NB","SEX_T","ECO_SECTOR_TOTAL","2017",1457777.986,,,"T12:146_T30:155",
"UZB","EA:1769","EAR_EMTA_SEX_ECO_NB","SEX_T","ECO_SECTOR_TOTAL","2016",1293764.273,,,"T12:146_T30:155",
"UZB","EA:1769","EAR_EMTA_SEX_ECO_NB","SEX_T","ECO_SECTOR_TOTAL","2015",1171669.259,,,"T12:146_T30:155",
"UZB","EA:1769","EAR_EMTA_SEX_ECO_NB","SEX_T","ECO_SECTOR_TOTAL","2014",1007928.853,,,"T12:146_T30:155",
"UZB","EA:1769","EAR_EMTA_SEX_ECO_NB","SEX_T","ECO_SECTOR_TOTAL","2013",865950.919,,,"T12:146_T30:155",
"UZB","EA:1769","EAR_EMTA_SEX_ECO_NB","SEX_T","ECO_SECTOR_TOTAL","2012",739670.88,,,"T12:146_T30:155",
"UZB","EA:1769","EAR_EMTA_SEX_ECO_NB","SEX_T","ECO_SECTOR_TOTAL","2011",628019.995,,,"T12:146_T30:155",
"UZB","EA:1769","EAR_EMTA_SEX_ECO_NB","SEX_T","ECO_SECTOR_TOTAL","2010",504796.769,,,"T12:146_T30:155",
"VEN","BA:382","EAR_EMTA_SEX_ECO_NB","SEX_T","ECO_SECTOR_TOTAL","2020",2942239,,,"I20:4077_T11:142_T30:382","S3:7_S4:34_S5:42"
"VEN","BA:382","EAR_EMTA_SEX_ECO_NB","SEX_T","ECO_SECTOR_TOTAL","2017",271673.027,,,"T30:107","R1:3513"
"VEN","BA:382","EAR_EMTA_SEX_ECO_NB","SEX_T","ECO_SECTOR_TOTAL","2016",22498.639,,,"T30:107","R1:3513"
"VEN","BA:382","EAR_EMTA_SEX_ECO_NB","SEX_T","ECO_SECTOR_TOTAL","2012",2796.853,,,"T30:107","R1:3513"
"VEN","BA:382","EAR_EMTA_SEX_ECO_NB","SEX_T","ECO_SECTOR_TOTAL","2011",2189.308,,,"T30:107","R1:3513"
"VEN","BA:382","EAR_EMTA_SEX_ECO_NB","SEX_T","ECO_SECTOR_TOTAL","2010",1775.419,,,"T30:107","R1:3513"
"VEN","BA:382","EAR_EMTA_SEX_ECO_NB","SEX_T","ECO_SECTOR_TOTAL","2009",1406.835,,,"T30:107","R1:3513"
"VEN","BA:382","EAR_EMTA_SEX_ECO_NB","SEX_T","ECO_SECTOR_TOTAL","2008",1108.846,,,"T30:107","R1:3513"
"VEN","BA:382","EAR_EMTA_SEX_ECO_NB","SEX_T","ECO_SECTOR_TOTAL","2007",837002.257,,,"T30:358","R1:3513"
"VEN","BA:382","EAR_EMTA_SEX_ECO_NB","SEX_T","ECO_SECTOR_TOTAL","2006",648131.893,,,"T30:358","R1:3513"
"VEN","BA:382","EAR_EMTA_SEX_ECO_NB","SEX_T","ECO_SECTOR_TOTAL","2005",497686.743,"B",,"T30:358_I11:264","R1:3513"
"VNM","BA:1788","EAR_EMTA_SEX_ECO_NB","SEX_T","ECO_SECTOR_TOTAL","2024",8579562.366,,,"T30:156","R1:3513"
"VNM","BA:1788","EAR_EMTA_SEX_ECO_NB","SEX_T","ECO_SECTOR_TOTAL","2023",7853534.469,,,"T30:156","R1:3513"
"VNM","BA:1788","EAR_EMTA_SEX_ECO_NB","SEX_T","ECO_SECTOR_TOTAL","2022",7460916.469,,,"T30:156","R1:3513"
"VNM","BA:1788","EAR_EMTA_SEX_ECO_NB","SEX_T","ECO_SECTOR_TOTAL","2021",6746802.381,,,"T30:156","R1:3513"
"VNM","BA:1788","EAR_EMTA_SEX_ECO_NB","SEX_T","ECO_SECTOR_TOTAL","2020",6873959.591,,,"T30:156","R1:3513"
"VNM","BA:1788","EAR_EMTA_SEX_ECO_NB","SEX_T","ECO_SECTOR_TOTAL","2019",6645391.302,,,"I20:4077_T30:156","R1:3513"
"VNM","BA:1788","EAR_EMTA_SEX_ECO_NB","SEX_T","ECO_SECTOR_TOTAL","2018",5761241.246,,,"T30:156","R1:3513"
"VNM","BA:1788","EAR_EMTA_SEX_ECO_NB","SEX_T","ECO_SECTOR_TOTAL","2017",5360535.587,,,"T30:156","R1:3513"
"VNM","BA:1788","EAR_EMTA_SEX_ECO_NB","SEX_T","ECO_SECTOR_TOTAL","2016",5456969.19,,,"T30:156","R1:3513"
"VNM","BA:1788","EAR_EMTA_SEX_ECO_NB","SEX_T","ECO_SECTOR_TOTAL","2015",5101539.736,,,"T30:156","R1:3513"
"VNM","BA:1788","EAR_EMTA_SEX_ECO_NB","SEX_T","ECO_SECTOR_TOTAL","2014",4461659.196,,,"T30:156","R1:3513"
"VNM","BA:1788","EAR_EMTA_SEX_ECO_NB","SEX_T","ECO_SECTOR_TOTAL","2013",4092625.834,,,"T30:156","R1:3513"
"VNM","BA:1788","EAR_EMTA_SEX_ECO_NB","SEX_T","ECO_SECTOR_TOTAL","2012",3739062.14,,,"T30:156","R1:3513"
"VNM","BA:1788","EAR_EMTA_SEX_ECO_NB","SEX_T","ECO_SECTOR_TOTAL","2011",3112675.586,,,"T30:156","R1:3513"
"VNM","BA:1788","EAR_EMTA_SEX_ECO_NB","SEX_T","ECO_SECTOR_TOTAL","2010",2506385.597,,,"T30:156","R1:3513"
"VNM","BA:1788","EAR_EMTA_SEX_ECO_NB","SEX_T","ECO_SECTOR_TOTAL","2009",2267609.523,,,"T30:156","R1:3513"
"VNM","BA:1788","EAR_EMTA_SEX_ECO_NB","SEX_T","ECO_SECTOR_TOTAL","2007",1433693.091,"B",,"T30:156_I11:264","R1:3513"
"VUT","BB:15632","EAR_EMTA_SEX_ECO_NB","SEX_T","ECO_SECTOR_TOTAL","2010",40547.152,,,"T30:233","R1:3513"
"WLF","BB:16123","EAR_EMTA_SEX_ECO_NB","SEX_T","ECO_SECTOR_TOTAL","2019",234174.38,,,"T30:216","R1:3513"
"WSM","BA:1794","EAR_EMTA_SEX_ECO_NB","SEX_T","ECO_SECTOR_TOTAL","2022",1648.438,"B",,"T30:228_I11:264","R1:3513"
"WSM","BB:7015","EAR_EMTA_SEX_ECO_NB","SEX_T","ECO_SECTOR_TOTAL","2018",321.734,,,"T30:228","R1:3513"
"WSM","BA:1794","EAR_EMTA_SEX_ECO_NB","SEX_T","ECO_SECTOR_TOTAL","2017",1278.16,"B",,"T30:228_I11:264","R1:3513"
"WSM","BA:1794","EAR_EMTA_SEX_ECO_NB","SEX_T","ECO_SECTOR_TOTAL","2012",1332.253,"B",,"T30:228_I11:264","R1:3513"
"YEM","BA:13360","EAR_EMTA_SEX_ECO_NB","SEX_T","ECO_SECTOR_TOTAL","2014",61426.083,"B",,"T30:158_I11:264","R1:3513"
"YEM","BA:13360","EAR_EMTA_SEX_ECO_NB","SEX_T","ECO_SECTOR_TOTAL","2010",35890,,,"T9:131_T10:139_T33:396_T30:158",
"ZAF","BA:595","EAR_EMTA_SEX_ECO_NB","SEX_T","ECO_SECTOR_TOTAL","2019",3800,,,"I20:3359_T8:128_T9:131_T11:142_T30:46",
"ZAF","BA:595","EAR_EMTA_SEX_ECO_NB","SEX_T","ECO_SECTOR_TOTAL","2018",3500,,,"I20:3359_T8:128_T9:131_T11:142_T30:46",
"ZAF","BA:595","EAR_EMTA_SEX_ECO_NB","SEX_T","ECO_SECTOR_TOTAL","2017",3500,,,"T8:128_T11:142_T30:46","S5:38"
"ZAF","BA:595","EAR_EMTA_SEX_ECO_NB","SEX_T","ECO_SECTOR_TOTAL","2015",8821.204,,,"T30:46","R1:3513"
"ZAF","BA:595","EAR_EMTA_SEX_ECO_NB","SEX_T","ECO_SECTOR_TOTAL","2014",7857.528,,,"T30:46","R1:3513"
"ZAF","BA:595","EAR_EMTA_SEX_ECO_NB","SEX_T","ECO_SECTOR_TOTAL","2013",8254.959,,,"T30:46","R1:3513"
"ZAF","BA:595","EAR_EMTA_SEX_ECO_NB","SEX_T","ECO_SECTOR_TOTAL","2012",6839.895,,,"T30:46","R1:3513"
"ZAF","BA:595","EAR_EMTA_SEX_ECO_NB","SEX_T","ECO_SECTOR_TOTAL","2011",6059.346,,,"T30:46","R1:3513"
"ZAF","BA:595","EAR_EMTA_SEX_ECO_NB","SEX_T","ECO_SECTOR_TOTAL","2010",5669.383,,,"T30:46","R1:3513"
"ZAF","BA:595","EAR_EMTA_SEX_ECO_NB","SEX_T","ECO_SECTOR_TOTAL","2007",3720.19,,,"T30:46","R1:3513"
"ZAF","BA:595","EAR_EMTA_SEX_ECO_NB","SEX_T","ECO_SECTOR_TOTAL","2006",3254.761,,,"T30:46","R1:3513"
"ZAF","BA:595","EAR_EMTA_SEX_ECO_NB","SEX_T","ECO_SECTOR_TOTAL","2005",2907.479,,,"T30:46","R1:3513"
"ZAF","BA:595","EAR_EMTA_SEX_ECO_NB","SEX_T","ECO_SECTOR_TOTAL","2004",2648.971,,,"T30:46","R1:3513"
"ZAF","BA:595","EAR_EMTA_SEX_ECO_NB","SEX_T","ECO_SECTOR_TOTAL","2003",2556.123,,,"T30:46","R1:3513"
"ZAF","BA:595","EAR_EMTA_SEX_ECO_NB","SEX_T","ECO_SECTOR_TOTAL","2002",2426.503,,,"T30:46","R1:3513"
"ZAF","BA:595","EAR_EMTA_SEX_ECO_NB","SEX_T","ECO_SECTOR_TOTAL","2001",2384.23,,,"T30:46","R1:3513"
"ZAF","BA:595","EAR_EMTA_SEX_ECO_NB","SEX_T","ECO_SECTOR_TOTAL","2000",2434.109,"B",,"T30:46_I11:264","R1:3513"
"ZMB","BA:2212","EAR_EMTA_SEX_ECO_NB","SEX_T","ECO_SECTOR_TOTAL","2024",4458.154,,,"T30:379","R1:3513"
"ZMB","BA:2212","EAR_EMTA_SEX_ECO_NB","SEX_T","ECO_SECTOR_TOTAL","2023",3239.976,,,"T30:379","R1:3513"
"ZMB","BA:2212","EAR_EMTA_SEX_ECO_NB","SEX_T","ECO_SECTOR_TOTAL","2022",3445.361,,,"T30:379","R1:3513"
"ZMB","BA:2212","EAR_EMTA_SEX_ECO_NB","SEX_T","ECO_SECTOR_TOTAL","2021",3205.514,,,"T30:379","R1:3513"
"ZMB","BA:2212","EAR_EMTA_SEX_ECO_NB","SEX_T","ECO_SECTOR_TOTAL","2020",2994.624,,,"T30:379","R1:3513"
"ZMB","BA:2212","EAR_EMTA_SEX_ECO_NB","SEX_T","ECO_SECTOR_TOTAL","2019",2947.291,,,"T30:379","R1:3513"
"ZMB","BA:2212","EAR_EMTA_SEX_ECO_NB","SEX_T","ECO_SECTOR_TOTAL","2018",2834.383,"B",,"T30:379_I11:264","R1:3513"
"ZMB","BA:2212","EAR_EMTA_SEX_ECO_NB","SEX_T","ECO_SECTOR_TOTAL","2017",3928.305,"B",,"T30:379_I11:264","R1:3513"
"ZWE","BA:1823","EAR_EMTA_SEX_ECO_NB","SEX_T","ECO_SECTOR_TOTAL","2023",406978.727,,,"T30:58","R1:3513"
"ZWE","BA:1823","EAR_EMTA_SEX_ECO_NB","SEX_T","ECO_SECTOR_TOTAL","2022",30320.301,,,"T30:58","R1:3513"
"ZWE","BA:1823","EAR_EMTA_SEX_ECO_NB","SEX_T","ECO_SECTOR_TOTAL","2021",13935.047,,,"T30:58","R1:3513"
"ZWE","DA:649","EAR_EMTA_SEX_ECO_NB","SEX_T","ECO_SECTOR_TOTAL","2015",763.58,,,"T9:131_T11:142_T33:396_T30:58","S5:38"
"ZWE","BA:1823","EAR_EMTA_SEX_ECO_NB","SEX_T","ECO_SECTOR_TOTAL","2014",316.93,,,"T30:58","R1:3513"
"ZWE","BA:1823","EAR_EMTA_SEX_ECO_NB","SEX_T","ECO_SECTOR_TOTAL","2011",230.593,"B",,"T30:58_I11:264","R1:3513"
