"ref_area","source","indicator","sex","time","obs_value","obs_status","note_indicator","note_source"
"AFG","BA:15715","HOW_XEES_SEX_NB","SEX_T","2021",41.79,,,"R1:3513_S3:8"
"AFG","BA:15715","HOW_XEES_SEX_NB","SEX_T","2020",52.24,"B","I11:264","R1:3513"
"AFG","BB:6361","HOW_XEES_SEX_NB","SEX_T","2017",46.54,,,"R1:3513"
"AFG","BB:6361","HOW_XEES_SEX_NB","SEX_T","2014",42.86,,,"R1:3513"
"AGO","BA:13951","HOW_XEES_SEX_NB","SEX_T","2025",49.3,,,"R1:3513"
"AGO","BA:13951","HOW_XEES_SEX_NB","SEX_T","2024",50.22,,,"R1:3513"
"AGO","BA:13951","HOW_XEES_SEX_NB","SEX_T","2023",48.3,,,"R1:3513"
"AGO","BA:13951","HOW_XEES_SEX_NB","SEX_T","2022",48.57,,,"R1:3513"
"AGO","BA:13951","HOW_XEES_SEX_NB","SEX_T","2021",47.71,,,"R1:3513"
"AGO","BA:13951","HOW_XEES_SEX_NB","SEX_T","2020",46.91,,,"R1:3513"
"AGO","BA:13951","HOW_XEES_SEX_NB","SEX_T","2019",46.77,"B","I11:264","R1:3513"
"ALB","BA:480","HOW_XEES_SEX_NB","SEX_T","2024",43.6,,,"R1:3513"
"ALB","BA:480","HOW_XEES_SEX_NB","SEX_T","2023",43.66,,,"R1:3513"
"ALB","BA:480","HOW_XEES_SEX_NB","SEX_T","2022",43.73,,,"R1:3513"
"ALB","BA:480","HOW_XEES_SEX_NB","SEX_T","2021",43.34,,,"R1:3513"
"ALB","BA:480","HOW_XEES_SEX_NB","SEX_T","2020",42.61,,,"R1:3513"
"ALB","BA:480","HOW_XEES_SEX_NB","SEX_T","2019",43.36,,,"R1:3513"
"ALB","BA:480","HOW_XEES_SEX_NB","SEX_T","2018",43.45,,,"R1:3513"
"ALB","BA:480","HOW_XEES_SEX_NB","SEX_T","2017",43.19,,,"R1:3513"
"ALB","BA:480","HOW_XEES_SEX_NB","SEX_T","2016",42.85,,,"R1:3513"
"ALB","BA:480","HOW_XEES_SEX_NB","SEX_T","2015",42.43,,,"R1:3513"
"ALB","BA:480","HOW_XEES_SEX_NB","SEX_T","2014",42.13,,,"R1:3513"
"ALB","BA:480","HOW_XEES_SEX_NB","SEX_T","2013",43.28,,,"R1:3513"
"ALB","BA:480","HOW_XEES_SEX_NB","SEX_T","2012",41.85,,,"R1:3513"
"ALB","BA:480","HOW_XEES_SEX_NB","SEX_T","2011",37.58,,,"R1:3513"
"ALB","BA:480","HOW_XEES_SEX_NB","SEX_T","2010",43.49,,,"R1:3513"
"ALB","BA:480","HOW_XEES_SEX_NB","SEX_T","2009",43.79,,,"R1:3513"
"ALB","BA:480","HOW_XEES_SEX_NB","SEX_T","2008",44.74,,,"R1:3513"
"ALB","BA:480","HOW_XEES_SEX_NB","SEX_T","2007",44.62,"B","I11:264","R1:3513"
"ALB","BB:7401","HOW_XEES_SEX_NB","SEX_T","2002",42.63,,,"R1:3513"
"ARE","BA:716","HOW_XEES_SEX_NB","SEX_T","2025",50.7,,,"R1:3513"
"ARE","BA:716","HOW_XEES_SEX_NB","SEX_T","2024",50.91,,,"R1:3513"
"ARE","BA:716","HOW_XEES_SEX_NB","SEX_T","2023",48.73,,,"R1:3513"
"ARE","BA:716","HOW_XEES_SEX_NB","SEX_T","2022",51.14,,,"R1:3513"
"ARE","BA:716","HOW_XEES_SEX_NB","SEX_T","2019",52.53,,,"R1:3513"
"ARE","BA:716","HOW_XEES_SEX_NB","SEX_T","2018",52.16,,,"R1:3513"
"ARE","BA:716","HOW_XEES_SEX_NB","SEX_T","2017",56.33,"B","I11:264","R1:3513"
"ARG","BA:150","HOW_XEES_SEX_NB","SEX_T","2025",36.91,,,"R1:3513_S4:33"
"ARG","BA:150","HOW_XEES_SEX_NB","SEX_T","2024",36.7,,,"R1:3513_S4:33"
"ARG","BA:150","HOW_XEES_SEX_NB","SEX_T","2023",37.05,,,"R1:3513_S4:33"
"ARG","BA:150","HOW_XEES_SEX_NB","SEX_T","2022",36.88,,,"R1:3513_S4:33"
"ARG","BA:150","HOW_XEES_SEX_NB","SEX_T","2021",36.78,,,"R1:3513_S4:33"
"ARG","BA:150","HOW_XEES_SEX_NB","SEX_T","2020",35.63,,,"R1:3513_S4:33"
"ARG","BA:150","HOW_XEES_SEX_NB","SEX_T","2019",36.75,,,"R1:3513_S4:33"
"ARG","BA:150","HOW_XEES_SEX_NB","SEX_T","2018",37.21,,,"R1:3513_S4:33"
"ARG","BA:150","HOW_XEES_SEX_NB","SEX_T","2017",37.59,,,"R1:3513_S4:33"
"ARG","BA:150","HOW_XEES_SEX_NB","SEX_T","2014",38.61,,"I13:3888","R1:3513_S4:33"
"ARG","BA:150","HOW_XEES_SEX_NB","SEX_T","2013",38.9,,"I13:3888","R1:3513_S4:33"
"ARG","BA:150","HOW_XEES_SEX_NB","SEX_T","2012",38.98,,"I13:3888","R1:3513_S4:33"
"ARG","BA:150","HOW_XEES_SEX_NB","SEX_T","2011",39.65,,"I13:3888","R1:3513_S4:33"
"ARG","BA:150","HOW_XEES_SEX_NB","SEX_T","2010",39.55,,"I13:3888","R1:3513_S4:33"
"ARG","BA:150","HOW_XEES_SEX_NB","SEX_T","2009",39.29,,"I13:3888","R1:3513_S4:33"
"ARG","BA:150","HOW_XEES_SEX_NB","SEX_T","2008",39.96,,"I13:3888","R1:3513_S4:33"
"ARG","BA:150","HOW_XEES_SEX_NB","SEX_T","2006",39.68,,,"R1:3513_S4:33"
"ARG","BA:150","HOW_XEES_SEX_NB","SEX_T","2005",39.53,,,"R1:3513_S4:33"
"ARG","BA:150","HOW_XEES_SEX_NB","SEX_T","2004",38.89,"B","I11:264","R1:3513_S4:33"
"ARM","BB:173","HOW_XEES_SEX_NB","SEX_T","2018",45.97,,,"R1:3513_T3:240"
"ARM","BA:867","HOW_XEES_SEX_NB","SEX_T","2017",42.75,,,"R1:3513_T3:240"
"ARM","BA:867","HOW_XEES_SEX_NB","SEX_T","2016",42.58,,,"R1:3513_T3:240"
"ARM","BA:867","HOW_XEES_SEX_NB","SEX_T","2015",43.8,,,"R1:3513_T3:240"
"ARM","BA:867","HOW_XEES_SEX_NB","SEX_T","2014",45.23,"B","I11:264","R1:3513_T3:240"
"ARM","BB:173","HOW_XEES_SEX_NB","SEX_T","2013",45.77,,,"R1:3513_T3:240"
"ARM","BB:173","HOW_XEES_SEX_NB","SEX_T","2012",45.61,,,"R1:3513_T3:240"
"ARM","BB:173","HOW_XEES_SEX_NB","SEX_T","2011",45.37,,,"R1:3513_T3:240"
"ARM","BB:173","HOW_XEES_SEX_NB","SEX_T","2010",46.43,,,"R1:3513_T3:240"
"ARM","BB:173","HOW_XEES_SEX_NB","SEX_T","2009",45.87,,,"R1:3513_T3:240"
"ARM","BA:867","HOW_XEES_SEX_NB","SEX_T","2008",46.56,"B","I11:264","R1:3513_T3:240"
"ARM","BB:173","HOW_XEES_SEX_NB","SEX_T","2007",45.09,"B","I11:264","R1:3513_T3:240"
"ATG","BA:16714","HOW_XEES_SEX_NB","SEX_T","2023",40.85,,,"R1:3513"
"ATG","BA:16714","HOW_XEES_SEX_NB","SEX_T","2018",40.08,,,"R1:3513"
"AUT","BA:103","HOW_XEES_SEX_NB","SEX_T","2025",32.62,,,"R1:3513"
"AUT","BA:103","HOW_XEES_SEX_NB","SEX_T","2024",32.58,,,"R1:3513"
"AUT","BA:103","HOW_XEES_SEX_NB","SEX_T","2023",32.35,,,"R1:3513"
"AUT","BA:103","HOW_XEES_SEX_NB","SEX_T","2022",32.49,,,"R1:3513"
"AUT","BA:103","HOW_XEES_SEX_NB","SEX_T","2021",32.43,,,"R1:3513"
"AUT","BA:103","HOW_XEES_SEX_NB","SEX_T","2020",33.81,,,"R1:3513"
"AUT","BA:103","HOW_XEES_SEX_NB","SEX_T","2019",34.56,,,"R1:3513"
"AUT","BA:103","HOW_XEES_SEX_NB","SEX_T","2018",34.41,,,"R1:3513"
"AUT","BA:103","HOW_XEES_SEX_NB","SEX_T","2017",34.2,,,"R1:3513"
"AUT","BA:103","HOW_XEES_SEX_NB","SEX_T","2016",34.37,,,"R1:3513"
"AUT","BA:103","HOW_XEES_SEX_NB","SEX_T","2015",34.41,,,"R1:3513"
"AUT","BA:103","HOW_XEES_SEX_NB","SEX_T","2014",34.81,,,"R1:3513"
"AUT","BA:103","HOW_XEES_SEX_NB","SEX_T","2013",35.16,,,"R1:3513"
"AUT","BA:103","HOW_XEES_SEX_NB","SEX_T","2012",35.34,,,"R1:3513"
"AUT","BA:103","HOW_XEES_SEX_NB","SEX_T","2011",35.63,,,"R1:3513"
"AUT","BA:103","HOW_XEES_SEX_NB","SEX_T","2010",35.69,,,"R1:3513"
"AUT","BA:103","HOW_XEES_SEX_NB","SEX_T","2009",35.7,,,"R1:3513"
"AUT","BA:103","HOW_XEES_SEX_NB","SEX_T","2008",36.66,,,"R1:3513"
"AUT","BA:103","HOW_XEES_SEX_NB","SEX_T","2007",36.86,,,"R1:3513"
"AUT","BA:103","HOW_XEES_SEX_NB","SEX_T","2006",37.04,,,"R1:3513"
"AUT","BA:103","HOW_XEES_SEX_NB","SEX_T","2005",37.27,,,"R1:3513"
"AUT","BA:103","HOW_XEES_SEX_NB","SEX_T","2004",37.57,"B","I11:264","R1:3513"
"AUT","BA:103","HOW_XEES_SEX_NB","SEX_T","2003",37.4,,,"R1:3513"
"AUT","BA:103","HOW_XEES_SEX_NB","SEX_T","2002",37.49,,,"R1:3513"
"AUT","BA:103","HOW_XEES_SEX_NB","SEX_T","2001",37.91,,,"R1:3513"
"AUT","BA:103","HOW_XEES_SEX_NB","SEX_T","2000",38.02,,,"R1:3513"
"BDI","BB:7040","HOW_XEES_SEX_NB","SEX_T","2014",47.51,,,"R1:3513"
"BEL","BA:2257","HOW_XEES_SEX_NB","SEX_T","2024",33.46,,,"R1:3513"
"BEL","BA:2257","HOW_XEES_SEX_NB","SEX_T","2023",33.75,,,"R1:3513"
"BEL","BA:2257","HOW_XEES_SEX_NB","SEX_T","2022",33.79,,,"R1:3513"
"BEL","BA:2257","HOW_XEES_SEX_NB","SEX_T","2021",33.94,,,"R1:3513"
"BEL","BA:2257","HOW_XEES_SEX_NB","SEX_T","2020",33.96,,,"R1:3513"
"BEL","BA:2257","HOW_XEES_SEX_NB","SEX_T","2019",34.5,,,"R1:3513"
"BEL","BA:2257","HOW_XEES_SEX_NB","SEX_T","2018",34.87,,,"R1:3513"
"BEL","BA:2257","HOW_XEES_SEX_NB","SEX_T","2017",34.79,,,"R1:3513"
"BEL","BA:2257","HOW_XEES_SEX_NB","SEX_T","2016",34.6,,,"R1:3513"
"BEL","BA:2257","HOW_XEES_SEX_NB","SEX_T","2015",34.36,,,"R1:3513"
"BEL","BA:2257","HOW_XEES_SEX_NB","SEX_T","2014",34.46,,,"R1:3513"
"BEL","BA:2257","HOW_XEES_SEX_NB","SEX_T","2013",34.17,,,"R1:3513"
"BEL","BA:2257","HOW_XEES_SEX_NB","SEX_T","2012",34.22,,,"R1:3513"
"BEL","BA:2257","HOW_XEES_SEX_NB","SEX_T","2011",34.44,,,"R1:3513"
"BEL","BA:2257","HOW_XEES_SEX_NB","SEX_T","2010",34.62,,,"R1:3513"
"BEL","BA:2257","HOW_XEES_SEX_NB","SEX_T","2009",34.39,,,"R1:3513"
"BEL","BA:2257","HOW_XEES_SEX_NB","SEX_T","2008",34.54,,,"R1:3513"
"BEL","BA:2257","HOW_XEES_SEX_NB","SEX_T","2007",34.61,,,"R1:3513"
"BEL","BA:2257","HOW_XEES_SEX_NB","SEX_T","2006",34.45,,,"R1:3513"
"BEL","BA:2257","HOW_XEES_SEX_NB","SEX_T","2005",34.39,,,"R1:3513"
"BEL","BA:2257","HOW_XEES_SEX_NB","SEX_T","2004",33.91,,,"R1:3513"
"BEL","BA:2257","HOW_XEES_SEX_NB","SEX_T","2003",33.98,,,"R1:3513"
"BEL","BA:2257","HOW_XEES_SEX_NB","SEX_T","2002",34.12,,,"R1:3513"
"BEL","BA:2257","HOW_XEES_SEX_NB","SEX_T","2001",33.91,,,"R1:3513"
"BEL","BA:2257","HOW_XEES_SEX_NB","SEX_T","2000",33.95,,,"R1:3513"
"BEN","BB:426","HOW_XEES_SEX_NB","SEX_T","2011",42.75,,,"R1:3513"
"BFA","BA:904","HOW_XEES_SEX_NB","SEX_T","2025",52.3,,,"R1:3513"
"BFA","BA:904","HOW_XEES_SEX_NB","SEX_T","2024",51.2,,,"R1:3513"
"BFA","BB:7335","HOW_XEES_SEX_NB","SEX_T","2014",48.79,,,"R1:3513"
"BGD","BA:673","HOW_XEES_SEX_NB","SEX_T","2024",50.93,,,"R1:3513"
"BGD","BA:673","HOW_XEES_SEX_NB","SEX_T","2023",50.88,,,"R1:3513"
"BGD","BA:673","HOW_XEES_SEX_NB","SEX_T","2022",50.42,,,"R1:3513"
"BGD","BA:673","HOW_XEES_SEX_NB","SEX_T","2017",51.46,,,"R1:3513"
"BGD","BA:673","HOW_XEES_SEX_NB","SEX_T","2013",47.5,"B","I11:264","R1:3513"
"BGD","BA:673","HOW_XEES_SEX_NB","SEX_T","2006",51.05,"B","I11:264","R1:3513"
"BGR","BA:2258","HOW_XEES_SEX_NB","SEX_T","2024",38.9,,,"R1:3513"
"BGR","BA:2258","HOW_XEES_SEX_NB","SEX_T","2023",38.91,,,"R1:3513"
"BGR","BA:2258","HOW_XEES_SEX_NB","SEX_T","2022",39.09,,,"R1:3513"
"BGR","BA:2258","HOW_XEES_SEX_NB","SEX_T","2021",39.43,,,"R1:3513"
"BGR","BA:2258","HOW_XEES_SEX_NB","SEX_T","2020",39.3,,,"R1:3513"
"BGR","BA:2258","HOW_XEES_SEX_NB","SEX_T","2019",39.47,,,"R1:3513"
"BGR","BA:2258","HOW_XEES_SEX_NB","SEX_T","2018",39.77,,,"R1:3513"
"BGR","BA:2258","HOW_XEES_SEX_NB","SEX_T","2017",39.81,,,"R1:3513"
"BGR","BA:2258","HOW_XEES_SEX_NB","SEX_T","2016",40.11,,,"R1:3513"
"BGR","BA:2258","HOW_XEES_SEX_NB","SEX_T","2015",39.94,,,"R1:3513"
"BGR","BA:2258","HOW_XEES_SEX_NB","SEX_T","2014",39.73,,,"R1:3513"
"BGR","BA:2258","HOW_XEES_SEX_NB","SEX_T","2013",39.68,,,"R1:3513"
"BGR","BA:2258","HOW_XEES_SEX_NB","SEX_T","2012",39.85,,,"R1:3513"
"BGR","BA:2258","HOW_XEES_SEX_NB","SEX_T","2011",40,,,"R1:3513"
"BGR","BA:2258","HOW_XEES_SEX_NB","SEX_T","2010",40.25,,,"R1:3513"
"BGR","BA:2258","HOW_XEES_SEX_NB","SEX_T","2009",40.04,,,"R1:3513"
"BGR","BA:2258","HOW_XEES_SEX_NB","SEX_T","2008",40.74,,,"R1:3513"
"BGR","BA:2258","HOW_XEES_SEX_NB","SEX_T","2007",40.75,,,"R1:3513"
"BGR","BA:2258","HOW_XEES_SEX_NB","SEX_T","2006",40.71,,,"R1:3513"
"BGR","BA:2258","HOW_XEES_SEX_NB","SEX_T","2005",40.36,,,"R1:3513"
"BGR","BA:2258","HOW_XEES_SEX_NB","SEX_T","2004",40.35,,,"R1:3513"
"BGR","BA:2258","HOW_XEES_SEX_NB","SEX_T","2003",39.63,,,"R1:3513"
"BGR","BA:2258","HOW_XEES_SEX_NB","SEX_T","2002",40.75,,,"R1:3513"
"BGR","BA:2258","HOW_XEES_SEX_NB","SEX_T","2001",40.63,,,"R1:3513"
"BGR","BA:2258","HOW_XEES_SEX_NB","SEX_T","2000",40.38,,,"R1:3513"
"BHS","BA:17","HOW_XEES_SEX_NB","SEX_T","2023",39.7,,,"R1:3513"
"BHS","BA:17","HOW_XEES_SEX_NB","SEX_T","2019",38.09,,,"R1:3513"
"BIH","BA:493","HOW_XEES_SEX_NB","SEX_T","2025",41.05,,,"R1:3513"
"BIH","BA:493","HOW_XEES_SEX_NB","SEX_T","2024",41.14,,,"R1:3513"
"BIH","BA:493","HOW_XEES_SEX_NB","SEX_T","2023",41.39,"B","I11:264","R1:3513"
"BIH","BA:493","HOW_XEES_SEX_NB","SEX_T","2022",41.68,"B","I11:264","R1:3513"
"BIH","BA:493","HOW_XEES_SEX_NB","SEX_T","2021",42.17,"B","I11:264","R1:3513"
"BIH","BA:493","HOW_XEES_SEX_NB","SEX_T","2020",40.93,"B","I20:4077_I11:264","R1:3513"
"BIH","BA:493","HOW_XEES_SEX_NB","SEX_T","2019",42.45,,,"R1:3513"
"BIH","BA:493","HOW_XEES_SEX_NB","SEX_T","2018",41.92,,,"R1:3513"
"BIH","BA:493","HOW_XEES_SEX_NB","SEX_T","2017",41.9,,,"R1:3513"
"BIH","BA:493","HOW_XEES_SEX_NB","SEX_T","2016",42.53,,,"R1:3513"
"BIH","BA:493","HOW_XEES_SEX_NB","SEX_T","2015",41.88,,,"R1:3513"
"BIH","BA:493","HOW_XEES_SEX_NB","SEX_T","2014",42.2,,,"R1:3513"
"BIH","BA:493","HOW_XEES_SEX_NB","SEX_T","2013",42.47,,,"R1:3513"
"BIH","BA:493","HOW_XEES_SEX_NB","SEX_T","2012",42.14,,,"R1:3513"
"BIH","BA:493","HOW_XEES_SEX_NB","SEX_T","2011",42.14,,,"R1:3513"
"BIH","BA:493","HOW_XEES_SEX_NB","SEX_T","2010",42.5,,,"R1:3513"
"BIH","BA:493","HOW_XEES_SEX_NB","SEX_T","2009",42.77,,,"R1:3513"
"BIH","BA:493","HOW_XEES_SEX_NB","SEX_T","2008",43.19,,,"R1:3513"
"BIH","BA:493","HOW_XEES_SEX_NB","SEX_T","2007",42.68,,,"R1:3513"
"BIH","BA:493","HOW_XEES_SEX_NB","SEX_T","2006",42.44,"B","I11:264","R1:3513"
"BIH","BB:15892","HOW_XEES_SEX_NB","SEX_T","2001",43.38,,,"R1:3513"
"BLR","BA:13362","HOW_XEES_SEX_NB","SEX_T","2025",3.89,,,"R1:3513_T3:104"
"BLR","BA:13362","HOW_XEES_SEX_NB","SEX_T","2024",39.17,,,"R1:3513_T3:104"
"BLR","BA:13362","HOW_XEES_SEX_NB","SEX_T","2023",39.18,,,"R1:3513_T3:104"
"BLR","BA:13362","HOW_XEES_SEX_NB","SEX_T","2022",39.14,,,"R1:3513_T3:104"
"BLR","BA:13362","HOW_XEES_SEX_NB","SEX_T","2021",39.23,,,"R1:3513_T3:104"
"BLR","BA:13362","HOW_XEES_SEX_NB","SEX_T","2020",39.16,,,"R1:3513_T3:104"
"BLR","BA:13362","HOW_XEES_SEX_NB","SEX_T","2019",39.24,,,"R1:3513_T3:104"
"BLR","BA:13362","HOW_XEES_SEX_NB","SEX_T","2018",39.39,,,"R1:3513_T3:104"
"BLR","BA:13362","HOW_XEES_SEX_NB","SEX_T","2017",39.3,,,"R1:3513_T3:104"
"BLR","BA:13362","HOW_XEES_SEX_NB","SEX_T","2016",39.09,,,"R1:3513_T3:104"
"BLZ","BA:934","HOW_XEES_SEX_NB","SEX_T","2019",42.4,,,"R1:3513"
"BLZ","BA:934","HOW_XEES_SEX_NB","SEX_T","2018",44.06,,,"R1:3513"
"BOL","BA:74","HOW_XEES_SEX_NB","SEX_T","2025",39.41,,,"R1:3513"
"BOL","BA:74","HOW_XEES_SEX_NB","SEX_T","2024",39.58,,,"R1:3513"
"BOL","BA:74","HOW_XEES_SEX_NB","SEX_T","2023",39.58,,,"R1:3513"
"BOL","BA:74","HOW_XEES_SEX_NB","SEX_T","2022",40.26,,,"R1:3513"
"BOL","BA:74","HOW_XEES_SEX_NB","SEX_T","2021",40.34,"B","I11:264","R1:3513"
"BOL","BB:15890","HOW_XEES_SEX_NB","SEX_T","2004",47.85,"B","I11:264","R1:3513"
"BOL","BX:15722","HOW_XEES_SEX_NB","SEX_T","2002",48.52,,,"R1:3513"
"BOL","BX:15722","HOW_XEES_SEX_NB","SEX_T","2001",47.08,,,"R1:3513"
"BOL","BX:15722","HOW_XEES_SEX_NB","SEX_T","2000",47.68,,,"R1:3513"
"BRA","BX:6355","HOW_XEES_SEX_NB","SEX_T","2025",39.36,,,"R1:3513"
"BRA","BX:6355","HOW_XEES_SEX_NB","SEX_T","2024",39.34,,,"R1:3513"
"BRA","BX:6355","HOW_XEES_SEX_NB","SEX_T","2023",39.3,,,"R1:3513"
"BRA","BX:6355","HOW_XEES_SEX_NB","SEX_T","2022",39.47,,,"R1:3513"
"BRA","BX:6355","HOW_XEES_SEX_NB","SEX_T","2021",39.37,,,"R1:3513"
"BRA","BX:6355","HOW_XEES_SEX_NB","SEX_T","2020",38.48,,,"R1:3513"
"BRA","BX:6355","HOW_XEES_SEX_NB","SEX_T","2019",39.11,,,"R1:3513"
"BRA","BX:6355","HOW_XEES_SEX_NB","SEX_T","2018",38.99,,,"R1:3513"
"BRA","BX:6355","HOW_XEES_SEX_NB","SEX_T","2017",39.13,,,"R1:3513"
"BRA","BX:6355","HOW_XEES_SEX_NB","SEX_T","2016",39.5,,,"R1:3513"
"BRA","BX:6355","HOW_XEES_SEX_NB","SEX_T","2015",39.55,,,"R1:3513"
"BRA","BX:6355","HOW_XEES_SEX_NB","SEX_T","2014",39.79,,,"R1:3513"
"BRA","BX:6355","HOW_XEES_SEX_NB","SEX_T","2013",39.9,,,"R1:3513"
"BRA","BX:6355","HOW_XEES_SEX_NB","SEX_T","2012",39.97,"B","I11:264","R1:3513"
"BRN","BA:8230","HOW_XEES_SEX_NB","SEX_T","2025",46.08,,,"R1:3513"
"BRN","BA:8230","HOW_XEES_SEX_NB","SEX_T","2024",47.47,,,"R1:3513"
"BRN","BA:8230","HOW_XEES_SEX_NB","SEX_T","2023",45.98,,,"R1:3513"
"BRN","BA:8230","HOW_XEES_SEX_NB","SEX_T","2022",46.83,,,"R1:3513"
"BRN","BA:8230","HOW_XEES_SEX_NB","SEX_T","2021",47.01,,,"R1:3513"
"BRN","BA:8230","HOW_XEES_SEX_NB","SEX_T","2020",45.67,,,"R1:3513"
"BRN","BA:8230","HOW_XEES_SEX_NB","SEX_T","2019",47.91,,,"R1:3513"
"BRN","BA:8230","HOW_XEES_SEX_NB","SEX_T","2018",48.31,,,"R1:3513"
"BRN","BA:8230","HOW_XEES_SEX_NB","SEX_T","2017",47.62,,,"R1:3513"
"BRN","BA:8230","HOW_XEES_SEX_NB","SEX_T","2014",47.89,"B","I11:264","R1:3513"
"BTN","BA:625","HOW_XEES_SEX_NB","SEX_T","2022",53.23,,,"R1:3513"
"BTN","BA:625","HOW_XEES_SEX_NB","SEX_T","2021",49.15,,,"R1:3513"
"BTN","BA:625","HOW_XEES_SEX_NB","SEX_T","2020",47.66,,,"R1:3513"
"BTN","BA:625","HOW_XEES_SEX_NB","SEX_T","2019",50.19,,,"R1:3513"
"BTN","BA:625","HOW_XEES_SEX_NB","SEX_T","2018",49.73,,,"R1:3513"
"BWA","BX:15710","HOW_XEES_SEX_NB","SEX_T","2024",44.94,,,"R1:3513"
"BWA","BX:15710","HOW_XEES_SEX_NB","SEX_T","2023",45.15,,,"R1:3513"
"BWA","BX:15710","HOW_XEES_SEX_NB","SEX_T","2022",45.71,,,"R1:3513"
"BWA","BX:15710","HOW_XEES_SEX_NB","SEX_T","2021",46.16,,,"R1:3513"
"BWA","BX:15710","HOW_XEES_SEX_NB","SEX_T","2020",45.63,,,"R1:3513"
"BWA","BX:15710","HOW_XEES_SEX_NB","SEX_T","2019",45.8,"B","I11:264","R1:3513"
"BWA","BA:964","HOW_XEES_SEX_NB","SEX_T","2006",48.32,,,"R1:3513"
"CAN","BA:147","HOW_XEES_SEX_NB","SEX_T","2025",34.74,,,"R1:3513"
"CAN","BA:147","HOW_XEES_SEX_NB","SEX_T","2024",35.17,,,"R1:3513"
"CAN","BA:147","HOW_XEES_SEX_NB","SEX_T","2023",35.22,,,"R1:3513"
"CAN","BA:147","HOW_XEES_SEX_NB","SEX_T","2022",35.16,,,"R1:3513"
"CAN","BA:147","HOW_XEES_SEX_NB","SEX_T","2021",35.33,,,"R1:3513"
"CAN","BA:147","HOW_XEES_SEX_NB","SEX_T","2020",35.25,,,"R1:3513"
"CAN","BA:147","HOW_XEES_SEX_NB","SEX_T","2019",34.76,,,"R1:3513"
"CAN","BA:147","HOW_XEES_SEX_NB","SEX_T","2018",35.29,,,"R1:3513"
"CAN","BA:147","HOW_XEES_SEX_NB","SEX_T","2017",34.88,,,"R1:3513"
"CAN","BA:147","HOW_XEES_SEX_NB","SEX_T","2016",35.06,,,"R1:3513"
"CAN","BA:147","HOW_XEES_SEX_NB","SEX_T","2015",35.18,,,"R1:3513"
"CAN","BA:147","HOW_XEES_SEX_NB","SEX_T","2014",34.91,,,"R1:3513"
"CAN","BA:147","HOW_XEES_SEX_NB","SEX_T","2013",35.27,,,"R1:3513"
"CAN","BA:147","HOW_XEES_SEX_NB","SEX_T","2012",35.52,,,"R1:3513"
"CAN","BA:147","HOW_XEES_SEX_NB","SEX_T","2011",35.23,,,"R1:3513"
"CAN","BA:147","HOW_XEES_SEX_NB","SEX_T","2010",34.97,,,"R1:3513"
"CAN","BA:147","HOW_XEES_SEX_NB","SEX_T","2009",34.71,,,"R1:3513"
"CAN","BA:147","HOW_XEES_SEX_NB","SEX_T","2008",35.5,,,"R1:3513"
"CAN","BA:147","HOW_XEES_SEX_NB","SEX_T","2007",35.77,,,"R1:3513"
"CAN","BA:147","HOW_XEES_SEX_NB","SEX_T","2006",35.59,,,"R1:3513"
"CAN","BA:147","HOW_XEES_SEX_NB","SEX_T","2005",35.75,,,"R1:3513"
"CAN","BA:147","HOW_XEES_SEX_NB","SEX_T","2004",35.38,,,"R1:3513"
"CAN","BA:147","HOW_XEES_SEX_NB","SEX_T","2003",35.14,,,"R1:3513"
"CAN","BA:147","HOW_XEES_SEX_NB","SEX_T","2002",35.75,,,"R1:3513"
"CAN","BA:147","HOW_XEES_SEX_NB","SEX_T","2001",35.85,,,"R1:3513"
"CAN","BA:147","HOW_XEES_SEX_NB","SEX_T","2000",36.39,,,"R1:3513"
"CHE","BA:253","HOW_XEES_SEX_NB","SEX_T","2025",35.39,,,"R1:3513"
"CHE","BA:253","HOW_XEES_SEX_NB","SEX_T","2024",35.34,,,"R1:3513"
"CHE","BA:253","HOW_XEES_SEX_NB","SEX_T","2023",35.46,,,"R1:3513"
"CHE","BA:253","HOW_XEES_SEX_NB","SEX_T","2022",35.65,,,"R1:3513"
"CHE","BA:253","HOW_XEES_SEX_NB","SEX_T","2021",35.2,,,"R1:3513"
"CHE","BA:253","HOW_XEES_SEX_NB","SEX_T","2020",35.02,,,"R1:3513"
"CHE","BA:253","HOW_XEES_SEX_NB","SEX_T","2019",35.67,,,"R1:3513"
"CHE","BA:253","HOW_XEES_SEX_NB","SEX_T","2018",35.77,,,"R1:3513"
"CHE","BA:253","HOW_XEES_SEX_NB","SEX_T","2017",35.89,,,"R1:3513"
"CHE","BA:253","HOW_XEES_SEX_NB","SEX_T","2016",35.94,,,"R1:3513"
"CHE","BA:253","HOW_XEES_SEX_NB","SEX_T","2015",35.97,,,"R1:3513"
"CHE","BA:253","HOW_XEES_SEX_NB","SEX_T","2014",35.77,,,"R1:3513"
"CHE","BA:253","HOW_XEES_SEX_NB","SEX_T","2013",36.11,,,"R1:3513"
"CHE","BA:253","HOW_XEES_SEX_NB","SEX_T","2012",36.18,,,"R1:3513"
"CHE","BA:253","HOW_XEES_SEX_NB","SEX_T","2011",36.32,,,"R1:3513"
"CHE","BA:253","HOW_XEES_SEX_NB","SEX_T","2010",36.4,,,"R1:3513"
"CHE","BA:253","HOW_XEES_SEX_NB","SEX_T","2009",35.98,,,"R1:3513"
"CHE","BA:253","HOW_XEES_SEX_NB","SEX_T","2008",36.41,,,"R1:3513"
"CHE","BA:253","HOW_XEES_SEX_NB","SEX_T","2007",36.28,,,"R1:3513"
"CHE","BA:253","HOW_XEES_SEX_NB","SEX_T","2006",36.66,,,"R1:3513"
"CHE","BA:253","HOW_XEES_SEX_NB","SEX_T","2005",36.49,,,"R1:3513"
"CHE","BA:253","HOW_XEES_SEX_NB","SEX_T","2004",36.54,,,"R1:3513"
"CHE","BA:253","HOW_XEES_SEX_NB","SEX_T","2003",36.24,,,"R1:3513"
"CHE","BA:253","HOW_XEES_SEX_NB","SEX_T","2002",35.98,,,"R1:3513"
"CHE","BA:253","HOW_XEES_SEX_NB","SEX_T","2001",36.45,,,"R1:3513"
"CHE","BA:253","HOW_XEES_SEX_NB","SEX_T","2000",36.42,,,"R1:3513"
"CHL","BA:460","HOW_XEES_SEX_NB","SEX_T","2025",40.59,,,"R1:3513"
"CHL","BA:460","HOW_XEES_SEX_NB","SEX_T","2024",40.97,,,"R1:3513"
"CHL","BA:460","HOW_XEES_SEX_NB","SEX_T","2023",41.66,,,"R1:3513"
"CHL","BA:460","HOW_XEES_SEX_NB","SEX_T","2022",41.96,,,"R1:3513"
"CHL","BA:460","HOW_XEES_SEX_NB","SEX_T","2021",42.06,,,"R1:3513"
"CHL","BA:460","HOW_XEES_SEX_NB","SEX_T","2020",41.84,"B","I11:264","R1:3513"
"CHL","BA:460","HOW_XEES_SEX_NB","SEX_T","2019",41.4,,,"R1:3513"
"CHL","BA:460","HOW_XEES_SEX_NB","SEX_T","2018",41.48,,,"R1:3513"
"CHL","BA:460","HOW_XEES_SEX_NB","SEX_T","2017",41.69,"B","I11:264","R1:3513"
"CHL","BA:460","HOW_XEES_SEX_NB","SEX_T","2016",42.17,,,"R1:3513"
"CHL","BA:460","HOW_XEES_SEX_NB","SEX_T","2015",42.27,,,"R1:3513"
"CHL","BA:460","HOW_XEES_SEX_NB","SEX_T","2014",42.29,,,"R1:3513"
"CHL","BA:460","HOW_XEES_SEX_NB","SEX_T","2013",42.67,,,"R1:3513"
"CHL","BA:460","HOW_XEES_SEX_NB","SEX_T","2012",42.71,,,"R1:3513"
"CHL","BA:460","HOW_XEES_SEX_NB","SEX_T","2011",43.1,,,"R1:3513"
"CHL","BA:460","HOW_XEES_SEX_NB","SEX_T","2010",43.11,"B","I11:264","R1:3513"
"CHL","BX:138","HOW_XEES_SEX_NB","SEX_T","2009",43.62,,,"R1:3513"
"CHL","BX:138","HOW_XEES_SEX_NB","SEX_T","2006",45.13,,,"R1:3513"
"CHL","BX:138","HOW_XEES_SEX_NB","SEX_T","2000",48.63,,,"R1:3513"
"CIV","BA:7345","HOW_XEES_SEX_NB","SEX_T","2019",44.95,,,"R1:3513"
"CIV","BA:14098","HOW_XEES_SEX_NB","SEX_T","2017",47.3,,,"R1:3513"
"CIV","BA:7345","HOW_XEES_SEX_NB","SEX_T","2016",51.02,,,"R1:3513"
"CIV","BA:7345","HOW_XEES_SEX_NB","SEX_T","2013",47.73,,,"R1:3513"
"CIV","BA:7345","HOW_XEES_SEX_NB","SEX_T","2012",55.52,"B","I11:264","R1:3513"
"COD","BB:7091","HOW_XEES_SEX_NB","SEX_T","2020",36.16,,,"R1:3513"
"COD","BX:16939","HOW_XEES_SEX_NB","SEX_T","2016",37.44,,,"R1:3513_S4:33"
"COD","BA:3051","HOW_XEES_SEX_NB","SEX_T","2012",42.76,"B","I11:264","R1:3513"
"COD","BA:3051","HOW_XEES_SEX_NB","SEX_T","2005",41.15,"B","I11:264","R1:3513"
"COG","BA:2624","HOW_XEES_SEX_NB","SEX_T","2009",50.71,"B","I11:264","R1:3513_S4:31"
"COK","BA:15665","HOW_XEES_SEX_NB","SEX_T","2023",36.21,,,"R1:3513"
"COK","BA:15665","HOW_XEES_SEX_NB","SEX_T","2019",37.42,"B","I11:264","R1:3513"
"COK","BB:14048","HOW_XEES_SEX_NB","SEX_T","2016",36.18,"B","I11:264","R1:3513"
"COL","BA:358","HOW_XEES_SEX_NB","SEX_T","2025",45.14,,,"R1:3513"
"COL","BA:358","HOW_XEES_SEX_NB","SEX_T","2024",45.85,,,"R1:3513"
"COL","BA:358","HOW_XEES_SEX_NB","SEX_T","2023",46.57,,,"R1:3513"
"COL","BA:358","HOW_XEES_SEX_NB","SEX_T","2022",47.18,"B","I11:264","R1:3513"
"COL","BA:358","HOW_XEES_SEX_NB","SEX_T","2021",46.98,,,"R1:3513"
"COL","BA:358","HOW_XEES_SEX_NB","SEX_T","2020",46.04,,,"R1:3513"
"COL","BA:358","HOW_XEES_SEX_NB","SEX_T","2019",46.74,,,"R1:3513"
"COL","BA:358","HOW_XEES_SEX_NB","SEX_T","2018",47.02,,,"R1:3513"
"COL","BA:358","HOW_XEES_SEX_NB","SEX_T","2017",46.86,,,"R1:3513"
"COL","BA:358","HOW_XEES_SEX_NB","SEX_T","2016",47.08,,,"R1:3513"
"COL","BA:358","HOW_XEES_SEX_NB","SEX_T","2015",47.17,,,"R1:3513"
"COL","BA:358","HOW_XEES_SEX_NB","SEX_T","2014",47.38,,,"R1:3513"
"COL","BA:358","HOW_XEES_SEX_NB","SEX_T","2013",47.68,,,"R1:3513"
"COL","BA:358","HOW_XEES_SEX_NB","SEX_T","2012",47.93,,,"R1:3513"
"COL","BA:358","HOW_XEES_SEX_NB","SEX_T","2011",48.2,,,"R1:3513"
"COL","BA:358","HOW_XEES_SEX_NB","SEX_T","2010",48.32,"B","I11:264","R1:3513"
"COL","BA:358","HOW_XEES_SEX_NB","SEX_T","2009",47.77,,,"R1:3513"
"COL","BA:358","HOW_XEES_SEX_NB","SEX_T","2008",48.71,,,"R1:3513"
"COL","BA:358","HOW_XEES_SEX_NB","SEX_T","2007",48.84,"B","I11:264","R1:3513"
"COL","BX:2226","HOW_XEES_SEX_NB","SEX_T","2005",47.72,,,"R1:3513"
"COL","BX:2226","HOW_XEES_SEX_NB","SEX_T","2004",47.61,,,"R1:3513"
"COL","BX:2226","HOW_XEES_SEX_NB","SEX_T","2003",47.74,,,"R1:3513"
"COL","BX:2226","HOW_XEES_SEX_NB","SEX_T","2002",47.08,,,"R1:3513"
"COM","BA:14125","HOW_XEES_SEX_NB","SEX_T","2021",40.41,,,"R1:3513"
"COM","BA:14125","HOW_XEES_SEX_NB","SEX_T","2014",43.85,,,"R1:3513"
"CPV","BA:7395","HOW_XEES_SEX_NB","SEX_T","2009",47.05,,,"R1:3513"
"CRI","BA:12883","HOW_XEES_SEX_NB","SEX_T","2025",44.59,,,"R1:3513"
"CRI","BA:12883","HOW_XEES_SEX_NB","SEX_T","2024",44.44,,,"R1:3513"
"CRI","BA:12883","HOW_XEES_SEX_NB","SEX_T","2023",44.5,,,"R1:3513"
"CRI","BA:12883","HOW_XEES_SEX_NB","SEX_T","2022",44.35,,,"R1:3513"
"CRI","BA:12883","HOW_XEES_SEX_NB","SEX_T","2021",43.56,,,"R1:3513"
"CRI","BA:12883","HOW_XEES_SEX_NB","SEX_T","2020",41.57,,,"R1:3513"
"CRI","BA:12883","HOW_XEES_SEX_NB","SEX_T","2019",43.37,,,"R1:3513"
"CRI","BA:12883","HOW_XEES_SEX_NB","SEX_T","2018",44.29,,,"R1:3513"
"CRI","BA:12883","HOW_XEES_SEX_NB","SEX_T","2017",44.8,,,"R1:3513"
"CRI","BA:12883","HOW_XEES_SEX_NB","SEX_T","2016",44.92,,,"R1:3513"
"CRI","BA:12883","HOW_XEES_SEX_NB","SEX_T","2015",44.56,,,"R1:3513"
"CRI","BA:12883","HOW_XEES_SEX_NB","SEX_T","2014",44.18,,,"R1:3513"
"CRI","BA:12883","HOW_XEES_SEX_NB","SEX_T","2013",44.09,,,"R1:3513"
"CRI","BA:12883","HOW_XEES_SEX_NB","SEX_T","2012",44.82,,,"R1:3513"
"CRI","BA:12883","HOW_XEES_SEX_NB","SEX_T","2011",46.09,"B","I11:264","R1:3513"
"CRI","BX:142","HOW_XEES_SEX_NB","SEX_T","2010",46.7,,,"R1:3513"
"CYP","BA:36","HOW_XEES_SEX_NB","SEX_T","2024",37.93,,,"R1:3513"
"CYP","BA:36","HOW_XEES_SEX_NB","SEX_T","2023",38.59,,,"R1:3513"
"CYP","BA:36","HOW_XEES_SEX_NB","SEX_T","2022",38.2,,,"R1:3513"
"CYP","BA:36","HOW_XEES_SEX_NB","SEX_T","2021",37.88,,,"R1:3513"
"CYP","BA:36","HOW_XEES_SEX_NB","SEX_T","2020",37.92,,,"R1:3513"
"CYP","BA:36","HOW_XEES_SEX_NB","SEX_T","2019",38.06,,,"R1:3513"
"CYP","BA:36","HOW_XEES_SEX_NB","SEX_T","2018",38.39,,,"R1:3513"
"CYP","BA:36","HOW_XEES_SEX_NB","SEX_T","2017",38.54,,,"R1:3513"
"CYP","BA:36","HOW_XEES_SEX_NB","SEX_T","2016",38.42,,,"R1:3513"
"CYP","BA:36","HOW_XEES_SEX_NB","SEX_T","2015",38.19,,,"R1:3513"
"CYP","BA:36","HOW_XEES_SEX_NB","SEX_T","2014",38.06,,,"R1:3513"
"CYP","BA:36","HOW_XEES_SEX_NB","SEX_T","2013",38.39,,,"R1:3513"
"CYP","BA:36","HOW_XEES_SEX_NB","SEX_T","2012",38.84,,,"R1:3513"
"CYP","BA:36","HOW_XEES_SEX_NB","SEX_T","2011",38.6,,,"R1:3513"
"CYP","BA:36","HOW_XEES_SEX_NB","SEX_T","2010",38.61,,,"R1:3513"
"CYP","BA:36","HOW_XEES_SEX_NB","SEX_T","2009",38.05,,,"R1:3513"
"CYP","BA:36","HOW_XEES_SEX_NB","SEX_T","2008",38.38,,,"R1:3513"
"CYP","BA:36","HOW_XEES_SEX_NB","SEX_T","2007",38.15,,,"R1:3513"
"CYP","BA:36","HOW_XEES_SEX_NB","SEX_T","2006",38.03,,,"R1:3513"
"CYP","BA:36","HOW_XEES_SEX_NB","SEX_T","2005",38.07,,,"R1:3513"
"CYP","BA:36","HOW_XEES_SEX_NB","SEX_T","2004",38.48,,,"R1:3513"
"CYP","BA:36","HOW_XEES_SEX_NB","SEX_T","2003",37.11,,,"R1:3513"
"CYP","BA:36","HOW_XEES_SEX_NB","SEX_T","2002",37.47,,,"R1:3513"
"CYP","BA:36","HOW_XEES_SEX_NB","SEX_T","2001",37.73,,,"R1:3513"
"CYP","BA:36","HOW_XEES_SEX_NB","SEX_T","2000",38.37,,,"R1:3513"
"CZE","BA:149","HOW_XEES_SEX_NB","SEX_T","2024",37.44,,,"R1:3513"
"CZE","BA:149","HOW_XEES_SEX_NB","SEX_T","2023",37.38,,,"R1:3513"
"CZE","BA:149","HOW_XEES_SEX_NB","SEX_T","2022",37.07,,,"R1:3513"
"CZE","BA:149","HOW_XEES_SEX_NB","SEX_T","2021",37.61,,,"R1:3513"
"CZE","BA:149","HOW_XEES_SEX_NB","SEX_T","2020",37.25,,,"R1:3513"
"CZE","BA:149","HOW_XEES_SEX_NB","SEX_T","2019",37.97,,,"R1:3513"
"CZE","BA:149","HOW_XEES_SEX_NB","SEX_T","2018",37.89,,,"R1:3513"
"CZE","BA:149","HOW_XEES_SEX_NB","SEX_T","2017",38.06,,,"R1:3513"
"CZE","BA:149","HOW_XEES_SEX_NB","SEX_T","2016",38.34,,,"R1:3513"
"CZE","BA:149","HOW_XEES_SEX_NB","SEX_T","2015",38.1,,,"R1:3513"
"CZE","BA:149","HOW_XEES_SEX_NB","SEX_T","2014",38.34,,,"R1:3513"
"CZE","BA:149","HOW_XEES_SEX_NB","SEX_T","2013",38.5,,,"R1:3513"
"CZE","BA:149","HOW_XEES_SEX_NB","SEX_T","2012",38.92,,,"R1:3513"
"CZE","BA:149","HOW_XEES_SEX_NB","SEX_T","2011",39.14,,,"R1:3513"
"CZE","BA:149","HOW_XEES_SEX_NB","SEX_T","2010",39.24,,,"R1:3513"
"CZE","BA:149","HOW_XEES_SEX_NB","SEX_T","2009",39.34,,,"R1:3513"
"CZE","BA:149","HOW_XEES_SEX_NB","SEX_T","2008",39.94,,,"R1:3513"
"CZE","BA:149","HOW_XEES_SEX_NB","SEX_T","2007",39.95,,,"R1:3513"
"CZE","BA:149","HOW_XEES_SEX_NB","SEX_T","2006",40.01,,,"R1:3513"
"CZE","BA:149","HOW_XEES_SEX_NB","SEX_T","2005",40.28,,,"R1:3513"
"CZE","BA:149","HOW_XEES_SEX_NB","SEX_T","2004",40.09,,,"R1:3513"
"CZE","BA:149","HOW_XEES_SEX_NB","SEX_T","2003",40.17,,,"R1:3513"
"CZE","BA:149","HOW_XEES_SEX_NB","SEX_T","2002",40.06,,,"R1:3513"
"CZE","BA:149","HOW_XEES_SEX_NB","SEX_T","2001",39.98,,,"R1:3513"
"CZE","BA:149","HOW_XEES_SEX_NB","SEX_T","2000",41.87,"B","I11:264","R1:3513"
"DEU","BA:2242","HOW_XEES_SEX_NB","SEX_T","2024",32.91,,,"R1:3513"
"DEU","BA:2242","HOW_XEES_SEX_NB","SEX_T","2023",33.06,,,"R1:3513"
"DEU","BA:2242","HOW_XEES_SEX_NB","SEX_T","2022",33.51,,,"R1:3513"
"DEU","BA:2242","HOW_XEES_SEX_NB","SEX_T","2021",33.62,,,"R1:3513"
"DEU","BA:2242","HOW_XEES_SEX_NB","SEX_T","2020",33.66,,,"R1:3513"
"DEU","BA:2242","HOW_XEES_SEX_NB","SEX_T","2019",34.09,,,"R1:3513"
"DEU","BA:2242","HOW_XEES_SEX_NB","SEX_T","2018",34.21,,,"R1:3513"
"DEU","BA:2242","HOW_XEES_SEX_NB","SEX_T","2017",34.23,,,"R1:3513"
"DEU","BA:2242","HOW_XEES_SEX_NB","SEX_T","2016",34.46,,,"R1:3513"
"DEU","BA:2242","HOW_XEES_SEX_NB","SEX_T","2015",34.34,,,"R1:3513"
"DEU","BA:2242","HOW_XEES_SEX_NB","SEX_T","2014",34.44,,,"R1:3513"
"DEU","BA:2242","HOW_XEES_SEX_NB","SEX_T","2013",34.35,,,"R1:3513"
"DEU","BA:2242","HOW_XEES_SEX_NB","SEX_T","2012",34.52,,,"R1:3513"
"DEU","BA:2242","HOW_XEES_SEX_NB","SEX_T","2011",34.47,,,"R1:3513"
"DEU","BA:2242","HOW_XEES_SEX_NB","SEX_T","2010",34.48,,,"R1:3513"
"DEU","BA:2242","HOW_XEES_SEX_NB","SEX_T","2009",34.22,,,"R1:3513"
"DEU","BA:2242","HOW_XEES_SEX_NB","SEX_T","2008",34.88,,,"R1:3513"
"DEU","BA:2242","HOW_XEES_SEX_NB","SEX_T","2007",35.3,,,"R1:3513"
"DEU","BA:2242","HOW_XEES_SEX_NB","SEX_T","2006",34.93,,,"R1:3513"
"DEU","BA:2242","HOW_XEES_SEX_NB","SEX_T","2005",35.69,,,"R1:3513"
"DEU","BA:2242","HOW_XEES_SEX_NB","SEX_T","2004",35.66,,,"R1:3513"
"DEU","BA:2242","HOW_XEES_SEX_NB","SEX_T","2003",35.7,,,"R1:3513"
"DEU","BA:2242","HOW_XEES_SEX_NB","SEX_T","2002",36.04,,,"R1:3513"
"DEU","BA:2242","HOW_XEES_SEX_NB","SEX_T","2001",36.31,,,"R1:3513"
"DEU","BA:2242","HOW_XEES_SEX_NB","SEX_T","2000",36.57,,,"R1:3513"
"DJI","BA:16955","HOW_XEES_SEX_NB","SEX_T","2025",45.12,,,"R1:3513"
"DNK","BA:2487","HOW_XEES_SEX_NB","SEX_T","2024",32.09,,,"R1:3513"
"DNK","BA:2487","HOW_XEES_SEX_NB","SEX_T","2023",32.41,,,"R1:3513"
"DNK","BA:2487","HOW_XEES_SEX_NB","SEX_T","2022",32.63,,,"R1:3513"
"DNK","BA:2487","HOW_XEES_SEX_NB","SEX_T","2021",33.22,,,"R1:3513"
"DNK","BA:2487","HOW_XEES_SEX_NB","SEX_T","2020",33.06,,,"R1:3513"
"DNK","BA:2487","HOW_XEES_SEX_NB","SEX_T","2019",32.81,,,"R1:3513"
"DNK","BA:2487","HOW_XEES_SEX_NB","SEX_T","2018",33.12,,,"R1:3513"
"DNK","BA:2487","HOW_XEES_SEX_NB","SEX_T","2017",33.29,,,"R1:3513"
"DNK","BA:2487","HOW_XEES_SEX_NB","SEX_T","2016",33.29,,,"R1:3513"
"DNK","BA:2487","HOW_XEES_SEX_NB","SEX_T","2015",33.58,,,"R1:3513"
"DNK","BA:2487","HOW_XEES_SEX_NB","SEX_T","2014",33.62,,,"R1:3513"
"DNK","BA:2487","HOW_XEES_SEX_NB","SEX_T","2013",33.89,,,"R1:3513"
"DNK","BA:2487","HOW_XEES_SEX_NB","SEX_T","2012",33.87,,,"R1:3513"
"DNK","BA:2487","HOW_XEES_SEX_NB","SEX_T","2011",34.12,,,"R1:3513"
"DNK","BA:2487","HOW_XEES_SEX_NB","SEX_T","2010",33.95,,,"R1:3513"
"DNK","BA:2487","HOW_XEES_SEX_NB","SEX_T","2009",33.52,,,"R1:3513"
"DNK","BA:2487","HOW_XEES_SEX_NB","SEX_T","2008",33.93,,,"R1:3513"
"DNK","BA:2487","HOW_XEES_SEX_NB","SEX_T","2007",34.02,,,"R1:3513"
"DNK","BA:2487","HOW_XEES_SEX_NB","SEX_T","2006",33.84,,,"R1:3513"
"DNK","BA:2487","HOW_XEES_SEX_NB","SEX_T","2005",34.13,,,"R1:3513"
"DNK","BA:2487","HOW_XEES_SEX_NB","SEX_T","2004",32.6,,,"R1:3513"
"DNK","BA:2487","HOW_XEES_SEX_NB","SEX_T","2003",32.91,,,"R1:3513"
"DNK","BA:2487","HOW_XEES_SEX_NB","SEX_T","2002",33.68,,,"R1:3513"
"DNK","BA:2487","HOW_XEES_SEX_NB","SEX_T","2001",33.27,,,"R1:3513"
"DNK","BA:2487","HOW_XEES_SEX_NB","SEX_T","2000",32.72,,,"R1:3513"
"DOM","BA:13413","HOW_XEES_SEX_NB","SEX_T","2025",41.58,,,"R1:3513"
"DOM","BA:13413","HOW_XEES_SEX_NB","SEX_T","2024",41.8,,,"R1:3513"
"DOM","BA:13413","HOW_XEES_SEX_NB","SEX_T","2023",41.77,,,"R1:3513"
"DOM","BA:13413","HOW_XEES_SEX_NB","SEX_T","2022",42.54,,,"R1:3513"
"DOM","BA:13413","HOW_XEES_SEX_NB","SEX_T","2021",41.17,,,"R1:3513"
"DOM","BA:13413","HOW_XEES_SEX_NB","SEX_T","2020",40.33,"B","I11:264","R1:3513"
"DOM","BA:13413","HOW_XEES_SEX_NB","SEX_T","2019",41.54,,,"R1:3513"
"DOM","BA:13413","HOW_XEES_SEX_NB","SEX_T","2018",41.96,,,"R1:3513"
"DOM","BA:13413","HOW_XEES_SEX_NB","SEX_T","2017",42.06,,,"R1:3513"
"DOM","BA:13413","HOW_XEES_SEX_NB","SEX_T","2016",42.63,,,"R1:3513"
"DOM","BA:13413","HOW_XEES_SEX_NB","SEX_T","2015",43.11,"B","I11:264","R1:3513"
"ECU","BA:19","HOW_XEES_SEX_NB","SEX_T","2025",37.18,,,"R1:3513"
"ECU","BA:19","HOW_XEES_SEX_NB","SEX_T","2024",37.27,,,"R1:3513"
"ECU","BA:19","HOW_XEES_SEX_NB","SEX_T","2023",38.08,,,"R1:3513"
"ECU","BA:19","HOW_XEES_SEX_NB","SEX_T","2022",38.43,,,"R1:3513"
"ECU","BA:19","HOW_XEES_SEX_NB","SEX_T","2021",38.48,,,"R1:3513"
"ECU","BA:19","HOW_XEES_SEX_NB","SEX_T","2019",39.8,,,"R1:3513"
"ECU","BA:19","HOW_XEES_SEX_NB","SEX_T","2018",40.71,,,"R1:3513"
"ECU","BA:19","HOW_XEES_SEX_NB","SEX_T","2017",40.82,,,"R1:3513"
"ECU","BA:19","HOW_XEES_SEX_NB","SEX_T","2016",41.2,,,"R1:3513"
"ECU","BA:19","HOW_XEES_SEX_NB","SEX_T","2015",41.52,,,"R1:3513"
"ECU","BA:19","HOW_XEES_SEX_NB","SEX_T","2014",41.5,,,"R1:3513"
"ECU","BA:19","HOW_XEES_SEX_NB","SEX_T","2013",42.17,,,"R1:3513"
"EGY","BA:582","HOW_XEES_SEX_NB","SEX_T","2024",45.92,"B","I11:264","R1:3513"
"EGY","BA:582","HOW_XEES_SEX_NB","SEX_T","2023",44.97,,,"R1:3513"
"EGY","BA:582","HOW_XEES_SEX_NB","SEX_T","2022",45.96,,,"R1:3513"
"EGY","BA:582","HOW_XEES_SEX_NB","SEX_T","2021",43.27,,,"R1:3513"
"EGY","BA:582","HOW_XEES_SEX_NB","SEX_T","2020",41.62,,,"R1:3513"
"EGY","BA:582","HOW_XEES_SEX_NB","SEX_T","2019",46.58,,,"R1:3513"
"EGY","BA:582","HOW_XEES_SEX_NB","SEX_T","2018",45.94,,,"R1:3513"
"EGY","BA:582","HOW_XEES_SEX_NB","SEX_T","2017",44.9,,,"R1:3513"
"EGY","BA:582","HOW_XEES_SEX_NB","SEX_T","2016",43.87,"B","I11:264","R1:3513"
"EGY","BA:582","HOW_XEES_SEX_NB","SEX_T","2015",46.49,,,"R1:3513"
"EGY","BA:582","HOW_XEES_SEX_NB","SEX_T","2013",46.01,,,"R1:3513"
"EGY","BA:582","HOW_XEES_SEX_NB","SEX_T","2012",45.64,,,"R1:3513"
"EGY","BA:582","HOW_XEES_SEX_NB","SEX_T","2011",45.73,,,"R1:3513"
"EGY","BA:582","HOW_XEES_SEX_NB","SEX_T","2010",47.31,,,"R1:3513"
"EGY","BA:582","HOW_XEES_SEX_NB","SEX_T","2009",47.21,,,"R1:3513"
"EGY","BA:582","HOW_XEES_SEX_NB","SEX_T","2008",46.47,"B","I11:264","R1:3513"
"ESP","BA:246","HOW_XEES_SEX_NB","SEX_T","2025",35.14,,,"R1:3513"
"ESP","BA:2244","HOW_XEES_SEX_NB","SEX_T","2024",35.26,,,"R1:3513"
"ESP","BA:2244","HOW_XEES_SEX_NB","SEX_T","2023",35.18,,,"R1:3513"
"ESP","BA:2244","HOW_XEES_SEX_NB","SEX_T","2022",35.27,,,"R1:3513"
"ESP","BA:2244","HOW_XEES_SEX_NB","SEX_T","2021",35.01,,,"R1:3513"
"ESP","BA:2244","HOW_XEES_SEX_NB","SEX_T","2020",35.48,,,"R1:3513"
"ESP","BA:2244","HOW_XEES_SEX_NB","SEX_T","2019",35.8,,,"R1:3513"
"ESP","BA:2244","HOW_XEES_SEX_NB","SEX_T","2018",36.04,,,"R1:3513"
"ESP","BA:2244","HOW_XEES_SEX_NB","SEX_T","2017",35.66,,,"R1:3513"
"ESP","BA:2244","HOW_XEES_SEX_NB","SEX_T","2016",35.85,,,"R1:3513"
"ESP","BA:2244","HOW_XEES_SEX_NB","SEX_T","2015",35.85,,,"R1:3513"
"ESP","BA:2244","HOW_XEES_SEX_NB","SEX_T","2014",35.86,,,"R1:3513"
"ESP","BA:2244","HOW_XEES_SEX_NB","SEX_T","2013",35.81,,,"R1:3513"
"ESP","BA:2244","HOW_XEES_SEX_NB","SEX_T","2012",35.86,,,"R1:3513"
"ESP","BA:2244","HOW_XEES_SEX_NB","SEX_T","2011",36.2,,,"R1:3513"
"ESP","BA:2244","HOW_XEES_SEX_NB","SEX_T","2010",36.53,,,"R1:3513"
"ESP","BA:2244","HOW_XEES_SEX_NB","SEX_T","2009",36.62,,,"R1:3513"
"ESP","BA:2244","HOW_XEES_SEX_NB","SEX_T","2008",37.09,,,"R1:3513"
"ESP","BA:2244","HOW_XEES_SEX_NB","SEX_T","2007",37.55,,,"R1:3513"
"ESP","BA:2244","HOW_XEES_SEX_NB","SEX_T","2006",37.7,,,"R1:3513"
"ESP","BA:2244","HOW_XEES_SEX_NB","SEX_T","2005",37.63,,,"R1:3513"
"ESP","BA:2244","HOW_XEES_SEX_NB","SEX_T","2004",37.09,,,"R1:3513"
"ESP","BA:2244","HOW_XEES_SEX_NB","SEX_T","2003",36.48,,,"R1:3513"
"ESP","BA:2244","HOW_XEES_SEX_NB","SEX_T","2002",37.15,,,"R1:3513"
"ESP","BA:2244","HOW_XEES_SEX_NB","SEX_T","2001",36.97,,,"R1:3513"
"ESP","BA:2244","HOW_XEES_SEX_NB","SEX_T","2000",37.02,,,"R1:3513"
"EST","BA:42","HOW_XEES_SEX_NB","SEX_T","2024",36.05,,,"R1:3513"
"EST","BA:42","HOW_XEES_SEX_NB","SEX_T","2023",36.1,,,"R1:3513"
"EST","BA:42","HOW_XEES_SEX_NB","SEX_T","2022",36.35,,,"R1:3513"
"EST","BA:42","HOW_XEES_SEX_NB","SEX_T","2021",36.56,,,"R1:3513"
"EST","BA:42","HOW_XEES_SEX_NB","SEX_T","2020",36.81,,,"R1:3513"
"EST","BA:42","HOW_XEES_SEX_NB","SEX_T","2019",37.51,,,"R1:3513"
"EST","BA:42","HOW_XEES_SEX_NB","SEX_T","2018",37.45,,,"R1:3513"
"EST","BA:42","HOW_XEES_SEX_NB","SEX_T","2017",38.29,,,"R1:3513"
"EST","BA:42","HOW_XEES_SEX_NB","SEX_T","2016",38.02,,,"R1:3513"
"EST","BA:42","HOW_XEES_SEX_NB","SEX_T","2015",37.76,,,"R1:3513"
"EST","BA:42","HOW_XEES_SEX_NB","SEX_T","2014",38,,,"R1:3513"
"EST","BA:42","HOW_XEES_SEX_NB","SEX_T","2013",38.21,,,"R1:3513"
"EST","BA:42","HOW_XEES_SEX_NB","SEX_T","2012",38.17,,,"R1:3513"
"EST","BA:42","HOW_XEES_SEX_NB","SEX_T","2011",38.57,,,"R1:3513"
"EST","BA:42","HOW_XEES_SEX_NB","SEX_T","2010",38.41,,,"R1:3513"
"EST","BA:42","HOW_XEES_SEX_NB","SEX_T","2009",37.58,,,"R1:3513"
"EST","BA:42","HOW_XEES_SEX_NB","SEX_T","2008",39.09,,,"R1:3513"
"EST","BA:42","HOW_XEES_SEX_NB","SEX_T","2007",39.53,,,"R1:3513"
"EST","BA:42","HOW_XEES_SEX_NB","SEX_T","2006",39.69,,,"R1:3513"
"EST","BA:42","HOW_XEES_SEX_NB","SEX_T","2005",39.62,,,"R1:3513"
"EST","BA:42","HOW_XEES_SEX_NB","SEX_T","2004",39.58,,,"R1:3513"
"EST","BA:42","HOW_XEES_SEX_NB","SEX_T","2003",39.12,,,"R1:3513"
"EST","BA:42","HOW_XEES_SEX_NB","SEX_T","2002",39.84,,,"R1:3513"
"EST","BA:42","HOW_XEES_SEX_NB","SEX_T","2001",39.58,,,"R1:3513"
"EST","BA:42","HOW_XEES_SEX_NB","SEX_T","2000",39.62,,,"R1:3513"
"ETH","BA:1126","HOW_XEES_SEX_NB","SEX_T","2021",43.73,,,"R1:3513"
"ETH","BA:1126","HOW_XEES_SEX_NB","SEX_T","2013",45.3,,,"R1:3513"
"ETH","BA:1126","HOW_XEES_SEX_NB","SEX_T","2005",46.5,,,"R1:3513"
"FIN","BA:2486","HOW_XEES_SEX_NB","SEX_T","2024",33.68,,,"R1:3513"
"FIN","BA:2486","HOW_XEES_SEX_NB","SEX_T","2023",33.38,,,"R1:3513"
"FIN","BA:2486","HOW_XEES_SEX_NB","SEX_T","2022",33.5,,,"R1:3513"
"FIN","BA:2486","HOW_XEES_SEX_NB","SEX_T","2021",33.93,,,"R1:3513"
"FIN","BA:2486","HOW_XEES_SEX_NB","SEX_T","2020",34.96,,,"R1:3513"
"FIN","BA:2486","HOW_XEES_SEX_NB","SEX_T","2019",34.81,,,"R1:3513"
"FIN","BA:2486","HOW_XEES_SEX_NB","SEX_T","2018",34.77,,,"R1:3513"
"FIN","BA:2486","HOW_XEES_SEX_NB","SEX_T","2017",34.97,,,"R1:3513"
"FIN","BA:2486","HOW_XEES_SEX_NB","SEX_T","2016",35.13,,,"R1:3513"
"FIN","BA:2486","HOW_XEES_SEX_NB","SEX_T","2015",34.72,,,"R1:3513"
"FIN","BA:2486","HOW_XEES_SEX_NB","SEX_T","2014",34.83,,,"R1:3513"
"FIN","BA:2486","HOW_XEES_SEX_NB","SEX_T","2013",34.96,,,"R1:3513"
"FIN","BA:2486","HOW_XEES_SEX_NB","SEX_T","2012",35.2,,,"R1:3513"
"FIN","BA:2486","HOW_XEES_SEX_NB","SEX_T","2011",35.38,,,"R1:3513"
"FIN","BA:2486","HOW_XEES_SEX_NB","SEX_T","2010",35.34,,,"R1:3513"
"FIN","BA:2486","HOW_XEES_SEX_NB","SEX_T","2009",35.2,,,"R1:3513"
"FIN","BA:2486","HOW_XEES_SEX_NB","SEX_T","2008",35.83,,,"R1:3513"
"FIN","BA:2486","HOW_XEES_SEX_NB","SEX_T","2007",35.55,,,"R1:3513"
"FIN","BA:2486","HOW_XEES_SEX_NB","SEX_T","2006",34.77,,,"R1:3513"
"FIN","BA:2486","HOW_XEES_SEX_NB","SEX_T","2005",35.79,,,"R1:3513"
"FIN","BA:2486","HOW_XEES_SEX_NB","SEX_T","2004",35.24,,,"R1:3513"
"FIN","BA:2486","HOW_XEES_SEX_NB","SEX_T","2003",34.56,,,"R1:3513"
"FIN","BA:2486","HOW_XEES_SEX_NB","SEX_T","2002",35.21,,,"R1:3513"
"FIN","BA:2486","HOW_XEES_SEX_NB","SEX_T","2001",34.8,,,"R1:3513"
"FIN","BA:2486","HOW_XEES_SEX_NB","SEX_T","2000",35.16,,,"R1:3513"
"FJI","BA:1135","HOW_XEES_SEX_NB","SEX_T","2024",42.64,,,"R1:3513"
"FRA","BA:148","HOW_XEES_SEX_NB","SEX_T","2024",34.64,,,"R1:3513"
"FRA","BA:148","HOW_XEES_SEX_NB","SEX_T","2023",34.72,,,"R1:3513"
"FRA","BA:148","HOW_XEES_SEX_NB","SEX_T","2022",34.92,,,"R1:3513"
"FRA","BA:148","HOW_XEES_SEX_NB","SEX_T","2021",34.75,,,"R1:3513"
"FRA","BA:148","HOW_XEES_SEX_NB","SEX_T","2020",34.75,,,"R1:3513"
"FRA","BA:148","HOW_XEES_SEX_NB","SEX_T","2019",34.91,,,"R1:3513"
"FRA","BA:148","HOW_XEES_SEX_NB","SEX_T","2018",34.93,,,"R1:3513"
"FRA","BA:148","HOW_XEES_SEX_NB","SEX_T","2017",34.84,,,"R1:3513"
"FRA","BA:148","HOW_XEES_SEX_NB","SEX_T","2016",34.82,,,"R1:3513"
"FRA","BA:148","HOW_XEES_SEX_NB","SEX_T","2015",34.63,,,"R1:3513"
"FRA","BA:148","HOW_XEES_SEX_NB","SEX_T","2014",34.53,,,"R1:3513"
"FRA","BA:148","HOW_XEES_SEX_NB","SEX_T","2013",34.66,,,"R1:3513"
"FRA","BA:148","HOW_XEES_SEX_NB","SEX_T","2012",35.1,,,"R1:3513"
"FRA","BA:148","HOW_XEES_SEX_NB","SEX_T","2011",35.29,,,"R1:3513"
"FRA","BA:148","HOW_XEES_SEX_NB","SEX_T","2010",35.18,,,"R1:3513"
"FRA","BA:148","HOW_XEES_SEX_NB","SEX_T","2009",34.89,,,"R1:3513"
"FRA","BA:148","HOW_XEES_SEX_NB","SEX_T","2008",35.17,,,"R1:3513"
"FRA","BA:148","HOW_XEES_SEX_NB","SEX_T","2007",34.99,,,"R1:3513"
"FRA","BA:148","HOW_XEES_SEX_NB","SEX_T","2006",34.92,,,"R1:3513"
"FRA","BA:148","HOW_XEES_SEX_NB","SEX_T","2005",34.99,"B","I11:264","R1:3513"
"FRA","BA:148","HOW_XEES_SEX_NB","SEX_T","2004",35.03,,,"R1:3513"
"FRA","BA:148","HOW_XEES_SEX_NB","SEX_T","2003",35,,,"R1:3513"
"FRA","BA:148","HOW_XEES_SEX_NB","SEX_T","2002",35.99,,,"R1:3513"
"FRA","BA:148","HOW_XEES_SEX_NB","SEX_T","2001",36.53,,,"R1:3513"
"FRA","BA:148","HOW_XEES_SEX_NB","SEX_T","2000",36.77,,,"R1:3513"
"FSM","BB:14055","HOW_XEES_SEX_NB","SEX_T","2014",38.58,,,"R1:3513"
"GAB","BA:583","HOW_XEES_SEX_NB","SEX_T","2024",45.47,,,"R1:3513"
"GBR","BA:666","HOW_XEES_SEX_NB","SEX_T","2025",35.08,,,"R1:3513"
"GBR","BA:666","HOW_XEES_SEX_NB","SEX_T","2024",35.23,,,"R1:3513"
"GBR","BA:666","HOW_XEES_SEX_NB","SEX_T","2023",35.12,,,"R1:3513"
"GBR","BA:666","HOW_XEES_SEX_NB","SEX_T","2022",35.35,,,"R1:3513"
"GBR","BA:666","HOW_XEES_SEX_NB","SEX_T","2021",35.91,,,"R1:3513"
"GBR","BA:666","HOW_XEES_SEX_NB","SEX_T","2020",35.37,,,"R1:3513"
"GBR","BA:666","HOW_XEES_SEX_NB","SEX_T","2019",35.44,,,"R1:3513"
"GBR","BA:666","HOW_XEES_SEX_NB","SEX_T","2018",35.41,,,"R1:3513"
"GBR","BA:666","HOW_XEES_SEX_NB","SEX_T","2017",35.48,,,"R1:3513"
"GBR","BA:666","HOW_XEES_SEX_NB","SEX_T","2016",35.56,,,"R1:3513"
"GBR","BA:666","HOW_XEES_SEX_NB","SEX_T","2015",35.45,,,"R1:3513"
"GBR","BA:666","HOW_XEES_SEX_NB","SEX_T","2014",35.42,,,"R1:3513"
"GBR","BA:666","HOW_XEES_SEX_NB","SEX_T","2013",35.24,,,"R1:3513"
"GBR","BA:666","HOW_XEES_SEX_NB","SEX_T","2012",35.11,,,"R1:3513"
"GBR","BA:666","HOW_XEES_SEX_NB","SEX_T","2011",34.94,,,"R1:3513"
"GBR","BA:666","HOW_XEES_SEX_NB","SEX_T","2010",34.88,,,"R1:3513"
"GBR","BA:666","HOW_XEES_SEX_NB","SEX_T","2009",34.98,,,"R1:3513"
"GBR","BA:666","HOW_XEES_SEX_NB","SEX_T","2008",35.14,,,"R1:3513"
"GBR","BA:666","HOW_XEES_SEX_NB","SEX_T","2007",35.4,,,"R1:3513"
"GBR","BA:666","HOW_XEES_SEX_NB","SEX_T","2006",35.27,,,"R1:3513"
"GBR","BA:666","HOW_XEES_SEX_NB","SEX_T","2005",35.34,"B","I11:264","R1:3513"
"GBR","BA:2247","HOW_XEES_SEX_NB","SEX_T","2004",34.94,,,"R1:3513"
"GBR","BA:666","HOW_XEES_SEX_NB","SEX_T","2003",35.24,,,"R1:3513"
"GBR","BA:666","HOW_XEES_SEX_NB","SEX_T","2002",35.4,,,"R1:3513"
"GBR","BA:666","HOW_XEES_SEX_NB","SEX_T","2001",35.7,,,"R1:3513"
"GBR","BA:666","HOW_XEES_SEX_NB","SEX_T","2000",35.7,,,"R1:3513"
"GEO","BA:13950","HOW_XEES_SEX_NB","SEX_T","2025",41.51,,,"R1:3513"
"GEO","BA:13950","HOW_XEES_SEX_NB","SEX_T","2024",41.43,,,"R1:3513"
"GEO","BA:13950","HOW_XEES_SEX_NB","SEX_T","2023",41.54,,,"R1:3513"
"GEO","BA:13950","HOW_XEES_SEX_NB","SEX_T","2022",42.28,,,"R1:3513"
"GEO","BA:13950","HOW_XEES_SEX_NB","SEX_T","2021",42.14,,,"R1:3513"
"GEO","BA:13950","HOW_XEES_SEX_NB","SEX_T","2020",43.02,"B","I11:264","R1:3513"
"GEO","BA:13950","HOW_XEES_SEX_NB","SEX_T","2019",44.56,,,"R1:3513"
"GEO","BA:13950","HOW_XEES_SEX_NB","SEX_T","2018",44.39,,,"R1:3513"
"GEO","BA:13950","HOW_XEES_SEX_NB","SEX_T","2017",43.28,,,"R1:3513"
"GHA","BB:16203","HOW_XEES_SEX_NB","SEX_T","2024",39.8,,,"R1:3513"
"GHA","BB:16203","HOW_XEES_SEX_NB","SEX_T","2023",39.02,,,"R1:3513"
"GHA","BB:16203","HOW_XEES_SEX_NB","SEX_T","2022",40.55,,,"R1:3513"
"GHA","BB:3078","HOW_XEES_SEX_NB","SEX_T","2017",41.28,"B","I11:264","R1:3513"
"GHA","BA:1163","HOW_XEES_SEX_NB","SEX_T","2015",40.98,"B","I11:264","R1:3513"
"GHA","BB:3078","HOW_XEES_SEX_NB","SEX_T","2013",48.9,"B","I11:264","R1:3513"
"GHA","BB:3078","HOW_XEES_SEX_NB","SEX_T","2006",50.42,"B","I11:264","R1:3513"
"GMB","BA:7014","HOW_XEES_SEX_NB","SEX_T","2025",45.15,,,"R1:3513"
"GMB","BA:7014","HOW_XEES_SEX_NB","SEX_T","2023",44.14,,,"R1:3513"
"GMB","BA:7014","HOW_XEES_SEX_NB","SEX_T","2018",50.21,"B","I11:264","R1:3513"
"GMB","BA:7014","HOW_XEES_SEX_NB","SEX_T","2012",52.88,"B","I11:264","R1:3513"
"GNB","BA:15635","HOW_XEES_SEX_NB","SEX_T","2018",42.31,,,"R1:3513"
"GNQ","BB:16937","HOW_XEES_SEX_NB","SEX_T","2023",47.45,,,"R1:3513"
"GRC","BA:317","HOW_XEES_SEX_NB","SEX_T","2025",37.84,,,"R1:3513"
"GRC","BA:317","HOW_XEES_SEX_NB","SEX_T","2024",37.93,,,"R1:3513"
"GRC","BA:317","HOW_XEES_SEX_NB","SEX_T","2023",38.04,,,"R1:3513"
"GRC","BA:317","HOW_XEES_SEX_NB","SEX_T","2022",37.61,,,"R1:3513"
"GRC","BA:317","HOW_XEES_SEX_NB","SEX_T","2021",37.94,,,"R1:3513"
"GRC","BA:317","HOW_XEES_SEX_NB","SEX_T","2020",37.85,,,"R1:3513"
"GRC","BA:317","HOW_XEES_SEX_NB","SEX_T","2019",37.83,,,"R1:3513"
"GRC","BA:317","HOW_XEES_SEX_NB","SEX_T","2018",38.12,,,"R1:3513"
"GRC","BA:317","HOW_XEES_SEX_NB","SEX_T","2017",38.14,,,"R1:3513"
"GRC","BA:317","HOW_XEES_SEX_NB","SEX_T","2016",38.29,,,"R1:3513"
"GRC","BA:317","HOW_XEES_SEX_NB","SEX_T","2015",38.04,,,"R1:3513"
"GRC","BA:317","HOW_XEES_SEX_NB","SEX_T","2014",38.05,,,"R1:3513"
"GRC","BA:317","HOW_XEES_SEX_NB","SEX_T","2013",38.3,,,"R1:3513"
"GRC","BA:317","HOW_XEES_SEX_NB","SEX_T","2012",38.4,,,"R1:3513"
"GRC","BA:317","HOW_XEES_SEX_NB","SEX_T","2011",38.56,,,"R1:3513"
"GRC","BA:317","HOW_XEES_SEX_NB","SEX_T","2010",38.53,,,"R1:3513"
"GRC","BA:317","HOW_XEES_SEX_NB","SEX_T","2009",38.45,,,"R1:3513"
"GRC","BA:317","HOW_XEES_SEX_NB","SEX_T","2008",38.87,,,"R1:3513"
"GRC","BA:317","HOW_XEES_SEX_NB","SEX_T","2007",38.93,,,"R1:3513"
"GRC","BA:317","HOW_XEES_SEX_NB","SEX_T","2006",39.11,,,"R1:3513"
"GRC","BA:317","HOW_XEES_SEX_NB","SEX_T","2005",39.44,,,"R1:3513"
"GRC","BA:317","HOW_XEES_SEX_NB","SEX_T","2004",39.37,,,"R1:3513"
"GRC","BA:317","HOW_XEES_SEX_NB","SEX_T","2003",39.31,,,"R1:3513"
"GRC","BA:317","HOW_XEES_SEX_NB","SEX_T","2002",39.38,,,"R1:3513"
"GRC","BA:317","HOW_XEES_SEX_NB","SEX_T","2001",39.89,,,"R1:3513"
"GRC","BA:317","HOW_XEES_SEX_NB","SEX_T","2000",39.63,,,"R1:3513"
"GRD","BA:1193","HOW_XEES_SEX_NB","SEX_T","2023",42.06,,,"R1:3513"
"GRD","BA:1193","HOW_XEES_SEX_NB","SEX_T","2021",40.95,,,"R1:3513"
"GRD","BA:1193","HOW_XEES_SEX_NB","SEX_T","2020",40.24,,,"R1:3513"
"GRD","BA:1193","HOW_XEES_SEX_NB","SEX_T","2019",41.16,,,"R1:3513"
"GRD","BA:1193","HOW_XEES_SEX_NB","SEX_T","2018",42.67,,,"R1:3513"
"GTM","BA:660","HOW_XEES_SEX_NB","SEX_T","2025",46.55,,,"R1:3513"
"GTM","BA:660","HOW_XEES_SEX_NB","SEX_T","2024",45.77,"B","I11:264","R1:3513"
"GTM","BB:16732","HOW_XEES_SEX_NB","SEX_T","2023",45.29,,,"R1:3513"
"GUY","BA:1214","HOW_XEES_SEX_NB","SEX_T","2024",46.52,,,"R1:3513"
"GUY","BA:1214","HOW_XEES_SEX_NB","SEX_T","2021",44.55,,,"R1:3513"
"GUY","BA:1214","HOW_XEES_SEX_NB","SEX_T","2020",45.96,,,"R1:3513"
"GUY","BA:1214","HOW_XEES_SEX_NB","SEX_T","2019",45.04,,,"R1:3513"
"GUY","BA:1214","HOW_XEES_SEX_NB","SEX_T","2018",44.57,"B","I11:264","R1:3513"
"HND","BX:504","HOW_XEES_SEX_NB","SEX_T","2025",44.87,,,"R1:3513_S3:9"
"HND","BX:504","HOW_XEES_SEX_NB","SEX_T","2024",46.11,,,"R1:3513_S3:9"
"HND","BX:504","HOW_XEES_SEX_NB","SEX_T","2023",44.85,,,"R1:3513_S3:9"
"HND","BX:504","HOW_XEES_SEX_NB","SEX_T","2022",44.89,,,"R1:3513_S3:9"
"HND","BX:504","HOW_XEES_SEX_NB","SEX_T","2021",45.3,,,"R1:3513_S3:9"
"HND","BX:504","HOW_XEES_SEX_NB","SEX_T","2020",43.19,"B","I11:264","R1:3513_S3:9"
"HND","BX:504","HOW_XEES_SEX_NB","SEX_T","2019",45.45,,,"R1:3513_S3:9"
"HND","BX:504","HOW_XEES_SEX_NB","SEX_T","2018",45.72,"B","I11:264","R1:3513_S3:9"
"HND","BX:504","HOW_XEES_SEX_NB","SEX_T","2017",45.11,,,"R1:3513_S3:9"
"HND","BX:504","HOW_XEES_SEX_NB","SEX_T","2016",45.87,,,"R1:3513"
"HND","BX:504","HOW_XEES_SEX_NB","SEX_T","2015",44.46,,,"R1:3513"
"HND","BX:504","HOW_XEES_SEX_NB","SEX_T","2014",45.08,,,"R1:3513"
"HND","BX:504","HOW_XEES_SEX_NB","SEX_T","2013",44.08,,,"R1:3513"
"HND","BX:504","HOW_XEES_SEX_NB","SEX_T","2012",44.92,,,"R1:3513"
"HND","BX:504","HOW_XEES_SEX_NB","SEX_T","2011",43.95,,,"R1:3513"
"HND","BX:504","HOW_XEES_SEX_NB","SEX_T","2010",42.83,,,"R1:3513"
"HND","BX:504","HOW_XEES_SEX_NB","SEX_T","2009",42.69,,,"R1:3513"
"HND","BX:504","HOW_XEES_SEX_NB","SEX_T","2008",44.34,"B","I11:264","R1:3513"
"HND","BX:504","HOW_XEES_SEX_NB","SEX_T","2007",45.22,,,"R1:3513"
"HND","BX:504","HOW_XEES_SEX_NB","SEX_T","2006",45.78,,,"R1:3513"
"HND","BX:504","HOW_XEES_SEX_NB","SEX_T","2005",45.43,"B","I11:264","R1:3513"
"HRV","BA:2251","HOW_XEES_SEX_NB","SEX_T","2024",37.49,,,"R1:3513"
"HRV","BA:2251","HOW_XEES_SEX_NB","SEX_T","2023",37.8,,,"R1:3513"
"HRV","BA:2251","HOW_XEES_SEX_NB","SEX_T","2022",37.74,,,"R1:3513"
"HRV","BA:2251","HOW_XEES_SEX_NB","SEX_T","2021",38.01,,,"R1:3513"
"HRV","BA:2251","HOW_XEES_SEX_NB","SEX_T","2020",37.95,,,"R1:3513"
"HRV","BA:2251","HOW_XEES_SEX_NB","SEX_T","2019",38.24,,,"R1:3513"
"HRV","BA:2251","HOW_XEES_SEX_NB","SEX_T","2018",38.45,,,"R1:3513"
"HRV","BA:2251","HOW_XEES_SEX_NB","SEX_T","2017",38.79,,,"R1:3513"
"HRV","BA:2251","HOW_XEES_SEX_NB","SEX_T","2016",38.56,,,"R1:3513"
"HRV","BA:2251","HOW_XEES_SEX_NB","SEX_T","2015",38.53,,,"R1:3513"
"HRV","BA:2251","HOW_XEES_SEX_NB","SEX_T","2014",39.53,,,"R1:3513"
"HRV","BA:2251","HOW_XEES_SEX_NB","SEX_T","2013",39.83,,,"R1:3513"
"HRV","BA:2251","HOW_XEES_SEX_NB","SEX_T","2012",40.12,,,"R1:3513"
"HRV","BA:2251","HOW_XEES_SEX_NB","SEX_T","2011",40.52,,,"R1:3513"
"HRV","BA:2251","HOW_XEES_SEX_NB","SEX_T","2010",40.63,,,"R1:3513"
"HRV","BA:2251","HOW_XEES_SEX_NB","SEX_T","2009",40.67,,,"R1:3513"
"HRV","BA:2251","HOW_XEES_SEX_NB","SEX_T","2008",40.93,,,"R1:3513"
"HRV","BA:2251","HOW_XEES_SEX_NB","SEX_T","2007",41.17,,,"R1:3513"
"HRV","BA:2251","HOW_XEES_SEX_NB","SEX_T","2006",41.18,,,"R1:3513"
"HRV","BA:2251","HOW_XEES_SEX_NB","SEX_T","2005",41.22,,,"R1:3513"
"HRV","BA:2251","HOW_XEES_SEX_NB","SEX_T","2004",41.34,,,"R1:3513"
"HRV","BA:2251","HOW_XEES_SEX_NB","SEX_T","2003",41.48,,,"R1:3513"
"HRV","BA:2251","HOW_XEES_SEX_NB","SEX_T","2002",41.28,,,"R1:3513"
"HTI","BB:14099","HOW_XEES_SEX_NB","SEX_T","2012",45.71,,,"R1:3513"
"HUN","BA:656","HOW_XEES_SEX_NB","SEX_T","2024",37.13,,,"R1:3513"
"HUN","BA:656","HOW_XEES_SEX_NB","SEX_T","2023",37.54,,,"R1:3513"
"HUN","BA:656","HOW_XEES_SEX_NB","SEX_T","2022",38.18,,,"R1:3513"
"HUN","BA:656","HOW_XEES_SEX_NB","SEX_T","2021",37.93,,,"R1:3513"
"HUN","BA:656","HOW_XEES_SEX_NB","SEX_T","2020",37.95,,,"R1:3513"
"HUN","BA:656","HOW_XEES_SEX_NB","SEX_T","2019",38.08,,,"R1:3513"
"HUN","BA:656","HOW_XEES_SEX_NB","SEX_T","2018",37.87,,,"R1:3513"
"HUN","BA:656","HOW_XEES_SEX_NB","SEX_T","2017",38.27,,,"R1:3513"
"HUN","BA:656","HOW_XEES_SEX_NB","SEX_T","2016",38.71,,,"R1:3513"
"HUN","BA:656","HOW_XEES_SEX_NB","SEX_T","2015",38.12,,,"R1:3513"
"HUN","BA:656","HOW_XEES_SEX_NB","SEX_T","2014",38.02,,,"R1:3513"
"HUN","BA:656","HOW_XEES_SEX_NB","SEX_T","2013",38.07,,,"R1:3513"
"HUN","BA:656","HOW_XEES_SEX_NB","SEX_T","2012",38.26,,,"R1:3513"
"HUN","BA:656","HOW_XEES_SEX_NB","SEX_T","2011",38.89,,,"R1:3513"
"HUN","BA:656","HOW_XEES_SEX_NB","SEX_T","2010",39.33,,,"R1:3513"
"HUN","BA:656","HOW_XEES_SEX_NB","SEX_T","2009",39.28,,,"R1:3513"
"HUN","BA:656","HOW_XEES_SEX_NB","SEX_T","2008",39.63,,,"R1:3513"
"HUN","BA:656","HOW_XEES_SEX_NB","SEX_T","2007",39.59,,,"R1:3513"
"HUN","BA:656","HOW_XEES_SEX_NB","SEX_T","2006",39.8,,,"R1:3513"
"HUN","BA:656","HOW_XEES_SEX_NB","SEX_T","2005",39.85,,,"R1:3513"
"HUN","BA:656","HOW_XEES_SEX_NB","SEX_T","2004",40.09,,,"R1:3513"
"HUN","BA:656","HOW_XEES_SEX_NB","SEX_T","2003",39.95,,,"R1:3513"
"HUN","BA:656","HOW_XEES_SEX_NB","SEX_T","2002",40.65,,,"R1:3513"
"HUN","BA:656","HOW_XEES_SEX_NB","SEX_T","2001",40.64,,,"R1:3513"
"HUN","BA:656","HOW_XEES_SEX_NB","SEX_T","2000",40.1,,,"R1:3513"
"IDN","BA:510","HOW_XEES_SEX_NB","SEX_T","2023",41.93,,,"R1:3513"
"IDN","BA:510","HOW_XEES_SEX_NB","SEX_T","2022",41.53,,,"R1:3513"
"IDN","BA:510","HOW_XEES_SEX_NB","SEX_T","2021",40.02,"B","I11:264","R1:3513"
"IDN","BA:510","HOW_XEES_SEX_NB","SEX_T","2020",41.19,,,"R1:3513"
"IDN","BA:510","HOW_XEES_SEX_NB","SEX_T","2019",42.49,,,"R1:3513"
"IDN","BA:510","HOW_XEES_SEX_NB","SEX_T","2018",42.57,,,"R1:3513"
"IDN","BA:510","HOW_XEES_SEX_NB","SEX_T","2017",43.15,,,"R1:3513"
"IDN","BA:510","HOW_XEES_SEX_NB","SEX_T","2016",43.13,,,"R1:3513"
"IDN","BA:510","HOW_XEES_SEX_NB","SEX_T","2015",43.28,,,"R1:3513"
"IDN","BA:510","HOW_XEES_SEX_NB","SEX_T","2014",43.06,,,"R1:3513"
"IDN","BA:510","HOW_XEES_SEX_NB","SEX_T","2013",42.23,"B","I11:264","R1:3513"
"IDN","BA:510","HOW_XEES_SEX_NB","SEX_T","2012",43.38,,,"R1:3513"
"IDN","BA:510","HOW_XEES_SEX_NB","SEX_T","2011",43.4,,,"R1:3513"
"IDN","BA:510","HOW_XEES_SEX_NB","SEX_T","2010",43.76,,,"R1:3513"
"IDN","BA:510","HOW_XEES_SEX_NB","SEX_T","2009",43.49,,,"R1:3513"
"IDN","BA:510","HOW_XEES_SEX_NB","SEX_T","2008",43.65,"B","I11:264","R1:3513"
"IDN","BA:510","HOW_XEES_SEX_NB","SEX_T","2007",43.88,,,"R1:3513"
"IDN","BA:510","HOW_XEES_SEX_NB","SEX_T","2006",43.85,,,"R1:3513"
"IDN","BA:510","HOW_XEES_SEX_NB","SEX_T","2005",43.67,,,"R1:3513"
"IDN","BA:510","HOW_XEES_SEX_NB","SEX_T","2004",44.58,,,"R1:3513"
"IDN","BA:510","HOW_XEES_SEX_NB","SEX_T","2003",43.73,,,"R1:3513"
"IDN","BA:510","HOW_XEES_SEX_NB","SEX_T","2002",43.56,,,"R1:3513"
"IDN","BA:510","HOW_XEES_SEX_NB","SEX_T","2001",44.15,,,"R1:3513"
"IDN","BA:510","HOW_XEES_SEX_NB","SEX_T","2000",44.09,,,"R1:3513"
"IND","BA:14121","HOW_XEES_SEX_NB","SEX_T","2025",56.19,,,"R1:3513"
"IND","BA:14121","HOW_XEES_SEX_NB","SEX_T","2024",56.19,,,"R1:3513"
"IND","BA:14121","HOW_XEES_SEX_NB","SEX_T","2023",55.96,,,"R1:3513"
"IND","BA:14121","HOW_XEES_SEX_NB","SEX_T","2022",56.26,,,"R1:3513"
"IND","BA:14121","HOW_XEES_SEX_NB","SEX_T","2021",56.16,,,"R1:3513"
"IND","BA:14121","HOW_XEES_SEX_NB","SEX_T","2020",56.14,,,"R1:3513"
"IND","BA:14121","HOW_XEES_SEX_NB","SEX_T","2019",56.77,,,"R1:3513"
"IND","BA:14121","HOW_XEES_SEX_NB","SEX_T","2018",56.9,,,"R1:3513"
"IRL","BA:772","HOW_XEES_SEX_NB","SEX_T","2024",33.48,,,"R1:3513"
"IRL","BA:772","HOW_XEES_SEX_NB","SEX_T","2023",33.44,,,"R1:3513"
"IRL","BA:772","HOW_XEES_SEX_NB","SEX_T","2022",34.44,,,"R1:3513"
"IRL","BA:772","HOW_XEES_SEX_NB","SEX_T","2021",34.52,,,"R1:3513"
"IRL","BA:772","HOW_XEES_SEX_NB","SEX_T","2020",35.23,,,"R1:3513"
"IRL","BA:772","HOW_XEES_SEX_NB","SEX_T","2019",34.97,,,"R1:3513"
"IRL","BA:772","HOW_XEES_SEX_NB","SEX_T","2018",35.04,,,"R1:3513"
"IRL","BA:772","HOW_XEES_SEX_NB","SEX_T","2017",34.48,,,"R1:3513"
"IRL","BA:772","HOW_XEES_SEX_NB","SEX_T","2016",34.01,,,"R1:3513"
"IRL","BA:772","HOW_XEES_SEX_NB","SEX_T","2015",33.66,,,"R1:3513"
"IRL","BA:772","HOW_XEES_SEX_NB","SEX_T","2014",33.73,,,"R1:3513"
"IRL","BA:772","HOW_XEES_SEX_NB","SEX_T","2013",33.57,,,"R1:3513"
"IRL","BA:772","HOW_XEES_SEX_NB","SEX_T","2012",33.5,,,"R1:3513"
"IRL","BA:772","HOW_XEES_SEX_NB","SEX_T","2011",33.34,,,"R1:3513"
"IRL","BA:772","HOW_XEES_SEX_NB","SEX_T","2010",33.4,,,"R1:3513"
"IRL","BA:772","HOW_XEES_SEX_NB","SEX_T","2009",33.46,,,"R1:3513"
"IRL","BA:772","HOW_XEES_SEX_NB","SEX_T","2008",34.43,,,"R1:3513"
"IRL","BA:772","HOW_XEES_SEX_NB","SEX_T","2007",34.86,,,"R1:3513"
"IRL","BA:772","HOW_XEES_SEX_NB","SEX_T","2006",34.71,,,"R1:3513"
"IRL","BA:772","HOW_XEES_SEX_NB","SEX_T","2005",34.88,,,"R1:3513"
"IRL","BA:772","HOW_XEES_SEX_NB","SEX_T","2004",34.83,,,"R1:3513"
"IRL","BA:772","HOW_XEES_SEX_NB","SEX_T","2003",35.08,,,"R1:3513"
"IRL","BA:772","HOW_XEES_SEX_NB","SEX_T","2002",35.41,,,"R1:3513"
"IRL","BA:772","HOW_XEES_SEX_NB","SEX_T","2001",36.01,,,"R1:3513"
"IRL","BA:772","HOW_XEES_SEX_NB","SEX_T","2000",35.87,,,"R1:3513"
"IRN","BA:675","HOW_XEES_SEX_NB","SEX_T","2024",46.62,,,"R1:3513"
"IRN","BA:675","HOW_XEES_SEX_NB","SEX_T","2023",46.79,,,"R1:3513"
"IRN","BA:675","HOW_XEES_SEX_NB","SEX_T","2022",44.17,,,"R1:3513"
"IRN","BA:675","HOW_XEES_SEX_NB","SEX_T","2021",45.48,,,"R1:3513"
"IRN","BA:675","HOW_XEES_SEX_NB","SEX_T","2020",44.86,,,"R1:3513"
"IRN","BA:675","HOW_XEES_SEX_NB","SEX_T","2019",46.43,,,"R1:3513"
"IRN","BA:675","HOW_XEES_SEX_NB","SEX_T","2018",45.21,"B","I11:264","R1:3513"
"IRN","BA:675","HOW_XEES_SEX_NB","SEX_T","2017",46.91,,,"R1:3513"
"IRN","BA:675","HOW_XEES_SEX_NB","SEX_T","2016",45.32,,,"R1:3513"
"IRN","BA:675","HOW_XEES_SEX_NB","SEX_T","2015",46.6,,,"R1:3513"
"IRN","BA:675","HOW_XEES_SEX_NB","SEX_T","2014",45.78,,,"R1:3513"
"IRN","BA:675","HOW_XEES_SEX_NB","SEX_T","2013",46.56,,,"R1:3513"
"IRN","BA:675","HOW_XEES_SEX_NB","SEX_T","2012",47.55,,,"R1:3513"
"IRN","BA:675","HOW_XEES_SEX_NB","SEX_T","2011",47.54,,,"R1:3513"
"IRN","BA:675","HOW_XEES_SEX_NB","SEX_T","2010",47.95,,,"R1:3513"
"IRN","BA:675","HOW_XEES_SEX_NB","SEX_T","2009",48.86,,,"R1:3513"
"IRN","BA:675","HOW_XEES_SEX_NB","SEX_T","2008",49.68,,,"R1:3513"
"IRN","BA:675","HOW_XEES_SEX_NB","SEX_T","2007",49.49,"B","I11:264","R1:3513"
"IRN","BA:675","HOW_XEES_SEX_NB","SEX_T","2006",49.61,,,"R1:3513"
"IRN","BA:675","HOW_XEES_SEX_NB","SEX_T","2005",49.5,,,"R1:3513"
"IRQ","BA:16073","HOW_XEES_SEX_NB","SEX_T","2021",31.59,,,"R1:3513"
"IRQ","BB:3075","HOW_XEES_SEX_NB","SEX_T","2012",42.96,,,"R1:3513"
"IRQ","BB:3075","HOW_XEES_SEX_NB","SEX_T","2007",41.08,"B","I11:264","R1:3513"
"ISL","BA:2255","HOW_XEES_SEX_NB","SEX_T","2023",34.45,,,"R1:3513"
"ISL","BA:2255","HOW_XEES_SEX_NB","SEX_T","2022",34.63,,,"R1:3513"
"ISL","BA:2255","HOW_XEES_SEX_NB","SEX_T","2021",34.88,,,"R1:3513"
"ISL","BA:2255","HOW_XEES_SEX_NB","SEX_T","2020",36.42,,,"R1:3513"
"ISL","BA:2255","HOW_XEES_SEX_NB","SEX_T","2019",37.8,,,"R1:3513"
"ISL","BA:2255","HOW_XEES_SEX_NB","SEX_T","2018",37.81,,,"R1:3513"
"ISL","BA:2255","HOW_XEES_SEX_NB","SEX_T","2017",38.07,,,"R1:3513"
"ISL","BA:2255","HOW_XEES_SEX_NB","SEX_T","2016",37.98,,,"R1:3513"
"ISL","BA:2255","HOW_XEES_SEX_NB","SEX_T","2015",38.22,,,"R1:3513"
"ISL","BA:2255","HOW_XEES_SEX_NB","SEX_T","2014",38.01,,,"R1:3513"
"ISL","BA:2255","HOW_XEES_SEX_NB","SEX_T","2013",37.82,,,"R1:3513"
"ISL","BA:2255","HOW_XEES_SEX_NB","SEX_T","2012",38,,,"R1:3513"
"ISL","BA:2255","HOW_XEES_SEX_NB","SEX_T","2011",38.06,,,"R1:3513"
"ISL","BA:2255","HOW_XEES_SEX_NB","SEX_T","2010",37.83,,,"R1:3513"
"ISL","BA:2255","HOW_XEES_SEX_NB","SEX_T","2009",37.86,,,"R1:3513"
"ISL","BA:2255","HOW_XEES_SEX_NB","SEX_T","2008",39.65,,,"R1:3513"
"ISL","BA:2255","HOW_XEES_SEX_NB","SEX_T","2007",39.67,,,"R1:3513"
"ISL","BA:2255","HOW_XEES_SEX_NB","SEX_T","2006",39.88,,,"R1:3513"
"ISL","BA:2255","HOW_XEES_SEX_NB","SEX_T","2005",39.89,,,"R1:3513"
"ISL","BA:2255","HOW_XEES_SEX_NB","SEX_T","2004",39.71,,,"R1:3513"
"ISL","BA:2255","HOW_XEES_SEX_NB","SEX_T","2003",39.11,,,"R1:3513"
"ISL","BA:2255","HOW_XEES_SEX_NB","SEX_T","2002",39.77,,,"R1:3513"
"ISL","BA:2255","HOW_XEES_SEX_NB","SEX_T","2001",40.57,,,"R1:3513"
"ISL","BA:2255","HOW_XEES_SEX_NB","SEX_T","2000",41.15,,,"R1:3513"
"ISR","BA:706","HOW_XEES_SEX_NB","SEX_T","2024",37.98,,,"R1:3513"
"ISR","BA:706","HOW_XEES_SEX_NB","SEX_T","2023",38.68,,,"R1:3513"
"ISR","BA:706","HOW_XEES_SEX_NB","SEX_T","2022",38.65,,,"R1:3513"
"ISR","BA:706","HOW_XEES_SEX_NB","SEX_T","2021",39.01,,,"R1:3513"
"ISR","BA:706","HOW_XEES_SEX_NB","SEX_T","2020",39.52,,,"R1:3513"
"ISR","BA:706","HOW_XEES_SEX_NB","SEX_T","2019",38.64,,,"R1:3513"
"ISR","BA:706","HOW_XEES_SEX_NB","SEX_T","2018",38.96,,,"R1:3513"
"ISR","BA:706","HOW_XEES_SEX_NB","SEX_T","2017",38.84,,,"R1:3513"
"ISR","BA:706","HOW_XEES_SEX_NB","SEX_T","2016",39.17,,,"R1:3513"
"ISR","BA:706","HOW_XEES_SEX_NB","SEX_T","2015",38.52,,,"R1:3513"
"ISR","BA:706","HOW_XEES_SEX_NB","SEX_T","2014",38.35,,,"R1:3513"
"ISR","BA:706","HOW_XEES_SEX_NB","SEX_T","2013",38.46,,,"R1:3513"
"ISR","BA:706","HOW_XEES_SEX_NB","SEX_T","2012",38.79,"B","I11:264","R1:3513"
"ITA","BA:2238","HOW_XEES_SEX_NB","SEX_T","2024",34.95,,,"R1:3513"
"ITA","BA:2238","HOW_XEES_SEX_NB","SEX_T","2023",34.7,,,"R1:3513"
"ITA","BA:2238","HOW_XEES_SEX_NB","SEX_T","2022",34.76,,,"R1:3513"
"ITA","BA:2238","HOW_XEES_SEX_NB","SEX_T","2021",34.71,,,"R1:3513"
"ITA","BA:2238","HOW_XEES_SEX_NB","SEX_T","2020",34.59,,,"R1:3513"
"ITA","BA:2238","HOW_XEES_SEX_NB","SEX_T","2019",35.11,,,"R1:3513"
"ITA","BA:2238","HOW_XEES_SEX_NB","SEX_T","2018",35.17,,,"R1:3513"
"ITA","BA:2238","HOW_XEES_SEX_NB","SEX_T","2017",34.96,,,"R1:3513"
"ITA","BA:2238","HOW_XEES_SEX_NB","SEX_T","2016",34.89,,,"R1:3513"
"ITA","BA:2238","HOW_XEES_SEX_NB","SEX_T","2015",34.73,,,"R1:3513"
"ITA","BA:2238","HOW_XEES_SEX_NB","SEX_T","2014",34.65,,,"R1:3513"
"ITA","BA:2238","HOW_XEES_SEX_NB","SEX_T","2013",34.8,,,"R1:3513"
"ITA","BA:2238","HOW_XEES_SEX_NB","SEX_T","2012",35,,,"R1:3513"
"ITA","BA:2238","HOW_XEES_SEX_NB","SEX_T","2011",35.57,,,"R1:3513"
"ITA","BA:2238","HOW_XEES_SEX_NB","SEX_T","2010",35.78,,,"R1:3513"
"ITA","BA:2238","HOW_XEES_SEX_NB","SEX_T","2009",35.65,,,"R1:3513"
"ITA","BA:2238","HOW_XEES_SEX_NB","SEX_T","2008",36.08,,,"R1:3513"
"ITA","BA:2238","HOW_XEES_SEX_NB","SEX_T","2007",36.33,,,"R1:3513"
"ITA","BA:2238","HOW_XEES_SEX_NB","SEX_T","2006",36.38,,,"R1:3513"
"ITA","BA:2238","HOW_XEES_SEX_NB","SEX_T","2005",36.43,,,"R1:3513"
"ITA","BA:2238","HOW_XEES_SEX_NB","SEX_T","2004",36.72,,,"R1:3513"
"ITA","BA:2238","HOW_XEES_SEX_NB","SEX_T","2003",37.13,,,"R1:3513"
"ITA","BA:2238","HOW_XEES_SEX_NB","SEX_T","2002",33.79,,,"R1:3513"
"ITA","BA:2238","HOW_XEES_SEX_NB","SEX_T","2001",37.3,,,"R1:3513"
"ITA","BA:2238","HOW_XEES_SEX_NB","SEX_T","2000",37.24,,,"R1:3513"
"JAM","BA:65","HOW_XEES_SEX_NB","SEX_T","2024",40.01,,,"R1:3513"
"JAM","BA:65","HOW_XEES_SEX_NB","SEX_T","2023",42.84,,,"R1:3513"
"JAM","BA:65","HOW_XEES_SEX_NB","SEX_T","2022",42.72,,,"R1:3513"
"JAM","BA:65","HOW_XEES_SEX_NB","SEX_T","2021",42.01,,,"R1:3513"
"JAM","BA:65","HOW_XEES_SEX_NB","SEX_T","2020",42.32,,,"R1:3513"
"JAM","BA:65","HOW_XEES_SEX_NB","SEX_T","2019",43.02,,,"R1:3513"
"JAM","BA:65","HOW_XEES_SEX_NB","SEX_T","2018",42.9,,,"R1:3513"
"JAM","BA:65","HOW_XEES_SEX_NB","SEX_T","2017",42.87,,,"R1:3513"
"JAM","BA:65","HOW_XEES_SEX_NB","SEX_T","2016",42.67,,,"R1:3513"
"JAM","BA:65","HOW_XEES_SEX_NB","SEX_T","2014",42.27,,,"R1:3513"
"JAM","BA:65","HOW_XEES_SEX_NB","SEX_T","2013",42.62,,,"R1:3513"
"JAM","BA:65","HOW_XEES_SEX_NB","SEX_T","2012",43.13,,,"R1:3513"
"JAM","BA:65","HOW_XEES_SEX_NB","SEX_T","2011",42.96,,,"R1:3513"
"JAM","BA:65","HOW_XEES_SEX_NB","SEX_T","2010",43.41,,,"R1:3513"
"JAM","BA:65","HOW_XEES_SEX_NB","SEX_T","2009",43.54,,,"R1:3513"
"JAM","BA:65","HOW_XEES_SEX_NB","SEX_T","2008",41.9,,,"R1:3513"
"JOR","BA:682","HOW_XEES_SEX_NB","SEX_T","2024",48.41,,,"R1:3513"
"JOR","BA:682","HOW_XEES_SEX_NB","SEX_T","2023",49.24,,,"R1:3513"
"JOR","BA:682","HOW_XEES_SEX_NB","SEX_T","2022",48.38,,,"R1:3513"
"JOR","BA:682","HOW_XEES_SEX_NB","SEX_T","2021",47.42,,,"R1:3513"
"JOR","BA:682","HOW_XEES_SEX_NB","SEX_T","2020",48.52,,,"R1:3513"
"JOR","BA:682","HOW_XEES_SEX_NB","SEX_T","2019",48.63,,,"R1:3513"
"JOR","BA:682","HOW_XEES_SEX_NB","SEX_T","2018",47.29,,,"R1:3513"
"JOR","BA:682","HOW_XEES_SEX_NB","SEX_T","2017",47.78,"B","I11:264","R1:3513"
"KEN","BX:3465","HOW_XEES_SEX_NB","SEX_T","2021",45.78,,,"R1:3513"
"KEN","BX:3465","HOW_XEES_SEX_NB","SEX_T","2019",47.92,,,"R1:3513"
"KEN","BB:7021","HOW_XEES_SEX_NB","SEX_T","2016",44.46,,,"R1:3513"
"KEN","BB:7021","HOW_XEES_SEX_NB","SEX_T","2005",48.58,"B","I11:264","R1:3513"
"KGZ","BA:496","HOW_XEES_SEX_NB","SEX_T","2023",41.22,,,"R1:3513"
"KGZ","BA:496","HOW_XEES_SEX_NB","SEX_T","2022",41.31,,,"R1:3513"
"KGZ","BA:496","HOW_XEES_SEX_NB","SEX_T","2021",40.87,,,"R1:3513"
"KGZ","BA:496","HOW_XEES_SEX_NB","SEX_T","2020",40.69,,,"R1:3513"
"KGZ","BA:496","HOW_XEES_SEX_NB","SEX_T","2019",41,,,"R1:3513"
"KGZ","BA:496","HOW_XEES_SEX_NB","SEX_T","2018",41.65,"B","I11:264","R1:3513"
"KGZ","BA:496","HOW_XEES_SEX_NB","SEX_T","2017",41.47,,,"R1:3513"
"KGZ","BA:496","HOW_XEES_SEX_NB","SEX_T","2016",41.55,,,"R1:3513"
"KGZ","BA:496","HOW_XEES_SEX_NB","SEX_T","2015",41.5,,,"R1:3513"
"KGZ","BA:496","HOW_XEES_SEX_NB","SEX_T","2014",41.11,,,"R1:3513"
"KGZ","BA:496","HOW_XEES_SEX_NB","SEX_T","2013",40.97,,,"R1:3513"
"KGZ","BA:496","HOW_XEES_SEX_NB","SEX_T","2012",40.39,,,"R1:3513"
"KGZ","BA:496","HOW_XEES_SEX_NB","SEX_T","2011",41.1,,,"R1:3513"
"KGZ","BA:496","HOW_XEES_SEX_NB","SEX_T","2010",41.31,,,"R1:3513"
"KHM","BA:1321","HOW_XEES_SEX_NB","SEX_T","2025",46.85,,,"R1:3513"
"KHM","BB:3064","HOW_XEES_SEX_NB","SEX_T","2023",49.69,,,"R1:3513"
"KHM","BB:3064","HOW_XEES_SEX_NB","SEX_T","2021",49.5,,,"R1:3513"
"KHM","BB:3064","HOW_XEES_SEX_NB","SEX_T","2020",50.25,,,"R1:3513"
"KHM","BA:1321","HOW_XEES_SEX_NB","SEX_T","2019",49.98,"B","I11:264","R1:3513"
"KHM","BB:3064","HOW_XEES_SEX_NB","SEX_T","2017",51.45,,,"R1:3513"
"KHM","BB:3064","HOW_XEES_SEX_NB","SEX_T","2016",50.18,,,"R1:3513"
"KHM","BB:3064","HOW_XEES_SEX_NB","SEX_T","2015",50.92,,,"R1:3513"
"KHM","BB:3064","HOW_XEES_SEX_NB","SEX_T","2014",51.26,,,"R1:3513"
"KHM","BB:3064","HOW_XEES_SEX_NB","SEX_T","2013",51.23,,,"R1:3513"
"KHM","BA:1321","HOW_XEES_SEX_NB","SEX_T","2012",49.66,"B","I11:264","R1:3513"
"KHM","BB:3064","HOW_XEES_SEX_NB","SEX_T","2011",50.28,,,"R1:3513"
"KHM","BB:3064","HOW_XEES_SEX_NB","SEX_T","2010",49.22,,,"R1:3513"
"KHM","BB:3064","HOW_XEES_SEX_NB","SEX_T","2009",48.49,,,"R1:3513"
"KHM","BB:3064","HOW_XEES_SEX_NB","SEX_T","2008",48.71,,,"R1:3513"
"KHM","BB:3064","HOW_XEES_SEX_NB","SEX_T","2007",49.46,"B","I11:264","R1:3513"
"KHM","BB:3064","HOW_XEES_SEX_NB","SEX_T","2003",46.76,,,"R1:3513"
"KHM","BA:1321","HOW_XEES_SEX_NB","SEX_T","2001",51.06,,,"R1:3513"
"KHM","BA:1321","HOW_XEES_SEX_NB","SEX_T","2000",49.48,"B","I11:264","R1:3513"
"KIR","BB:15723","HOW_XEES_SEX_NB","SEX_T","2023",39.14,,,"R1:3513"
"KIR","AA:1326","HOW_XEES_SEX_NB","SEX_T","2020",36.64,,,"R1:3513"
"KOR","BA:222","HOW_XEES_SEX_NB","SEX_T","2025",37.72,,,"R1:3513"
"KOR","BA:222","HOW_XEES_SEX_NB","SEX_T","2024",37,,,"R1:3513"
"KOR","BA:222","HOW_XEES_SEX_NB","SEX_T","2023",38.28,,,"R1:3513"
"KOR","BA:222","HOW_XEES_SEX_NB","SEX_T","2022",37.67,,,"R1:3513"
"KOR","BA:222","HOW_XEES_SEX_NB","SEX_T","2021",38.38,,,"R1:3513"
"KOR","BA:222","HOW_XEES_SEX_NB","SEX_T","2020",39.14,,,"R1:3513"
"KOR","BA:222","HOW_XEES_SEX_NB","SEX_T","2019",39.99,,,"R1:3513"
"KOR","BA:222","HOW_XEES_SEX_NB","SEX_T","2018",40.89,,,"R1:3513"
"KOR","BA:222","HOW_XEES_SEX_NB","SEX_T","2017",42.23,,,"R1:3513"
"KOR","BA:222","HOW_XEES_SEX_NB","SEX_T","2016",42.53,,,"R1:3513"
"KOR","BA:222","HOW_XEES_SEX_NB","SEX_T","2015",43.3,"B","I11:264","R1:3513"
"KOR","BA:222","HOW_XEES_SEX_NB","SEX_T","2014",44.45,,,"R1:3513"
"KOR","BA:222","HOW_XEES_SEX_NB","SEX_T","2013",43.39,,,"R1:3513"
"KOR","BA:222","HOW_XEES_SEX_NB","SEX_T","2012",45.01,,,"R1:3513"
"KOR","BA:222","HOW_XEES_SEX_NB","SEX_T","2011",44.26,,,"R1:3513"
"KOR","BA:222","HOW_XEES_SEX_NB","SEX_T","2010",45.41,,,"R1:3513"
"KOR","BA:222","HOW_XEES_SEX_NB","SEX_T","2009",45.84,,,"R1:3513"
"KOR","BA:222","HOW_XEES_SEX_NB","SEX_T","2008",45.16,,,"R1:3513"
"KOR","BA:222","HOW_XEES_SEX_NB","SEX_T","2007",46.08,,,"R1:3513"
"KOR","BA:222","HOW_XEES_SEX_NB","SEX_T","2006",47.01,,,"R1:3513"
"KOR","BA:222","HOW_XEES_SEX_NB","SEX_T","2005",47.25,,,"R1:3513"
"KOR","BA:222","HOW_XEES_SEX_NB","SEX_T","2004",47.8,,,"R1:3513"
"KOR","BA:222","HOW_XEES_SEX_NB","SEX_T","2003",47.9,,,"R1:3513"
"KOR","BA:222","HOW_XEES_SEX_NB","SEX_T","2002",48.85,,,"R1:3513"
"KOR","BA:222","HOW_XEES_SEX_NB","SEX_T","2001",49.53,,,"R1:3513"
"KOR","BA:222","HOW_XEES_SEX_NB","SEX_T","2000",49.66,,,"R1:3513"
"KOS","BA:700","HOW_XEES_SEX_NB","SEX_T","2024",42.01,,,"R1:3513"
"KOS","BA:700","HOW_XEES_SEX_NB","SEX_T","2023",42.14,,,"R1:3513"
"KOS","BA:700","HOW_XEES_SEX_NB","SEX_T","2022",42.92,,,"R1:3513"
"KOS","BA:700","HOW_XEES_SEX_NB","SEX_T","2021",42.8,,,"R1:3513"
"KOS","BA:700","HOW_XEES_SEX_NB","SEX_T","2020",42.38,"B","I11:264","R1:3513"
"KOS","BA:700","HOW_XEES_SEX_NB","SEX_T","2019",44.04,"B","I11:264","R1:3513"
"KOS","BA:700","HOW_XEES_SEX_NB","SEX_T","2018",44.89,,,"R1:3513"
"KOS","BA:700","HOW_XEES_SEX_NB","SEX_T","2017",44.77,,,"R1:3513"
"KOS","BA:700","HOW_XEES_SEX_NB","SEX_T","2016",44.21,,,"R1:3513"
"KOS","BA:700","HOW_XEES_SEX_NB","SEX_T","2015",43.43,,,"R1:3513"
"KOS","BA:700","HOW_XEES_SEX_NB","SEX_T","2014",43.07,,,"R1:3513"
"KOS","BA:700","HOW_XEES_SEX_NB","SEX_T","2013",42.67,,,"R1:3513"
"KOS","BA:700","HOW_XEES_SEX_NB","SEX_T","2012",42.15,"B","I11:264","R1:3513"
"KOS","BB:16127","HOW_XEES_SEX_NB","SEX_T","2000",42.82,,,"R1:3513"
"LAO","BA:6651","HOW_XEES_SEX_NB","SEX_T","2022",43.84,"B","I11:264","R1:3513"
"LAO","BA:6651","HOW_XEES_SEX_NB","SEX_T","2017",41.45,"B","I11:264","R1:3513"
"LAO","BA:6651","HOW_XEES_SEX_NB","SEX_T","2010",44.44,"B","I11:264","R1:3513"
"LBN","BA:14074","HOW_XEES_SEX_NB","SEX_T","2019",47.83,"B","I11:264","R1:3513"
"LBR","BA:16","HOW_XEES_SEX_NB","SEX_T","2017",49.44,"B","I11:264","R1:3513"
"LBR","BB:7322","HOW_XEES_SEX_NB","SEX_T","2016",42.68,,,"R1:3513"
"LBR","BB:7322","HOW_XEES_SEX_NB","SEX_T","2014",43.81,"B","I11:264","R1:3513"
"LBR","BA:16","HOW_XEES_SEX_NB","SEX_T","2010",47.98,"B","I11:264","R1:3513"
"LCA","BA:1352","HOW_XEES_SEX_NB","SEX_T","2025",40.08,,,"R1:3513"
"LCA","BA:1352","HOW_XEES_SEX_NB","SEX_T","2024",40.45,,,"R1:3513"
"LCA","BA:1352","HOW_XEES_SEX_NB","SEX_T","2023",41.04,,,"R1:3513"
"LCA","BA:1352","HOW_XEES_SEX_NB","SEX_T","2022",40.36,,,"R1:3513"
"LCA","BA:1352","HOW_XEES_SEX_NB","SEX_T","2021",39.55,,,"R1:3513"
"LCA","BA:1352","HOW_XEES_SEX_NB","SEX_T","2020",39.47,,,"R1:3513"
"LCA","BA:1352","HOW_XEES_SEX_NB","SEX_T","2019",40.78,,,"R1:3513"
"LCA","BA:1352","HOW_XEES_SEX_NB","SEX_T","2018",41.06,,,"R1:3513"
"LCA","BA:1352","HOW_XEES_SEX_NB","SEX_T","2017",40.58,"B","I11:264","R1:3513"
"LKA","BA:1359","HOW_XEES_SEX_NB","SEX_T","2024",45.2,,,"R1:3513"
"LKA","BA:1359","HOW_XEES_SEX_NB","SEX_T","2023",44.09,,,"R1:3513"
"LKA","BA:1359","HOW_XEES_SEX_NB","SEX_T","2022",44.5,,,"R1:3513"
"LKA","BA:1359","HOW_XEES_SEX_NB","SEX_T","2021",44.51,,,"R1:3513"
"LKA","BA:1359","HOW_XEES_SEX_NB","SEX_T","2020",45.1,,,"R1:3513"
"LKA","BA:1359","HOW_XEES_SEX_NB","SEX_T","2019",46.32,,,"R1:3513"
"LKA","BA:1359","HOW_XEES_SEX_NB","SEX_T","2018",46.53,,,"R1:3513"
"LKA","BA:1359","HOW_XEES_SEX_NB","SEX_T","2017",46.73,,,"R1:3513"
"LKA","BA:1359","HOW_XEES_SEX_NB","SEX_T","2016",46.19,,,"R1:3513"
"LKA","BA:1359","HOW_XEES_SEX_NB","SEX_T","2015",45.75,,,"R1:3513"
"LKA","BA:1359","HOW_XEES_SEX_NB","SEX_T","2014",45.52,,,"R1:3513"
"LKA","BA:1359","HOW_XEES_SEX_NB","SEX_T","2013",45.45,,,"R1:3513"
"LKA","BA:1359","HOW_XEES_SEX_NB","SEX_T","2011",44.67,"B","I11:264","R1:3513"
"LKA","BA:1359","HOW_XEES_SEX_NB","SEX_T","2010",45.84,"B","I11:264","R1:3513"
"LSO","BA:13","HOW_XEES_SEX_NB","SEX_T","2024",50.96,,,"R1:3513"
"LSO","BA:13","HOW_XEES_SEX_NB","SEX_T","2019",51.7,,,"R1:3513"
"LTU","BA:2245","HOW_XEES_SEX_NB","SEX_T","2024",38.29,,,"R1:3513"
"LTU","BA:2245","HOW_XEES_SEX_NB","SEX_T","2023",38.3,,,"R1:3513"
"LTU","BA:2245","HOW_XEES_SEX_NB","SEX_T","2022",38.13,,,"R1:3513"
"LTU","BA:2245","HOW_XEES_SEX_NB","SEX_T","2021",38.48,,,"R1:3513"
"LTU","BA:2245","HOW_XEES_SEX_NB","SEX_T","2020",37.87,,,"R1:3513"
"LTU","BA:2245","HOW_XEES_SEX_NB","SEX_T","2019",38.11,,,"R1:3513"
"LTU","BA:2245","HOW_XEES_SEX_NB","SEX_T","2018",37.95,,,"R1:3513"
"LTU","BA:2245","HOW_XEES_SEX_NB","SEX_T","2017",37.8,,,"R1:3513"
"LTU","BA:2245","HOW_XEES_SEX_NB","SEX_T","2016",38.35,,,"R1:3513"
"LTU","BA:2245","HOW_XEES_SEX_NB","SEX_T","2015",38.17,,,"R1:3513"
"LTU","BA:2245","HOW_XEES_SEX_NB","SEX_T","2014",38.1,,,"R1:3513"
"LTU","BA:2245","HOW_XEES_SEX_NB","SEX_T","2013",38.12,,,"R1:3513"
"LTU","BA:2245","HOW_XEES_SEX_NB","SEX_T","2012",38.08,,,"R1:3513"
"LTU","BA:2245","HOW_XEES_SEX_NB","SEX_T","2011",38.3,,,"R1:3513"
"LTU","BA:2245","HOW_XEES_SEX_NB","SEX_T","2010",38.53,,,"R1:3513"
"LTU","BA:2245","HOW_XEES_SEX_NB","SEX_T","2009",38.62,,,"R1:3513"
"LTU","BA:2245","HOW_XEES_SEX_NB","SEX_T","2008",39.12,,,"R1:3513"
"LTU","BA:2245","HOW_XEES_SEX_NB","SEX_T","2007",38.79,,,"R1:3513"
"LTU","BA:2245","HOW_XEES_SEX_NB","SEX_T","2006",38.47,,,"R1:3513"
"LTU","BA:2245","HOW_XEES_SEX_NB","SEX_T","2005",38.6,,,"R1:3513"
"LTU","BA:2245","HOW_XEES_SEX_NB","SEX_T","2004",38.29,,,"R1:3513"
"LTU","BA:2245","HOW_XEES_SEX_NB","SEX_T","2003",38.09,,,"R1:3513"
"LTU","BA:2245","HOW_XEES_SEX_NB","SEX_T","2002",38.57,,,"R1:3513"
"LTU","BA:2245","HOW_XEES_SEX_NB","SEX_T","2001",38.72,,,"R1:3513"
"LTU","BA:2245","HOW_XEES_SEX_NB","SEX_T","2000",39.28,,,"R1:3513"
"LUX","BA:2261","HOW_XEES_SEX_NB","SEX_T","2024",35.34,,,"R1:3513"
"LUX","BA:2261","HOW_XEES_SEX_NB","SEX_T","2023",35.19,,,"R1:3513"
"LUX","BA:2261","HOW_XEES_SEX_NB","SEX_T","2022",35.5,,,"R1:3513"
"LUX","BA:2261","HOW_XEES_SEX_NB","SEX_T","2021",35.58,,,"R1:3513"
"LUX","BA:2261","HOW_XEES_SEX_NB","SEX_T","2020",36.67,,,"R1:3513"
"LUX","BA:2261","HOW_XEES_SEX_NB","SEX_T","2019",37.6,,,"R1:3513"
"LUX","BA:2261","HOW_XEES_SEX_NB","SEX_T","2018",37.55,,,"R1:3513"
"LUX","BA:2261","HOW_XEES_SEX_NB","SEX_T","2017",37.29,,,"R1:3513"
"LUX","BA:2261","HOW_XEES_SEX_NB","SEX_T","2016",37.45,,,"R1:3513"
"LUX","BA:2261","HOW_XEES_SEX_NB","SEX_T","2015",37.99,,,"R1:3513"
"LUX","BA:2261","HOW_XEES_SEX_NB","SEX_T","2014",37.76,,,"R1:3513"
"LUX","BA:2261","HOW_XEES_SEX_NB","SEX_T","2013",37.54,,,"R1:3513"
"LUX","BA:2261","HOW_XEES_SEX_NB","SEX_T","2012",37.78,,,"R1:3513"
"LUX","BA:2261","HOW_XEES_SEX_NB","SEX_T","2011",37.47,,,"R1:3513"
"LUX","BA:2261","HOW_XEES_SEX_NB","SEX_T","2010",37.53,,,"R1:3513"
"LUX","BA:2261","HOW_XEES_SEX_NB","SEX_T","2009",37.41,,,"R1:3513"
"LUX","BA:2261","HOW_XEES_SEX_NB","SEX_T","2008",36.41,,,"R1:3513"
"LUX","BA:2261","HOW_XEES_SEX_NB","SEX_T","2007",36.37,,,"R1:3513"
"LUX","BA:2261","HOW_XEES_SEX_NB","SEX_T","2006",36.51,,,"R1:3513"
"LUX","BA:2261","HOW_XEES_SEX_NB","SEX_T","2005",36.71,,,"R1:3513"
"LUX","BA:2261","HOW_XEES_SEX_NB","SEX_T","2004",37.12,,,"R1:3513"
"LUX","BA:2261","HOW_XEES_SEX_NB","SEX_T","2003",36.63,,,"R1:3513"
"LUX","BA:2261","HOW_XEES_SEX_NB","SEX_T","2002",37.65,,,"R1:3513"
"LUX","BA:2261","HOW_XEES_SEX_NB","SEX_T","2001",37.55,,,"R1:3513"
"LUX","BA:2261","HOW_XEES_SEX_NB","SEX_T","2000",37.93,,,"R1:3513"
"LVA","BA:2246","HOW_XEES_SEX_NB","SEX_T","2024",38.09,,,"R1:3513"
"LVA","BA:2246","HOW_XEES_SEX_NB","SEX_T","2023",38.03,,,"R1:3513"
"LVA","BA:2246","HOW_XEES_SEX_NB","SEX_T","2022",38.45,,,"R1:3513"
"LVA","BA:2246","HOW_XEES_SEX_NB","SEX_T","2021",38.02,,,"R1:3513"
"LVA","BA:2246","HOW_XEES_SEX_NB","SEX_T","2020",38.23,,,"R1:3513"
"LVA","BA:2246","HOW_XEES_SEX_NB","SEX_T","2019",38.4,,,"R1:3513"
"LVA","BA:2246","HOW_XEES_SEX_NB","SEX_T","2018",38.66,,,"R1:3513"
"LVA","BA:2246","HOW_XEES_SEX_NB","SEX_T","2017",38.69,,,"R1:3513"
"LVA","BA:2246","HOW_XEES_SEX_NB","SEX_T","2016",38.59,,,"R1:3513"
"LVA","BA:2246","HOW_XEES_SEX_NB","SEX_T","2015",38.46,,,"R1:3513"
"LVA","BA:2246","HOW_XEES_SEX_NB","SEX_T","2014",38.69,,,"R1:3513"
"LVA","BA:2246","HOW_XEES_SEX_NB","SEX_T","2013",38.49,,,"R1:3513"
"LVA","BA:2246","HOW_XEES_SEX_NB","SEX_T","2012",38.45,,,"R1:3513"
"LVA","BA:2246","HOW_XEES_SEX_NB","SEX_T","2011",38.53,,,"R1:3513"
"LVA","BA:2246","HOW_XEES_SEX_NB","SEX_T","2010",38.49,,,"R1:3513"
"LVA","BA:2246","HOW_XEES_SEX_NB","SEX_T","2009",38.93,,,"R1:3513"
"LVA","BA:2246","HOW_XEES_SEX_NB","SEX_T","2008",39.4,,,"R1:3513"
"LVA","BA:2246","HOW_XEES_SEX_NB","SEX_T","2007",40.53,,,"R1:3513"
"LVA","BA:2246","HOW_XEES_SEX_NB","SEX_T","2006",41.25,,,"R1:3513"
"LVA","BA:2246","HOW_XEES_SEX_NB","SEX_T","2005",41.36,,,"R1:3513"
"LVA","BA:2246","HOW_XEES_SEX_NB","SEX_T","2004",40.9,,,"R1:3513"
"LVA","BA:2246","HOW_XEES_SEX_NB","SEX_T","2003",42.03,,,"R1:3513"
"LVA","BA:2246","HOW_XEES_SEX_NB","SEX_T","2002",42.36,,,"R1:3513"
"LVA","BA:2246","HOW_XEES_SEX_NB","SEX_T","2001",42.36,,,"R1:3513"
"LVA","BA:2246","HOW_XEES_SEX_NB","SEX_T","2000",42.02,,,"R1:3513"
"MDA","BA:571","HOW_XEES_SEX_NB","SEX_T","2025",39.62,,,"R1:3513"
"MDA","BA:571","HOW_XEES_SEX_NB","SEX_T","2024",39.47,,,"R1:3513"
"MDA","BA:571","HOW_XEES_SEX_NB","SEX_T","2023",39.69,,,"R1:3513"
"MDA","BA:571","HOW_XEES_SEX_NB","SEX_T","2022",40.15,,,"R1:3513"
"MDA","BA:571","HOW_XEES_SEX_NB","SEX_T","2021",40.05,,,"R1:3513"
"MDA","BA:571","HOW_XEES_SEX_NB","SEX_T","2020",39.55,,,"R1:3513"
"MDA","BA:571","HOW_XEES_SEX_NB","SEX_T","2019",39.97,,,"R1:3513"
"MDA","BA:571","HOW_XEES_SEX_NB","SEX_T","2018",40.43,,,"R1:3513"
"MDA","BA:571","HOW_XEES_SEX_NB","SEX_T","2017",40.22,,,"R1:3513"
"MDA","BA:571","HOW_XEES_SEX_NB","SEX_T","2016",40.18,,,"R1:3513"
"MDA","BA:571","HOW_XEES_SEX_NB","SEX_T","2015",39.89,,,"R1:3513"
"MDA","BA:571","HOW_XEES_SEX_NB","SEX_T","2014",40.09,,,"R1:3513"
"MDA","BA:571","HOW_XEES_SEX_NB","SEX_T","2013",40.57,,,"R1:3513"
"MDA","BA:571","HOW_XEES_SEX_NB","SEX_T","2012",40.41,,,"R1:3513"
"MDA","BA:571","HOW_XEES_SEX_NB","SEX_T","2011",40.91,,,"R1:3513"
"MDA","BA:571","HOW_XEES_SEX_NB","SEX_T","2010",40.46,,,"R1:3513"
"MDA","BA:571","HOW_XEES_SEX_NB","SEX_T","2009",40.56,,,"R1:3513"
"MDA","BA:571","HOW_XEES_SEX_NB","SEX_T","2008",40.91,,,"R1:3513"
"MDA","BA:571","HOW_XEES_SEX_NB","SEX_T","2007",41.11,,,"R1:3513"
"MDA","BA:571","HOW_XEES_SEX_NB","SEX_T","2006",41.34,,,"R1:3513"
"MDA","BA:571","HOW_XEES_SEX_NB","SEX_T","2005",40.55,,,"R1:3513"
"MDA","BA:571","HOW_XEES_SEX_NB","SEX_T","2004",40.66,,,"R1:3513"
"MDA","BA:571","HOW_XEES_SEX_NB","SEX_T","2003",40.25,,,"R1:3513"
"MDA","BA:571","HOW_XEES_SEX_NB","SEX_T","2002",40.2,,,"R1:3513"
"MDA","BA:571","HOW_XEES_SEX_NB","SEX_T","2001",40.15,,,"R1:3513"
"MDA","BA:571","HOW_XEES_SEX_NB","SEX_T","2000",40.09,,,"R1:3513"
"MDG","BX:220","HOW_XEES_SEX_NB","SEX_T","2022",36.61,"B","I11:264","R1:3513"
"MDG","BA:7423","HOW_XEES_SEX_NB","SEX_T","2015",43.2,,,"R1:3513"
"MDG","BA:7423","HOW_XEES_SEX_NB","SEX_T","2012",45,"B","I11:264","R1:3513"
"MDV","BB:704","HOW_XEES_SEX_NB","SEX_T","2019",48.48,,,"R1:3513"
"MDV","BB:704","HOW_XEES_SEX_NB","SEX_T","2016",50.08,"B","I11:264","R1:3513"
"MDV","AA:705","HOW_XEES_SEX_NB","SEX_T","2014",44.66,,,"R1:3513"
"MEX","BA:463","HOW_XEES_SEX_NB","SEX_T","2025",43.87,,,"R1:3513"
"MEX","BA:463","HOW_XEES_SEX_NB","SEX_T","2024",43.96,,,"R1:3513"
"MEX","BA:463","HOW_XEES_SEX_NB","SEX_T","2023",44.29,,,"R1:3513"
"MEX","BA:463","HOW_XEES_SEX_NB","SEX_T","2022",44.47,,,"R1:3513"
"MEX","BA:463","HOW_XEES_SEX_NB","SEX_T","2021",44.17,,,"R1:3513"
"MEX","BA:463","HOW_XEES_SEX_NB","SEX_T","2020",43.67,"B","I11:264","R1:3513"
"MEX","BA:463","HOW_XEES_SEX_NB","SEX_T","2019",45.19,,,"R1:3513"
"MEX","BA:463","HOW_XEES_SEX_NB","SEX_T","2018",45.47,,,"R1:3513"
"MEX","BA:463","HOW_XEES_SEX_NB","SEX_T","2017",45.47,,,"R1:3513"
"MEX","BA:463","HOW_XEES_SEX_NB","SEX_T","2016",45.36,,,"R1:3513"
"MEX","BA:463","HOW_XEES_SEX_NB","SEX_T","2015",45.16,,,"R1:3513"
"MEX","BA:463","HOW_XEES_SEX_NB","SEX_T","2014",44.96,,,"R1:3513"
"MEX","BA:463","HOW_XEES_SEX_NB","SEX_T","2013",45.08,,,"R1:3513"
"MEX","BA:463","HOW_XEES_SEX_NB","SEX_T","2012",44.96,,,"R1:3513"
"MEX","BA:463","HOW_XEES_SEX_NB","SEX_T","2011",44.89,,,"R1:3513"
"MEX","BA:463","HOW_XEES_SEX_NB","SEX_T","2010",44.83,,,"R1:3513"
"MEX","BA:463","HOW_XEES_SEX_NB","SEX_T","2009",44.77,,,"R1:3513"
"MEX","BA:463","HOW_XEES_SEX_NB","SEX_T","2008",45.12,,,"R1:3513"
"MEX","BA:463","HOW_XEES_SEX_NB","SEX_T","2007",45.79,"B","I11:264","R1:3513"
"MEX","BA:463","HOW_XEES_SEX_NB","SEX_T","2006",48.05,,,"R1:3513"
"MEX","BA:463","HOW_XEES_SEX_NB","SEX_T","2005",48.16,"B","I11:264","R1:3513"
"MEX","BA:463","HOW_XEES_SEX_NB","SEX_T","2004",44.15,,,"R1:3513"
"MEX","BA:463","HOW_XEES_SEX_NB","SEX_T","2003",43.86,,,"R1:3513"
"MEX","BA:463","HOW_XEES_SEX_NB","SEX_T","2002",43.96,"B","I11:264","R1:3513"
"MHL","AA:1406","HOW_XEES_SEX_NB","SEX_T","2021",40.9,"B","I11:264","R1:3513"
"MHL","BB:14101","HOW_XEES_SEX_NB","SEX_T","2019",40.5,,,"R1:3513"
"MKD","BA:501","HOW_XEES_SEX_NB","SEX_T","2025",39.4,,,"R1:3513"
"MKD","BA:501","HOW_XEES_SEX_NB","SEX_T","2024",38.96,,,"R1:3513"
"MKD","BA:501","HOW_XEES_SEX_NB","SEX_T","2023",39.18,,,"R1:3513"
"MKD","BA:501","HOW_XEES_SEX_NB","SEX_T","2022",39.9,,,"R1:3513"
"MKD","BA:501","HOW_XEES_SEX_NB","SEX_T","2021",40.12,,,"R1:3513"
"MKD","BA:501","HOW_XEES_SEX_NB","SEX_T","2020",39.28,,,"R1:3513"
"MKD","BA:501","HOW_XEES_SEX_NB","SEX_T","2019",40.62,,,"R1:3513"
"MKD","BA:501","HOW_XEES_SEX_NB","SEX_T","2018",41.26,,,"R1:3513"
"MKD","BA:501","HOW_XEES_SEX_NB","SEX_T","2017",41.68,,,"R1:3513"
"MKD","BA:501","HOW_XEES_SEX_NB","SEX_T","2016",41.25,,,"R1:3513"
"MKD","BA:501","HOW_XEES_SEX_NB","SEX_T","2015",40.76,,,"R1:3513"
"MKD","BA:501","HOW_XEES_SEX_NB","SEX_T","2014",41.15,,,"R1:3513"
"MKD","BA:501","HOW_XEES_SEX_NB","SEX_T","2013",41.57,,,"R1:3513"
"MKD","BA:501","HOW_XEES_SEX_NB","SEX_T","2012",41.67,,,"R1:3513"
"MKD","BA:501","HOW_XEES_SEX_NB","SEX_T","2011",41.67,,,"R1:3513"
"MKD","BA:501","HOW_XEES_SEX_NB","SEX_T","2010",42.19,,,"R1:3513"
"MKD","BA:501","HOW_XEES_SEX_NB","SEX_T","2009",42.08,,,"R1:3513"
"MKD","BA:501","HOW_XEES_SEX_NB","SEX_T","2008",42.81,,,"R1:3513"
"MKD","BA:501","HOW_XEES_SEX_NB","SEX_T","2007",42.87,,,"R1:3513"
"MKD","BA:501","HOW_XEES_SEX_NB","SEX_T","2006",43.25,"B","I11:264","R1:3513"
"MLI","BA:219","HOW_XEES_SEX_NB","SEX_T","2024",43.56,,,"R1:3513"
"MLI","BA:219","HOW_XEES_SEX_NB","SEX_T","2023",47,,,"R1:3513"
"MLI","BA:219","HOW_XEES_SEX_NB","SEX_T","2022",46.78,,,"R1:3513"
"MLI","BA:219","HOW_XEES_SEX_NB","SEX_T","2020",46.89,,,"R1:3513"
"MLI","BA:219","HOW_XEES_SEX_NB","SEX_T","2018",46.38,,,"R1:3513"
"MLI","BA:219","HOW_XEES_SEX_NB","SEX_T","2017",46.89,,,"R1:3513"
"MLI","BA:219","HOW_XEES_SEX_NB","SEX_T","2016",47.41,,,"R1:3513"
"MLI","BA:219","HOW_XEES_SEX_NB","SEX_T","2015",45.91,,,"R1:3513"
"MLI","BA:219","HOW_XEES_SEX_NB","SEX_T","2014",46.21,"B","I11:264","R1:3513"
"MLI","BA:219","HOW_XEES_SEX_NB","SEX_T","2013",45.97,"B","I11:264","R1:3513"
"MLT","BA:341","HOW_XEES_SEX_NB","SEX_T","2024",36.9,,,"R1:3513"
"MLT","BA:341","HOW_XEES_SEX_NB","SEX_T","2023",36.68,,,"R1:3513"
"MLT","BA:341","HOW_XEES_SEX_NB","SEX_T","2022",36.33,,,"R1:3513"
"MLT","BA:341","HOW_XEES_SEX_NB","SEX_T","2021",36.38,,,"R1:3513"
"MLT","BA:341","HOW_XEES_SEX_NB","SEX_T","2020",37.41,,,"R1:3513"
"MLT","BA:341","HOW_XEES_SEX_NB","SEX_T","2019",38.22,,,"R1:3513"
"MLT","BA:341","HOW_XEES_SEX_NB","SEX_T","2018",37.07,,,"R1:3513"
"MLT","BA:341","HOW_XEES_SEX_NB","SEX_T","2017",36.78,,,"R1:3513"
"MLT","BA:341","HOW_XEES_SEX_NB","SEX_T","2016",37.2,,,"R1:3513"
"MLT","BA:341","HOW_XEES_SEX_NB","SEX_T","2015",36.52,,,"R1:3513"
"MLT","BA:341","HOW_XEES_SEX_NB","SEX_T","2014",36.2,,,"R1:3513"
"MLT","BA:341","HOW_XEES_SEX_NB","SEX_T","2013",36.93,,,"R1:3513"
"MLT","BA:341","HOW_XEES_SEX_NB","SEX_T","2012",37.21,,,"R1:3513"
"MLT","BA:341","HOW_XEES_SEX_NB","SEX_T","2011",37.11,,,"R1:3513"
"MLT","BA:341","HOW_XEES_SEX_NB","SEX_T","2010",37.38,,,"R1:3513"
"MLT","BA:341","HOW_XEES_SEX_NB","SEX_T","2009",38.16,,,"R1:3513"
"MMR","BA:7009","HOW_XEES_SEX_NB","SEX_T","2020",44.73,,,"R1:3513_S3:6"
"MMR","BA:7009","HOW_XEES_SEX_NB","SEX_T","2019",47.4,,,"R1:3513"
"MMR","BA:7009","HOW_XEES_SEX_NB","SEX_T","2018",46.35,,,"R1:3513"
"MMR","BA:7009","HOW_XEES_SEX_NB","SEX_T","2017",49.53,"B","I11:264","R1:3513"
"MMR","BA:7009","HOW_XEES_SEX_NB","SEX_T","2015",51.28,"B","I11:264","R1:3513"
"MNE","BA:14129","HOW_XEES_SEX_NB","SEX_T","2024",42.44,,,"R1:3513"
"MNE","BA:14129","HOW_XEES_SEX_NB","SEX_T","2023",43.07,,,"R1:3513"
"MNE","BA:14129","HOW_XEES_SEX_NB","SEX_T","2022",44.07,,,"R1:3513"
"MNE","BA:14129","HOW_XEES_SEX_NB","SEX_T","2021",43.09,,,"R1:3513"
"MNE","BA:14129","HOW_XEES_SEX_NB","SEX_T","2020",42.68,,,"R1:3513"
"MNE","BA:14129","HOW_XEES_SEX_NB","SEX_T","2019",43.61,,,"R1:3513"
"MNE","BA:14129","HOW_XEES_SEX_NB","SEX_T","2018",43.31,,,"R1:3513"
"MNE","BA:14129","HOW_XEES_SEX_NB","SEX_T","2017",42.7,,,"R1:3513"
"MNE","BA:14129","HOW_XEES_SEX_NB","SEX_T","2016",42.74,,,"R1:3513"
"MNE","BA:14129","HOW_XEES_SEX_NB","SEX_T","2015",42.85,,,"R1:3513"
"MNE","BA:14129","HOW_XEES_SEX_NB","SEX_T","2014",42.67,,,"R1:3513"
"MNE","BA:14129","HOW_XEES_SEX_NB","SEX_T","2013",43.51,,,"R1:3513"
"MNE","BA:14129","HOW_XEES_SEX_NB","SEX_T","2012",40.6,,,"R1:3513"
"MNE","BA:14129","HOW_XEES_SEX_NB","SEX_T","2011",40.62,,,"R1:3513"
"MNG","BA:702","HOW_XEES_SEX_NB","SEX_T","2025",44.98,,,"R1:3513"
"MNG","BA:702","HOW_XEES_SEX_NB","SEX_T","2024",44.81,,,"R1:3513"
"MNG","BA:702","HOW_XEES_SEX_NB","SEX_T","2023",45.4,,,"R1:3513"
"MNG","BA:702","HOW_XEES_SEX_NB","SEX_T","2022",45.85,,,"R1:3513"
"MNG","BA:702","HOW_XEES_SEX_NB","SEX_T","2021",45.36,,,"R1:3513"
"MNG","BA:702","HOW_XEES_SEX_NB","SEX_T","2020",46.48,,,"R1:3513"
"MNG","BA:702","HOW_XEES_SEX_NB","SEX_T","2019",48.66,"B","I11:264","R1:3513"
"MOZ","BB:8363","HOW_XEES_SEX_NB","SEX_T","2022",48.08,,,"R1:3513"
"MOZ","BB:8363","HOW_XEES_SEX_NB","SEX_T","2015",48.28,,,"R1:3513"
"MRT","BB:16077","HOW_XEES_SEX_NB","SEX_T","2019",47.74,,,"R1:3513"
"MRT","BA:3506","HOW_XEES_SEX_NB","SEX_T","2017",40.63,,,"R1:3513_T3:240"
"MRT","BA:3506","HOW_XEES_SEX_NB","SEX_T","2012",50.26,"B","I11:264","R1:3513"
"MSR","BA:15746","HOW_XEES_SEX_NB","SEX_T","2020",38.72,,,"R1:3513"
"MUS","BA:82","HOW_XEES_SEX_NB","SEX_T","2024",39.28,,,"R1:3513_T2:85"
"MUS","BA:82","HOW_XEES_SEX_NB","SEX_T","2023",35.16,,,"R1:3513_T2:85"
"MUS","BA:82","HOW_XEES_SEX_NB","SEX_T","2022",41.14,,,"R1:3513_T2:85"
"MUS","BA:82","HOW_XEES_SEX_NB","SEX_T","2021",40.88,,,"R1:3513_T2:85"
"MUS","BA:82","HOW_XEES_SEX_NB","SEX_T","2019",39.49,,,"R1:3513_T2:85"
"MUS","BA:82","HOW_XEES_SEX_NB","SEX_T","2018",38.22,,,"R1:3513_T2:85"
"MUS","BA:82","HOW_XEES_SEX_NB","SEX_T","2017",40.1,,,"R1:3513_T2:85"
"MUS","BA:82","HOW_XEES_SEX_NB","SEX_T","2016",39.36,,,"R1:3513_T2:85"
"MUS","BA:82","HOW_XEES_SEX_NB","SEX_T","2015",39.35,,,"R1:3513_T2:85"
"MUS","BA:82","HOW_XEES_SEX_NB","SEX_T","2014",38.67,,,"R1:3513_T2:85"
"MUS","BA:82","HOW_XEES_SEX_NB","SEX_T","2013",39.26,,,"R1:3513_T2:85"
"MUS","BA:82","HOW_XEES_SEX_NB","SEX_T","2012",39.94,,,"R1:3513_T2:85"
"MUS","BA:82","HOW_XEES_SEX_NB","SEX_T","2011",41.88,,,"R1:3513_T2:85"
"MUS","BA:82","HOW_XEES_SEX_NB","SEX_T","2010",40.6,,,"R1:3513_T2:85"
"MUS","BA:82","HOW_XEES_SEX_NB","SEX_T","2009",41.16,,,"R1:3513_T2:85"
"MUS","BA:82","HOW_XEES_SEX_NB","SEX_T","2008",40.89,,,"R1:3513_T2:85"
"MUS","BA:82","HOW_XEES_SEX_NB","SEX_T","2007",41.07,,,"R1:3513_T2:85"
"MUS","BA:82","HOW_XEES_SEX_NB","SEX_T","2006",41.58,,,"R1:3513_T2:85"
"MUS","BA:82","HOW_XEES_SEX_NB","SEX_T","2005",41.48,,,"R1:3513_T2:85"
"MUS","BA:82","HOW_XEES_SEX_NB","SEX_T","2004",41.58,,,"R1:3513_T2:85"
"MUS","BA:82","HOW_XEES_SEX_NB","SEX_T","2003",40.73,"B","I11:264","R1:3513_T2:85"
"MUS","BA:82","HOW_XEES_SEX_NB","SEX_T","2002",41.64,,,"R1:3513_T2:85"
"MUS","BA:82","HOW_XEES_SEX_NB","SEX_T","2001",41.6,"B","I11:264","R1:3513_T2:85"
"MWI","BA:1448","HOW_XEES_SEX_NB","SEX_T","2024",29.74,"B","I11:264","R1:3513_T3:94"
"MWI","BA:1448","HOW_XEES_SEX_NB","SEX_T","2013",32.5,"B","I11:264","R1:3513"
"NAM","BA:1468","HOW_XEES_SEX_NB","SEX_T","2018",47.89,,,"R1:3513"
"NAM","BA:1468","HOW_XEES_SEX_NB","SEX_T","2016",48.31,,,"R1:3513"
"NAM","BA:1468","HOW_XEES_SEX_NB","SEX_T","2014",47.47,,,"R1:3513"
"NAM","BA:1468","HOW_XEES_SEX_NB","SEX_T","2013",47.73,,,"R1:3513"
"NAM","BA:1468","HOW_XEES_SEX_NB","SEX_T","2012",46.31,"B","I11:264","R1:3513"
"NAM","BB:7017","HOW_XEES_SEX_NB","SEX_T","2010",48.34,,,"R1:3513"
"NCL","BA:15961","HOW_XEES_SEX_NB","SEX_T","2020",36.92,,,"R1:3513"
"NCL","BA:15961","HOW_XEES_SEX_NB","SEX_T","2019",36.71,,,"R1:3513"
"NCL","BA:15961","HOW_XEES_SEX_NB","SEX_T","2018",36.51,,,"R1:3513"
"NCL","BA:15961","HOW_XEES_SEX_NB","SEX_T","2017",36.39,,,"R1:3513"
"NER","BA:14071","HOW_XEES_SEX_NB","SEX_T","2017",39.97,"B","I11:264","R1:3513"
"NGA","BX:7338","HOW_XEES_SEX_NB","SEX_T","2024",40.3,,,"R1:3513"
"NGA","BB:16750","HOW_XEES_SEX_NB","SEX_T","2019",47.16,,,"R1:3513"
"NGA","BX:7338","HOW_XEES_SEX_NB","SEX_T","2013",45.25,,,"R1:3513"
"NGA","BX:7338","HOW_XEES_SEX_NB","SEX_T","2011",46.11,"B","I11:264","R1:3513"
"NIC","BA:692","HOW_XEES_SEX_NB","SEX_T","2012",45.64,"B","I11:264","R1:3513"
"NIC","BB:5868","HOW_XEES_SEX_NB","SEX_T","2005",48.14,,,"R1:3513"
"NIC","BB:5868","HOW_XEES_SEX_NB","SEX_T","2001",47.33,"B","I11:264","R1:3513"
"NIU","AA:1497","HOW_XEES_SEX_NB","SEX_T","2022",34.34,,,"R1:3513"
"NIU","AA:1497","HOW_XEES_SEX_NB","SEX_T","2017",38.2,,,"R1:3513"
"NIU","BB:16124","HOW_XEES_SEX_NB","SEX_T","2015",35.82,,,"R1:3513"
"NLD","BA:2236","HOW_XEES_SEX_NB","SEX_T","2024",29.54,,,"R1:3513"
"NLD","BA:2236","HOW_XEES_SEX_NB","SEX_T","2023",29.62,,,"R1:3513"
"NLD","BA:2236","HOW_XEES_SEX_NB","SEX_T","2022",29.84,,,"R1:3513"
"NLD","BA:2236","HOW_XEES_SEX_NB","SEX_T","2021",29.66,,,"R1:3513"
"NLD","BA:2236","HOW_XEES_SEX_NB","SEX_T","2020",30.28,,,"R1:3513"
"NLD","BA:2236","HOW_XEES_SEX_NB","SEX_T","2019",30.55,,,"R1:3513"
"NLD","BA:2236","HOW_XEES_SEX_NB","SEX_T","2018",30.5,,,"R1:3513"
"NLD","BA:2236","HOW_XEES_SEX_NB","SEX_T","2017",30.67,,,"R1:3513"
"NLD","BA:2236","HOW_XEES_SEX_NB","SEX_T","2016",30.67,,,"R1:3513"
"NLD","BA:2236","HOW_XEES_SEX_NB","SEX_T","2015",30.38,,,"R1:3513"
"NLD","BA:2236","HOW_XEES_SEX_NB","SEX_T","2014",30.52,,,"R1:3513"
"NLD","BA:2236","HOW_XEES_SEX_NB","SEX_T","2013",30.26,,,"R1:3513"
"NLD","BA:2236","HOW_XEES_SEX_NB","SEX_T","2012",30.34,,,"R1:3513"
"NLD","BA:2236","HOW_XEES_SEX_NB","SEX_T","2011",30.57,,,"R1:3513"
"NLD","BA:2236","HOW_XEES_SEX_NB","SEX_T","2010",30.47,,,"R1:3513"
"NLD","BA:2236","HOW_XEES_SEX_NB","SEX_T","2009",30.44,,,"R1:3513"
"NLD","BA:2236","HOW_XEES_SEX_NB","SEX_T","2008",30.72,,,"R1:3513"
"NLD","BA:2236","HOW_XEES_SEX_NB","SEX_T","2007",30.62,,,"R1:3513"
"NLD","BA:2236","HOW_XEES_SEX_NB","SEX_T","2006",30.83,,,"R1:3513"
"NLD","BA:2236","HOW_XEES_SEX_NB","SEX_T","2005",30.58,,,"R1:3513"
"NLD","BA:2236","HOW_XEES_SEX_NB","SEX_T","2004",29.44,,,"R1:3513"
"NLD","BA:2236","HOW_XEES_SEX_NB","SEX_T","2003",29.81,,,"R1:3513"
"NLD","BA:2236","HOW_XEES_SEX_NB","SEX_T","2002",29.51,,,"R1:3513"
"NLD","BA:2236","HOW_XEES_SEX_NB","SEX_T","2001",30.35,,,"R1:3513"
"NLD","BA:2236","HOW_XEES_SEX_NB","SEX_T","2000",30.36,,,"R1:3513"
"NOR","BA:2250","HOW_XEES_SEX_NB","SEX_T","2024",32.45,,,"R1:3513"
"NOR","BA:2250","HOW_XEES_SEX_NB","SEX_T","2023",32.69,,,"R1:3513"
"NOR","BA:2250","HOW_XEES_SEX_NB","SEX_T","2022",33.02,,,"R1:3513"
"NOR","BA:2250","HOW_XEES_SEX_NB","SEX_T","2021",32.73,,,"R1:3513"
"NOR","BA:2250","HOW_XEES_SEX_NB","SEX_T","2020",33.24,,,"R1:3513"
"NOR","BA:2250","HOW_XEES_SEX_NB","SEX_T","2019",33.26,,,"R1:3513"
"NOR","BA:2250","HOW_XEES_SEX_NB","SEX_T","2018",33.42,,,"R1:3513"
"NOR","BA:2250","HOW_XEES_SEX_NB","SEX_T","2017",33.37,,,"R1:3513"
"NOR","BA:2250","HOW_XEES_SEX_NB","SEX_T","2016",33.52,,,"R1:3513"
"NOR","BA:2250","HOW_XEES_SEX_NB","SEX_T","2015",33.5,,,"R1:3513"
"NOR","BA:2250","HOW_XEES_SEX_NB","SEX_T","2014",33.69,,,"R1:3513"
"NOR","BA:2250","HOW_XEES_SEX_NB","SEX_T","2013",33.54,,,"R1:3513"
"NOR","BA:2250","HOW_XEES_SEX_NB","SEX_T","2012",33.77,,,"R1:3513"
"NOR","BA:2250","HOW_XEES_SEX_NB","SEX_T","2011",33.57,,,"R1:3513"
"NOR","BA:2250","HOW_XEES_SEX_NB","SEX_T","2010",33.68,,,"R1:3513"
"NOR","BA:2250","HOW_XEES_SEX_NB","SEX_T","2009",33.26,,,"R1:3513"
"NOR","BA:2250","HOW_XEES_SEX_NB","SEX_T","2008",33.7,,,"R1:3513"
"NOR","BA:2250","HOW_XEES_SEX_NB","SEX_T","2007",33.82,,,"R1:3513"
"NOR","BA:2250","HOW_XEES_SEX_NB","SEX_T","2006",34.09,,,"R1:3513"
"NOR","BA:2250","HOW_XEES_SEX_NB","SEX_T","2005",34,,,"R1:3513"
"NOR","BA:2250","HOW_XEES_SEX_NB","SEX_T","2004",32.22,,,"R1:3513"
"NOR","BA:2250","HOW_XEES_SEX_NB","SEX_T","2003",32.18,,,"R1:3513"
"NOR","BA:2250","HOW_XEES_SEX_NB","SEX_T","2002",34.2,,,"R1:3513"
"NOR","BA:2250","HOW_XEES_SEX_NB","SEX_T","2001",33.38,,,"R1:3513"
"NOR","BA:2250","HOW_XEES_SEX_NB","SEX_T","2000",33.35,,,"R1:3513"
"NPL","BA:1510","HOW_XEES_SEX_NB","SEX_T","2017",43.62,"B","I11:264","R1:3513"
"NPL","BA:1510","HOW_XEES_SEX_NB","SEX_T","2008",47.92,"B","I11:264","R1:3513"
"NRU","BB:14049","HOW_XEES_SEX_NB","SEX_T","2024",34.89,,,"R1:3513"
"NRU","AA:1513","HOW_XEES_SEX_NB","SEX_T","2021",38.21,,,"R1:3513"
"NRU","BB:14049","HOW_XEES_SEX_NB","SEX_T","2013",40.38,,,"R1:3513"
"PAK","BA:538","HOW_XEES_SEX_NB","SEX_T","2025",48.86,,,"R1:3513_S3:26"
"PAK","BA:538","HOW_XEES_SEX_NB","SEX_T","2021",49.16,,,"R1:3513_S3:26"
"PAK","BA:538","HOW_XEES_SEX_NB","SEX_T","2019",48.49,,,"R1:3513_S3:26"
"PAK","BA:538","HOW_XEES_SEX_NB","SEX_T","2018",48.66,,,"R1:3513_S3:26"
"PAK","BA:538","HOW_XEES_SEX_NB","SEX_T","2015",49.01,,,"R1:3513"
"PAK","BA:538","HOW_XEES_SEX_NB","SEX_T","2014",49.11,,,"R1:3513"
"PAK","BA:538","HOW_XEES_SEX_NB","SEX_T","2013",48.63,"B","I11:264","R1:3513"
"PAK","BA:538","HOW_XEES_SEX_NB","SEX_T","2011",48.84,,,"R1:3513"
"PAK","BA:538","HOW_XEES_SEX_NB","SEX_T","2010",49.13,,,"R1:3513"
"PAK","BA:538","HOW_XEES_SEX_NB","SEX_T","2009",48.79,,,"R1:3513"
"PAK","BA:538","HOW_XEES_SEX_NB","SEX_T","2008",48.83,,,"R1:3513"
"PAK","BA:538","HOW_XEES_SEX_NB","SEX_T","2007",49.65,,,"R1:3513"
"PAK","BA:538","HOW_XEES_SEX_NB","SEX_T","2006",49.94,"B","I11:264","R1:3513"
"PAN","BA:511","HOW_XEES_SEX_NB","SEX_T","2025",41.38,,,"R1:3513_S3:21"
"PAN","BA:511","HOW_XEES_SEX_NB","SEX_T","2024",41.45,,,"R1:3513_S3:21"
"PAN","BA:511","HOW_XEES_SEX_NB","SEX_T","2023",41.52,,,"R1:3513_S3:21"
"PAN","BX:16113","HOW_XEES_SEX_NB","SEX_T","2022",40.92,,,"R1:3513_S3:21"
"PAN","BA:511","HOW_XEES_SEX_NB","SEX_T","2021",39.97,"B","I11:264","R1:3513_S3:21"
"PAN","BA:511","HOW_XEES_SEX_NB","SEX_T","2020",37.8,"B","I11:264","R1:3513_S3:19"
"PAN","BA:511","HOW_XEES_SEX_NB","SEX_T","2019",41.96,,,"R1:3513_S3:19"
"PAN","BA:511","HOW_XEES_SEX_NB","SEX_T","2018",41.98,,,"R1:3513_S3:19"
"PAN","BA:511","HOW_XEES_SEX_NB","SEX_T","2017",42.18,,,"R1:3513_S3:19"
"PAN","BA:511","HOW_XEES_SEX_NB","SEX_T","2016",42.49,,,"R1:3513_S3:19"
"PAN","BA:511","HOW_XEES_SEX_NB","SEX_T","2015",42.88,,,"R1:3513_S3:19"
"PAN","BA:511","HOW_XEES_SEX_NB","SEX_T","2014",42.83,,,"R1:3513_S3:19"
"PAN","BA:511","HOW_XEES_SEX_NB","SEX_T","2013",43.13,,,"R1:3513_S3:19"
"PAN","BA:511","HOW_XEES_SEX_NB","SEX_T","2012",42.9,,,"R1:3513_S3:19"
"PAN","BA:511","HOW_XEES_SEX_NB","SEX_T","2011",43.72,,,"R1:3513_S3:19"
"PAN","BA:511","HOW_XEES_SEX_NB","SEX_T","2010",42.92,"B","I11:264","R1:3513_S3:19"
"PAN","BX:3055","HOW_XEES_SEX_NB","SEX_T","2009",43.18,,,"R1:3513_S3:19"
"PAN","BB:16128","HOW_XEES_SEX_NB","SEX_T","2008",44.53,,,"R1:3513"
"PAN","BX:3055","HOW_XEES_SEX_NB","SEX_T","2007",43.08,,,"R1:3513_S3:19"
"PAN","BX:3055","HOW_XEES_SEX_NB","SEX_T","2006",43.16,"B","I11:264","R1:3513_S3:19"
"PAN","BB:16128","HOW_XEES_SEX_NB","SEX_T","2003",43.78,,,"R1:3513"
"PER","BA:16208","HOW_XEES_SEX_NB","SEX_T","2025",42.01,,,"R1:3513"
"PER","BA:16208","HOW_XEES_SEX_NB","SEX_T","2024",41.23,,,"R1:3513"
"PER","BA:16208","HOW_XEES_SEX_NB","SEX_T","2023",40.75,,,"R1:3513"
"PER","BA:16208","HOW_XEES_SEX_NB","SEX_T","2022",42.12,"B","I11:264","R1:3513"
"PER","BX:375","HOW_XEES_SEX_NB","SEX_T","2021",42.99,,,"R1:3513"
"PER","BX:375","HOW_XEES_SEX_NB","SEX_T","2020",41.78,"B","I11:264","R1:3513"
"PER","BX:375","HOW_XEES_SEX_NB","SEX_T","2019",43.34,,,"R1:3513"
"PER","BX:375","HOW_XEES_SEX_NB","SEX_T","2018",43.72,,,"R1:3513"
"PER","BX:375","HOW_XEES_SEX_NB","SEX_T","2017",43.66,,,"R1:3513"
"PER","BX:375","HOW_XEES_SEX_NB","SEX_T","2016",43.38,,,"R1:3513"
"PER","BX:375","HOW_XEES_SEX_NB","SEX_T","2015",43.88,,,"R1:3513"
"PER","BX:375","HOW_XEES_SEX_NB","SEX_T","2014",43.46,,,"R1:3513"
"PER","BX:375","HOW_XEES_SEX_NB","SEX_T","2013",43.96,,,"R1:3513"
"PER","BX:375","HOW_XEES_SEX_NB","SEX_T","2012",43.9,,,"R1:3513"
"PER","BX:375","HOW_XEES_SEX_NB","SEX_T","2011",44.19,,,"R1:3513"
"PER","BX:375","HOW_XEES_SEX_NB","SEX_T","2010",44.18,,,"R1:3513"
"PER","BX:375","HOW_XEES_SEX_NB","SEX_T","2009",44.74,,,"R1:3513"
"PER","BX:375","HOW_XEES_SEX_NB","SEX_T","2008",45.45,,,"R1:3513"
"PER","BX:375","HOW_XEES_SEX_NB","SEX_T","2007",45.37,,,"R1:3513"
"PER","BX:375","HOW_XEES_SEX_NB","SEX_T","2006",45.59,,,"R1:3513"
"PER","BX:375","HOW_XEES_SEX_NB","SEX_T","2005",45.9,,,"R1:3513"
"PER","BX:375","HOW_XEES_SEX_NB","SEX_T","2004",45.22,,,"R1:3513"
"PER","BX:375","HOW_XEES_SEX_NB","SEX_T","2003",45.98,,,"R1:3513"
"PER","BX:375","HOW_XEES_SEX_NB","SEX_T","2002",45.81,"B","I11:264","R1:3513"
"PER","BX:375","HOW_XEES_SEX_NB","SEX_T","2001",45.72,,,"R1:3513"
"PER","BX:375","HOW_XEES_SEX_NB","SEX_T","2000",45.19,,,"R1:3513"
"PHL","BA:629","HOW_XEES_SEX_NB","SEX_T","2024",42.67,,,"R1:3513"
"PHL","BA:629","HOW_XEES_SEX_NB","SEX_T","2023",41.67,,,"R1:3513"
"PHL","BA:629","HOW_XEES_SEX_NB","SEX_T","2022",42.11,,,"R1:3513"
"PHL","BA:629","HOW_XEES_SEX_NB","SEX_T","2021",41.09,"B","I11:264","R1:3513"
"PHL","BA:629","HOW_XEES_SEX_NB","SEX_T","2020",41.24,,,"R1:3513"
"PHL","BA:629","HOW_XEES_SEX_NB","SEX_T","2019",43.51,,,"R1:3513"
"PHL","BA:629","HOW_XEES_SEX_NB","SEX_T","2018",43.84,,,"R1:3513"
"PHL","BA:629","HOW_XEES_SEX_NB","SEX_T","2017",43.45,,,"R1:3513"
"PHL","BA:629","HOW_XEES_SEX_NB","SEX_T","2016",44.28,"B","I11:264","R1:3513"
"PHL","BA:629","HOW_XEES_SEX_NB","SEX_T","2015",43.36,,,"R1:3513"
"PHL","BA:629","HOW_XEES_SEX_NB","SEX_T","2014",43.45,,,"R1:3513"
"PHL","BA:629","HOW_XEES_SEX_NB","SEX_T","2013",44.03,,,"R1:3513"
"PHL","BA:629","HOW_XEES_SEX_NB","SEX_T","2012",43.58,,,"R1:3513"
"PHL","BA:629","HOW_XEES_SEX_NB","SEX_T","2011",44.03,,,"R1:3513"
"PHL","BA:629","HOW_XEES_SEX_NB","SEX_T","2010",44.46,,,"R1:3513"
"PHL","BA:629","HOW_XEES_SEX_NB","SEX_T","2009",44.21,,,"R1:3513"
"PHL","BA:629","HOW_XEES_SEX_NB","SEX_T","2008",44.82,,,"R1:3513"
"PHL","BA:629","HOW_XEES_SEX_NB","SEX_T","2007",44.4,,,"R1:3513"
"PHL","BA:629","HOW_XEES_SEX_NB","SEX_T","2006",44.36,,,"R1:3513"
"PHL","BA:629","HOW_XEES_SEX_NB","SEX_T","2005",44.99,,,"R1:3513"
"PHL","BA:629","HOW_XEES_SEX_NB","SEX_T","2004",44.26,,,"R1:3513"
"PHL","BA:629","HOW_XEES_SEX_NB","SEX_T","2003",44.36,,,"R1:3513"
"PHL","BA:629","HOW_XEES_SEX_NB","SEX_T","2001",44.05,"B","I11:264","R1:3513"
"PLW","AA:1541","HOW_XEES_SEX_NB","SEX_T","2020",40.7,,,"R1:3513"
"PLW","BB:14046","HOW_XEES_SEX_NB","SEX_T","2014",42.55,,,"R1:3513"
"POL","BA:2241","HOW_XEES_SEX_NB","SEX_T","2024",38,,,"R1:3513"
"POL","BA:2241","HOW_XEES_SEX_NB","SEX_T","2023",38.29,,,"R1:3513"
"POL","BA:2241","HOW_XEES_SEX_NB","SEX_T","2022",38.46,,,"R1:3513"
"POL","BA:2241","HOW_XEES_SEX_NB","SEX_T","2021",38.79,,,"R1:3513"
"POL","BA:2241","HOW_XEES_SEX_NB","SEX_T","2020",38.05,,,"R1:3513"
"POL","BA:2241","HOW_XEES_SEX_NB","SEX_T","2019",38.24,,,"R1:3513"
"POL","BA:2241","HOW_XEES_SEX_NB","SEX_T","2018",38.34,,,"R1:3513"
"POL","BA:2241","HOW_XEES_SEX_NB","SEX_T","2017",38.84,,,"R1:3513"
"POL","BA:2241","HOW_XEES_SEX_NB","SEX_T","2016",39.18,,,"R1:3513"
"POL","BA:2241","HOW_XEES_SEX_NB","SEX_T","2015",39.09,,,"R1:3513"
"POL","BA:2241","HOW_XEES_SEX_NB","SEX_T","2014",38.93,,,"R1:3513"
"POL","BA:2241","HOW_XEES_SEX_NB","SEX_T","2013",38.73,,,"R1:3513"
"POL","BA:2241","HOW_XEES_SEX_NB","SEX_T","2012",38.95,,,"R1:3513"
"POL","BA:2241","HOW_XEES_SEX_NB","SEX_T","2011",39.07,,,"R1:3513"
"POL","BA:2241","HOW_XEES_SEX_NB","SEX_T","2010",39.27,,,"R1:3513"
"POL","BA:2241","HOW_XEES_SEX_NB","SEX_T","2009",39.24,,,"R1:3513"
"POL","BA:2241","HOW_XEES_SEX_NB","SEX_T","2008",39.56,,,"R1:3513"
"POL","BA:2241","HOW_XEES_SEX_NB","SEX_T","2007",39.82,,,"R1:3513"
"POL","BA:2241","HOW_XEES_SEX_NB","SEX_T","2006",39.83,,,"R1:3513"
"POL","BA:2241","HOW_XEES_SEX_NB","SEX_T","2005",39.83,,,"R1:3513"
"POL","BA:2241","HOW_XEES_SEX_NB","SEX_T","2004",39.52,,,"R1:3513"
"POL","BA:2241","HOW_XEES_SEX_NB","SEX_T","2003",39.37,,,"R1:3513"
"POL","BA:2241","HOW_XEES_SEX_NB","SEX_T","2002",39.5,,,"R1:3513"
"POL","BA:2241","HOW_XEES_SEX_NB","SEX_T","2001",39.35,,,"R1:3513"
"POL","BA:2241","HOW_XEES_SEX_NB","SEX_T","2000",39.64,,,"R1:3513"
"PRI","AA:1553","HOW_XEES_SEX_NB","SEX_T","2020",36.03,,,"R1:3513"
"PRI","AA:1553","HOW_XEES_SEX_NB","SEX_T","2015",36.16,,,"R1:3513"
"PRT","BA:199","HOW_XEES_SEX_NB","SEX_T","2025",36.79,,,"R1:3513"
"PRT","BA:2252","HOW_XEES_SEX_NB","SEX_T","2024",36.89,,,"R1:3513"
"PRT","BA:2252","HOW_XEES_SEX_NB","SEX_T","2023",37.26,,,"R1:3513"
"PRT","BA:2252","HOW_XEES_SEX_NB","SEX_T","2022",37.56,,,"R1:3513"
"PRT","BA:2252","HOW_XEES_SEX_NB","SEX_T","2021",37.35,,,"R1:3513"
"PRT","BA:2252","HOW_XEES_SEX_NB","SEX_T","2020",37.04,,,"R1:3513"
"PRT","BA:2252","HOW_XEES_SEX_NB","SEX_T","2019",37.74,,,"R1:3513"
"PRT","BA:2252","HOW_XEES_SEX_NB","SEX_T","2018",37.92,,,"R1:3513"
"PRT","BA:2252","HOW_XEES_SEX_NB","SEX_T","2017",37.82,,,"R1:3513"
"PRT","BA:2252","HOW_XEES_SEX_NB","SEX_T","2016",37.93,,,"R1:3513"
"PRT","BA:2252","HOW_XEES_SEX_NB","SEX_T","2015",38.51,,,"R1:3513"
"PRT","BA:2252","HOW_XEES_SEX_NB","SEX_T","2014",38.51,,,"R1:3513"
"PRT","BA:2252","HOW_XEES_SEX_NB","SEX_T","2013",38.32,,,"R1:3513"
"PRT","BA:2252","HOW_XEES_SEX_NB","SEX_T","2012",38.19,,,"R1:3513"
"PRT","BA:2252","HOW_XEES_SEX_NB","SEX_T","2011",38.28,,,"R1:3513"
"PRT","BA:2252","HOW_XEES_SEX_NB","SEX_T","2010",38.34,,,"R1:3513"
"PRT","BA:2252","HOW_XEES_SEX_NB","SEX_T","2009",37.97,,,"R1:3513"
"PRT","BA:2252","HOW_XEES_SEX_NB","SEX_T","2008",37.8,,,"R1:3513"
"PRT","BA:2252","HOW_XEES_SEX_NB","SEX_T","2007",37.97,,,"R1:3513"
"PRT","BA:2252","HOW_XEES_SEX_NB","SEX_T","2006",38.27,,,"R1:3513"
"PRT","BA:2252","HOW_XEES_SEX_NB","SEX_T","2005",38.27,,,"R1:3513"
"PRT","BA:2252","HOW_XEES_SEX_NB","SEX_T","2004",38.45,,,"R1:3513"
"PRT","BA:2252","HOW_XEES_SEX_NB","SEX_T","2003",37.31,,,"R1:3513"
"PRT","BA:2252","HOW_XEES_SEX_NB","SEX_T","2002",37.93,,,"R1:3513"
"PRT","BA:2252","HOW_XEES_SEX_NB","SEX_T","2001",38.32,,,"R1:3513"
"PRT","BA:2252","HOW_XEES_SEX_NB","SEX_T","2000",38.16,,,"R1:3513"
"PRY","BX:14043","HOW_XEES_SEX_NB","SEX_T","2025",43.17,,,"R1:3513"
"PRY","BX:14043","HOW_XEES_SEX_NB","SEX_T","2024",43.46,,,"R1:3513"
"PRY","BX:14043","HOW_XEES_SEX_NB","SEX_T","2023",43.51,,,"R1:3513"
"PRY","BX:14043","HOW_XEES_SEX_NB","SEX_T","2022",43.19,,,"R1:3513"
"PRY","BX:14043","HOW_XEES_SEX_NB","SEX_T","2021",42.91,,,"R1:3513"
"PRY","BX:14043","HOW_XEES_SEX_NB","SEX_T","2020",42.46,,,"R1:3513"
"PRY","BX:14043","HOW_XEES_SEX_NB","SEX_T","2019",43.51,,,"R1:3513"
"PRY","BX:14043","HOW_XEES_SEX_NB","SEX_T","2018",43.58,,,"R1:3513"
"PRY","BX:14043","HOW_XEES_SEX_NB","SEX_T","2017",44.98,,,"R1:3513"
"PRY","BX:534","HOW_XEES_SEX_NB","SEX_T","2016",45.34,,,"R1:3513"
"PRY","BX:534","HOW_XEES_SEX_NB","SEX_T","2015",44.66,,,"R1:3513"
"PRY","BX:534","HOW_XEES_SEX_NB","SEX_T","2014",46.03,,,"R1:3513"
"PRY","BX:534","HOW_XEES_SEX_NB","SEX_T","2013",46.1,,,"R1:3513"
"PRY","BX:534","HOW_XEES_SEX_NB","SEX_T","2012",46.16,,,"R1:3513"
"PRY","BX:534","HOW_XEES_SEX_NB","SEX_T","2011",48.13,,,"R1:3513"
"PRY","BX:534","HOW_XEES_SEX_NB","SEX_T","2010",47.17,,,"R1:3513"
"PRY","BX:534","HOW_XEES_SEX_NB","SEX_T","2009",46.8,,,"R1:3513"
"PRY","BX:534","HOW_XEES_SEX_NB","SEX_T","2008",47.12,,,"R1:3513"
"PRY","BX:534","HOW_XEES_SEX_NB","SEX_T","2007",48.37,,,"R1:3513"
"PRY","BX:534","HOW_XEES_SEX_NB","SEX_T","2006",48.71,,,"R1:3513"
"PRY","BX:534","HOW_XEES_SEX_NB","SEX_T","2005",47.52,,,"R1:3513"
"PRY","BX:534","HOW_XEES_SEX_NB","SEX_T","2004",46.96,,,"R1:3513"
"PRY","BX:534","HOW_XEES_SEX_NB","SEX_T","2003",46.24,,,"R1:3513"
"PRY","BX:534","HOW_XEES_SEX_NB","SEX_T","2002",47.05,"B","I11:264","R1:3513"
"PRY","BX:534","HOW_XEES_SEX_NB","SEX_T","2001",44.55,"B","I11:264","R1:3513"
"PSE","BA:592","HOW_XEES_SEX_NB","SEX_T","2025",41.53,,,"R1:3513_S4:6333"
"PSE","BA:592","HOW_XEES_SEX_NB","SEX_T","2024",41.59,"B","I11:264","R1:3513_S4:6333"
"PSE","BA:592","HOW_XEES_SEX_NB","SEX_T","2022",40.98,,,"R1:3513"
"PSE","BA:592","HOW_XEES_SEX_NB","SEX_T","2021",40.84,,,"R1:3513"
"PSE","BA:592","HOW_XEES_SEX_NB","SEX_T","2020",40.31,,,"R1:3513"
"PSE","BA:592","HOW_XEES_SEX_NB","SEX_T","2019",41.35,,,"R1:3513"
"PSE","BA:592","HOW_XEES_SEX_NB","SEX_T","2018",41.28,,,"R1:3513"
"PSE","BA:592","HOW_XEES_SEX_NB","SEX_T","2017",41.6,,,"R1:3513"
"PSE","BA:592","HOW_XEES_SEX_NB","SEX_T","2016",41.32,,,"R1:3513"
"PSE","BA:592","HOW_XEES_SEX_NB","SEX_T","2015",40.86,,,"R1:3513"
"ROU","BA:436","HOW_XEES_SEX_NB","SEX_T","2024",38.96,,,"R1:3513"
"ROU","BA:436","HOW_XEES_SEX_NB","SEX_T","2023",39.76,,,"R1:3513"
"ROU","BA:436","HOW_XEES_SEX_NB","SEX_T","2022",39.96,,,"R1:3513"
"ROU","BA:436","HOW_XEES_SEX_NB","SEX_T","2021",40.14,,,"R1:3513"
"ROU","BA:436","HOW_XEES_SEX_NB","SEX_T","2020",40.06,,,"R1:3513"
"ROU","BA:436","HOW_XEES_SEX_NB","SEX_T","2019",40.56,,,"R1:3513"
"ROU","BA:436","HOW_XEES_SEX_NB","SEX_T","2018",40.46,,,"R1:3513"
"ROU","BA:436","HOW_XEES_SEX_NB","SEX_T","2017",40.54,,,"R1:3513"
"ROU","BA:436","HOW_XEES_SEX_NB","SEX_T","2016",40.66,,,"R1:3513"
"ROU","BA:436","HOW_XEES_SEX_NB","SEX_T","2015",40.65,,,"R1:3513"
"ROU","BA:436","HOW_XEES_SEX_NB","SEX_T","2014",40.85,,,"R1:3513"
"ROU","BA:436","HOW_XEES_SEX_NB","SEX_T","2013",41,,,"R1:3513"
"ROU","BA:436","HOW_XEES_SEX_NB","SEX_T","2012",41.07,,,"R1:3513"
"ROU","BA:436","HOW_XEES_SEX_NB","SEX_T","2011",41.13,,,"R1:3513"
"ROU","BA:436","HOW_XEES_SEX_NB","SEX_T","2010",41.17,,,"R1:3513"
"ROU","BA:436","HOW_XEES_SEX_NB","SEX_T","2009",41.23,,,"R1:3513"
"ROU","BA:436","HOW_XEES_SEX_NB","SEX_T","2008",41.5,,,"R1:3513"
"ROU","BA:436","HOW_XEES_SEX_NB","SEX_T","2007",41.66,,,"R1:3513"
"ROU","BA:436","HOW_XEES_SEX_NB","SEX_T","2006",41.58,,,"R1:3513"
"ROU","BA:436","HOW_XEES_SEX_NB","SEX_T","2005",41.91,,,"R1:3513"
"ROU","BA:436","HOW_XEES_SEX_NB","SEX_T","2004",41.93,,,"R1:3513"
"ROU","BA:436","HOW_XEES_SEX_NB","SEX_T","2003",42.22,,,"R1:3513"
"ROU","BA:436","HOW_XEES_SEX_NB","SEX_T","2002",42.23,,,"R1:3513"
"ROU","BA:436","HOW_XEES_SEX_NB","SEX_T","2001",41.85,,,"R1:3513"
"ROU","BA:436","HOW_XEES_SEX_NB","SEX_T","2000",41.68,,,"R1:3513"
"RUS","BA:120","HOW_XEES_SEX_NB","SEX_T","2025",39.4,,,"R1:3513"
"RUS","BA:120","HOW_XEES_SEX_NB","SEX_T","2024",39.48,,,"R1:3513"
"RUS","BA:120","HOW_XEES_SEX_NB","SEX_T","2023",39.56,,,"R1:3513"
"RUS","BA:120","HOW_XEES_SEX_NB","SEX_T","2022",39.57,,,"R1:3513"
"RUS","BA:120","HOW_XEES_SEX_NB","SEX_T","2021",39.58,,,"R1:3513"
"RUS","BA:120","HOW_XEES_SEX_NB","SEX_T","2020",39.39,,,"R1:3513"
"RUS","BA:120","HOW_XEES_SEX_NB","SEX_T","2019",39.57,,,"R1:3513"
"RUS","BA:120","HOW_XEES_SEX_NB","SEX_T","2018",39.57,,,"R1:3513"
"RUS","BA:120","HOW_XEES_SEX_NB","SEX_T","2017",39.66,,,"R1:3513"
"RUS","BA:120","HOW_XEES_SEX_NB","SEX_T","2016",39.7,,,"R1:3513"
"RUS","BA:120","HOW_XEES_SEX_NB","SEX_T","2015",39.75,,,"R1:3513"
"RUS","BA:120","HOW_XEES_SEX_NB","SEX_T","2014",39.8,,,"R1:3513"
"RUS","BA:120","HOW_XEES_SEX_NB","SEX_T","2013",39.75,,,"R1:3513"
"RUS","BA:120","HOW_XEES_SEX_NB","SEX_T","2012",39.71,,,"R1:3513"
"RUS","BA:120","HOW_XEES_SEX_NB","SEX_T","2011",39.64,,,"R1:3513"
"RUS","BA:120","HOW_XEES_SEX_NB","SEX_T","2010",39.62,"B","I11:264","R1:3513"
"RWA","BA:1590","HOW_XEES_SEX_NB","SEX_T","2025",28.89,,,"R1:3513"
"RWA","BA:1590","HOW_XEES_SEX_NB","SEX_T","2024",29.61,,,"R1:3513"
"RWA","BA:1590","HOW_XEES_SEX_NB","SEX_T","2023",29.94,,,"R1:3513"
"RWA","BA:1590","HOW_XEES_SEX_NB","SEX_T","2022",29.13,,,"R1:3513"
"RWA","BA:1590","HOW_XEES_SEX_NB","SEX_T","2021",28.25,,,"R1:3513"
"RWA","BA:1590","HOW_XEES_SEX_NB","SEX_T","2020",31.27,,,"R1:3513"
"RWA","BA:1590","HOW_XEES_SEX_NB","SEX_T","2019",32.81,,,"R1:3513"
"RWA","BA:1590","HOW_XEES_SEX_NB","SEX_T","2018",33.33,,,"R1:3513"
"RWA","BA:1590","HOW_XEES_SEX_NB","SEX_T","2017",32.35,"B","I11:264","R1:3513"
"RWA","BB:763","HOW_XEES_SEX_NB","SEX_T","2014",33.59,"B","I11:264","R1:3513"
"SDN","BA:1603","HOW_XEES_SEX_NB","SEX_T","2022",48.94,"B","I11:264","R1:3513"
"SEN","BA:13368","HOW_XEES_SEX_NB","SEX_T","2025",49.88,,,"R1:3513"
"SEN","BA:13368","HOW_XEES_SEX_NB","SEX_T","2024",50.86,,,"R1:3513"
"SEN","BA:13368","HOW_XEES_SEX_NB","SEX_T","2023",48.55,,,"R1:3513"
"SEN","BA:13368","HOW_XEES_SEX_NB","SEX_T","2022",49.55,,,"R1:3513"
"SEN","BA:13368","HOW_XEES_SEX_NB","SEX_T","2019",50.85,,,"R1:3513"
"SEN","BA:13368","HOW_XEES_SEX_NB","SEX_T","2017",52.32,,,"R1:3513"
"SEN","BA:13368","HOW_XEES_SEX_NB","SEX_T","2016",53.06,,,"R1:3513"
"SEN","BA:13368","HOW_XEES_SEX_NB","SEX_T","2015",52.55,,,"R1:3513"
"SLB","BB:14050","HOW_XEES_SEX_NB","SEX_T","2013",42.02,,,"R1:3513"
"SLE","BX:15953","HOW_XEES_SEX_NB","SEX_T","2018",45.99,,,"R1:3513"
"SLE","BA:1629","HOW_XEES_SEX_NB","SEX_T","2014",44.93,,,"R1:3513"
"SLV","BX:461","HOW_XEES_SEX_NB","SEX_T","2025",44.18,,,"R1:3513"
"SLV","BX:461","HOW_XEES_SEX_NB","SEX_T","2024",44.35,,,"R1:3513"
"SLV","BX:461","HOW_XEES_SEX_NB","SEX_T","2023",44.81,,,"R1:3513"
"SLV","BX:461","HOW_XEES_SEX_NB","SEX_T","2022",44.88,,,"R1:3513"
"SLV","BX:461","HOW_XEES_SEX_NB","SEX_T","2021",45.19,,,"R1:3513"
"SLV","BX:461","HOW_XEES_SEX_NB","SEX_T","2020",44.77,,,"R1:3513"
"SLV","BX:461","HOW_XEES_SEX_NB","SEX_T","2019",44.83,,,"R1:3513_T2:85"
"SLV","BX:461","HOW_XEES_SEX_NB","SEX_T","2018",44.25,,,"R1:3513_T2:85"
"SLV","BX:461","HOW_XEES_SEX_NB","SEX_T","2017",44.45,,,"R1:3513_T2:85"
"SLV","BX:461","HOW_XEES_SEX_NB","SEX_T","2016",44.33,,,"R1:3513_T2:85"
"SLV","BX:461","HOW_XEES_SEX_NB","SEX_T","2015",44.26,,,"R1:3513_T2:85"
"SLV","BX:461","HOW_XEES_SEX_NB","SEX_T","2014",44.61,,,"R1:3513_T2:85"
"SLV","BX:461","HOW_XEES_SEX_NB","SEX_T","2013",44.42,,,"R1:3513_T2:85"
"SLV","BX:461","HOW_XEES_SEX_NB","SEX_T","2012",43.82,,,"R1:3513_T2:85"
"SLV","BX:461","HOW_XEES_SEX_NB","SEX_T","2011",44.58,,,"R1:3513_T2:85"
"SLV","BX:461","HOW_XEES_SEX_NB","SEX_T","2010",44.43,"B","I11:264","R1:3513_T2:85"
"SOM","BB:16925","HOW_XEES_SEX_NB","SEX_T","2022",30.66,,,"R1:3513"
"SOM","BA:15656","HOW_XEES_SEX_NB","SEX_T","2019",32.51,,,"R1:3513"
"SRB","BA:467","HOW_XEES_SEX_NB","SEX_T","2025",40.2,,,"R1:3513"
"SRB","BA:467","HOW_XEES_SEX_NB","SEX_T","2024",40.66,,,"R1:3513"
"SRB","BA:467","HOW_XEES_SEX_NB","SEX_T","2023",41.07,,,"R1:3513"
"SRB","BA:467","HOW_XEES_SEX_NB","SEX_T","2022",41.57,,,"R1:3513"
"SRB","BA:467","HOW_XEES_SEX_NB","SEX_T","2021",41.64,,,"R1:3513"
"SRB","BA:467","HOW_XEES_SEX_NB","SEX_T","2020",41.75,,,"R1:3513"
"SRB","BA:467","HOW_XEES_SEX_NB","SEX_T","2019",42.1,,,"R1:3513"
"SRB","BA:467","HOW_XEES_SEX_NB","SEX_T","2018",42,,,"R1:3513"
"SRB","BA:467","HOW_XEES_SEX_NB","SEX_T","2017",42.13,,,"R1:3513"
"SRB","BA:467","HOW_XEES_SEX_NB","SEX_T","2016",42.4,,,"R1:3513"
"SRB","BA:467","HOW_XEES_SEX_NB","SEX_T","2015",42.22,,,"R1:3513"
"SRB","BA:467","HOW_XEES_SEX_NB","SEX_T","2014",40.52,"B","I11:264","R1:3513"
"SRB","BA:467","HOW_XEES_SEX_NB","SEX_T","2013",43,"B","I11:264","R1:3513"
"SRB","BA:467","HOW_XEES_SEX_NB","SEX_T","2012",42.98,"B","I11:264","R1:3513"
"SRB","BA:467","HOW_XEES_SEX_NB","SEX_T","2011",42.84,,,"R1:3513"
"SRB","BA:467","HOW_XEES_SEX_NB","SEX_T","2010",42.72,,,"R1:3513"
"SRB","BA:467","HOW_XEES_SEX_NB","SEX_T","2009",42.59,,,"R1:3513"
"SRB","BA:467","HOW_XEES_SEX_NB","SEX_T","2008",42.94,"B","I11:264","R1:3513"
"SRB","BB:16200","HOW_XEES_SEX_NB","SEX_T","2007",43.9,,,"R1:3513"
"SVK","BA:398","HOW_XEES_SEX_NB","SEX_T","2023",36.85,,,"R1:3513"
"SVK","BA:398","HOW_XEES_SEX_NB","SEX_T","2022",37.09,,,"R1:3513"
"SVK","BA:398","HOW_XEES_SEX_NB","SEX_T","2021",37.35,"B","I11:264","R1:3513"
"SVK","BA:398","HOW_XEES_SEX_NB","SEX_T","2020",37.65,,,"R1:3513"
"SVK","BA:398","HOW_XEES_SEX_NB","SEX_T","2019",37.97,,,"R1:3513"
"SVK","BA:398","HOW_XEES_SEX_NB","SEX_T","2018",37.75,,,"R1:3513"
"SVK","BA:398","HOW_XEES_SEX_NB","SEX_T","2017",37.41,,,"R1:3513"
"SVK","BA:398","HOW_XEES_SEX_NB","SEX_T","2016",37.77,,,"R1:3513"
"SVK","BA:398","HOW_XEES_SEX_NB","SEX_T","2015",37.95,,,"R1:3513"
"SVK","BA:398","HOW_XEES_SEX_NB","SEX_T","2014",38.07,,,"R1:3513"
"SVK","BA:398","HOW_XEES_SEX_NB","SEX_T","2013",38.65,,,"R1:3513"
"SVK","BA:398","HOW_XEES_SEX_NB","SEX_T","2012",38.64,,,"R1:3513"
"SVK","BA:398","HOW_XEES_SEX_NB","SEX_T","2011",38.51,,,"R1:3513"
"SVK","BA:398","HOW_XEES_SEX_NB","SEX_T","2010",38.5,,,"R1:3513"
"SVK","BA:398","HOW_XEES_SEX_NB","SEX_T","2009",38.37,,,"R1:3513"
"SVK","BA:398","HOW_XEES_SEX_NB","SEX_T","2008",39.1,,,"R1:3513"
"SVK","BA:398","HOW_XEES_SEX_NB","SEX_T","2007",39.45,,,"R1:3513"
"SVK","BA:398","HOW_XEES_SEX_NB","SEX_T","2006",39.36,,,"R1:3513"
"SVK","BA:398","HOW_XEES_SEX_NB","SEX_T","2005",39.4,,,"R1:3513"
"SVK","BA:398","HOW_XEES_SEX_NB","SEX_T","2004",39.12,,,"R1:3513"
"SVK","BA:398","HOW_XEES_SEX_NB","SEX_T","2002",40.28,,,"R1:3513"
"SVK","BA:398","HOW_XEES_SEX_NB","SEX_T","2001",40.98,,,"R1:3513"
"SVK","BA:398","HOW_XEES_SEX_NB","SEX_T","2000",40.93,,,"R1:3513"
"SVN","BA:446","HOW_XEES_SEX_NB","SEX_T","2024",37.27,,,"R1:3513"
"SVN","BA:446","HOW_XEES_SEX_NB","SEX_T","2023",37.55,,,"R1:3513"
"SVN","BA:446","HOW_XEES_SEX_NB","SEX_T","2022",37.84,,,"R1:3513"
"SVN","BA:446","HOW_XEES_SEX_NB","SEX_T","2021",38.18,,,"R1:3513"
"SVN","BA:446","HOW_XEES_SEX_NB","SEX_T","2020",38.52,,,"R1:3513"
"SVN","BA:446","HOW_XEES_SEX_NB","SEX_T","2019",37.73,,,"R1:3513"
"SVN","BA:446","HOW_XEES_SEX_NB","SEX_T","2018",37.71,,,"R1:3513"
"SVN","BA:446","HOW_XEES_SEX_NB","SEX_T","2017",37.49,,,"R1:3513"
"SVN","BA:446","HOW_XEES_SEX_NB","SEX_T","2016",38.2,,,"R1:3513"
"SVN","BA:446","HOW_XEES_SEX_NB","SEX_T","2015",38.48,,,"R1:3513"
"SVN","BA:446","HOW_XEES_SEX_NB","SEX_T","2014",38.3,,,"R1:3513"
"SVN","BA:446","HOW_XEES_SEX_NB","SEX_T","2013",38.38,,,"R1:3513"
"SVN","BA:446","HOW_XEES_SEX_NB","SEX_T","2012",37.99,,,"R1:3513"
"SVN","BA:446","HOW_XEES_SEX_NB","SEX_T","2011",38.08,,,"R1:3513"
"SVN","BA:446","HOW_XEES_SEX_NB","SEX_T","2010",38.37,,,"R1:3513"
"SVN","BA:446","HOW_XEES_SEX_NB","SEX_T","2009",38.48,,,"R1:3513"
"SVN","BA:446","HOW_XEES_SEX_NB","SEX_T","2008",38.9,,,"R1:3513"
"SVN","BA:446","HOW_XEES_SEX_NB","SEX_T","2007",39.06,,,"R1:3513"
"SVN","BA:446","HOW_XEES_SEX_NB","SEX_T","2006",39.08,,,"R1:3513"
"SVN","BA:446","HOW_XEES_SEX_NB","SEX_T","2005",39.68,,,"R1:3513"
"SVN","BA:446","HOW_XEES_SEX_NB","SEX_T","2004",39.01,,,"R1:3513"
"SVN","BA:446","HOW_XEES_SEX_NB","SEX_T","2003",39.22,,,"R1:3513"
"SVN","BA:446","HOW_XEES_SEX_NB","SEX_T","2002",39.29,,,"R1:3513"
"SVN","BA:446","HOW_XEES_SEX_NB","SEX_T","2001",38.58,,,"R1:3513"
"SVN","BA:446","HOW_XEES_SEX_NB","SEX_T","2000",39.64,,,"R1:3513"
"SWE","BA:2519","HOW_XEES_SEX_NB","SEX_T","2024",34.46,,,"R1:3513"
"SWE","BA:2519","HOW_XEES_SEX_NB","SEX_T","2023",34.44,,,"R1:3513"
"SWE","BA:2519","HOW_XEES_SEX_NB","SEX_T","2022",34.65,,,"R1:3513"
"SWE","BA:2519","HOW_XEES_SEX_NB","SEX_T","2021",34.61,,,"R1:3513"
"SWE","BA:2519","HOW_XEES_SEX_NB","SEX_T","2020",33.98,,,"R1:3513"
"SWE","BA:2519","HOW_XEES_SEX_NB","SEX_T","2019",34.48,,,"R1:3513"
"SWE","BA:2519","HOW_XEES_SEX_NB","SEX_T","2018",34.75,,,"R1:3513"
"SWE","BA:2519","HOW_XEES_SEX_NB","SEX_T","2017",34.8,,,"R1:3513"
"SWE","BA:2519","HOW_XEES_SEX_NB","SEX_T","2016",34.97,,,"R1:3513"
"SWE","BA:2519","HOW_XEES_SEX_NB","SEX_T","2015",34.56,,,"R1:3513"
"SWE","BA:2519","HOW_XEES_SEX_NB","SEX_T","2014",34.63,,,"R1:3513"
"SWE","BA:2519","HOW_XEES_SEX_NB","SEX_T","2013",34.74,,,"R1:3513"
"SWE","BA:2519","HOW_XEES_SEX_NB","SEX_T","2012",34.8,,,"R1:3513"
"SWE","BA:2519","HOW_XEES_SEX_NB","SEX_T","2011",34.93,,,"R1:3513"
"SWE","BA:2519","HOW_XEES_SEX_NB","SEX_T","2010",34.99,,,"R1:3513"
"SWE","BA:2519","HOW_XEES_SEX_NB","SEX_T","2009",34.34,,,"R1:3513"
"SWE","BA:2519","HOW_XEES_SEX_NB","SEX_T","2008",34.69,,,"R1:3513"
"SWE","BA:2519","HOW_XEES_SEX_NB","SEX_T","2007",34.63,,,"R1:3513"
"SWE","BA:2519","HOW_XEES_SEX_NB","SEX_T","2006",34.57,,,"R1:3513"
"SWE","BA:2519","HOW_XEES_SEX_NB","SEX_T","2005",34.72,,,"R1:3513"
"SWE","BA:2519","HOW_XEES_SEX_NB","SEX_T","2004",33.57,,,"R1:3513"
"SWE","BA:2519","HOW_XEES_SEX_NB","SEX_T","2003",33.09,,,"R1:3513"
"SWE","BA:2519","HOW_XEES_SEX_NB","SEX_T","2002",33.94,,,"R1:3513"
"SWE","BA:2519","HOW_XEES_SEX_NB","SEX_T","2001",33.57,,,"R1:3513"
"SWE","BA:2519","HOW_XEES_SEX_NB","SEX_T","2000",35.68,,,"R1:3513"
"SWZ","BA:1672","HOW_XEES_SEX_NB","SEX_T","2023",45.98,,,"R1:3513"
"SWZ","BA:1672","HOW_XEES_SEX_NB","SEX_T","2021",46.02,,,"R1:3513"
"SWZ","BA:1672","HOW_XEES_SEX_NB","SEX_T","2016",48.18,,,"R1:3513"
"SYC","BA:2524","HOW_XEES_SEX_NB","SEX_T","2025",40.4,,,"R1:3513"
"SYC","BA:2524","HOW_XEES_SEX_NB","SEX_T","2024",41.11,,,"R1:3513"
"SYC","BA:2524","HOW_XEES_SEX_NB","SEX_T","2023",40.31,,,"R1:3513"
"SYC","BA:2524","HOW_XEES_SEX_NB","SEX_T","2020",40.4,,,"R1:3513"
"SYC","BA:2524","HOW_XEES_SEX_NB","SEX_T","2019",41.21,,,"R1:3513"
"SYC","BA:2524","HOW_XEES_SEX_NB","SEX_T","2018",41.82,,,"R1:3513"
"SYC","BA:2524","HOW_XEES_SEX_NB","SEX_T","2017",41.38,,,"R1:3513"
"SYC","BA:2524","HOW_XEES_SEX_NB","SEX_T","2016",42.72,,,"R1:3513"
"SYC","BA:2524","HOW_XEES_SEX_NB","SEX_T","2015",42.94,,,"R1:3513"
"SYC","BA:2524","HOW_XEES_SEX_NB","SEX_T","2014",42.62,"B","I11:264","R1:3513"
"THA","BA:741","HOW_XEES_SEX_NB","SEX_T","2025",44.69,,,"R1:3513"
"THA","BA:741","HOW_XEES_SEX_NB","SEX_T","2024",44.7,,,"R1:3513"
"THA","BA:741","HOW_XEES_SEX_NB","SEX_T","2023",44.29,,,"R1:3513"
"THA","BA:741","HOW_XEES_SEX_NB","SEX_T","2022",44.27,,,"R1:3513"
"THA","BA:741","HOW_XEES_SEX_NB","SEX_T","2021",43.42,,,"R1:3513"
"THA","BA:741","HOW_XEES_SEX_NB","SEX_T","2020",42.82,,,"R1:3513"
"THA","BA:741","HOW_XEES_SEX_NB","SEX_T","2019",44.25,,,"R1:3513"
"THA","BA:741","HOW_XEES_SEX_NB","SEX_T","2018",44.52,,,"R1:3513"
"THA","BA:741","HOW_XEES_SEX_NB","SEX_T","2017",44.53,,,"R1:3513"
"THA","BA:741","HOW_XEES_SEX_NB","SEX_T","2016",44.56,,,"R1:3513"
"THA","BA:741","HOW_XEES_SEX_NB","SEX_T","2015",44.58,,,"R1:3513"
"THA","BA:741","HOW_XEES_SEX_NB","SEX_T","2014",45.19,,,"R1:3513"
"THA","BA:741","HOW_XEES_SEX_NB","SEX_T","2010",45.85,"B","I11:264","R1:3513"
"TJK","BA:498","HOW_XEES_SEX_NB","SEX_T","2016",42.64,,,"R1:3513_T3:240"
"TJK","BB:2229","HOW_XEES_SEX_NB","SEX_T","2009",43.97,,,"R1:3513"
"TJK","BB:2229","HOW_XEES_SEX_NB","SEX_T","2007",46.14,,,"R1:3513"
"TJK","BB:2229","HOW_XEES_SEX_NB","SEX_T","2003",51.56,,,"R1:3513"
"TKL","BB:16122","HOW_XEES_SEX_NB","SEX_T","2016",37.77,,,"R1:3513"
"TLS","BA:3050","HOW_XEES_SEX_NB","SEX_T","2021",36.52,,,"R1:3513"
"TLS","BA:3050","HOW_XEES_SEX_NB","SEX_T","2016",38.25,,,"R1:3513"
"TLS","BA:3050","HOW_XEES_SEX_NB","SEX_T","2013",44.81,"B","I11:264","R1:3513"
"TLS","BA:3050","HOW_XEES_SEX_NB","SEX_T","2010",44.49,"B","I11:264","R1:3513"
"TLS","BB:7029","HOW_XEES_SEX_NB","SEX_T","2007",43.95,,,"R1:3513"
"TLS","BB:7029","HOW_XEES_SEX_NB","SEX_T","2001",41.84,,,"R1:3513"
"TON","BA:1712","HOW_XEES_SEX_NB","SEX_T","2023",36.37,,,"R1:3513"
"TON","BB:16119","HOW_XEES_SEX_NB","SEX_T","2021",38.92,,,"R1:3513"
"TON","BA:1712","HOW_XEES_SEX_NB","SEX_T","2018",36.81,"B","I11:264","R1:3513"
"TUN","BB:16926","HOW_XEES_SEX_NB","SEX_T","2021",43.07,,,"R1:3513"
"TUN","BA:743","HOW_XEES_SEX_NB","SEX_T","2019",43.54,,,"R1:3513_S3:9"
"TUR","BA:622","HOW_XEES_SEX_NB","SEX_T","2025",43.23,,,"R1:3513"
"TUR","BA:622","HOW_XEES_SEX_NB","SEX_T","2024",43.91,,,"R1:3513"
"TUR","BA:622","HOW_XEES_SEX_NB","SEX_T","2023",44.62,,,"R1:3513"
"TUR","BA:622","HOW_XEES_SEX_NB","SEX_T","2022",44.76,,,"R1:3513"
"TUR","BA:622","HOW_XEES_SEX_NB","SEX_T","2021",44.57,,,"R1:3513"
"TUR","BA:622","HOW_XEES_SEX_NB","SEX_T","2020",43.84,,,"R1:3513"
"TUR","BA:622","HOW_XEES_SEX_NB","SEX_T","2019",45.63,,,"R1:3513"
"TUR","BA:622","HOW_XEES_SEX_NB","SEX_T","2018",46.35,,,"R1:3513"
"TUR","BA:622","HOW_XEES_SEX_NB","SEX_T","2017",47.1,,,"R1:3513"
"TUR","BA:622","HOW_XEES_SEX_NB","SEX_T","2016",47.52,,,"R1:3513"
"TUR","BA:622","HOW_XEES_SEX_NB","SEX_T","2015",47.92,,,"R1:3513"
"TUR","BA:622","HOW_XEES_SEX_NB","SEX_T","2014",48.45,,,"R1:3513"
"TUR","BA:622","HOW_XEES_SEX_NB","SEX_T","2013",48.69,,,"R1:3513"
"TUR","BA:622","HOW_XEES_SEX_NB","SEX_T","2012",50.03,,,"R1:3513"
"TUR","BA:622","HOW_XEES_SEX_NB","SEX_T","2011",49.12,,,"R1:3513"
"TUR","BA:622","HOW_XEES_SEX_NB","SEX_T","2010",49.37,,,"R1:3513"
"TUR","BA:622","HOW_XEES_SEX_NB","SEX_T","2009",50.71,,,"R1:3513"
"TUR","BA:622","HOW_XEES_SEX_NB","SEX_T","2008",51.22,,,"R1:3513"
"TUR","BA:622","HOW_XEES_SEX_NB","SEX_T","2007",50.25,,,"R1:3513"
"TUR","BA:622","HOW_XEES_SEX_NB","SEX_T","2006",52.44,,,"R1:3513"
"TUR","BA:622","HOW_XEES_SEX_NB","SEX_T","2005",52.21,,,"R1:3513"
"TUR","BA:622","HOW_XEES_SEX_NB","SEX_T","2004",50.6,,,"R1:3513"
"TUR","BA:622","HOW_XEES_SEX_NB","SEX_T","2003",49.98,,,"R1:3513"
"TUR","BA:622","HOW_XEES_SEX_NB","SEX_T","2002",49.97,,,"R1:3513"
"TUR","BA:622","HOW_XEES_SEX_NB","SEX_T","2001",49.99,,,"R1:3513"
"TUR","BA:622","HOW_XEES_SEX_NB","SEX_T","2000",49.78,,,"R1:3513"
"TUV","AA:1732","HOW_XEES_SEX_NB","SEX_T","2022",37.03,,,"R1:3513"
"TUV","BB:14047","HOW_XEES_SEX_NB","SEX_T","2016",38.23,,,"R1:3513"
"TZA","BA:1743","HOW_XEES_SEX_NB","SEX_T","2025",54.97,,,"R1:3513"
"TZA","BA:1743","HOW_XEES_SEX_NB","SEX_T","2024",54.29,"B","I11:264","R1:3513"
"TZA","BA:1743","HOW_XEES_SEX_NB","SEX_T","2020",54.48,"B","I11:264","R1:3513"
"TZA","BA:1743","HOW_XEES_SEX_NB","SEX_T","2014",59.15,"B","I11:264","R1:3513"
"TZA","BB:2542","HOW_XEES_SEX_NB","SEX_T","2012",57.7,,,"R1:3513"
"TZA","BB:2542","HOW_XEES_SEX_NB","SEX_T","2010",57.42,,,"R1:3513"
"TZA","BA:1743","HOW_XEES_SEX_NB","SEX_T","2006",55.93,"B","I11:264","R1:3513"
"TZA","BA:1743","HOW_XEES_SEX_NB","SEX_T","2001",55.87,"B","I11:264","R1:3513"
"UGA","BA:13047","HOW_XEES_SEX_NB","SEX_T","2021",50.31,,,"R1:3513"
"UGA","BB:268","HOW_XEES_SEX_NB","SEX_T","2019",46.66,,,"R1:3513"
"UGA","BA:13047","HOW_XEES_SEX_NB","SEX_T","2017",48.14,"B","I11:264","R1:3513"
"UGA","BB:268","HOW_XEES_SEX_NB","SEX_T","2014",43.79,,,"R1:3513"
"UGA","BA:13047","HOW_XEES_SEX_NB","SEX_T","2012",48.94,"B","I11:264","R1:3513"
"UGA","BB:268","HOW_XEES_SEX_NB","SEX_T","2011",42.26,,,"R1:3513"
"UGA","BB:268","HOW_XEES_SEX_NB","SEX_T","2010",45.9,,,"R1:3513"
"URY","BA:348","HOW_XEES_SEX_NB","SEX_T","2025",36.97,,,"R1:3513"
"URY","BA:348","HOW_XEES_SEX_NB","SEX_T","2024",37.56,,,"R1:3513"
"URY","BA:348","HOW_XEES_SEX_NB","SEX_T","2023",37.36,,,"R1:3513"
"URY","BA:348","HOW_XEES_SEX_NB","SEX_T","2022",37.86,"B","I11:264","R1:3513"
"URY","BA:348","HOW_XEES_SEX_NB","SEX_T","2021",37.37,"B","I11:264","R1:3513"
"URY","BA:348","HOW_XEES_SEX_NB","SEX_T","2020",37.09,"B","I11:264","R1:3513"
"USA","BA:453","HOW_XEES_SEX_NB","SEX_T","2025",37.75,"B","I11:264","R1:3513_R1:2803_T2:85"
"USA","BA:453","HOW_XEES_SEX_NB","SEX_T","2024",37.79,,,"R1:3513_T2:85"
"USA","BA:453","HOW_XEES_SEX_NB","SEX_T","2023",38.01,,,"R1:3513_T2:85"
"USA","BA:453","HOW_XEES_SEX_NB","SEX_T","2022",38.15,,,"R1:3513_T2:85"
"USA","BA:453","HOW_XEES_SEX_NB","SEX_T","2021",38.28,,,"R1:3513_T2:85"
"USA","BA:453","HOW_XEES_SEX_NB","SEX_T","2020",37.89,"B","I11:264","R1:3513_T2:85"
"USA","BA:453","HOW_XEES_SEX_NB","SEX_T","2019",38.41,,,"R1:3513_T2:85"
"USA","BA:453","HOW_XEES_SEX_NB","SEX_T","2018",38.35,,,"R1:3513_T2:85"
"USA","BA:453","HOW_XEES_SEX_NB","SEX_T","2017",38.18,,,"R1:3513_T2:85"
"USA","BA:453","HOW_XEES_SEX_NB","SEX_T","2016",38.19,,,"R1:3513_T2:85"
"USA","BA:453","HOW_XEES_SEX_NB","SEX_T","2015",38.03,,,"R1:3513_T2:85"
"USA","BA:453","HOW_XEES_SEX_NB","SEX_T","2014",38.09,,,"R1:3513_T2:85"
"USA","BA:453","HOW_XEES_SEX_NB","SEX_T","2013",38.08,,,"R1:3513_T2:85"
"USA","BA:453","HOW_XEES_SEX_NB","SEX_T","2012",37.93,,,"R1:3513_T2:85"
"USA","BA:453","HOW_XEES_SEX_NB","SEX_T","2011",37.78,,,"R1:3513_T2:85"
"USA","BA:453","HOW_XEES_SEX_NB","SEX_T","2010",37.65,,,"R1:3513_T2:85"
"USA","BA:453","HOW_XEES_SEX_NB","SEX_T","2009",37.34,,,"R1:3513_T2:85"
"USA","BA:453","HOW_XEES_SEX_NB","SEX_T","2008",38.28,,,"R1:3513_T2:85"
"USA","BA:453","HOW_XEES_SEX_NB","SEX_T","2007",38.48,,,"R1:3513_T2:85"
"USA","BA:453","HOW_XEES_SEX_NB","SEX_T","2006",38.53,,,"R1:3513_T2:85"
"USA","BA:453","HOW_XEES_SEX_NB","SEX_T","2005",38.45,,,"R1:3513_T2:85"
"USA","BA:453","HOW_XEES_SEX_NB","SEX_T","2004",38.34,,,"R1:3513_T2:85"
"USA","BA:453","HOW_XEES_SEX_NB","SEX_T","2003",38.33,,,"R1:3513_T2:85"
"USA","BA:453","HOW_XEES_SEX_NB","SEX_T","2002",38.42,,,"R1:3513_T2:85"
"USA","BA:453","HOW_XEES_SEX_NB","SEX_T","2001",38.48,,,"R1:3513_T2:85"
"USA","BA:453","HOW_XEES_SEX_NB","SEX_T","2000",38.92,,,"R1:3513_T2:85"
"VEN","BA:382","HOW_XEES_SEX_NB","SEX_T","2017",39.63,,,"R1:3513"
"VEN","BA:382","HOW_XEES_SEX_NB","SEX_T","2016",39.54,,,"R1:3513"
"VEN","BA:382","HOW_XEES_SEX_NB","SEX_T","2012",41.42,,,"R1:3513"
"VEN","BA:382","HOW_XEES_SEX_NB","SEX_T","2011",41.61,,,"R1:3513"
"VEN","BA:382","HOW_XEES_SEX_NB","SEX_T","2010",42.1,,,"R1:3513"
"VEN","BA:382","HOW_XEES_SEX_NB","SEX_T","2009",41.56,,,"R1:3513"
"VEN","BA:382","HOW_XEES_SEX_NB","SEX_T","2008",41.87,,,"R1:3513"
"VEN","BA:382","HOW_XEES_SEX_NB","SEX_T","2007",41.97,,,"R1:3513"
"VEN","BA:382","HOW_XEES_SEX_NB","SEX_T","2006",42.78,,,"R1:3513"
"VEN","BA:382","HOW_XEES_SEX_NB","SEX_T","2005",43.17,"B","I11:264","R1:3513"
"VNM","BA:1788","HOW_XEES_SEX_NB","SEX_T","2024",45.76,,,"R1:3513"
"VNM","BA:1788","HOW_XEES_SEX_NB","SEX_T","2023",45.29,,,"R1:3513"
"VNM","BA:1788","HOW_XEES_SEX_NB","SEX_T","2022",45.59,,,"R1:3513"
"VNM","BA:1788","HOW_XEES_SEX_NB","SEX_T","2021",45.71,,,"R1:3513"
"VNM","BA:1788","HOW_XEES_SEX_NB","SEX_T","2020",45.41,,,"R1:3513"
"VNM","BA:1788","HOW_XEES_SEX_NB","SEX_T","2019",45.72,,"I20:4077","R1:3513"
"VNM","BA:1788","HOW_XEES_SEX_NB","SEX_T","2018",46.03,,,"R1:3513"
"VNM","BA:1788","HOW_XEES_SEX_NB","SEX_T","2017",44.93,,,"R1:3513"
"VNM","BA:1788","HOW_XEES_SEX_NB","SEX_T","2016",46.31,,,"R1:3513"
"VNM","BA:1788","HOW_XEES_SEX_NB","SEX_T","2015",45.92,,,"R1:3513"
"VNM","BA:1788","HOW_XEES_SEX_NB","SEX_T","2014",45.43,,,"R1:3513"
"VNM","BA:1788","HOW_XEES_SEX_NB","SEX_T","2013",46.1,,,"R1:3513"
"VNM","BA:1788","HOW_XEES_SEX_NB","SEX_T","2012",46.49,,,"R1:3513"
"VNM","BA:1788","HOW_XEES_SEX_NB","SEX_T","2011",47.77,,,"R1:3513"
"VNM","BA:1788","HOW_XEES_SEX_NB","SEX_T","2009",47.82,,,"R1:3513"
"VNM","BA:1788","HOW_XEES_SEX_NB","SEX_T","2007",47.82,"B","I11:264","R1:3513"
"VUT","BA:16938","HOW_XEES_SEX_NB","SEX_T","2025",33.32,,,"R1:3513"
"VUT","AA:52","HOW_XEES_SEX_NB","SEX_T","2020",32.5,,,"R1:3513"
"VUT","BB:15632","HOW_XEES_SEX_NB","SEX_T","2019",37.82,,,"R1:3513"
"VUT","BB:15632","HOW_XEES_SEX_NB","SEX_T","2010",35.54,,,"R1:3513"
"VUT","BB:15632","HOW_XEES_SEX_NB","SEX_T","2006",34.77,,,"R1:3513"
"WLF","BB:16123","HOW_XEES_SEX_NB","SEX_T","2019",36.26,,,"R1:3513"
"WSM","BA:1794","HOW_XEES_SEX_NB","SEX_T","2022",45.05,"B","I11:264","R1:3513"
"WSM","BA:1794","HOW_XEES_SEX_NB","SEX_T","2017",44.91,"B","I11:264","R1:3513"
"WSM","BA:1794","HOW_XEES_SEX_NB","SEX_T","2012",44.83,"B","I11:264","R1:3513"
"YEM","BA:13360","HOW_XEES_SEX_NB","SEX_T","2014",41.37,"B","I11:264","R1:3513"
"ZAF","BA:595","HOW_XEES_SEX_NB","SEX_T","2025",42.46,,,"R1:3513"
"ZAF","BA:595","HOW_XEES_SEX_NB","SEX_T","2024",42.39,,,"R1:3513"
"ZAF","BA:595","HOW_XEES_SEX_NB","SEX_T","2023",42.42,,,"R1:3513"
"ZAF","BA:595","HOW_XEES_SEX_NB","SEX_T","2022",42.41,,,"R1:3513"
"ZAF","BA:595","HOW_XEES_SEX_NB","SEX_T","2021",42.11,,,"R1:3513"
"ZAF","BA:595","HOW_XEES_SEX_NB","SEX_T","2020",42.22,,,"R1:3513"
"ZAF","BA:595","HOW_XEES_SEX_NB","SEX_T","2019",42.58,,,"R1:3513"
"ZAF","BA:595","HOW_XEES_SEX_NB","SEX_T","2018",42.59,,,"R1:3513"
"ZAF","BA:595","HOW_XEES_SEX_NB","SEX_T","2017",42.69,,,"R1:3513"
"ZAF","BA:595","HOW_XEES_SEX_NB","SEX_T","2016",42.98,,,"R1:3513"
"ZAF","BA:595","HOW_XEES_SEX_NB","SEX_T","2015",43.05,,,"R1:3513"
"ZAF","BA:595","HOW_XEES_SEX_NB","SEX_T","2014",42.97,,,"R1:3513"
"ZAF","BA:595","HOW_XEES_SEX_NB","SEX_T","2013",42.99,,,"R1:3513"
"ZAF","BA:595","HOW_XEES_SEX_NB","SEX_T","2012",43.14,,,"R1:3513"
"ZAF","BA:595","HOW_XEES_SEX_NB","SEX_T","2011",43.32,,,"R1:3513"
"ZAF","BA:595","HOW_XEES_SEX_NB","SEX_T","2010",43.21,,,"R1:3513"
"ZAF","BA:595","HOW_XEES_SEX_NB","SEX_T","2009",43.42,,,"R1:3513"
"ZAF","BA:595","HOW_XEES_SEX_NB","SEX_T","2008",44.16,"B","I11:264","R1:3513"
"ZAF","BA:595","HOW_XEES_SEX_NB","SEX_T","2007",45.41,,,"R1:3513"
"ZAF","BA:595","HOW_XEES_SEX_NB","SEX_T","2006",45.48,,,"R1:3513"
"ZAF","BA:595","HOW_XEES_SEX_NB","SEX_T","2005",46.89,,,"R1:3513"
"ZAF","BA:595","HOW_XEES_SEX_NB","SEX_T","2004",46.13,,,"R1:3513"
"ZAF","BA:595","HOW_XEES_SEX_NB","SEX_T","2003",46.08,,,"R1:3513"
"ZAF","BA:595","HOW_XEES_SEX_NB","SEX_T","2002",47.14,,,"R1:3513"
"ZAF","BA:595","HOW_XEES_SEX_NB","SEX_T","2001",47.14,,,"R1:3513"
"ZAF","BA:595","HOW_XEES_SEX_NB","SEX_T","2000",46.99,"B","I11:264","R1:3513"
"ZMB","BA:2212","HOW_XEES_SEX_NB","SEX_T","2024",45.84,,,"R1:3513"
"ZMB","BA:2212","HOW_XEES_SEX_NB","SEX_T","2023",47.39,,,"R1:3513"
"ZMB","BA:2212","HOW_XEES_SEX_NB","SEX_T","2022",47.89,,,"R1:3513"
"ZMB","BA:2212","HOW_XEES_SEX_NB","SEX_T","2021",46.33,,,"R1:3513"
"ZMB","BA:2212","HOW_XEES_SEX_NB","SEX_T","2020",46.89,,,"R1:3513"
"ZMB","BA:2212","HOW_XEES_SEX_NB","SEX_T","2019",47.51,,,"R1:3513"
"ZMB","BA:2212","HOW_XEES_SEX_NB","SEX_T","2018",46.37,"B","I11:264","R1:3513"
"ZMB","BA:2212","HOW_XEES_SEX_NB","SEX_T","2017",46.99,"B","I11:264","R1:3513"
"ZWE","BA:1823","HOW_XEES_SEX_NB","SEX_T","2025",49.25,,,"R1:3513"
"ZWE","BA:1823","HOW_XEES_SEX_NB","SEX_T","2024",49.04,,,"R1:3513"
"ZWE","BA:1823","HOW_XEES_SEX_NB","SEX_T","2023",48.05,,,"R1:3513"
"ZWE","BA:1823","HOW_XEES_SEX_NB","SEX_T","2022",48.04,,,"R1:3513"
"ZWE","BA:1823","HOW_XEES_SEX_NB","SEX_T","2021",42.64,,,"R1:3513"
"ZWE","BA:1823","HOW_XEES_SEX_NB","SEX_T","2019",45.54,"B","I11:264","R1:3513"
"ZWE","BA:1823","HOW_XEES_SEX_NB","SEX_T","2014",46.15,,,"R1:3513"
